file,row,date,amount,statement_defect,true_category,"business_use (Y=farm, N=private, M=mixed, X=exempt, U=unexplained, T=own transfer)",doc_ids,issue_code,note
bank/aib_current_2006.csv,2,02/01/2006,-1700.00,,drawings,N,,,
bank/aib_current_2006.csv,3,05/01/2006,-500.00,,pension_personal,N,,,personal pension; relief claimed on the personal return
bank/aib_current_2006.csv,4,07/01/2006,-79.40,,family_fuel,N,,,
bank/aib_current_2006.csv,5,08/01/2006,-167.68,,personal_groceries,N,,,household spending
bank/aib_current_2006.csv,6,12/01/2006,-150.00,,drawings,N,,,
bank/aib_current_2006.csv,7,12/01/2006,-241.80,,personal_groceries,N,,,household spending
bank/aib_current_2006.csv,8,12/01/2006,-211.46,,personal_groceries,N,,,household spending
bank/aib_current_2006.csv,9,12/01/2006,-380.00,,health_insurance,N,,,
bank/aib_current_2006.csv,10,13/01/2006,-150.00,,drawings,N,,,
bank/aib_current_2006.csv,11,15/01/2006,-250.00,,drawings,N,,,
bank/aib_current_2006.csv,12,20/01/2006,-145.83,,telephone,M,D00595,,
bank/aib_current_2006.csv,13,20/01/2006,-200.00,,savings,N,,,
bank/aib_current_2006.csv,14,23/01/2006,-750.87,,electricity,M,D00594,,
bank/aib_current_2006.csv,15,23/01/2006,-177.42,,personal_groceries,N,,,household spending
bank/aib_current_2006.csv,16,23/01/2006,-70.00,,personal_misc,N,,,
bank/aib_current_2006.csv,17,25/01/2006,1427.51,,milk_receipt,Y,D00001;D00002,,net of co-op deductions
bank/aib_current_2006.csv,18,30/01/2006,-280.28,,wages_net,Y,,,
bank/aib_current_2006.csv,19,30/01/2006,-1007.80,,wages_net,Y,,,
bank/aib_current_2006.csv,20,31/01/2006,-14.00,,bank_charges,Y,,,
bank/aib_current_2006.csv,21,01/02/2006,-1700.00,,drawings,N,,,
bank/aib_current_2006.csv,22,01/02/2006,-150.00,,drawings,N,,,
bank/aib_current_2006.csv,23,04/02/2006,-314.45,,personal_groceries,N,,,household spending
bank/aib_current_2006.csv,24,06/02/2006,-150.00,,drawings,N,,,
bank/aib_current_2006.csv,25,06/02/2006,-500.00,,pension_personal,N,,,personal pension; relief claimed on the personal return
bank/aib_current_2006.csv,26,11/02/2006,-200.00,,drawings,N,,,
bank/aib_current_2006.csv,27,13/02/2006,-380.00,,health_insurance,N,,,
bank/aib_current_2006.csv,28,14/02/2006,-1385.65,,paye_prsi_usc,Y,,,
bank/aib_current_2006.csv,29,16/02/2006,-78.95,,personal_groceries,N,,,household spending
bank/aib_current_2006.csv,30,16/02/2006,-7863.24,,feed,Y,D00483;D00487,,
bank/aib_current_2006.csv,31,18/02/2006,-200.00,,drawings,N,,,
bank/aib_current_2006.csv,32,19/02/2006,-200.00,,drawings,N,,,
bank/aib_current_2006.csv,33,20/02/2006,-793.88,,vet_medicine,Y,D00502,,
bank/aib_current_2006.csv,34,20/02/2006,-162.19,,telephone,M,D00597,,
bank/aib_current_2006.csv,35,20/02/2006,-203.27,,personal_groceries,N,,,household spending
bank/aib_current_2006.csv,36,20/02/2006,-115.41,,personal_groceries,N,,,household spending
bank/aib_current_2006.csv,37,20/02/2006,-200.00,,savings,N,,,
bank/aib_current_2006.csv,38,20/02/2006,-1839.02,,vet_medicine,Y,D00499;D00504;D00518,,
bank/aib_current_2006.csv,39,21/02/2006,-717.49,,electricity,M,D00596,,
bank/aib_current_2006.csv,40,21/02/2006,-91.90,,family_fuel,N,,,
bank/aib_current_2006.csv,41,21/02/2006,-816.97,,dairy_hygiene,Y,D00579,,
bank/aib_current_2006.csv,42,22/02/2006,-70.00,,personal_misc,N,,,
bank/aib_current_2006.csv,43,22/02/2006,-660.56,,repairs,Y,D00563,,
bank/aib_current_2006.csv,44,24/02/2006,-438.50,,repairs,Y,D00549,,
bank/aib_current_2006.csv,45,24/02/2006,-1836.09,,fuel,Y,D00542,,
bank/aib_current_2006.csv,46,27/02/2006,4448.03,,milk_receipt,Y,D00003;D00004,,net of co-op deductions
bank/aib_current_2006.csv,47,27/02/2006,-391.81,,vet_medicine,Y,D00517,,
bank/aib_current_2006.csv,48,27/02/2006,-7145.00,,insurance,Y,D00618,,
bank/aib_current_2006.csv,49,27/02/2006,-112.23,,personal_groceries,N,,,household spending
bank/aib_current_2006.csv,50,28/02/2006,-14.00,,bank_charges,Y,,,
bank/aib_current_2006.csv,51,28/02/2006,-275.82,,wages_net,Y,,,
bank/aib_current_2006.csv,52,28/02/2006,-1007.80,,wages_net,Y,,,
bank/aib_current_2006.csv,53,28/02/2006,-103.59,,bank_interest,Y,,,
bank/aib_current_2006.csv,54,01/03/2006,-1700.00,,drawings,N,,,
bank/aib_current_2006.csv,55,01/03/2006,-202.21,,personal_groceries,N,,,household spending
bank/aib_current_2006.csv,56,02/03/2006,-538.60,,dairy_hygiene,Y,D00585,,
bank/aib_current_2006.csv,57,04/03/2006,-250.00,,drawings,N,,,
bank/aib_current_2006.csv,58,04/03/2006,-279.76,,personal_groceries,N,,,household spending
bank/aib_current_2006.csv,59,06/03/2006,-500.00,,pension_personal,N,,,personal pension; relief claimed on the personal return
bank/aib_current_2006.csv,60,08/03/2006,-253.04,,personal_groceries,N,,,household spending
bank/aib_current_2006.csv,61,10/03/2006,-625.47,,repairs,Y,D00562,,
bank/aib_current_2006.csv,62,12/03/2006,-183.21,,personal_groceries,N,,,household spending
bank/aib_current_2006.csv,63,13/03/2006,-380.00,,health_insurance,N,,,
bank/aib_current_2006.csv,64,14/03/2006,-1380.72,,paye_prsi_usc,Y,,,
bank/aib_current_2006.csv,65,15/03/2006,1605.51,,livestock_sale,Y,D04409;D04410,,net of commission
bank/aib_current_2006.csv,66,15/03/2006,-300.00,,drawings,N,,,
bank/aib_current_2006.csv,67,15/03/2006,-71.07,,family_fuel,N,,,
bank/aib_current_2006.csv,68,20/03/2006,-151.82,,telephone,M,D00599,,
bank/aib_current_2006.csv,69,20/03/2006,-200.00,,savings,N,,,
bank/aib_current_2006.csv,70,20/03/2006,-1363.18,,repairs,Y,D00550;D00559;D00564,,
bank/aib_current_2006.csv,71,20/03/2006,-3271.02,,vet_medicine,Y,D00500;D00506;D00510;D00515;D00521,,
bank/aib_current_2006.csv,72,22/03/2006,-3339.60,,professional_fees,Y,D00619,,
bank/aib_current_2006.csv,73,22/03/2006,-150.00,,drawings,N,,,
bank/aib_current_2006.csv,74,22/03/2006,-70.00,,personal_misc,N,,,
bank/aib_current_2006.csv,75,22/03/2006,-1992.42,,fuel,Y,D00545,,
bank/aib_current_2006.csv,76,23/03/2006,-354.63,,dairy_hygiene,Y,D00580,,
bank/aib_current_2006.csv,77,23/03/2006,-869.02,,electricity,M,D00598,,
bank/aib_current_2006.csv,78,24/03/2006,-2995.76,,feed,Y,D00489,,
bank/aib_current_2006.csv,79,26/03/2006,-200.00,,drawings,N,,,
bank/aib_current_2006.csv,80,27/03/2006,15396.27,,milk_receipt,Y,D00005;D00006,,net of co-op deductions
bank/aib_current_2006.csv,81,27/03/2006,1580.19,,livestock_sale,Y,D04411;D04412,,net of commission
bank/aib_current_2006.csv,82,28/03/2006,-465.44,,breeding_ai,Y,D00527,,
bank/aib_current_2006.csv,83,28/03/2006,-278.00,,wages_net,Y,,,
bank/aib_current_2006.csv,84,28/03/2006,-1007.80,,wages_net,Y,,,
bank/aib_current_2006.csv,85,28/03/2006,-89.61,,personal_groceries,N,,,household spending
bank/aib_current_2006.csv,86,31/03/2006,-14.00,,bank_charges,Y,,,
bank/aib_current_2006.csv,87,31/03/2006,-146.32,,bank_interest,Y,,,
bank/aib_current_2006.csv,88,01/04/2006,-200.00,,drawings,N,,,
bank/aib_current_2006.csv,89,03/04/2006,-1700.00,,drawings,N,,,
bank/aib_current_2006.csv,90,05/04/2006,-500.00,,pension_personal,N,,,personal pension; relief claimed on the personal return
bank/aib_current_2006.csv,91,07/04/2006,1549.31,,livestock_sale,Y,D04413;D04414,,net of commission
bank/aib_current_2006.csv,92,09/04/2006,-150.00,,drawings,N,,,
bank/aib_current_2006.csv,93,10/04/2006,-544.51,,dairy_hygiene,Y,D00583,,
bank/aib_current_2006.csv,94,12/04/2006,-380.00,,health_insurance,N,,,
bank/aib_current_2006.csv,95,13/04/2006,-4009.14,,fertiliser,Y,D00494,,
bank/aib_current_2006.csv,96,13/04/2006,1277.28,,livestock_sale,Y,D04415;D04416,,net of commission
bank/aib_current_2006.csv,97,13/04/2006,-281.67,,personal_groceries,N,,,household spending
bank/aib_current_2006.csv,98,13/04/2006,-92.82,,personal_misc,N,,,
bank/aib_current_2006.csv,99,14/04/2006,-1383.13,,paye_prsi_usc,Y,,,
bank/aib_current_2006.csv,100,14/04/2006,-141.17,,personal_groceries,N,,,household spending
bank/aib_current_2006.csv,101,17/04/2006,-486.41,,repairs,Y,D00553,,
bank/aib_current_2006.csv,102,17/04/2006,-335.09,,repairs,Y,D00561,,
bank/aib_current_2006.csv,103,18/04/2006,-68.95,,family_fuel,N,,,
bank/aib_current_2006.csv,104,18/04/2006,-2373.80,,feed,Y,D00490,,
bank/aib_current_2006.csv,105,19/04/2006,-278.39,,personal_groceries,N,,,household spending
bank/aib_current_2006.csv,106,20/04/2006,-531.96,,dairy_hygiene,Y,D00578,,
bank/aib_current_2006.csv,107,20/04/2006,-696.29,,electricity,M,D00600,,
bank/aib_current_2006.csv,108,20/04/2006,-144.04,,telephone,M,D00601,,
bank/aib_current_2006.csv,109,20/04/2006,-301.66,,personal_groceries,N,,,household spending
bank/aib_current_2006.csv,110,20/04/2006,-200.00,,savings,N,,,
bank/aib_current_2006.csv,111,20/04/2006,-2794.34,,vet_medicine,Y,D00507;D00508;D00511;D00512,,
bank/aib_current_2006.csv,112,23/04/2006,-300.00,,drawings,N,,,
bank/aib_current_2006.csv,113,24/04/2006,-875.70,,breeding_ai,Y,D00525,,
bank/aib_current_2006.csv,114,24/04/2006,-645.00,,dairy_hygiene,Y,D00586,,
bank/aib_current_2006.csv,115,24/04/2006,-70.00,,personal_misc,N,,,
bank/aib_current_2006.csv,116,24/04/2006,-9269.26,,fertiliser,Y,D00495,,
bank/aib_current_2006.csv,117,24/04/2006,-1761.44,,fuel,Y,D00543,,
bank/aib_current_2006.csv,118,25/04/2006,30606.56,,milk_receipt,Y,D00007;D00008,,net of co-op deductions
bank/aib_current_2006.csv,119,25/04/2006,-82.53,,personal_groceries,N,,,household spending
bank/aib_current_2006.csv,120,26/04/2006,-161.04,,personal_groceries,N,,,household spending
bank/aib_current_2006.csv,121,27/04/2006,-300.00,,drawings,N,,,
bank/aib_current_2006.csv,122,28/04/2006,-290.32,,wages_net,Y,,,
bank/aib_current_2006.csv,123,28/04/2006,-1007.80,,wages_net,Y,,,
bank/aib_current_2006.csv,124,28/04/2006,-150.00,,drawings,N,,,
bank/aib_current_2006.csv,125,28/04/2006,-139.77,,bank_interest,Y,,,
bank/aib_current_2006.csv,126,30/04/2006,-14.00,,bank_charges,Y,,,
bank/aib_current_2006.csv,127,01/05/2006,1469.69,,livestock_sale,Y,D04417;D04418,,net of commission
bank/aib_current_2006.csv,128,01/05/2006,-1700.00,,drawings,N,,,
bank/aib_current_2006.csv,129,04/05/2006,-236.42,,personal_groceries,N,,,household spending
bank/aib_current_2006.csv,130,05/05/2006,-300.00,,drawings,N,,,
bank/aib_current_2006.csv,131,05/05/2006,-500.00,,pension_personal,N,,,personal pension; relief claimed on the personal return
bank/aib_current_2006.csv,132,08/05/2006,1275.52,,livestock_sale,Y,D04419;D04420,,net of commission
bank/aib_current_2006.csv,133,08/05/2006,-1200.00,,family_car_running,N,,,
bank/aib_current_2006.csv,134,10/05/2006,-200.00,,drawings,N,,,
bank/aib_current_2006.csv,135,10/05/2006,-97.23,,personal_groceries,N,,,household spending
bank/aib_current_2006.csv,136,11/05/2006,-6566.71,,fertiliser,Y,D00493,,
bank/aib_current_2006.csv,137,12/05/2006,-380.00,,health_insurance,N,,,
bank/aib_current_2006.csv,138,14/05/2006,-200.00,,drawings,N,,,
bank/aib_current_2006.csv,139,15/05/2006,-1396.80,,paye_prsi_usc,Y,,,
bank/aib_current_2006.csv,140,16/05/2006,-5171.02,,feed,Y,D00484,,
bank/aib_current_2006.csv,141,16/05/2006,-597.28,,breeding_ai,Y,D00528,,
bank/aib_current_2006.csv,142,16/05/2006,1582.94,,livestock_sale,Y,D04421;D04422,,net of commission
bank/aib_current_2006.csv,143,18/05/2006,-86.63,,personal_groceries,N,,,household spending
bank/aib_current_2006.csv,144,18/05/2006,-1620.61,,vet_medicine,Y,D00498;D00505;D00523,,
bank/aib_current_2006.csv,145,19/05/2006,-170.76,,telephone,M,D00603,,
bank/aib_current_2006.csv,146,19/05/2006,-200.00,,drawings,N,,,
bank/aib_current_2006.csv,147,22/05/2006,-908.27,,breeding_ai,Y,D00529,,
bank/aib_current_2006.csv,148,22/05/2006,-778.52,,electricity,M,D00602,,
bank/aib_current_2006.csv,149,22/05/2006,-200.00,,savings,N,,,
bank/aib_current_2006.csv,150,22/05/2006,-70.00,,personal_misc,N,,,
bank/aib_current_2006.csv,151,23/05/2006,-719.71,,breeding_ai,Y,D00531,,
bank/aib_current_2006.csv,152,25/05/2006,44155.24,,milk_receipt,Y,D00009;D00010,,net of co-op deductions
bank/aib_current_2006.csv,153,25/05/2006,1616.62,,livestock_sale,Y,D04423;D04424,,net of commission
bank/aib_current_2006.csv,154,25/05/2006,-300.00,,drawings,N,,,
bank/aib_current_2006.csv,155,26/05/2006,-171.39,,personal_groceries,N,,,household spending
bank/aib_current_2006.csv,156,27/05/2006,-113.76,,personal_groceries,N,,,household spending
bank/aib_current_2006.csv,157,29/05/2006,-2235.97,,fuel,Y,D00540,,
bank/aib_current_2006.csv,158,29/05/2006,-276.93,,wages_net,Y,,,
bank/aib_current_2006.csv,159,29/05/2006,-1007.80,,wages_net,Y,,,
bank/aib_current_2006.csv,160,30/05/2006,-17182.00,,capital_equipment,Y,D05089,,
bank/aib_current_2006.csv,161,31/05/2006,-14.00,,bank_charges,Y,,,
bank/aib_current_2006.csv,162,31/05/2006,-93.95,,bank_interest,Y,,,
bank/aib_current_2006.csv,163,01/06/2006,-1700.00,,drawings,N,,,
bank/aib_current_2006.csv,164,04/06/2006,-237.34,,personal_groceries,N,,,household spending
bank/aib_current_2006.csv,165,05/06/2006,-114.95,,fallen_animals,Y,D04407,,
bank/aib_current_2006.csv,166,05/06/2006,-500.00,,pension_personal,N,,,personal pension; relief claimed on the personal return
bank/aib_current_2006.csv,167,07/06/2006,-419.06,,repairs,Y,,MISSING_INVOICE,payment with no supplier invoice on file
bank/aib_current_2006.csv,168,07/06/2006,-250.00,,drawings,N,,,
bank/aib_current_2006.csv,169,07/06/2006,-156.65,,personal_groceries,N,,,household spending
bank/aib_current_2006.csv,170,09/06/2006,-620.00,,utilities,M,D00621,,
bank/aib_current_2006.csv,171,11/06/2006,-169.27,,personal_groceries,N,,,household spending
bank/aib_current_2006.csv,172,12/06/2006,-300.00,,drawings,N,,,
bank/aib_current_2006.csv,173,12/06/2006,-380.00,,health_insurance,N,,,
bank/aib_current_2006.csv,174,14/06/2006,-1381.96,,paye_prsi_usc,Y,,,
bank/aib_current_2006.csv,175,15/06/2006,-746.00,,vet_medicine,Y,D00519,,
bank/aib_current_2006.csv,176,19/06/2006,-698.18,,electricity,M,D00604,,
bank/aib_current_2006.csv,177,19/06/2006,-156.80,,telephone,M,D00605,,
bank/aib_current_2006.csv,178,19/06/2006,-9376.87,,contractors,Y,D00533;D00534;D00538,,
bank/aib_current_2006.csv,179,20/06/2006,-200.00,,savings,N,,,
bank/aib_current_2006.csv,180,20/06/2006,-5086.05,,fertiliser,Y,D00496,,
bank/aib_current_2006.csv,181,21/06/2006,-200.00,,drawings,N,,,
bank/aib_current_2006.csv,182,22/06/2006,-70.00,,personal_misc,N,,,
bank/aib_current_2006.csv,183,23/06/2006,-192.55,,personal_groceries,N,,,household spending
bank/aib_current_2006.csv,184,23/06/2006,-650.81,,repairs,Y,D00568,,
bank/aib_current_2006.csv,185,26/06/2006,44771.44,,milk_receipt,Y,D00011;D00012,,net of co-op deductions
bank/aib_current_2006.csv,186,26/06/2006,-618.18,,breeding_ai,Y,D00526,,
bank/aib_current_2006.csv,187,27/06/2006,-188.59,,personal_groceries,N,,,household spending
bank/aib_current_2006.csv,188,28/06/2006,-407.75,,repairs,Y,D00560,,
bank/aib_current_2006.csv,189,28/06/2006,-276.40,,wages_net,Y,,,
bank/aib_current_2006.csv,190,28/06/2006,-1007.80,,wages_net,Y,,,
bank/aib_current_2006.csv,191,30/06/2006,-14.00,,bank_charges,Y,,,
bank/aib_current_2006.csv,192,30/06/2006,-500.00,,bank_charges,Y,,,
bank/aib_current_2006.csv,193,01/07/2006,-159.97,,personal_groceries,N,,,household spending
bank/aib_current_2006.csv,194,03/07/2006,-1089.00,,professional_fees,Y,D00620,,
bank/aib_current_2006.csv,195,03/07/2006,-1700.00,,drawings,N,,,
bank/aib_current_2006.csv,196,05/07/2006,-500.00,,pension_personal,N,,,personal pension; relief claimed on the personal return
bank/aib_current_2006.csv,197,09/07/2006,-300.00,,drawings,N,,,
bank/aib_current_2006.csv,198,12/07/2006,-310.30,,repairs,Y,D00572,,
bank/aib_current_2006.csv,199,12/07/2006,-380.00,,health_insurance,N,,,
bank/aib_current_2006.csv,200,14/07/2006,-1381.36,,paye_prsi_usc,Y,,,
bank/aib_current_2006.csv,201,14/07/2006,-3413.73,,family_holiday,N,,,family holiday paid by the farm account
bank/aib_current_2006.csv,202,17/07/2006,-460.76,,repairs,Y,D00558,,
bank/aib_current_2006.csv,203,19/07/2006,-696.36,,vet_medicine,Y,D00509,,
bank/aib_current_2006.csv,204,19/07/2006,-158.70,,telephone,M,D00607,,
bank/aib_current_2006.csv,205,20/07/2006,-1237.42,,fuel,Y,D00544,,
bank/aib_current_2006.csv,206,20/07/2006,-249.40,,personal_groceries,N,,,household spending
bank/aib_current_2006.csv,207,20/07/2006,-176.33,,personal_groceries,N,,,household spending
bank/aib_current_2006.csv,208,20/07/2006,-200.00,,savings,N,,,
bank/aib_current_2006.csv,209,21/07/2006,-150.00,,drawings,N,,,
bank/aib_current_2006.csv,210,24/07/2006,-793.48,,electricity,M,D00606,,
bank/aib_current_2006.csv,211,24/07/2006,-250.00,,drawings,N,,,
bank/aib_current_2006.csv,212,24/07/2006,-70.00,,personal_misc,N,,,
bank/aib_current_2006.csv,213,24/07/2006,-4209.93,,feed,Y,D00488,,
bank/aib_current_2006.csv,214,24/07/2006,-4561.78,,contractors,Y,D00537,,
bank/aib_current_2006.csv,215,25/07/2006,44102.46,,milk_receipt,Y,D00013;D00014,,net of co-op deductions
bank/aib_current_2006.csv,216,25/07/2006,-300.00,,drawings,N,,,
bank/aib_current_2006.csv,217,25/07/2006,-141.20,,personal_groceries,N,,,household spending
bank/aib_current_2006.csv,218,25/07/2006,-91.28,,personal_groceries,N,,,household spending
bank/aib_current_2006.csv,219,28/07/2006,-285.54,,wages_net,Y,,,
bank/aib_current_2006.csv,220,28/07/2006,-1007.80,,wages_net,Y,,,
bank/aib_current_2006.csv,221,28/07/2006,-144.94,,personal_groceries,N,,,household spending
bank/aib_current_2006.csv,222,31/07/2006,-14.00,,bank_charges,Y,,,
bank/aib_current_2006.csv,223,01/08/2006,-1700.00,,drawings,N,,,
bank/aib_current_2006.csv,224,03/08/2006,-651.65,,repairs,Y,D00575,,
bank/aib_current_2006.csv,225,04/08/2006,-200.00,,drawings,N,,,
bank/aib_current_2006.csv,226,05/08/2006,-150.00,,drawings,N,,,
bank/aib_current_2006.csv,227,05/08/2006,-260.87,,personal_groceries,N,,,household spending
bank/aib_current_2006.csv,228,06/08/2006,-289.74,,personal_groceries,N,,,household spending
bank/aib_current_2006.csv,229,07/08/2006,-282.47,,repairs,Y,D00565,,
bank/aib_current_2006.csv,230,07/08/2006,-882.83,,silage_plastic,Y,D00587,,
bank/aib_current_2006.csv,231,07/08/2006,-250.00,,drawings,N,,,
bank/aib_current_2006.csv,232,07/08/2006,-86.58,,family_fuel,N,,,
bank/aib_current_2006.csv,233,07/08/2006,-500.00,,pension_personal,N,,,personal pension; relief claimed on the personal return
bank/aib_current_2006.csv,234,09/08/2006,-514.43,,repairs,Y,D00555,,
bank/aib_current_2006.csv,235,09/08/2006,-300.00,,drawings,N,,,
bank/aib_current_2006.csv,236,10/08/2006,-300.00,,drawings,N,,,
bank/aib_current_2006.csv,237,11/08/2006,-255.95,,personal_groceries,N,,,household spending
bank/aib_current_2006.csv,238,14/08/2006,-1391.51,,paye_prsi_usc,Y,,,
bank/aib_current_2006.csv,239,14/08/2006,-200.73,,personal_groceries,N,,,household spending
bank/aib_current_2006.csv,240,14/08/2006,-380.00,,health_insurance,N,,,
bank/aib_current_2006.csv,241,16/08/2006,-533.42,,foot_care,Y,D00591,,
bank/aib_current_2006.csv,242,17/08/2006,-734.36,,electricity,M,D00608,,
bank/aib_current_2006.csv,243,17/08/2006,-1431.83,,silage_plastic,Y,D00588,,
bank/aib_current_2006.csv,244,18/08/2006,-163.68,,telephone,M,D00609,,
bank/aib_current_2006.csv,245,20/08/2006,-126.16,,personal_groceries,N,,,household spending
bank/aib_current_2006.csv,246,21/08/2006,-200.00,,savings,N,,,
bank/aib_current_2006.csv,247,22/08/2006,-70.00,,personal_misc,N,,,
bank/aib_current_2006.csv,248,22/08/2006,-964.94,,breeding_ai,Y,D00530,,
bank/aib_current_2006.csv,249,22/08/2006,-1252.84,,dairy_hygiene,Y,D00576;D00577,,
bank/aib_current_2006.csv,250,22/08/2006,-1938.09,,contractors,Y,D00532,,
bank/aib_current_2006.csv,251,23/08/2006,4527.44,,livestock_sale,Y,D04427;D04428,,
bank/aib_current_2006.csv,252,25/08/2006,39502.45,,milk_receipt,Y,D00015;D00016,,net of co-op deductions
bank/aib_current_2006.csv,253,28/08/2006,-294.14,,wages_net,Y,,,
bank/aib_current_2006.csv,254,28/08/2006,-1007.80,,wages_net,Y,,,
bank/aib_current_2006.csv,255,28/08/2006,-255.78,,personal_groceries,N,,,household spending
bank/aib_current_2006.csv,256,30/08/2006,-486.58,,repairs,Y,D00571,,
bank/aib_current_2006.csv,257,31/08/2006,-14.00,,bank_charges,Y,,,
bank/aib_current_2006.csv,258,01/09/2006,-311.21,,repairs,Y,D00566,,
bank/aib_current_2006.csv,259,01/09/2006,-1700.00,,drawings,N,,,
bank/aib_current_2006.csv,260,05/09/2006,-361.94,,repairs,Y,D00574,,
bank/aib_current_2006.csv,261,05/09/2006,-1125.11,,silage_plastic,Y,D00589,,
bank/aib_current_2006.csv,262,05/09/2006,-188.67,,personal_groceries,N,,,household spending
bank/aib_current_2006.csv,263,05/09/2006,-500.00,,pension_personal,N,,,personal pension; relief claimed on the personal return
bank/aib_current_2006.csv,264,05/09/2006,-1100.00,,personal_education,N,,,
bank/aib_current_2006.csv,265,07/09/2006,-193.55,,personal_groceries,N,,,household spending
bank/aib_current_2006.csv,266,08/09/2006,-149.88,,personal_groceries,N,,,household spending
bank/aib_current_2006.csv,267,10/09/2006,-300.00,,drawings,N,,,
bank/aib_current_2006.csv,268,12/09/2006,-380.00,,health_insurance,N,,,
bank/aib_current_2006.csv,269,14/09/2006,-1401.04,,paye_prsi_usc,Y,,,
bank/aib_current_2006.csv,270,17/09/2006,-200.00,,drawings,N,,,
bank/aib_current_2006.csv,271,17/09/2006,-228.20,,personal_groceries,N,,,household spending
bank/aib_current_2006.csv,272,19/09/2006,-644.19,,vet_medicine,Y,D00520,,
bank/aib_current_2006.csv,273,19/09/2006,-250.00,,drawings,N,,,
bank/aib_current_2006.csv,274,20/09/2006,-726.26,,electricity,M,D00610,,
bank/aib_current_2006.csv,275,20/09/2006,-172.62,,telephone,M,D00611,,
bank/aib_current_2006.csv,276,20/09/2006,-200.00,,savings,N,,,
bank/aib_current_2006.csv,277,21/09/2006,-406.83,,repairs,Y,D00569,,
bank/aib_current_2006.csv,278,22/09/2006,5840.33,,livestock_sale,Y,D04431,,
bank/aib_current_2006.csv,279,22/09/2006,-70.00,,personal_misc,N,,,
bank/aib_current_2006.csv,280,23/09/2006,-195.14,,personal_groceries,N,,,household spending
bank/aib_current_2006.csv,281,24/09/2006,-153.22,,personal_groceries,N,,,household spending
bank/aib_current_2006.csv,282,25/09/2006,35430.82,,milk_receipt,Y,D00017;D00018,,net of co-op deductions
bank/aib_current_2006.csv,283,25/09/2006,-527.39,,repairs,Y,D00573,,
bank/aib_current_2006.csv,284,25/09/2006,-480.93,,vet_medicine,Y,D00516,,
bank/aib_current_2006.csv,285,28/09/2006,-285.77,,wages_net,Y,,,
bank/aib_current_2006.csv,286,28/09/2006,-1007.80,,wages_net,Y,,,
bank/aib_current_2006.csv,287,29/09/2006,5608.21,,livestock_sale,Y,D04432;D04433,,
bank/aib_current_2006.csv,288,29/09/2006,-51000.00,,own_transfer,T,,,
bank/aib_current_2006.csv,289,30/09/2006,-14.00,,bank_charges,Y,,,
bank/aib_current_2006.csv,290,02/10/2006,-1700.00,,drawings,N,,,
bank/aib_current_2006.csv,291,04/10/2006,-150.00,,drawings,N,,,
bank/aib_current_2006.csv,292,05/10/2006,-103.24,,personal_groceries,N,,,household spending
bank/aib_current_2006.csv,293,05/10/2006,-500.00,,pension_personal,N,,,personal pension; relief claimed on the personal return
bank/aib_current_2006.csv,294,07/10/2006,-300.00,,drawings,N,,,
bank/aib_current_2006.csv,295,07/10/2006,-300.00,,drawings,N,,,
bank/aib_current_2006.csv,296,10/10/2006,-935.36,,fuel,Y,D00541,,
bank/aib_current_2006.csv,297,10/10/2006,-250.00,,drawings,N,,,
bank/aib_current_2006.csv,298,12/10/2006,-380.00,,health_insurance,N,,,
bank/aib_current_2006.csv,299,14/10/2006,-116.81,,personal_misc,N,,,
bank/aib_current_2006.csv,300,15/10/2006,-204.11,,personal_groceries,N,,,household spending
bank/aib_current_2006.csv,301,16/10/2006,-1391.76,,paye_prsi_usc,Y,,,
bank/aib_current_2006.csv,302,16/10/2006,-164.64,,personal_groceries,N,,,household spending
bank/aib_current_2006.csv,303,16/10/2006,-2240.97,,fuel,Y,D00539,,
bank/aib_current_2006.csv,304,17/10/2006,-360.69,,dairy_hygiene,Y,D00581,,
bank/aib_current_2006.csv,305,20/10/2006,-153.54,,telephone,M,D00613,,
bank/aib_current_2006.csv,306,20/10/2006,-200.00,,savings,N,,,
bank/aib_current_2006.csv,307,21/10/2006,-173.34,,personal_groceries,N,,,household spending
bank/aib_current_2006.csv,308,23/10/2006,-721.88,,electricity,M,D00612,,
bank/aib_current_2006.csv,309,23/10/2006,4646.12,,livestock_sale,Y,D04429;D04430,,
bank/aib_current_2006.csv,310,23/10/2006,-70.00,,personal_misc,N,,,
bank/aib_current_2006.csv,311,23/10/2006,-734.08,,dairy_hygiene,Y,D00582,,
bank/aib_current_2006.csv,312,23/10/2006,-840.18,,vet_medicine,Y,D00522,,
bank/aib_current_2006.csv,313,24/10/2006,-4581.70,,contractors,Y,D00536,,
bank/aib_current_2006.csv,314,24/10/2006,-401.56,,repairs,Y,D00552,,
bank/aib_current_2006.csv,315,25/10/2006,27139.19,,milk_receipt,Y,D00019;D00020,,net of co-op deductions
bank/aib_current_2006.csv,316,25/10/2006,-267.60,,repairs,Y,D00567,,
bank/aib_current_2006.csv,317,26/10/2006,-110.14,,personal_groceries,N,,,household spending
bank/aib_current_2006.csv,318,27/10/2006,-1269.53,,foot_care,Y,D00590,,
bank/aib_current_2006.csv,319,30/10/2006,-286.12,,wages_net,Y,,,
bank/aib_current_2006.csv,320,30/10/2006,-1007.80,,wages_net,Y,,,
bank/aib_current_2006.csv,321,31/10/2006,-14.00,,bank_charges,Y,,,
bank/aib_current_2006.csv,322,31/10/2006,-16000.00,,personal_tax,N,,,"farmer income tax: personal liability, not a farm expense"
bank/aib_current_2006.csv,323,01/11/2006,-1700.00,,drawings,N,,,
bank/aib_current_2006.csv,324,03/11/2006,-638.43,,foot_care,Y,D00593,,
bank/aib_current_2006.csv,325,03/11/2006,-300.00,,drawings,N,,,
bank/aib_current_2006.csv,326,06/11/2006,-500.00,,pension_personal,N,,,personal pension; relief claimed on the personal return
bank/aib_current_2006.csv,327,08/11/2006,-226.69,,personal_groceries,N,,,household spending
bank/aib_current_2006.csv,328,11/11/2006,-150.00,,drawings,N,,,
bank/aib_current_2006.csv,329,13/11/2006,4402.18,,livestock_sale,Y,D04425;D04426,,
bank/aib_current_2006.csv,330,13/11/2006,-380.00,,health_insurance,N,,,
bank/aib_current_2006.csv,331,14/11/2006,-1392.15,,paye_prsi_usc,Y,,,
bank/aib_current_2006.csv,332,15/11/2006,-222.02,,personal_groceries,N,,,household spending
bank/aib_current_2006.csv,333,15/11/2006,-134.19,,personal_groceries,N,,,household spending
bank/aib_current_2006.csv,334,17/11/2006,-269.22,,repairs,Y,D00548,,
bank/aib_current_2006.csv,335,17/11/2006,-300.00,,drawings,N,,,
bank/aib_current_2006.csv,336,20/11/2006,-738.08,,electricity,M,D00614,,
bank/aib_current_2006.csv,337,20/11/2006,-171.92,,telephone,M,D00615,,
bank/aib_current_2006.csv,338,20/11/2006,-200.00,,savings,N,,,
bank/aib_current_2006.csv,339,21/11/2006,-250.00,,drawings,N,,,
bank/aib_current_2006.csv,340,22/11/2006,-70.00,,personal_misc,N,,,
bank/aib_current_2006.csv,341,22/11/2006,-1062.64,,repairs,Y,D00556;D00557,,
bank/aib_current_2006.csv,342,23/11/2006,-661.86,,repairs,Y,D00570,,
bank/aib_current_2006.csv,343,24/11/2006,-300.00,,drawings,N,,,
bank/aib_current_2006.csv,344,24/11/2006,-175.37,,personal_groceries,N,,,household spending
bank/aib_current_2006.csv,345,24/11/2006,-2894.49,,contractors,Y,D00535,,
bank/aib_current_2006.csv,346,25/11/2006,-173.15,,personal_groceries,N,,,household spending
bank/aib_current_2006.csv,347,26/11/2006,-10800.00,,land_rent,Y,D00622,,
bank/aib_current_2006.csv,348,27/11/2006,16758.71,,milk_receipt,Y,D00021;D00022,,net of co-op deductions
bank/aib_current_2006.csv,349,28/11/2006,-193.60,,fallen_animals,Y,D04408,,
bank/aib_current_2006.csv,350,28/11/2006,-276.11,,wages_net,Y,,,
bank/aib_current_2006.csv,351,28/11/2006,-1007.80,,wages_net,Y,,,
bank/aib_current_2006.csv,352,30/11/2006,-14.00,,bank_charges,Y,,,
bank/aib_current_2006.csv,353,01/12/2006,-1700.00,,drawings,N,,,
bank/aib_current_2006.csv,354,04/12/2006,16635.61,,scheme_income,Y,,,
bank/aib_current_2006.csv,355,05/12/2006,-500.00,,pension_personal,N,,,personal pension; relief claimed on the personal return
bank/aib_current_2006.csv,356,08/12/2006,-200.00,,drawings,N,,,
bank/aib_current_2006.csv,357,08/12/2006,-300.00,,drawings,N,,,
bank/aib_current_2006.csv,358,11/12/2006,-471.19,,vet_medicine,Y,D00501,,
bank/aib_current_2006.csv,359,11/12/2006,-319.91,,dairy_hygiene,Y,D00584,,
bank/aib_current_2006.csv,360,11/12/2006,-1264.59,,personal_misc,N,,,
bank/aib_current_2006.csv,361,12/12/2006,2900.00,,scheme_income,Y,,,
bank/aib_current_2006.csv,362,12/12/2006,-208.50,,personal_groceries,N,,,household spending
bank/aib_current_2006.csv,363,12/12/2006,-380.00,,health_insurance,N,,,
bank/aib_current_2006.csv,364,13/12/2006,-221.40,,personal_groceries,N,,,household spending
bank/aib_current_2006.csv,365,13/12/2006,-24.58,,personal_misc,N,,,
bank/aib_current_2006.csv,366,14/12/2006,-1381.05,,paye_prsi_usc,Y,,,
bank/aib_current_2006.csv,367,15/12/2006,-1216.21,,foot_care,Y,D00592,,
bank/aib_current_2006.csv,368,16/12/2006,-159.37,,personal_groceries,N,,,household spending
bank/aib_current_2006.csv,369,17/12/2006,-145.99,,personal_groceries,N,,,household spending
bank/aib_current_2006.csv,370,18/12/2006,-170.34,,telephone,M,D00617,,
bank/aib_current_2006.csv,371,18/12/2006,-3505.47,,feed,Y,D00486,,
bank/aib_current_2006.csv,372,19/12/2006,5600.00,,scheme_income,Y,,,
bank/aib_current_2006.csv,373,20/12/2006,-200.00,,savings,N,,,
bank/aib_current_2006.csv,374,21/12/2006,-742.95,,electricity,M,D00616,,
bank/aib_current_2006.csv,375,21/12/2006,-328.60,,repairs,Y,D00554,,
bank/aib_current_2006.csv,376,22/12/2006,-128.58,,personal_groceries,N,,,household spending
bank/aib_current_2006.csv,377,22/12/2006,-70.00,,personal_misc,N,,,
bank/aib_current_2006.csv,378,24/12/2006,-164.29,,personal_groceries,N,,,household spending
bank/aib_current_2006.csv,379,27/12/2006,7775.53,,milk_receipt,Y,D00023;D00024,,net of co-op deductions
bank/aib_current_2006.csv,380,27/12/2006,-1239.83,,vet_medicine,Y,D00503;D00514,,
bank/aib_current_2006.csv,381,28/12/2006,-294.11,,wages_net,Y,,,
bank/aib_current_2006.csv,382,28/12/2006,-1007.80,,wages_net,Y,,,
bank/aib_current_2006.csv,383,28/12/2006,-250.00,,drawings,N,,,
bank/aib_current_2006.csv,384,28/12/2006,-300.00,,drawings,N,,,
bank/aib_current_2006.csv,385,31/12/2006,-14.00,,bank_charges,Y,,,
bank/aib_current_2007.csv,2,02/01/2007,-1820.00,,drawings,N,,,
bank/aib_current_2007.csv,3,03/01/2007,-250.00,,drawings,N,,,
bank/aib_current_2007.csv,4,04/01/2007,-250.00,,drawings,N,,,
bank/aib_current_2007.csv,5,05/01/2007,-520.00,,pension_personal,N,,,personal pension; relief claimed on the personal return
bank/aib_current_2007.csv,6,07/01/2007,-150.00,,drawings,N,,,
bank/aib_current_2007.csv,7,10/01/2007,-112.82,,personal_groceries,N,,,household spending
bank/aib_current_2007.csv,8,12/01/2007,-766.80,,vet_medicine,Y,D00497,,
bank/aib_current_2007.csv,9,12/01/2007,-185.75,,personal_groceries,N,,,household spending
bank/aib_current_2007.csv,10,12/01/2007,-395.20,,health_insurance,N,,,
bank/aib_current_2007.csv,11,13/01/2007,-200.62,,personal_groceries,N,,,household spending
bank/aib_current_2007.csv,12,15/01/2007,-1401.03,,paye_prsi_usc,Y,,,
bank/aib_current_2007.csv,13,17/01/2007,-150.00,,drawings,N,,,
bank/aib_current_2007.csv,14,18/01/2007,-964.44,,electricity,M,D00740,,
bank/aib_current_2007.csv,15,18/01/2007,-234.04,,personal_groceries,N,,,household spending
bank/aib_current_2007.csv,16,18/01/2007,-538.17,,repairs,Y,D00546,,
bank/aib_current_2007.csv,17,19/01/2007,-171.66,,telephone,M,D00741,,
bank/aib_current_2007.csv,18,21/01/2007,-184.86,,personal_groceries,N,,,household spending
bank/aib_current_2007.csv,19,22/01/2007,-545.96,,repairs,Y,D00551,,
bank/aib_current_2007.csv,20,22/01/2007,-3387.56,,feed,Y,D00631,,
bank/aib_current_2007.csv,21,22/01/2007,-200.00,,savings,N,,,
bank/aib_current_2007.csv,22,22/01/2007,-72.80,,personal_misc,N,,,
bank/aib_current_2007.csv,23,22/01/2007,-3971.32,,feed,Y,D00485,,
bank/aib_current_2007.csv,24,22/01/2007,-1489.83,,vet_medicine,Y,D00513;D00524,,
bank/aib_current_2007.csv,25,23/01/2007,-200.00,,drawings,N,,,
bank/aib_current_2007.csv,26,25/01/2007,1534.05,,milk_receipt,Y,D00025;D00026,,net of co-op deductions
bank/aib_current_2007.csv,27,25/01/2007,-215.31,,personal_groceries,N,,,household spending
bank/aib_current_2007.csv,28,28/01/2007,-92.10,,family_fuel,N,,,
bank/aib_current_2007.csv,29,29/01/2007,-291.45,,wages_net,Y,,,
bank/aib_current_2007.csv,30,29/01/2007,-1037.73,,wages_net,Y,,,
bank/aib_current_2007.csv,31,31/01/2007,-14.70,,bank_charges,Y,,,
bank/aib_current_2007.csv,32,01/02/2007,-1820.00,,drawings,N,,,
bank/aib_current_2007.csv,33,02/02/2007,-150.00,,drawings,N,,,
bank/aib_current_2007.csv,34,05/02/2007,-520.00,,pension_personal,N,,,personal pension; relief claimed on the personal return
bank/aib_current_2007.csv,35,06/02/2007,-194.97,,personal_groceries,N,,,household spending
bank/aib_current_2007.csv,36,07/02/2007,-200.00,,drawings,N,,,
bank/aib_current_2007.csv,37,07/02/2007,-165.66,,personal_groceries,N,,,household spending
bank/aib_current_2007.csv,38,12/02/2007,-395.20,,health_insurance,N,,,
bank/aib_current_2007.csv,39,13/02/2007,-603.21,,repairs,Y,D00696,,
bank/aib_current_2007.csv,40,14/02/2007,-1431.24,,paye_prsi_usc,Y,,,
bank/aib_current_2007.csv,41,14/02/2007,-300.00,,drawings,N,,,
bank/aib_current_2007.csv,42,19/02/2007,-803.28,,vet_medicine,Y,D00640,,
bank/aib_current_2007.csv,43,19/02/2007,-835.31,,electricity,M,D00742,,
bank/aib_current_2007.csv,44,19/02/2007,-166.93,,telephone,M,D00743,,
bank/aib_current_2007.csv,45,19/02/2007,-66.63,,family_fuel,N,,,
bank/aib_current_2007.csv,46,19/02/2007,-5174.00,,feed,Y,D00628,,
bank/aib_current_2007.csv,47,19/02/2007,-703.52,,dairy_hygiene,Y,D00723,,
bank/aib_current_2007.csv,48,20/02/2007,-200.00,,savings,N,,,
bank/aib_current_2007.csv,49,21/02/2007,-652.17,,vet_medicine,Y,D00663,,
bank/aib_current_2007.csv,50,22/02/2007,-72.80,,personal_misc,N,,,
bank/aib_current_2007.csv,51,22/02/2007,-463.96,,repairs,Y,D00693,,
bank/aib_current_2007.csv,52,23/02/2007,-7473.28,,insurance,Y,D00764,,
bank/aib_current_2007.csv,53,23/02/2007,-116.50,,personal_groceries,N,,,household spending
bank/aib_current_2007.csv,54,26/02/2007,4972.83,,milk_receipt,Y,D00027;D00028,,net of co-op deductions
bank/aib_current_2007.csv,55,26/02/2007,-543.28,,repairs,Y,D00710,,
bank/aib_current_2007.csv,56,26/02/2007,-1882.60,,vet_medicine,Y,D00638;D00653;D00666,,
bank/aib_current_2007.csv,57,27/02/2007,-211.16,,personal_groceries,N,,,household spending
bank/aib_current_2007.csv,58,28/02/2007,-14.70,,bank_charges,Y,,,
bank/aib_current_2007.csv,59,28/02/2007,-284.56,,wages_net,Y,,,
bank/aib_current_2007.csv,60,28/02/2007,-1037.73,,wages_net,Y,,,
bank/aib_current_2007.csv,61,01/03/2007,-1820.00,,drawings,N,,,
bank/aib_current_2007.csv,62,01/03/2007,-219.72,,personal_groceries,N,,,household spending
bank/aib_current_2007.csv,63,01/03/2007,-208.95,,personal_groceries,N,,,household spending
bank/aib_current_2007.csv,64,05/03/2007,-692.65,,repairs,Y,D00689,,
bank/aib_current_2007.csv,65,05/03/2007,-520.00,,pension_personal,N,,,personal pension; relief claimed on the personal return
bank/aib_current_2007.csv,66,12/03/2007,-395.20,,health_insurance,N,,,
bank/aib_current_2007.csv,67,14/03/2007,-1423.61,,paye_prsi_usc,Y,,,
bank/aib_current_2007.csv,68,14/03/2007,-120.82,,personal_groceries,N,,,household spending
bank/aib_current_2007.csv,69,15/03/2007,-213.79,,personal_groceries,N,,,household spending
bank/aib_current_2007.csv,70,15/03/2007,-914.36,,vet_medicine,Y,D00656,,
bank/aib_current_2007.csv,71,16/03/2007,-200.00,,drawings,N,,,
bank/aib_current_2007.csv,72,17/03/2007,-200.00,,drawings,N,,,
bank/aib_current_2007.csv,73,17/03/2007,-300.00,,drawings,N,,,
bank/aib_current_2007.csv,74,20/03/2007,-586.05,,vet_medicine,Y,D00660,,
bank/aib_current_2007.csv,75,20/03/2007,-160.35,,telephone,M,D00745,,
bank/aib_current_2007.csv,76,20/03/2007,2713.94,,livestock_sale,Y,D04436;D04437,,net of commission
bank/aib_current_2007.csv,77,20/03/2007,-300.00,,drawings,N,,,
bank/aib_current_2007.csv,78,20/03/2007,-97.08,,personal_groceries,N,,,household spending
bank/aib_current_2007.csv,79,20/03/2007,-91.38,,family_fuel,N,,,
bank/aib_current_2007.csv,80,20/03/2007,-200.00,,savings,N,,,
bank/aib_current_2007.csv,81,20/03/2007,-809.90,,repairs,Y,D00713;D00715,,
bank/aib_current_2007.csv,82,21/03/2007,-804.25,,electricity,M,D00744,,
bank/aib_current_2007.csv,83,21/03/2007,-8090.81,,fertiliser,Y,D00637,,
bank/aib_current_2007.csv,84,22/03/2007,-72.80,,personal_misc,N,,,
bank/aib_current_2007.csv,85,23/03/2007,-1984.98,,contractors,Y,D00675,,
bank/aib_current_2007.csv,86,24/03/2007,-200.00,,drawings,N,,,
bank/aib_current_2007.csv,87,26/03/2007,16791.24,,milk_receipt,Y,D00029;D00030,,net of co-op deductions
bank/aib_current_2007.csv,88,26/03/2007,-404.93,,repairs,Y,D00714,,
bank/aib_current_2007.csv,89,26/03/2007,-3473.18,,professional_fees,Y,D00765,,
bank/aib_current_2007.csv,90,27/03/2007,-322.91,,repairs,Y,D00708,,
bank/aib_current_2007.csv,91,27/03/2007,-310.05,,dairy_hygiene,Y,D00722,,
bank/aib_current_2007.csv,92,28/03/2007,-302.73,,wages_net,Y,,,
bank/aib_current_2007.csv,93,28/03/2007,-1037.73,,wages_net,Y,,,
bank/aib_current_2007.csv,94,30/03/2007,-34.73,,bank_interest,Y,,,
bank/aib_current_2007.csv,95,31/03/2007,-14.70,,bank_charges,Y,,,
bank/aib_current_2007.csv,96,01/04/2007,-300.00,,drawings,N,,,
bank/aib_current_2007.csv,97,01/04/2007,-187.00,,personal_groceries,N,,,household spending
bank/aib_current_2007.csv,98,02/04/2007,-1820.00,,drawings,N,,,
bank/aib_current_2007.csv,99,03/04/2007,-401.21,,dairy_hygiene,Y,D00729,,
bank/aib_current_2007.csv,100,04/04/2007,2297.42,,livestock_sale,Y,D04438;D04439,,net of commission
bank/aib_current_2007.csv,101,04/04/2007,-40179.00,,capital_equipment,Y,D05090,,stage payment
bank/aib_current_2007.csv,102,05/04/2007,-150.00,,drawings,N,,,
bank/aib_current_2007.csv,103,05/04/2007,-520.00,,pension_personal,N,,,personal pension; relief claimed on the personal return
bank/aib_current_2007.csv,104,10/04/2007,-809.74,,breeding_ai,Y,D00669,,
bank/aib_current_2007.csv,105,11/04/2007,-331.18,,repairs,Y,D00692,,
bank/aib_current_2007.csv,106,12/04/2007,120000.00,,loan_drawdown,Y,,,not income
bank/aib_current_2007.csv,107,12/04/2007,-200.00,,drawings,N,,,
bank/aib_current_2007.csv,108,12/04/2007,-169.40,,personal_groceries,N,,,household spending
bank/aib_current_2007.csv,109,12/04/2007,-395.20,,health_insurance,N,,,
bank/aib_current_2007.csv,110,14/04/2007,-200.00,,drawings,N,,,
bank/aib_current_2007.csv,111,16/04/2007,-1443.76,,paye_prsi_usc,Y,,,
bank/aib_current_2007.csv,112,16/04/2007,-193.97,,personal_groceries,N,,,household spending
bank/aib_current_2007.csv,113,16/04/2007,-686.78,,breeding_ai,Y,D00668,,
bank/aib_current_2007.csv,114,17/04/2007,-843.76,,electricity,M,D00746,,
bank/aib_current_2007.csv,115,18/04/2007,-80.31,,personal_groceries,N,,,household spending
bank/aib_current_2007.csv,116,19/04/2007,-149.76,,telephone,M,D00747,,
bank/aib_current_2007.csv,117,19/04/2007,2683.20,,livestock_sale,Y,D04440;D04441,,net of commission
bank/aib_current_2007.csv,118,19/04/2007,-70.79,,family_fuel,N,,,
bank/aib_current_2007.csv,119,19/04/2007,-1904.86,,vet_medicine,Y,D00639;D00658;D00664,,
bank/aib_current_2007.csv,120,20/04/2007,-250.00,,drawings,N,,,
bank/aib_current_2007.csv,121,20/04/2007,-200.00,,savings,N,,,
bank/aib_current_2007.csv,122,23/04/2007,-455.41,,breeding_ai,Y,D00673,,
bank/aib_current_2007.csv,123,23/04/2007,-2141.50,,contractors,Y,D00679,,
bank/aib_current_2007.csv,124,23/04/2007,-72.80,,personal_misc,N,,,
bank/aib_current_2007.csv,125,23/04/2007,-541.79,,repairs,Y,D00695,,
bank/aib_current_2007.csv,126,24/04/2007,-4126.07,,feed,Y,D00626,,
bank/aib_current_2007.csv,127,25/04/2007,35437.56,,milk_receipt,Y,D00031;D00032,,net of co-op deductions
bank/aib_current_2007.csv,128,26/04/2007,-548.52,,repairs,Y,D00709,,
bank/aib_current_2007.csv,129,27/04/2007,-543.53,,vet_medicine,Y,D00643,,
bank/aib_current_2007.csv,130,30/04/2007,-1441.85,,fuel,Y,D00686,,
bank/aib_current_2007.csv,131,30/04/2007,-675.48,,repairs,Y,D00704,,
bank/aib_current_2007.csv,132,30/04/2007,-14.70,,bank_charges,Y,,,
bank/aib_current_2007.csv,133,30/04/2007,-290.48,,wages_net,Y,,,
bank/aib_current_2007.csv,134,30/04/2007,-1037.73,,wages_net,Y,,,
bank/aib_current_2007.csv,135,30/04/2007,-58000.00,,own_transfer,T,,,
bank/aib_current_2007.csv,136,01/05/2007,-1820.00,,drawings,N,,,
bank/aib_current_2007.csv,137,02/05/2007,-26620.00,,capital_equipment,Y,D05091,,
bank/aib_current_2007.csv,138,06/05/2007,-300.00,,drawings,N,,,
bank/aib_current_2007.csv,139,07/05/2007,2632.20,,livestock_sale,Y,D04442;D04443,,net of commission
bank/aib_current_2007.csv,140,07/05/2007,-520.00,,pension_personal,N,,,personal pension; relief claimed on the personal return
bank/aib_current_2007.csv,141,08/05/2007,-1332.25,,loan_repayment,Y,,,"interest 600.00, capital 732.25"
bank/aib_current_2007.csv,142,08/05/2007,-331.14,,personal_groceries,N,,,household spending
bank/aib_current_2007.csv,143,08/05/2007,-1248.00,,family_car_running,N,,,
bank/aib_current_2007.csv,144,12/05/2007,-150.00,,drawings,N,,,
bank/aib_current_2007.csv,145,14/05/2007,-1430.16,,paye_prsi_usc,Y,,,
bank/aib_current_2007.csv,146,14/05/2007,-395.20,,health_insurance,N,,,
bank/aib_current_2007.csv,147,15/05/2007,-188.02,,personal_groceries,N,,,household spending
bank/aib_current_2007.csv,148,15/05/2007,-147.77,,personal_groceries,N,,,household spending
bank/aib_current_2007.csv,149,16/05/2007,-300.00,,drawings,N,,,
bank/aib_current_2007.csv,150,16/05/2007,-220.08,,personal_groceries,N,,,household spending
bank/aib_current_2007.csv,151,18/05/2007,-808.04,,breeding_ai,Y,D00672,,
bank/aib_current_2007.csv,152,19/05/2007,-188.64,,personal_groceries,N,,,household spending
bank/aib_current_2007.csv,153,19/05/2007,-62.45,,family_fuel,N,,,
bank/aib_current_2007.csv,154,21/05/2007,-910.51,,electricity,M,D00748,,
bank/aib_current_2007.csv,155,21/05/2007,-152.06,,telephone,M,D00749,,
bank/aib_current_2007.csv,156,21/05/2007,-53572.00,,capital_equipment,Y,D05090,,stage payment
bank/aib_current_2007.csv,157,21/05/2007,-200.00,,savings,N,,,
bank/aib_current_2007.csv,158,21/05/2007,-1217.52,,repairs,Y,D00703;D00716,,
bank/aib_current_2007.csv,159,21/05/2007,-2913.09,,vet_medicine,Y,D00647;D00651;D00659;D00665,,
bank/aib_current_2007.csv,160,22/05/2007,-200.00,,drawings,N,,,
bank/aib_current_2007.csv,161,22/05/2007,-72.80,,personal_misc,N,,,
bank/aib_current_2007.csv,162,25/05/2007,50118.11,,milk_receipt,Y,D00033;D00034,,net of co-op deductions
bank/aib_current_2007.csv,163,25/05/2007,2491.27,,livestock_sale,Y,D04444;D04445,,net of commission
bank/aib_current_2007.csv,164,26/05/2007,-250.00,,drawings,N,,,
bank/aib_current_2007.csv,165,28/05/2007,-297.26,,wages_net,Y,,,
bank/aib_current_2007.csv,166,28/05/2007,-1037.73,,wages_net,Y,,,
bank/aib_current_2007.csv,167,31/05/2007,-14.70,,bank_charges,Y,,,
bank/aib_current_2007.csv,168,31/05/2007,-59.91,,bank_interest,Y,,,
bank/aib_current_2007.csv,169,01/06/2007,-541.17,,repairs,Y,D00699,,
bank/aib_current_2007.csv,170,01/06/2007,-1820.00,,drawings,N,,,
bank/aib_current_2007.csv,171,04/06/2007,-644.80,,utilities,M,D00767,,
bank/aib_current_2007.csv,172,05/06/2007,-520.00,,pension_personal,N,,,personal pension; relief claimed on the personal return
bank/aib_current_2007.csv,173,08/06/2007,-1332.25,,loan_repayment,Y,,,"interest 596.34, capital 735.91"
bank/aib_current_2007.csv,174,12/06/2007,-395.20,,health_insurance,N,,,
bank/aib_current_2007.csv,175,14/06/2007,-1437.69,,paye_prsi_usc,Y,,,
bank/aib_current_2007.csv,176,14/06/2007,-199.76,,personal_groceries,N,,,household spending
bank/aib_current_2007.csv,177,15/06/2007,-1480.19,,vet_medicine,Y,D00642;D00652,,
bank/aib_current_2007.csv,178,18/06/2007,-2093.57,,breeding_ai,Y,D00667;D00670,,
bank/aib_current_2007.csv,179,19/06/2007,-9385.86,,fertiliser,Y,D00636,,
bank/aib_current_2007.csv,180,19/06/2007,-150.00,,drawings,N,,,
bank/aib_current_2007.csv,181,20/06/2007,-366.35,,repairs,Y,D00691,,
bank/aib_current_2007.csv,182,20/06/2007,-785.44,,electricity,M,D00750,,
bank/aib_current_2007.csv,183,20/06/2007,-166.64,,telephone,M,D00751,,
bank/aib_current_2007.csv,184,20/06/2007,-200.00,,savings,N,,,
bank/aib_current_2007.csv,185,20/06/2007,-460.86,,repairs,Y,D00690,,
bank/aib_current_2007.csv,186,21/06/2007,-192.77,,personal_groceries,N,,,household spending
bank/aib_current_2007.csv,187,22/06/2007,-64.30,,family_fuel,N,,,
bank/aib_current_2007.csv,188,22/06/2007,-72.80,,personal_misc,N,,,
bank/aib_current_2007.csv,189,23/06/2007,-300.00,,drawings,N,,,
bank/aib_current_2007.csv,190,23/06/2007,-138.74,,personal_groceries,N,,,household spending
bank/aib_current_2007.csv,191,25/06/2007,52635.58,,milk_receipt,Y,D00035;D00036,,net of co-op deductions
bank/aib_current_2007.csv,192,25/06/2007,-588.10,,dairy_hygiene,Y,D00726,,
bank/aib_current_2007.csv,193,25/06/2007,-4962.56,,feed,Y,D00623,,
bank/aib_current_2007.csv,194,26/06/2007,-201.34,,fallen_animals,Y,D04434,,
bank/aib_current_2007.csv,195,26/06/2007,-213.76,,personal_groceries,N,,,household spending
bank/aib_current_2007.csv,196,27/06/2007,-200.00,,drawings,N,,,
bank/aib_current_2007.csv,197,28/06/2007,-297.39,,wages_net,Y,,,
bank/aib_current_2007.csv,198,28/06/2007,-1037.73,,wages_net,Y,,,
bank/aib_current_2007.csv,199,30/06/2007,-14.70,,bank_charges,Y,,,
bank/aib_current_2007.csv,200,30/06/2007,-515.00,,bank_charges,Y,,,
bank/aib_current_2007.csv,201,02/07/2007,-419.83,,dairy_hygiene,Y,,MISSING_INVOICE,payment with no supplier invoice on file
bank/aib_current_2007.csv,202,02/07/2007,-1820.00,,drawings,N,,,
bank/aib_current_2007.csv,203,02/07/2007,-200.00,,drawings,N,,,
bank/aib_current_2007.csv,204,05/07/2007,-520.00,,pension_personal,N,,,personal pension; relief claimed on the personal return
bank/aib_current_2007.csv,205,08/07/2007,-300.00,,drawings,N,,,
bank/aib_current_2007.csv,206,09/07/2007,-40179.00,,capital_equipment,Y,D05090,,stage payment
bank/aib_current_2007.csv,207,09/07/2007,-1332.25,,loan_repayment,Y,,,"interest 592.66, capital 739.59"
bank/aib_current_2007.csv,208,09/07/2007,-200.00,,drawings,N,,,
bank/aib_current_2007.csv,209,10/07/2007,-1132.56,,professional_fees,Y,D00766,,
bank/aib_current_2007.csv,210,10/07/2007,-300.00,,drawings,N,,,
bank/aib_current_2007.csv,211,10/07/2007,-77.02,,family_fuel,N,,,
bank/aib_current_2007.csv,212,12/07/2007,-330.66,,personal_groceries,N,,,household spending
bank/aib_current_2007.csv,213,12/07/2007,-395.20,,health_insurance,N,,,
bank/aib_current_2007.csv,214,15/07/2007,-83.83,,personal_groceries,N,,,household spending
bank/aib_current_2007.csv,215,16/07/2007,9867.41,,livestock_sale,Y,D04449,,
bank/aib_current_2007.csv,216,16/07/2007,-1437.84,,paye_prsi_usc,Y,,,
bank/aib_current_2007.csv,217,16/07/2007,-278.01,,personal_groceries,N,,,household spending
bank/aib_current_2007.csv,218,16/07/2007,-192.01,,personal_groceries,N,,,household spending
bank/aib_current_2007.csv,219,16/07/2007,-5162.20,,family_holiday,N,,,family holiday paid by the farm account
bank/aib_current_2007.csv,220,17/07/2007,-316.20,,repairs,Y,D00712,,
bank/aib_current_2007.csv,221,17/07/2007,-191.99,,personal_groceries,N,,,household spending
bank/aib_current_2007.csv,222,18/07/2007,-897.58,,electricity,M,D00752,,
bank/aib_current_2007.csv,223,19/07/2007,-2379.41,,contractors,Y,D00676,,
bank/aib_current_2007.csv,224,19/07/2007,-1348.15,,silage_plastic,Y,D00732,,
bank/aib_current_2007.csv,225,20/07/2007,-149.51,,telephone,M,D00753,,
bank/aib_current_2007.csv,226,20/07/2007,-200.00,,savings,N,,,
bank/aib_current_2007.csv,227,20/07/2007,-1343.37,,fuel,Y,D00687,,
bank/aib_current_2007.csv,228,23/07/2007,-72.80,,personal_misc,N,,,
bank/aib_current_2007.csv,229,23/07/2007,-473.32,,vet_medicine,Y,D00649,,
bank/aib_current_2007.csv,230,25/07/2007,53332.07,,milk_receipt,Y,D00037;D00038,,net of co-op deductions
bank/aib_current_2007.csv,231,25/07/2007,-468.12,,vet_medicine,Y,D00657,,
bank/aib_current_2007.csv,232,25/07/2007,9168.35,,livestock_sale,Y,D04446,,
bank/aib_current_2007.csv,233,27/07/2007,-167.67,,personal_groceries,N,,,household spending
bank/aib_current_2007.csv,234,30/07/2007,-300.08,,wages_net,Y,,,
bank/aib_current_2007.csv,235,30/07/2007,-1037.73,,wages_net,Y,,,
bank/aib_current_2007.csv,236,31/07/2007,-14.70,,bank_charges,Y,,,
bank/aib_current_2007.csv,237,01/08/2007,-1820.00,,drawings,N,,,
bank/aib_current_2007.csv,238,06/08/2007,-817.85,,dairy_hygiene,Y,D00721,,
bank/aib_current_2007.csv,239,06/08/2007,-520.00,,pension_personal,N,,,personal pension; relief claimed on the personal return
bank/aib_current_2007.csv,240,07/08/2007,-250.00,,drawings,N,,,
bank/aib_current_2007.csv,241,08/08/2007,-378.26,,dairy_hygiene,Y,D00731,,
bank/aib_current_2007.csv,242,08/08/2007,-1332.25,,loan_repayment,Y,,,"interest 588.96, capital 743.28"
bank/aib_current_2007.csv,243,13/08/2007,-605.64,,repairs,Y,D00705,,
bank/aib_current_2007.csv,244,13/08/2007,-150.00,,drawings,N,,,
bank/aib_current_2007.csv,245,13/08/2007,-395.20,,health_insurance,N,,,
bank/aib_current_2007.csv,246,14/08/2007,-1440.81,,paye_prsi_usc,Y,,,
bank/aib_current_2007.csv,247,15/08/2007,-658.01,,silage_plastic,Y,D00734,,
bank/aib_current_2007.csv,248,15/08/2007,-195.97,,personal_groceries,N,,,household spending
bank/aib_current_2007.csv,249,15/08/2007,-1205.43,,fuel,Y,D00688,,
bank/aib_current_2007.csv,250,15/08/2007,-1454.37,,silage_plastic,Y,D00733,,
bank/aib_current_2007.csv,251,16/08/2007,-117.54,,personal_groceries,N,,,household spending
bank/aib_current_2007.csv,252,17/08/2007,-250.00,,drawings,N,,,
bank/aib_current_2007.csv,253,17/08/2007,-499.48,,vet_medicine,Y,D00654,,
bank/aib_current_2007.csv,254,19/08/2007,-250.00,,drawings,N,,,
bank/aib_current_2007.csv,255,20/08/2007,-752.21,,electricity,M,D00754,,
bank/aib_current_2007.csv,256,20/08/2007,-169.73,,telephone,M,D00755,,
bank/aib_current_2007.csv,257,20/08/2007,-200.00,,savings,N,,,
bank/aib_current_2007.csv,258,20/08/2007,-4287.19,,contractors,Y,D00677;D00681,,
bank/aib_current_2007.csv,259,21/08/2007,-149.04,,personal_groceries,N,,,household spending
bank/aib_current_2007.csv,260,21/08/2007,-598.21,,breeding_ai,Y,D00671,,
bank/aib_current_2007.csv,261,22/08/2007,-72.80,,personal_misc,N,,,
bank/aib_current_2007.csv,262,27/08/2007,48311.20,,milk_receipt,Y,D00039;D00040,,net of co-op deductions
bank/aib_current_2007.csv,263,27/08/2007,-238.06,,personal_groceries,N,,,household spending
bank/aib_current_2007.csv,264,28/08/2007,-298.27,,wages_net,Y,,,
bank/aib_current_2007.csv,265,28/08/2007,-1037.73,,wages_net,Y,,,
bank/aib_current_2007.csv,266,31/08/2007,-14.70,,bank_charges,Y,,,
bank/aib_current_2007.csv,267,03/09/2007,-1820.00,,drawings,N,,,
bank/aib_current_2007.csv,268,05/09/2007,-250.00,,drawings,N,,,
bank/aib_current_2007.csv,269,05/09/2007,-243.66,,personal_groceries,N,,,household spending
bank/aib_current_2007.csv,270,05/09/2007,-520.00,,pension_personal,N,,,personal pension; relief claimed on the personal return
bank/aib_current_2007.csv,271,05/09/2007,-1144.00,,personal_education,N,,,
bank/aib_current_2007.csv,272,07/09/2007,-313.70,,dairy_hygiene,Y,D00720,,
bank/aib_current_2007.csv,273,08/09/2007,-266.50,,personal_groceries,N,,,household spending
bank/aib_current_2007.csv,274,10/09/2007,-119.55,,fallen_animals,Y,D04435,,
bank/aib_current_2007.csv,275,10/09/2007,-1332.25,,loan_repayment,Y,,,"interest 585.24, capital 747.00"
bank/aib_current_2007.csv,276,11/09/2007,-331.88,,repairs,Y,D00706,,
bank/aib_current_2007.csv,277,11/09/2007,-294.99,,personal_groceries,N,,,household spending
bank/aib_current_2007.csv,278,12/09/2007,-434.69,,repairs,Y,D00694,,
bank/aib_current_2007.csv,279,12/09/2007,-395.20,,health_insurance,N,,,
bank/aib_current_2007.csv,280,13/09/2007,-150.00,,drawings,N,,,
bank/aib_current_2007.csv,281,14/09/2007,-1438.83,,paye_prsi_usc,Y,,,
bank/aib_current_2007.csv,282,15/09/2007,-150.00,,drawings,N,,,
bank/aib_current_2007.csv,283,15/09/2007,-200.00,,drawings,N,,,
bank/aib_current_2007.csv,284,17/09/2007,-2646.16,,contractors,Y,D00680,,
bank/aib_current_2007.csv,285,17/09/2007,-9566.01,,fertiliser,Y,D00635,,
bank/aib_current_2007.csv,286,20/09/2007,-166.27,,telephone,M,D00757,,
bank/aib_current_2007.csv,287,20/09/2007,-200.00,,savings,N,,,
bank/aib_current_2007.csv,288,21/09/2007,-150.00,,drawings,N,,,
bank/aib_current_2007.csv,289,22/09/2007,-180.80,,personal_groceries,N,,,household spending
bank/aib_current_2007.csv,290,24/09/2007,-760.73,,vet_medicine,Y,D00641,,
bank/aib_current_2007.csv,291,24/09/2007,-1540.80,,fuel,Y,D00685,,
bank/aib_current_2007.csv,292,24/09/2007,-825.58,,electricity,M,D00756,,
bank/aib_current_2007.csv,293,24/09/2007,-72.80,,personal_misc,N,,,
bank/aib_current_2007.csv,294,25/09/2007,42329.14,,milk_receipt,Y,D00041;D00042,,net of co-op deductions
bank/aib_current_2007.csv,295,25/09/2007,-87.77,,family_fuel,N,,,
bank/aib_current_2007.csv,296,28/09/2007,-296.95,,wages_net,Y,,,
bank/aib_current_2007.csv,297,28/09/2007,-1037.73,,wages_net,Y,,,
bank/aib_current_2007.csv,298,30/09/2007,-14.70,,bank_charges,Y,,,
bank/aib_current_2007.csv,299,01/10/2007,-1820.00,,drawings,N,,,
bank/aib_current_2007.csv,300,02/10/2007,-300.00,,drawings,N,,,
bank/aib_current_2007.csv,301,04/10/2007,-300.00,,drawings,N,,,
bank/aib_current_2007.csv,302,05/10/2007,-520.00,,pension_personal,N,,,personal pension; relief claimed on the personal return
bank/aib_current_2007.csv,303,06/10/2007,-274.67,,personal_groceries,N,,,household spending
bank/aib_current_2007.csv,304,08/10/2007,-1332.25,,loan_repayment,Y,,,"interest 581.51, capital 750.74"
bank/aib_current_2007.csv,305,08/10/2007,-145.18,,personal_groceries,N,,,household spending
bank/aib_current_2007.csv,306,09/10/2007,-260.69,,personal_groceries,N,,,household spending
bank/aib_current_2007.csv,307,12/10/2007,-250.00,,drawings,N,,,
bank/aib_current_2007.csv,308,12/10/2007,-250.00,,drawings,N,,,
bank/aib_current_2007.csv,309,12/10/2007,-395.20,,health_insurance,N,,,
bank/aib_current_2007.csv,310,13/10/2007,-100.94,,personal_groceries,N,,,household spending
bank/aib_current_2007.csv,311,15/10/2007,-1437.38,,paye_prsi_usc,Y,,,
bank/aib_current_2007.csv,312,18/10/2007,-817.97,,electricity,M,D00758,,
bank/aib_current_2007.csv,313,18/10/2007,-153.82,,telephone,M,D00759,,
bank/aib_current_2007.csv,314,19/10/2007,-4087.40,,contractors,Y,D00674,,
bank/aib_current_2007.csv,315,21/10/2007,-176.17,,personal_groceries,N,,,household spending
bank/aib_current_2007.csv,316,21/10/2007,-117.36,,personal_groceries,N,,,household spending
bank/aib_current_2007.csv,317,22/10/2007,-200.00,,savings,N,,,
bank/aib_current_2007.csv,318,22/10/2007,-72.80,,personal_misc,N,,,
bank/aib_current_2007.csv,319,22/10/2007,-2210.24,,contractors,Y,D00678,,
bank/aib_current_2007.csv,320,22/10/2007,-833.39,,vet_medicine,Y,D00645,,
bank/aib_current_2007.csv,321,23/10/2007,-300.00,,drawings,N,,,
bank/aib_current_2007.csv,322,23/10/2007,-1005.57,,repairs,Y,D00700;D00707,,
bank/aib_current_2007.csv,323,24/10/2007,-635.67,,repairs,Y,D00697,,
bank/aib_current_2007.csv,324,25/10/2007,34359.39,,milk_receipt,Y,D00043;D00044,,net of co-op deductions
bank/aib_current_2007.csv,325,25/10/2007,-503.82,,vet_medicine,Y,D00644,,
bank/aib_current_2007.csv,326,29/10/2007,-2219.29,,fuel,Y,D00683,,
bank/aib_current_2007.csv,327,29/10/2007,-843.58,,foot_care,Y,D00737,,
bank/aib_current_2007.csv,328,29/10/2007,-303.21,,wages_net,Y,,,
bank/aib_current_2007.csv,329,29/10/2007,-1037.73,,wages_net,Y,,,
bank/aib_current_2007.csv,330,31/10/2007,-952.17,,foot_care,Y,D00735,,
bank/aib_current_2007.csv,331,31/10/2007,-14.70,,bank_charges,Y,,,
bank/aib_current_2007.csv,332,31/10/2007,-16900.00,,personal_tax,N,,,"farmer income tax: personal liability, not a farm expense"
bank/aib_current_2007.csv,333,01/11/2007,-1820.00,,drawings,N,,,
bank/aib_current_2007.csv,334,02/11/2007,-274.50,,personal_groceries,N,,,household spending
bank/aib_current_2007.csv,335,04/11/2007,-250.00,,drawings,N,,,
bank/aib_current_2007.csv,336,04/11/2007,-254.47,,personal_groceries,N,,,household spending
bank/aib_current_2007.csv,337,05/11/2007,-260.75,,personal_groceries,N,,,household spending
bank/aib_current_2007.csv,338,05/11/2007,-520.00,,pension_personal,N,,,personal pension; relief claimed on the personal return
bank/aib_current_2007.csv,339,08/11/2007,-1332.25,,loan_repayment,Y,,,"interest 577.76, capital 754.49"
bank/aib_current_2007.csv,340,10/11/2007,-200.00,,drawings,N,,,
bank/aib_current_2007.csv,341,12/11/2007,8869.71,,livestock_sale,Y,D04447;D04448,,
bank/aib_current_2007.csv,342,12/11/2007,-395.20,,health_insurance,N,,,
bank/aib_current_2007.csv,343,14/11/2007,-1444.29,,paye_prsi_usc,Y,,,
bank/aib_current_2007.csv,344,14/11/2007,-300.00,,drawings,N,,,
bank/aib_current_2007.csv,345,16/11/2007,-732.92,,foot_care,Y,D00736,,
bank/aib_current_2007.csv,346,17/11/2007,-134.80,,personal_groceries,N,,,household spending
bank/aib_current_2007.csv,347,19/11/2007,-300.00,,drawings,N,,,
bank/aib_current_2007.csv,348,20/11/2007,-354.77,,repairs,Y,D00702,,
bank/aib_current_2007.csv,349,20/11/2007,-169.40,,telephone,M,D00761,,
bank/aib_current_2007.csv,350,20/11/2007,-200.00,,savings,N,,,
bank/aib_current_2007.csv,351,21/11/2007,-96.56,,personal_groceries,N,,,household spending
bank/aib_current_2007.csv,352,21/11/2007,-2030.54,,vet_medicine,Y,D00646;D00648;D00655,,
bank/aib_current_2007.csv,353,22/11/2007,-747.67,,electricity,M,D00760,,
bank/aib_current_2007.csv,354,22/11/2007,-72.80,,personal_misc,N,,,
bank/aib_current_2007.csv,355,26/11/2007,21441.22,,milk_receipt,Y,D00045;D00046,,net of co-op deductions
bank/aib_current_2007.csv,356,26/11/2007,-442.44,,vet_medicine,Y,D00661,,
bank/aib_current_2007.csv,357,26/11/2007,-11700.00,,land_rent,Y,D00768,,
bank/aib_current_2007.csv,358,27/11/2007,-207.83,,personal_groceries,N,,,household spending
bank/aib_current_2007.csv,359,28/11/2007,-294.86,,wages_net,Y,,,
bank/aib_current_2007.csv,360,28/11/2007,-1037.73,,wages_net,Y,,,
bank/aib_current_2007.csv,361,30/11/2007,-14.70,,bank_charges,Y,,,
bank/aib_current_2007.csv,362,01/12/2007,-250.00,,drawings,N,,,
bank/aib_current_2007.csv,363,02/12/2007,-150.00,,drawings,N,,,
bank/aib_current_2007.csv,364,03/12/2007,17572.06,,scheme_income,Y,,,
bank/aib_current_2007.csv,365,03/12/2007,-1820.00,,drawings,N,,,
bank/aib_current_2007.csv,366,05/12/2007,-520.00,,pension_personal,N,,,personal pension; relief claimed on the personal return
bank/aib_current_2007.csv,367,06/12/2007,48000.00,,capital_grant,Y,,,40% grant on eligible shed cost
bank/aib_current_2007.csv,368,06/12/2007,-150.00,,drawings,N,,,
bank/aib_current_2007.csv,369,10/12/2007,-593.80,,dairy_hygiene,Y,D00727,,
bank/aib_current_2007.csv,370,10/12/2007,-1332.25,,loan_repayment,Y,,,"interest 573.98, capital 758.26"
bank/aib_current_2007.csv,371,10/12/2007,-200.00,,drawings,N,,,
bank/aib_current_2007.csv,372,10/12/2007,-1191.97,,personal_misc,N,,,
bank/aib_current_2007.csv,373,12/12/2007,-309.14,,dairy_hygiene,Y,D00728,,
bank/aib_current_2007.csv,374,12/12/2007,2908.00,,scheme_income,Y,,,
bank/aib_current_2007.csv,375,12/12/2007,-395.20,,health_insurance,N,,,
bank/aib_current_2007.csv,376,13/12/2007,-109.59,,personal_groceries,N,,,household spending
bank/aib_current_2007.csv,377,14/12/2007,-1435.05,,paye_prsi_usc,Y,,,
bank/aib_current_2007.csv,378,16/12/2007,-312.17,,personal_groceries,N,,,household spending
bank/aib_current_2007.csv,379,17/12/2007,-539.31,,repairs,Y,D00717,,
bank/aib_current_2007.csv,380,17/12/2007,-317.65,,repairs,Y,D00719,,
bank/aib_current_2007.csv,381,17/12/2007,-215.08,,personal_groceries,N,,,household spending
bank/aib_current_2007.csv,382,17/12/2007,-498.04,,dairy_hygiene,Y,D00725,,
bank/aib_current_2007.csv,383,17/12/2007,-676.64,,vet_medicine,Y,D00650,,
bank/aib_current_2007.csv,384,18/12/2007,-157.08,,telephone,M,D00763,,
bank/aib_current_2007.csv,385,19/12/2007,-558.66,,repairs,Y,D00711,,
bank/aib_current_2007.csv,386,19/12/2007,-741.50,,electricity,M,D00762,,
bank/aib_current_2007.csv,387,19/12/2007,5600.00,,scheme_income,Y,,,
bank/aib_current_2007.csv,388,19/12/2007,-173.44,,personal_groceries,N,,,household spending
bank/aib_current_2007.csv,389,19/12/2007,-935.18,,repairs,Y,D00698;D00718,,
bank/aib_current_2007.csv,390,20/12/2007,-94.60,,family_fuel,N,,,
bank/aib_current_2007.csv,391,20/12/2007,-200.00,,savings,N,,,
bank/aib_current_2007.csv,392,20/12/2007,-2229.54,,fuel,Y,D00682,,
bank/aib_current_2007.csv,393,21/12/2007,-3798.17,,feed,Y,D00627,,
bank/aib_current_2007.csv,394,22/12/2007,-224.71,,personal_groceries,N,,,household spending
bank/aib_current_2007.csv,395,24/12/2007,-936.78,,vet_medicine,Y,D00662,,
bank/aib_current_2007.csv,396,24/12/2007,-72.80,,personal_misc,N,,,
bank/aib_current_2007.csv,397,24/12/2007,-1271.63,,foot_care,Y,D00738;D00739,,
bank/aib_current_2007.csv,398,25/12/2007,-200.00,,drawings,N,,,
bank/aib_current_2007.csv,399,27/12/2007,10086.72,,milk_receipt,Y,D00047;D00048,,net of co-op deductions
bank/aib_current_2007.csv,400,28/12/2007,-298.94,,wages_net,Y,,,
bank/aib_current_2007.csv,401,28/12/2007,-1037.73,,wages_net,Y,,,
bank/aib_current_2007.csv,402,31/12/2007,-14.70,,bank_charges,Y,,,
bank/aib_current_2007.csv,403,31/12/2007,-91000.00,,own_transfer,T,,,
bank/aib_current_2008.csv,2,01/01/2008,-184.97,,personal_groceries,N,,,household spending
bank/aib_current_2008.csv,3,02/01/2008,-566.52,,repairs,Y,D00701,,
bank/aib_current_2008.csv,4,02/01/2008,-1940.00,,drawings,N,,,
bank/aib_current_2008.csv,5,02/01/2008,-165.10,,personal_groceries,N,,,household spending
bank/aib_current_2008.csv,6,06/01/2008,-88.44,,family_fuel,N,,,
bank/aib_current_2008.csv,7,07/01/2008,-540.00,,pension_personal,N,,,personal pension; relief claimed on the personal return
bank/aib_current_2008.csv,8,08/01/2008,-1343.61,,loan_repayment,Y,,,"interest 589.20, capital 754.41"
bank/aib_current_2008.csv,9,10/01/2008,-120.70,,personal_groceries,N,,,household spending
bank/aib_current_2008.csv,10,11/01/2008,-261.41,,personal_groceries,N,,,household spending
bank/aib_current_2008.csv,11,12/01/2008,-200.00,,drawings,N,,,
bank/aib_current_2008.csv,12,14/01/2008,-1439.57,,paye_prsi_usc,Y,,,
bank/aib_current_2008.csv,13,14/01/2008,-410.40,,health_insurance,N,,,
bank/aib_current_2008.csv,14,17/01/2008,-1437.72,,fuel,Y,D00684,,
bank/aib_current_2008.csv,15,18/01/2008,-166.24,,telephone,M,D00902,,
bank/aib_current_2008.csv,16,18/01/2008,-796.54,,dairy_hygiene,Y,D00730,,
bank/aib_current_2008.csv,17,21/01/2008,-1159.18,,electricity,M,D00901,,
bank/aib_current_2008.csv,18,21/01/2008,-250.00,,drawings,N,,,
bank/aib_current_2008.csv,19,21/01/2008,-200.00,,savings,N,,,
bank/aib_current_2008.csv,20,22/01/2008,-75.60,,personal_misc,N,,,
bank/aib_current_2008.csv,21,22/01/2008,-3845.76,,feed,Y,D00629,,
bank/aib_current_2008.csv,22,24/01/2008,-150.00,,drawings,N,,,
bank/aib_current_2008.csv,23,25/01/2008,1897.71,,milk_receipt,Y,D00049;D00050,,net of co-op deductions
bank/aib_current_2008.csv,24,25/01/2008,-696.25,,vet_medicine,Y,D00807,,
bank/aib_current_2008.csv,25,25/01/2008,-200.00,,drawings,N,,,
bank/aib_current_2008.csv,26,28/01/2008,-309.36,,wages_net,Y,,,
bank/aib_current_2008.csv,27,28/01/2008,-1068.57,,wages_net,Y,,,
bank/aib_current_2008.csv,28,28/01/2008,-250.00,,drawings,N,,,
bank/aib_current_2008.csv,29,28/01/2008,-209.20,,personal_groceries,N,,,household spending
bank/aib_current_2008.csv,30,31/01/2008,-779.66,,dairy_hygiene,Y,D00889,,
bank/aib_current_2008.csv,31,31/01/2008,-15.40,,bank_charges,Y,,,
bank/aib_current_2008.csv,32,01/02/2008,-1940.00,,drawings,N,,,
bank/aib_current_2008.csv,33,04/02/2008,-556.45,,repairs,Y,D00851,,
bank/aib_current_2008.csv,34,05/02/2008,-218.81,,personal_groceries,N,,,household spending
bank/aib_current_2008.csv,35,05/02/2008,-297.47,,personal_groceries,N,,,household spending
bank/aib_current_2008.csv,36,05/02/2008,-540.00,,pension_personal,N,,,personal pension; relief claimed on the personal return
bank/aib_current_2008.csv,37,06/02/2008,-150.00,,drawings,N,,,
bank/aib_current_2008.csv,38,06/02/2008,-250.00,,drawings,N,,,
bank/aib_current_2008.csv,39,08/02/2008,-1343.61,,loan_repayment,Y,,,"interest 585.30, capital 758.31"
bank/aib_current_2008.csv,40,08/02/2008,-300.00,,drawings,N,,,
bank/aib_current_2008.csv,41,08/02/2008,-200.00,,drawings,N,,,
bank/aib_current_2008.csv,42,08/02/2008,-72.82,,family_fuel,N,,,
bank/aib_current_2008.csv,43,12/02/2008,-410.40,,health_insurance,N,,,
bank/aib_current_2008.csv,44,14/02/2008,-1485.30,,paye_prsi_usc,Y,,,
bank/aib_current_2008.csv,45,14/02/2008,-237.24,,personal_groceries,N,,,household spending
bank/aib_current_2008.csv,46,16/02/2008,-150.00,,drawings,N,,,
bank/aib_current_2008.csv,47,17/02/2008,-273.23,,personal_groceries,N,,,household spending
bank/aib_current_2008.csv,48,17/02/2008,-142.06,,personal_groceries,N,,,household spending
bank/aib_current_2008.csv,49,18/02/2008,-905.21,,vet_medicine,Y,D00820,,
bank/aib_current_2008.csv,50,18/02/2008,-389.32,,dairy_hygiene,Y,D00886,,
bank/aib_current_2008.csv,51,18/02/2008,-1159.52,,electricity,M,D00903,,
bank/aib_current_2008.csv,52,18/02/2008,-2172.02,,vet_medicine,Y,D00790;D00806;D00812;D00815,,
bank/aib_current_2008.csv,53,19/02/2008,-177.02,,telephone,M,D00904,,
bank/aib_current_2008.csv,54,20/02/2008,-1109.46,,foot_care,Y,D00896,,
bank/aib_current_2008.csv,55,20/02/2008,-200.00,,savings,N,,,
bank/aib_current_2008.csv,56,20/02/2008,-3576.67,,fuel,Y,D00837;D00845,,
bank/aib_current_2008.csv,57,20/02/2008,-957.82,,foot_care,Y,D00899,,
bank/aib_current_2008.csv,58,22/02/2008,-75.60,,personal_misc,N,,,
bank/aib_current_2008.csv,59,25/02/2008,6546.07,,milk_receipt,Y,D00051;D00052,,net of co-op deductions
bank/aib_current_2008.csv,60,25/02/2008,-2269.35,,feed,Y,D00770,,
bank/aib_current_2008.csv,61,25/02/2008,-1175.75,,dairy_hygiene,Y,D00880;D00882,,
bank/aib_current_2008.csv,62,25/02/2008,-425.67,,repairs,Y,D00865,,
bank/aib_current_2008.csv,63,28/02/2008,-7839.84,,insurance,Y,D00925,,
bank/aib_current_2008.csv,64,28/02/2008,-303.43,,wages_net,Y,,,
bank/aib_current_2008.csv,65,28/02/2008,-1068.57,,wages_net,Y,,,
bank/aib_current_2008.csv,66,29/02/2008,-15.40,,bank_charges,Y,,,
bank/aib_current_2008.csv,67,29/02/2008,-74.92,,bank_interest,Y,,,
bank/aib_current_2008.csv,68,03/03/2008,-1940.00,,drawings,N,,,
bank/aib_current_2008.csv,69,03/03/2008,-257.78,,personal_groceries,N,,,household spending
bank/aib_current_2008.csv,70,05/03/2008,-540.00,,pension_personal,N,,,personal pension; relief claimed on the personal return
bank/aib_current_2008.csv,71,08/03/2008,-250.00,,drawings,N,,,
bank/aib_current_2008.csv,72,10/03/2008,-1343.61,,loan_repayment,Y,,,"interest 581.38, capital 762.23"
bank/aib_current_2008.csv,73,12/03/2008,-57.07,,personal_misc,N,,,
bank/aib_current_2008.csv,74,12/03/2008,-410.40,,health_insurance,N,,,
bank/aib_current_2008.csv,75,14/03/2008,-1478.74,,paye_prsi_usc,Y,,,
bank/aib_current_2008.csv,76,16/03/2008,-168.37,,personal_groceries,N,,,household spending
bank/aib_current_2008.csv,77,18/03/2008,-872.05,,vet_medicine,Y,D00814,,
bank/aib_current_2008.csv,78,18/03/2008,-178.79,,telephone,M,D00906,,
bank/aib_current_2008.csv,79,19/03/2008,-990.21,,electricity,M,D00905,,
bank/aib_current_2008.csv,80,19/03/2008,-150.00,,drawings,N,,,
bank/aib_current_2008.csv,81,20/03/2008,1656.03,,livestock_sale,Y,D04452;D04453,,net of commission
bank/aib_current_2008.csv,82,20/03/2008,-200.00,,savings,N,,,
bank/aib_current_2008.csv,83,20/03/2008,1700.19,,feed,Y,D05142,CREDIT_NOTE,
bank/aib_current_2008.csv,84,21/03/2008,-147.73,,personal_groceries,N,,,household spending
bank/aib_current_2008.csv,85,22/03/2008,-300.00,,drawings,N,,,
bank/aib_current_2008.csv,86,24/03/2008,-75.60,,personal_misc,N,,,
bank/aib_current_2008.csv,87,24/03/2008,-3745.50,,feed,Y,D00774,,
bank/aib_current_2008.csv,88,24/03/2008,-1242.77,,repairs,Y,D00856;D00862;D00870,,
bank/aib_current_2008.csv,89,24/03/2008,-1293.93,,vet_medicine,Y,D00816;D00818,,
bank/aib_current_2008.csv,90,25/03/2008,10371.59,,milk_receipt,Y,D00053;D00054;D00055,,net of co-op deductions
bank/aib_current_2008.csv,91,25/03/2008,-300.00,,drawings,N,,,
bank/aib_current_2008.csv,92,25/03/2008,-145.68,,personal_groceries,N,,,household spending
bank/aib_current_2008.csv,93,26/03/2008,-294.74,,personal_groceries,N,,,household spending
bank/aib_current_2008.csv,94,27/03/2008,1697.01,,livestock_sale,Y,D04454;D04455,,net of commission
bank/aib_current_2008.csv,95,27/03/2008,-164.12,,personal_groceries,N,,,household spending
bank/aib_current_2008.csv,96,28/03/2008,-1303.82,,wages_net,Y,,,
bank/aib_current_2008.csv,97,28/03/2008,-308.39,,wages_net,Y,,,
bank/aib_current_2008.csv,98,28/03/2008,-150.00,,drawings,N,,,
bank/aib_current_2008.csv,99,31/03/2008,-3606.77,,professional_fees,Y,D00926,,
bank/aib_current_2008.csv,100,31/03/2008,-15.40,,bank_charges,Y,,,
bank/aib_current_2008.csv,101,31/03/2008,-139.53,,bank_interest,Y,,,
bank/aib_current_2008.csv,102,01/04/2008,-1940.00,,drawings,N,,,
bank/aib_current_2008.csv,103,02/04/2008,-715.61,,vet_medicine,Y,D00792,,
bank/aib_current_2008.csv,104,03/04/2008,-150.00,,drawings,N,,,
bank/aib_current_2008.csv,105,05/04/2008,-119.25,,personal_groceries,N,,,household spending
bank/aib_current_2008.csv,106,07/04/2008,-540.00,,pension_personal,N,,,personal pension; relief claimed on the personal return
bank/aib_current_2008.csv,107,08/04/2008,-1343.61,,loan_repayment,Y,,,"interest 577.44, capital 766.17"
bank/aib_current_2008.csv,108,08/04/2008,-183.57,,personal_groceries,N,,,household spending
bank/aib_current_2008.csv,109,09/04/2008,1451.17,,livestock_sale,Y,D04456;D04457,,net of commission
bank/aib_current_2008.csv,110,11/04/2008,-634.21,,repairs,Y,D00855,,
bank/aib_current_2008.csv,111,14/04/2008,-1745.27,,paye_prsi_usc,Y,,,
bank/aib_current_2008.csv,112,14/04/2008,-269.02,,personal_groceries,N,,,household spending
bank/aib_current_2008.csv,113,14/04/2008,-410.40,,health_insurance,N,,,
bank/aib_current_2008.csv,114,15/04/2008,-200.00,,drawings,N,,,
bank/aib_current_2008.csv,115,15/04/2008,-969.32,,repairs,Y,D00858;D00863,,
bank/aib_current_2008.csv,116,17/04/2008,-1088.75,,electricity,M,D00907,,
bank/aib_current_2008.csv,117,17/04/2008,-356.33,,dairy_hygiene,Y,D00884,,
bank/aib_current_2008.csv,118,18/04/2008,-167.43,,telephone,M,D00908,,
bank/aib_current_2008.csv,119,21/04/2008,-200.00,,savings,N,,,
bank/aib_current_2008.csv,120,21/04/2008,-10393.55,,feed,Y,D00771;D00776;D00780,,
bank/aib_current_2008.csv,121,21/04/2008,-2764.31,,vet_medicine,Y,D00795;D00809;D00810;D00813,,
bank/aib_current_2008.csv,122,22/04/2008,-77440.00,,capital_equipment,Y,D05092,,
bank/aib_current_2008.csv,123,22/04/2008,-75.60,,personal_misc,N,,,
bank/aib_current_2008.csv,124,22/04/2008,-449.52,,breeding_ai,Y,D00827,,
bank/aib_current_2008.csv,125,23/04/2008,1378.25,,livestock_sale,Y,D04458;D04459,,net of commission
bank/aib_current_2008.csv,126,24/04/2008,-179.89,,personal_groceries,N,,,household spending
bank/aib_current_2008.csv,127,24/04/2008,-98.35,,family_fuel,N,,,
bank/aib_current_2008.csv,128,25/04/2008,44475.00,,milk_receipt,Y,D00056;D00057,,net of co-op deductions
bank/aib_current_2008.csv,129,25/04/2008,-250.00,,drawings,N,,,
bank/aib_current_2008.csv,130,27/04/2008,-150.00,,drawings,N,,,
bank/aib_current_2008.csv,131,28/04/2008,-1303.82,,wages_net,Y,,,
bank/aib_current_2008.csv,132,28/04/2008,-296.71,,wages_net,Y,,,
bank/aib_current_2008.csv,133,29/04/2008,1375.76,,livestock_sale,Y,D04460;D04461,,net of commission
bank/aib_current_2008.csv,134,30/04/2008,-591.07,,dairy_hygiene,Y,D00892,,
bank/aib_current_2008.csv,135,30/04/2008,-15.40,,bank_charges,Y,,,
bank/aib_current_2008.csv,136,30/04/2008,-694.17,,bank_interest,Y,,,
bank/aib_current_2008.csv,137,30/04/2008,86000.00,,own_transfer,T,,,
bank/aib_current_2008.csv,138,01/05/2008,-1940.00,,drawings,N,,,
bank/aib_current_2008.csv,139,01/05/2008,-195.90,,personal_groceries,N,,,household spending
bank/aib_current_2008.csv,140,04/05/2008,-150.00,,drawings,N,,,
bank/aib_current_2008.csv,141,05/05/2008,-540.00,,pension_personal,N,,,personal pension; relief claimed on the personal return
bank/aib_current_2008.csv,142,08/05/2008,-474.65,,dairy_hygiene,Y,D00891,,
bank/aib_current_2008.csv,143,08/05/2008,-1343.61,,loan_repayment,Y,,,"interest 573.49, capital 770.13"
bank/aib_current_2008.csv,144,08/05/2008,-1296.00,,family_car_running,N,,,
bank/aib_current_2008.csv,145,09/05/2008,-106.65,,personal_misc,N,,,
bank/aib_current_2008.csv,146,10/05/2008,-241.02,,personal_groceries,N,,,household spending
bank/aib_current_2008.csv,147,11/05/2008,-106.03,,personal_groceries,N,,,household spending
bank/aib_current_2008.csv,148,12/05/2008,1631.18,,livestock_sale,Y,D04462;D04463,,net of commission
bank/aib_current_2008.csv,149,12/05/2008,-410.40,,health_insurance,N,,,
bank/aib_current_2008.csv,150,14/05/2008,-1732.31,,paye_prsi_usc,Y,,,
bank/aib_current_2008.csv,151,15/05/2008,1366.37,,livestock_sale,Y,D04464;D04465,,net of commission
bank/aib_current_2008.csv,152,16/05/2008,-1013.75,,fuel,Y,D00839,,
bank/aib_current_2008.csv,153,17/05/2008,-250.00,,drawings,N,,,
bank/aib_current_2008.csv,154,18/05/2008,-150.00,,drawings,N,,,
bank/aib_current_2008.csv,155,19/05/2008,-164.85,,telephone,M,D00910,,
bank/aib_current_2008.csv,156,19/05/2008,-274.60,,repairs,Y,D00875,,
bank/aib_current_2008.csv,157,20/05/2008,-200.00,,savings,N,,,
bank/aib_current_2008.csv,158,20/05/2008,-911.95,,breeding_ai,Y,D00826,,
bank/aib_current_2008.csv,159,21/05/2008,-1260.38,,vet_medicine,Y,D00796;D00808,,
bank/aib_current_2008.csv,160,22/05/2008,-1133.90,,electricity,M,D00909,,
bank/aib_current_2008.csv,161,22/05/2008,-75.60,,personal_misc,N,,,
bank/aib_current_2008.csv,162,22/05/2008,-11417.82,,fertiliser,Y,D00783;D00789,,
bank/aib_current_2008.csv,163,23/05/2008,-116.16,,personal_groceries,N,,,household spending
bank/aib_current_2008.csv,164,26/05/2008,60117.62,,milk_receipt,Y,D00058;D00059,,net of co-op deductions
bank/aib_current_2008.csv,165,28/05/2008,-576.73,,breeding_ai,Y,D00828,,
bank/aib_current_2008.csv,166,28/05/2008,-1303.82,,wages_net,Y,,,
bank/aib_current_2008.csv,167,28/05/2008,-294.47,,wages_net,Y,,,
bank/aib_current_2008.csv,168,29/05/2008,1576.68,,livestock_sale,Y,D04466;D04467,,net of commission
bank/aib_current_2008.csv,169,31/05/2008,-15.40,,bank_charges,Y,,,
bank/aib_current_2008.csv,170,01/06/2008,-227.27,,personal_groceries,N,,,household spending
bank/aib_current_2008.csv,171,02/06/2008,-669.60,,utilities,M,D00928,,
bank/aib_current_2008.csv,172,02/06/2008,-1940.00,,drawings,N,,,
bank/aib_current_2008.csv,173,04/06/2008,-200.00,,drawings,N,,,
bank/aib_current_2008.csv,174,05/06/2008,-250.00,,drawings,N,,,
bank/aib_current_2008.csv,175,05/06/2008,-195.38,,personal_groceries,N,,,household spending
bank/aib_current_2008.csv,176,05/06/2008,-540.00,,pension_personal,N,,,personal pension; relief claimed on the personal return
bank/aib_current_2008.csv,177,09/06/2008,-677.06,,breeding_ai,Y,D00821,,
bank/aib_current_2008.csv,178,09/06/2008,-1343.61,,loan_repayment,Y,,,"interest 569.51, capital 774.10"
bank/aib_current_2008.csv,179,11/06/2008,-251.42,,personal_groceries,N,,,household spending
bank/aib_current_2008.csv,180,12/06/2008,-286.02,,personal_groceries,N,,,household spending
bank/aib_current_2008.csv,181,12/06/2008,-410.40,,health_insurance,N,,,
bank/aib_current_2008.csv,182,16/06/2008,-4434.83,,contractors,Y,D00834,,
bank/aib_current_2008.csv,183,16/06/2008,-531.15,,repairs,Y,D00864,,
bank/aib_current_2008.csv,184,16/06/2008,-1729.83,,paye_prsi_usc,Y,,,
bank/aib_current_2008.csv,185,17/06/2008,-239.87,,personal_groceries,N,,,household spending
bank/aib_current_2008.csv,186,18/06/2008,-273.61,,personal_groceries,N,,,household spending
bank/aib_current_2008.csv,187,19/06/2008,-2212.68,,fuel,Y,D00841,,
bank/aib_current_2008.csv,188,20/06/2008,-1124.85,,electricity,M,D00911,,
bank/aib_current_2008.csv,189,20/06/2008,-153.84,,telephone,M,D00912,,
bank/aib_current_2008.csv,190,20/06/2008,-200.00,,savings,N,,,
bank/aib_current_2008.csv,191,23/06/2008,-75.60,,personal_misc,N,,,
bank/aib_current_2008.csv,192,23/06/2008,-1384.24,,silage_plastic,Y,D00894,,
bank/aib_current_2008.csv,193,24/06/2008,-200.00,,drawings,N,,,
bank/aib_current_2008.csv,194,24/06/2008,-936.58,,repairs,Y,D00860;D00878,,
bank/aib_current_2008.csv,195,25/06/2008,63845.01,,milk_receipt,Y,D00060;D00061,,net of co-op deductions
bank/aib_current_2008.csv,196,30/06/2008,-15.40,,bank_charges,Y,,,
bank/aib_current_2008.csv,197,30/06/2008,-530.00,,bank_charges,Y,,,
bank/aib_current_2008.csv,198,30/06/2008,-1303.82,,wages_net,Y,,,
bank/aib_current_2008.csv,199,30/06/2008,-295.21,,wages_net,Y,,,
bank/aib_current_2008.csv,200,30/06/2008,-57000.00,,own_transfer,T,,,
bank/aib_current_2008.csv,201,01/07/2008,-1940.00,,drawings,N,,,
bank/aib_current_2008.csv,202,05/07/2008,-163.50,,personal_groceries,N,,,household spending
bank/aib_current_2008.csv,203,07/07/2008,-540.00,,pension_personal,N,,,personal pension; relief claimed on the personal return
bank/aib_current_2008.csv,204,08/07/2008,-537.99,,breeding_ai,Y,D00822,,
bank/aib_current_2008.csv,205,08/07/2008,-1343.61,,loan_repayment,Y,,,"interest 565.51, capital 778.10"
bank/aib_current_2008.csv,206,10/07/2008,-300.00,,drawings,N,,,
bank/aib_current_2008.csv,207,11/07/2008,-250.00,,drawings,N,,,
bank/aib_current_2008.csv,208,12/07/2008,-150.00,,drawings,N,,,
bank/aib_current_2008.csv,209,13/07/2008,-197.96,,personal_groceries,N,,,household spending
bank/aib_current_2008.csv,210,14/07/2008,-2276.95,,contractors,Y,D00833,,
bank/aib_current_2008.csv,211,14/07/2008,-1730.64,,paye_prsi_usc,Y,,,
bank/aib_current_2008.csv,212,14/07/2008,-410.40,,health_insurance,N,,,
bank/aib_current_2008.csv,213,14/07/2008,-5396.80,,family_holiday,N,,,family holiday paid by the farm account
bank/aib_current_2008.csv,214,15/07/2008,-1176.12,,professional_fees,Y,D00927,,
bank/aib_current_2008.csv,215,16/07/2008,-78.24,,family_fuel,N,,,
bank/aib_current_2008.csv,216,19/07/2008,-204.70,,personal_groceries,N,,,household spending
bank/aib_current_2008.csv,217,21/07/2008,-2330.51,,fuel,Y,D00838,,
bank/aib_current_2008.csv,218,21/07/2008,-153.89,,telephone,M,D00914,,
bank/aib_current_2008.csv,219,21/07/2008,-291.09,,personal_groceries,N,,,household spending
bank/aib_current_2008.csv,220,21/07/2008,-200.00,,savings,N,,,
bank/aib_current_2008.csv,221,21/07/2008,-2167.35,,fuel,Y,D00843,,
bank/aib_current_2008.csv,222,21/07/2008,-3508.80,,vet_medicine,Y,D00799;D00800;D00803;D00804;D00805,,
bank/aib_current_2008.csv,223,22/07/2008,-75.60,,personal_misc,N,,,
bank/aib_current_2008.csv,224,23/07/2008,-890.73,,electricity,M,D00913,,
bank/aib_current_2008.csv,225,23/07/2008,-262.27,,personal_groceries,N,,,household spending
bank/aib_current_2008.csv,226,25/07/2008,60256.43,,milk_receipt,Y,D00062;D00063,,net of co-op deductions
bank/aib_current_2008.csv,227,25/07/2008,-141.50,,personal_groceries,N,,,household spending
bank/aib_current_2008.csv,228,28/07/2008,-688.32,,silage_plastic,Y,D00895,,
bank/aib_current_2008.csv,229,28/07/2008,-1303.82,,wages_net,Y,,,
bank/aib_current_2008.csv,230,28/07/2008,-305.99,,wages_net,Y,,,
bank/aib_current_2008.csv,231,29/07/2008,-943.13,,foot_care,Y,D00898,,
bank/aib_current_2008.csv,232,29/07/2008,7153.23,,livestock_sale,Y,D04474;D04475,,
bank/aib_current_2008.csv,233,31/07/2008,-15.40,,bank_charges,Y,,,
bank/aib_current_2008.csv,234,31/07/2008,-38000.00,,own_transfer,T,,,
bank/aib_current_2008.csv,235,01/08/2008,-1940.00,,drawings,N,,,
bank/aib_current_2008.csv,236,03/08/2008,-152.28,,personal_groceries,N,,,household spending
bank/aib_current_2008.csv,237,04/08/2008,-84.97,,family_fuel,N,,,
bank/aib_current_2008.csv,238,05/08/2008,-540.00,,pension_personal,N,,,personal pension; relief claimed on the personal return
bank/aib_current_2008.csv,239,08/08/2008,-1343.61,,loan_repayment,Y,,,"interest 561.49, capital 782.12"
bank/aib_current_2008.csv,240,10/08/2008,-250.00,,drawings,N,,,
bank/aib_current_2008.csv,241,11/08/2008,-754.24,,silage_plastic,Y,D00893,,
bank/aib_current_2008.csv,242,11/08/2008,-200.00,,drawings,N,,,
bank/aib_current_2008.csv,243,11/08/2008,-225.98,,personal_groceries,N,,,household spending
bank/aib_current_2008.csv,244,12/08/2008,-410.40,,health_insurance,N,,,
bank/aib_current_2008.csv,245,14/08/2008,-1742.61,,paye_prsi_usc,Y,,,
bank/aib_current_2008.csv,246,15/08/2008,-1190.55,,repairs,Y,D00852;D00873,,
bank/aib_current_2008.csv,247,18/08/2008,-902.32,,vet_medicine,Y,D00801,,
bank/aib_current_2008.csv,248,18/08/2008,-527.96,,repairs,Y,D00876,,
bank/aib_current_2008.csv,249,18/08/2008,-178.98,,personal_groceries,N,,,household spending
bank/aib_current_2008.csv,250,18/08/2008,-19090.68,,fertiliser,Y,D00784;D00787,,
bank/aib_current_2008.csv,251,18/08/2008,-934.64,,vet_medicine,Y,D00797,,
bank/aib_current_2008.csv,252,19/08/2008,-1067.92,,electricity,M,D00915,,
bank/aib_current_2008.csv,253,19/08/2008,-2441.34,,fuel,Y,D00840,,
bank/aib_current_2008.csv,254,20/08/2008,-154.25,,telephone,M,D00916,,
bank/aib_current_2008.csv,255,20/08/2008,-200.00,,savings,N,,,
bank/aib_current_2008.csv,256,20/08/2008,-2017.75,,contractors,Y,D00836,,
bank/aib_current_2008.csv,257,22/08/2008,-95.34,,personal_groceries,N,,,household spending
bank/aib_current_2008.csv,258,22/08/2008,-222.91,,personal_groceries,N,,,household spending
bank/aib_current_2008.csv,259,22/08/2008,-75.60,,personal_misc,N,,,
bank/aib_current_2008.csv,260,25/08/2008,51965.91,,milk_receipt,Y,D00064;D00065,,net of co-op deductions
bank/aib_current_2008.csv,261,25/08/2008,-565.22,,breeding_ai,Y,D00824,,
bank/aib_current_2008.csv,262,25/08/2008,-300.00,,drawings,N,,,
bank/aib_current_2008.csv,263,25/08/2008,-113.14,,personal_groceries,N,,,household spending
bank/aib_current_2008.csv,264,26/08/2008,-420.73,,dairy_hygiene,Y,D00881,,
bank/aib_current_2008.csv,265,27/08/2008,-182.95,,fallen_animals,Y,D04450,,
bank/aib_current_2008.csv,266,28/08/2008,-1303.82,,wages_net,Y,,,
bank/aib_current_2008.csv,267,28/08/2008,-297.70,,wages_net,Y,,,
bank/aib_current_2008.csv,268,31/08/2008,-15.40,,bank_charges,Y,,,
bank/aib_current_2008.csv,269,01/09/2008,-1940.00,,drawings,N,,,
bank/aib_current_2008.csv,270,02/09/2008,-150.00,,drawings,N,,,
bank/aib_current_2008.csv,271,05/09/2008,-540.00,,pension_personal,N,,,personal pension; relief claimed on the personal return
bank/aib_current_2008.csv,272,05/09/2008,-1188.00,,personal_education,N,,,
bank/aib_current_2008.csv,273,07/09/2008,-260.86,,personal_groceries,N,,,household spending
bank/aib_current_2008.csv,274,08/09/2008,-1343.61,,loan_repayment,Y,,,"interest 557.45, capital 786.16"
bank/aib_current_2008.csv,275,09/09/2008,-300.00,,drawings,N,,,
bank/aib_current_2008.csv,276,09/09/2008,-76.70,,personal_misc,N,,,
bank/aib_current_2008.csv,277,11/09/2008,-285.33,,personal_groceries,N,,,household spending
bank/aib_current_2008.csv,278,12/09/2008,-410.40,,health_insurance,N,,,
bank/aib_current_2008.csv,279,13/09/2008,-101.80,,personal_groceries,N,,,household spending
bank/aib_current_2008.csv,280,15/09/2008,-2134.95,,contractors,Y,D00835,,
bank/aib_current_2008.csv,281,15/09/2008,-1733.39,,paye_prsi_usc,Y,,,
bank/aib_current_2008.csv,282,16/09/2008,-129.88,,personal_groceries,N,,,household spending
bank/aib_current_2008.csv,283,16/09/2008,-2610.49,,contractors,Y,D00829,,
bank/aib_current_2008.csv,284,18/09/2008,-169.68,,telephone,M,D00918,,
bank/aib_current_2008.csv,285,19/09/2008,-1021.73,,electricity,M,D00917,,
bank/aib_current_2008.csv,286,22/09/2008,-430.98,,repairs,Y,D00857,,
bank/aib_current_2008.csv,287,22/09/2008,-78.80,,family_fuel,N,,,
bank/aib_current_2008.csv,288,22/09/2008,-200.00,,savings,N,,,
bank/aib_current_2008.csv,289,22/09/2008,-75.60,,personal_misc,N,,,
bank/aib_current_2008.csv,290,23/09/2008,-459.74,,repairs,Y,D00853,,
bank/aib_current_2008.csv,291,23/09/2008,-3878.51,,contractors,Y,D00830,,
bank/aib_current_2008.csv,292,23/09/2008,-308.33,,repairs,Y,D00847,,
bank/aib_current_2008.csv,293,23/09/2008,-1253.18,,vet_medicine,Y,D00793;D00811,,
bank/aib_current_2008.csv,294,24/09/2008,-250.00,,drawings,N,,,
bank/aib_current_2008.csv,295,25/09/2008,41728.57,,milk_receipt,Y,D00066;D00067,,net of co-op deductions
bank/aib_current_2008.csv,296,27/09/2008,-150.00,,drawings,N,,,
bank/aib_current_2008.csv,297,28/09/2008,-300.00,,drawings,N,,,
bank/aib_current_2008.csv,298,28/09/2008,-195.21,,personal_groceries,N,,,household spending
bank/aib_current_2008.csv,299,29/09/2008,-320.73,,dairy_hygiene,Y,D00890,,
bank/aib_current_2008.csv,300,29/09/2008,-1303.82,,wages_net,Y,,,
bank/aib_current_2008.csv,301,29/09/2008,-298.41,,wages_net,Y,,,
bank/aib_current_2008.csv,302,30/09/2008,-399.47,,repairs,Y,D00861,,
bank/aib_current_2008.csv,303,30/09/2008,-15.40,,bank_charges,Y,,,
bank/aib_current_2008.csv,304,01/10/2008,-1940.00,,drawings,N,,,
bank/aib_current_2008.csv,,06/10/2008,-454.77,OMITTED_FROM_STATEMENT,repairs,Y,D00850,,
bank/aib_current_2008.csv,,06/10/2008,-540.00,OMITTED_FROM_STATEMENT,pension_personal,N,,,personal pension; relief claimed on the personal return
bank/aib_current_2008.csv,,07/10/2008,-250.00,OMITTED_FROM_STATEMENT,drawings,N,,,
bank/aib_current_2008.csv,,07/10/2008,-200.00,OMITTED_FROM_STATEMENT,drawings,N,,,
bank/aib_current_2008.csv,,08/10/2008,-1343.61,OMITTED_FROM_STATEMENT,loan_repayment,Y,,,"interest 553.38, capital 790.23"
bank/aib_current_2008.csv,,08/10/2008,-218.63,OMITTED_FROM_STATEMENT,personal_groceries,N,,,household spending
bank/aib_current_2008.csv,,11/10/2008,-200.00,OMITTED_FROM_STATEMENT,drawings,N,,,
bank/aib_current_2008.csv,,12/10/2008,-195.38,OMITTED_FROM_STATEMENT,personal_groceries,N,,,household spending
bank/aib_current_2008.csv,,13/10/2008,-191.96,OMITTED_FROM_STATEMENT,personal_groceries,N,,,household spending
bank/aib_current_2008.csv,,13/10/2008,-76.97,OMITTED_FROM_STATEMENT,family_fuel,N,,,
bank/aib_current_2008.csv,,13/10/2008,-25.38,OMITTED_FROM_STATEMENT,personal_misc,N,,,
bank/aib_current_2008.csv,,13/10/2008,-410.40,OMITTED_FROM_STATEMENT,health_insurance,N,,,
bank/aib_current_2008.csv,,14/10/2008,-1734.17,OMITTED_FROM_STATEMENT,paye_prsi_usc,Y,,,
bank/aib_current_2008.csv,,14/10/2008,-233.41,OMITTED_FROM_STATEMENT,personal_groceries,N,,,household spending
bank/aib_current_2008.csv,,16/10/2008,-388.57,OMITTED_FROM_STATEMENT,repairs,Y,D00867,,
bank/aib_current_2008.csv,,16/10/2008,-157.24,OMITTED_FROM_STATEMENT,personal_groceries,N,,,household spending
bank/aib_current_2008.csv,,18/10/2008,-200.00,OMITTED_FROM_STATEMENT,drawings,N,,,
bank/aib_current_2008.csv,305,20/10/2008,-1762.84,,fuel,Y,D00846,,
bank/aib_current_2008.csv,306,20/10/2008,-163.16,,telephone,M,D00920,,
bank/aib_current_2008.csv,307,20/10/2008,-200.00,,savings,N,,,
bank/aib_current_2008.csv,308,20/10/2008,-2662.33,,feed,Y,D00779,,
bank/aib_current_2008.csv,309,21/10/2008,-572.06,,repairs,Y,D00872,,
bank/aib_current_2008.csv,310,21/10/2008,-2182.16,,vet_medicine,Y,D00791;D00798;D00802;D00817,,
bank/aib_current_2008.csv,311,22/10/2008,-75.60,,personal_misc,N,,,
bank/aib_current_2008.csv,312,23/10/2008,-892.13,,electricity,M,D00919,,
bank/aib_current_2008.csv,313,24/10/2008,-685.03,,repairs,Y,D00874,,
bank/aib_current_2008.csv,314,24/10/2008,-205.57,,personal_groceries,N,,,household spending
bank/aib_current_2008.csv,315,24/10/2008,-350.30,,repairs,Y,D00849,,
bank/aib_current_2008.csv,316,27/10/2008,34206.31,,milk_receipt,Y,D00068;D00069,,net of co-op deductions
bank/aib_current_2008.csv,317,27/10/2008,-629.74,,dairy_hygiene,Y,D00883,,
bank/aib_current_2008.csv,318,28/10/2008,-1303.82,,wages_net,Y,,,
bank/aib_current_2008.csv,319,28/10/2008,-310.13,,wages_net,Y,,,
bank/aib_current_2008.csv,320,31/10/2008,-15.40,,bank_charges,Y,,,
bank/aib_current_2008.csv,321,31/10/2008,-17800.00,,personal_tax,N,,,"farmer income tax: personal liability, not a farm expense"
bank/aib_current_2008.csv,322,01/11/2008,-300.00,,drawings,N,,,
bank/aib_current_2008.csv,323,03/11/2008,-1940.00,,drawings,N,,,
bank/aib_current_2008.csv,324,03/11/2008,-129.58,,personal_groceries,N,,,household spending
bank/aib_current_2008.csv,325,05/11/2008,-593.32,,repairs,Y,D00869,,
bank/aib_current_2008.csv,326,05/11/2008,-143.75,,fallen_animals,Y,D04451,,
bank/aib_current_2008.csv,327,05/11/2008,-75.68,,family_fuel,N,,,
bank/aib_current_2008.csv,328,05/11/2008,-540.00,,pension_personal,N,,,personal pension; relief claimed on the personal return
bank/aib_current_2008.csv,329,08/11/2008,-250.00,,drawings,N,,,
bank/aib_current_2008.csv,330,10/11/2008,-1343.61,,loan_repayment,Y,,,"interest 549.30, capital 794.31"
bank/aib_current_2008.csv,331,12/11/2008,-410.40,,health_insurance,N,,,
bank/aib_current_2008.csv,332,13/11/2008,-190.17,,personal_groceries,N,,,household spending
bank/aib_current_2008.csv,333,14/11/2008,-1747.19,,paye_prsi_usc,Y,,,
bank/aib_current_2008.csv,334,16/11/2008,-250.00,,drawings,N,,,
bank/aib_current_2008.csv,335,17/11/2008,-464.48,,repairs,Y,D00848,,
bank/aib_current_2008.csv,336,17/11/2008,-250.00,,drawings,N,,,
bank/aib_current_2008.csv,337,17/11/2008,-497.23,,repairs,Y,D00871,,
bank/aib_current_2008.csv,338,18/11/2008,-705.56,,foot_care,Y,D00900,,
bank/aib_current_2008.csv,339,19/11/2008,-879.26,,electricity,M,D00921,,
bank/aib_current_2008.csv,340,19/11/2008,-162.22,,telephone,M,D00922,,
bank/aib_current_2008.csv,341,19/11/2008,6924.54,,livestock_sale,Y,D04472;D04473,,
bank/aib_current_2008.csv,342,19/11/2008,-201.20,,personal_groceries,N,,,household spending
bank/aib_current_2008.csv,343,19/11/2008,-1346.94,,fuel,Y,D00842,,
bank/aib_current_2008.csv,344,20/11/2008,-200.00,,savings,N,,,
bank/aib_current_2008.csv,345,20/11/2008,-3209.67,,contractors,Y,D00831,,
bank/aib_current_2008.csv,346,23/11/2008,-114.64,,personal_misc,N,,,
bank/aib_current_2008.csv,347,24/11/2008,-428.22,,dairy_hygiene,Y,D00885,,
bank/aib_current_2008.csv,348,24/11/2008,6541.61,,livestock_sale,Y,D04470;D04471,,
bank/aib_current_2008.csv,349,24/11/2008,-75.60,,personal_misc,N,,,
bank/aib_current_2008.csv,350,24/11/2008,-797.40,,dairy_hygiene,Y,D00888,,
bank/aib_current_2008.csv,351,25/11/2008,20220.84,,milk_receipt,Y,D00070;D00071,,net of co-op deductions
bank/aib_current_2008.csv,352,25/11/2008,-12150.00,,land_rent,Y,D00929,,
bank/aib_current_2008.csv,353,25/11/2008,5898.68,,livestock_sale,Y,D04468;D04469,,
bank/aib_current_2008.csv,354,26/11/2008,-524.10,,repairs,Y,D00868,,
bank/aib_current_2008.csv,355,27/11/2008,-1488.33,,fuel,Y,D00844,,
bank/aib_current_2008.csv,356,28/11/2008,-482.40,,vet_medicine,Y,D00794,,
bank/aib_current_2008.csv,357,28/11/2008,-1303.82,,wages_net,Y,,,
bank/aib_current_2008.csv,358,28/11/2008,-295.96,,wages_net,Y,,,
bank/aib_current_2008.csv,359,28/11/2008,-185.97,,personal_groceries,N,,,household spending
bank/aib_current_2008.csv,360,30/11/2008,-15.40,,bank_charges,Y,,,
bank/aib_current_2008.csv,361,01/12/2008,-1940.00,,drawings,N,,,
bank/aib_current_2008.csv,362,02/12/2008,17599.90,,scheme_income,Y,,,
bank/aib_current_2008.csv,363,04/12/2008,-811.10,,breeding_ai,Y,D00825,,
bank/aib_current_2008.csv,364,05/12/2008,-172.21,,personal_groceries,N,,,household spending
bank/aib_current_2008.csv,365,05/12/2008,-540.00,,pension_personal,N,,,personal pension; relief claimed on the personal return
bank/aib_current_2008.csv,366,07/12/2008,-200.00,,drawings,N,,,
bank/aib_current_2008.csv,367,07/12/2008,-200.00,,drawings,N,,,
bank/aib_current_2008.csv,368,08/12/2008,-1343.61,,loan_repayment,Y,,,"interest 545.20, capital 798.41"
bank/aib_current_2008.csv,369,10/12/2008,-1530.81,,personal_misc,N,,,
bank/aib_current_2008.csv,370,11/12/2008,-364.88,,repairs,Y,D00879,,
bank/aib_current_2008.csv,371,12/12/2008,2916.00,,scheme_income,Y,,,
bank/aib_current_2008.csv,372,12/12/2008,-292.57,,personal_groceries,N,,,household spending
bank/aib_current_2008.csv,373,12/12/2008,-86.14,,family_fuel,N,,,
bank/aib_current_2008.csv,374,12/12/2008,-410.40,,health_insurance,N,,,
bank/aib_current_2008.csv,375,13/12/2008,-300.00,,drawings,N,,,
bank/aib_current_2008.csv,376,14/12/2008,-300.00,,drawings,N,,,
bank/aib_current_2008.csv,377,15/12/2008,-1731.49,,paye_prsi_usc,Y,,,
bank/aib_current_2008.csv,378,15/12/2008,-912.76,,vet_medicine,Y,D00819,,
bank/aib_current_2008.csv,379,18/12/2008,-1129.96,,foot_care,Y,D00897,,
bank/aib_current_2008.csv,380,18/12/2008,-4564.02,,contractors,Y,D00832,,
bank/aib_current_2008.csv,381,19/12/2008,-1090.59,,electricity,M,D00923,,
bank/aib_current_2008.csv,382,19/12/2008,-167.74,,telephone,M,D00924,,
bank/aib_current_2008.csv,383,19/12/2008,5600.00,,scheme_income,Y,,,
bank/aib_current_2008.csv,384,21/12/2008,-199.81,,personal_groceries,N,,,household spending
bank/aib_current_2008.csv,385,22/12/2008,-2711.04,,feed,Y,,MISSING_INVOICE,payment with no supplier invoice on file
bank/aib_current_2008.csv,386,22/12/2008,-293.53,,repairs,Y,D00866,,
bank/aib_current_2008.csv,387,22/12/2008,-200.00,,savings,N,,,
bank/aib_current_2008.csv,388,22/12/2008,-75.60,,personal_misc,N,,,
bank/aib_current_2008.csv,389,22/12/2008,-4348.63,,feed,Y,D00772,,
bank/aib_current_2008.csv,390,22/12/2008,-828.34,,repairs,Y,D00854;D00877,,
bank/aib_current_2008.csv,391,27/12/2008,-169.14,,personal_groceries,N,,,household spending
bank/aib_current_2008.csv,392,29/12/2008,9196.17,,milk_receipt,Y,D00072;D00073,,net of co-op deductions
bank/aib_current_2008.csv,393,29/12/2008,-1014.46,,breeding_ai,Y,D00823,,
bank/aib_current_2008.csv,394,29/12/2008,-1303.82,,wages_net,Y,,,
bank/aib_current_2008.csv,395,29/12/2008,-302.06,,wages_net,Y,,,
bank/aib_current_2008.csv,396,31/12/2008,-15.40,,bank_charges,Y,,,
bank/aib_current_2008.csv,397,31/12/2008,-36000.00,,own_transfer,T,,,
bank/aib_current_2009.csv,2,02/01/2009,-1545.00,,drawings,N,,,
bank/aib_current_2009.csv,3,02/01/2009,-150.00,,drawings,N,,,
bank/aib_current_2009.csv,4,05/01/2009,-520.00,,pension_personal,N,,,personal pension; relief claimed on the personal return
bank/aib_current_2009.csv,5,08/01/2009,-1208.89,,loan_repayment,Y,,,"interest 305.44, capital 903.44"
bank/aib_current_2009.csv,6,09/01/2009,-127.63,,personal_groceries,N,,,household spending
bank/aib_current_2009.csv,7,10/01/2009,-300.00,,drawings,N,,,
bank/aib_current_2009.csv,8,12/01/2009,-300.00,,drawings,N,,,
bank/aib_current_2009.csv,9,12/01/2009,-395.20,,health_insurance,N,,,
bank/aib_current_2009.csv,10,14/01/2009,-1738.22,,paye_prsi_usc,Y,,,
bank/aib_current_2009.csv,11,15/01/2009,-145.49,,personal_groceries,N,,,household spending
bank/aib_current_2009.csv,12,19/01/2009,-452.07,,repairs,Y,D01018,,
bank/aib_current_2009.csv,13,19/01/2009,-1054.68,,electricity,M,D01053,,
bank/aib_current_2009.csv,14,19/01/2009,-163.27,,telephone,M,D01054,,
bank/aib_current_2009.csv,15,20/01/2009,-200.00,,savings,N,,,
bank/aib_current_2009.csv,16,21/01/2009,-223.33,,personal_groceries,N,,,household spending
bank/aib_current_2009.csv,17,22/01/2009,-150.00,,drawings,N,,,
bank/aib_current_2009.csv,18,22/01/2009,-72.80,,personal_misc,N,,,
bank/aib_current_2009.csv,19,23/01/2009,-200.00,,drawings,N,,,
bank/aib_current_2009.csv,20,23/01/2009,-703.56,,dairy_hygiene,Y,D00887,,
bank/aib_current_2009.csv,21,24/01/2009,-217.11,,personal_groceries,N,,,household spending
bank/aib_current_2009.csv,22,25/01/2009,-226.19,,personal_groceries,N,,,household spending
bank/aib_current_2009.csv,23,26/01/2009,1711.63,,milk_receipt,Y,D00074;D00075,,net of co-op deductions
bank/aib_current_2009.csv,24,26/01/2009,-484.92,,repairs,Y,D01013,,
bank/aib_current_2009.csv,25,27/01/2009,-82.99,,family_fuel,N,,,
bank/aib_current_2009.csv,26,28/01/2009,-1349.08,,wages_net,Y,,,
bank/aib_current_2009.csv,27,28/01/2009,-315.61,,wages_net,Y,,,
bank/aib_current_2009.csv,28,30/01/2009,-404.62,,repairs,Y,D00859,,
bank/aib_current_2009.csv,29,31/01/2009,-16.10,,bank_charges,Y,,,
bank/aib_current_2009.csv,30,01/02/2009,-81.17,,personal_groceries,N,,,household spending
bank/aib_current_2009.csv,31,02/02/2009,-1545.00,,drawings,N,,,
bank/aib_current_2009.csv,32,02/02/2009,-200.00,,drawings,N,,,
bank/aib_current_2009.csv,33,02/02/2009,-195.43,,personal_groceries,N,,,household spending
bank/aib_current_2009.csv,34,05/02/2009,-121.60,,personal_groceries,N,,,household spending
bank/aib_current_2009.csv,35,05/02/2009,-520.00,,pension_personal,N,,,personal pension; relief claimed on the personal return
bank/aib_current_2009.csv,36,07/02/2009,-257.68,,personal_groceries,N,,,household spending
bank/aib_current_2009.csv,37,08/02/2009,-300.00,,drawings,N,,,
bank/aib_current_2009.csv,38,08/02/2009,-226.84,,personal_groceries,N,,,household spending
bank/aib_current_2009.csv,39,09/02/2009,-369.55,,dairy_hygiene,Y,D01037,,
bank/aib_current_2009.csv,40,09/02/2009,-1208.89,,loan_repayment,Y,,,"interest 302.81, capital 906.08"
bank/aib_current_2009.csv,41,11/02/2009,-531.45,,foot_care,Y,D01052,,
bank/aib_current_2009.csv,42,12/02/2009,-1070.20,,foot_care,Y,D01050,,
bank/aib_current_2009.csv,43,12/02/2009,-151.02,,personal_groceries,N,,,household spending
bank/aib_current_2009.csv,44,12/02/2009,-395.20,,health_insurance,N,,,
bank/aib_current_2009.csv,45,15/02/2009,-64.85,,family_fuel,N,,,
bank/aib_current_2009.csv,46,16/02/2009,-1803.52,,paye_prsi_usc,Y,,,
bank/aib_current_2009.csv,47,19/02/2009,-1140.30,,repairs,Y,D01025;D01031,,
bank/aib_current_2009.csv,48,19/02/2009,-1267.26,,vet_medicine,Y,D00961;D00963,,
bank/aib_current_2009.csv,49,20/02/2009,-165.54,,telephone,M,D01056,,
bank/aib_current_2009.csv,50,20/02/2009,-300.00,,drawings,N,,,
bank/aib_current_2009.csv,51,20/02/2009,-87.77,,personal_misc,N,,,
bank/aib_current_2009.csv,52,20/02/2009,-200.00,,savings,N,,,
bank/aib_current_2009.csv,53,23/02/2009,-279.45,,repairs,Y,D01001,,
bank/aib_current_2009.csv,54,23/02/2009,-465.25,,repairs,Y,D01016,,
bank/aib_current_2009.csv,55,23/02/2009,-1169.39,,electricity,M,D01055,,
bank/aib_current_2009.csv,56,23/02/2009,-72.80,,personal_misc,N,,,
bank/aib_current_2009.csv,57,23/02/2009,-971.44,,fuel,Y,D00993,,
bank/aib_current_2009.csv,58,25/02/2009,3427.54,,milk_receipt,Y,D00076;D00077,,net of co-op deductions
bank/aib_current_2009.csv,59,25/02/2009,-921.31,,vet_medicine,Y,D00972,,
bank/aib_current_2009.csv,60,25/02/2009,-7714.56,,insurance,Y,D01077,,
bank/aib_current_2009.csv,61,28/02/2009,-16.10,,bank_charges,Y,,,
bank/aib_current_2009.csv,62,28/02/2009,-300.00,,drawings,N,,,
bank/aib_current_2009.csv,63,02/03/2009,-1349.08,,wages_net,Y,,,
bank/aib_current_2009.csv,64,02/03/2009,-318.24,,wages_net,Y,,,
bank/aib_current_2009.csv,65,02/03/2009,-1545.00,,drawings,N,,,
bank/aib_current_2009.csv,66,05/03/2009,-520.00,,pension_personal,N,,,personal pension; relief claimed on the personal return
bank/aib_current_2009.csv,67,07/03/2009,-200.00,,drawings,N,,,
bank/aib_current_2009.csv,68,08/03/2009,-200.00,,drawings,N,,,
bank/aib_current_2009.csv,69,09/03/2009,-1208.89,,loan_repayment,Y,,,"interest 300.17, capital 908.72"
bank/aib_current_2009.csv,70,09/03/2009,-199.08,,personal_groceries,N,,,household spending
bank/aib_current_2009.csv,71,10/03/2009,-287.55,,personal_groceries,N,,,household spending
bank/aib_current_2009.csv,72,12/03/2009,25000.00,,loan_drawdown,Y,,,repaid by deductions from milk cheques
bank/aib_current_2009.csv,73,12/03/2009,-882.14,,vet_medicine,Y,D00969,,
bank/aib_current_2009.csv,74,12/03/2009,-395.20,,health_insurance,N,,,
bank/aib_current_2009.csv,75,13/03/2009,-727.83,,breeding_ai,Y,D00977,,
bank/aib_current_2009.csv,76,16/03/2009,-589.41,,repairs,Y,D01010,,
bank/aib_current_2009.csv,77,16/03/2009,-1806.43,,paye_prsi_usc,Y,,,
bank/aib_current_2009.csv,78,16/03/2009,-8952.87,,feed,Y,D00934;D00935,,
bank/aib_current_2009.csv,79,17/03/2009,-226.24,,personal_groceries,N,,,household spending
bank/aib_current_2009.csv,80,18/03/2009,-172.07,,telephone,M,D01058,,
bank/aib_current_2009.csv,81,18/03/2009,-172.07,EXPORT_DUPLICATE,telephone,M,,DUP_ROW,duplicate of previous row
bank/aib_current_2009.csv,82,18/03/2009,1155.03,,livestock_sale,Y,D04479;D04480,,net of commission
bank/aib_current_2009.csv,83,18/03/2009,-2230.05,,vet_medicine,Y,D00958;D00964;D00967,,
bank/aib_current_2009.csv,84,19/03/2009,-482.28,,vet_medicine,Y,D00970,,
bank/aib_current_2009.csv,85,19/03/2009,-140.21,,personal_groceries,N,,,household spending
bank/aib_current_2009.csv,86,20/03/2009,-200.00,,savings,N,,,
bank/aib_current_2009.csv,87,20/03/2009,-3176.55,,contractors,Y,D00990,,
bank/aib_current_2009.csv,88,22/03/2009,-97.21,,family_fuel,N,,,
bank/aib_current_2009.csv,89,23/03/2009,-909.73,,vet_medicine,Y,D00971,,
bank/aib_current_2009.csv,90,23/03/2009,-954.65,,electricity,M,D01057,,
bank/aib_current_2009.csv,91,23/03/2009,-72.80,,personal_misc,N,,,
bank/aib_current_2009.csv,92,25/03/2009,12827.55,,milk_receipt,Y,D00078;D00079,,net of co-op deductions
bank/aib_current_2009.csv,93,26/03/2009,-235.54,,personal_groceries,N,,,household spending
bank/aib_current_2009.csv,94,27/03/2009,-3487.54,,professional_fees,Y,D01078,,
bank/aib_current_2009.csv,95,27/03/2009,-200.00,,drawings,N,,,
bank/aib_current_2009.csv,96,30/03/2009,-1349.08,,wages_net,Y,,,
bank/aib_current_2009.csv,97,30/03/2009,-309.15,,wages_net,Y,,,
bank/aib_current_2009.csv,98,31/03/2009,-16.10,,bank_charges,Y,,,
bank/aib_current_2009.csv,99,01/04/2009,-1545.00,,drawings,N,,,
bank/aib_current_2009.csv,100,06/04/2009,941.07,,livestock_sale,Y,D04481;D04482,,net of commission
bank/aib_current_2009.csv,101,06/04/2009,-520.00,,pension_personal,N,,,personal pension; relief claimed on the personal return
bank/aib_current_2009.csv,102,07/04/2009,-326.21,,personal_groceries,N,,,household spending
bank/aib_current_2009.csv,103,08/04/2009,-1208.89,,loan_repayment,Y,,,"interest 297.52, capital 911.37"
bank/aib_current_2009.csv,104,09/04/2009,-293.86,,personal_groceries,N,,,household spending
bank/aib_current_2009.csv,105,10/04/2009,-218.51,,personal_groceries,N,,,household spending
bank/aib_current_2009.csv,106,13/04/2009,1065.08,,livestock_sale,Y,D04483;D04484,,net of commission
bank/aib_current_2009.csv,107,13/04/2009,-395.20,,health_insurance,N,,,
bank/aib_current_2009.csv,108,14/04/2009,-1796.35,,paye_prsi_usc,Y,,,
bank/aib_current_2009.csv,109,15/04/2009,-2801.00,,feed,Y,D00932,,
bank/aib_current_2009.csv,110,16/04/2009,-2176.18,,contractors,Y,D00992,,
bank/aib_current_2009.csv,111,16/04/2009,-3489.29,,vet_medicine,Y,D00951;D00959;D00960;D00966,,
bank/aib_current_2009.csv,112,17/04/2009,-2777.38,,contractors,Y,D00989,,
bank/aib_current_2009.csv,113,20/04/2009,-944.37,,electricity,M,D01059,,
bank/aib_current_2009.csv,114,20/04/2009,-154.94,,telephone,M,D01060,,
bank/aib_current_2009.csv,115,20/04/2009,-200.00,,drawings,N,,,
bank/aib_current_2009.csv,116,20/04/2009,-200.00,,drawings,N,,,
bank/aib_current_2009.csv,117,20/04/2009,-200.00,,savings,N,,,
bank/aib_current_2009.csv,118,20/04/2009,-887.82,,breeding_ai,Y,D00982,,
bank/aib_current_2009.csv,119,21/04/2009,-120.61,,personal_groceries,N,,,household spending
bank/aib_current_2009.csv,120,21/04/2009,-86.42,,family_fuel,N,,,
bank/aib_current_2009.csv,121,22/04/2009,-72.80,,personal_misc,N,,,
bank/aib_current_2009.csv,122,23/04/2009,1100.89,,livestock_sale,Y,D04485;D04486,,net of commission
bank/aib_current_2009.csv,123,24/04/2009,-2415.89,,contractors,Y,D00985,,
bank/aib_current_2009.csv,124,25/04/2009,-250.00,,drawings,N,,,
bank/aib_current_2009.csv,125,27/04/2009,24408.21,,milk_receipt,Y,D00080;D00081,,net of co-op deductions
bank/aib_current_2009.csv,126,27/04/2009,-397.46,,dairy_hygiene,Y,D01038,,
bank/aib_current_2009.csv,127,27/04/2009,-186.92,,personal_groceries,N,,,household spending
bank/aib_current_2009.csv,128,28/04/2009,-1349.08,,wages_net,Y,,,
bank/aib_current_2009.csv,129,28/04/2009,-306.90,,wages_net,Y,,,
bank/aib_current_2009.csv,130,28/04/2009,-200.00,,drawings,N,,,
bank/aib_current_2009.csv,131,30/04/2009,-16.10,,bank_charges,Y,,,
bank/aib_current_2009.csv,132,01/05/2009,-1545.00,,drawings,N,,,
bank/aib_current_2009.csv,133,02/05/2009,-250.00,,drawings,N,,,
bank/aib_current_2009.csv,134,05/05/2009,-520.00,,pension_personal,N,,,personal pension; relief claimed on the personal return
bank/aib_current_2009.csv,135,06/05/2009,-489.61,,breeding_ai,Y,D00984,,
bank/aib_current_2009.csv,136,06/05/2009,917.23,,livestock_sale,Y,D04487;D04488,,net of commission
bank/aib_current_2009.csv,137,07/05/2009,-150.00,,drawings,N,,,
bank/aib_current_2009.csv,138,07/05/2009,-175.04,,personal_groceries,N,,,household spending
bank/aib_current_2009.csv,139,08/05/2009,-482.36,,dairy_hygiene,Y,D01041,,
bank/aib_current_2009.csv,140,08/05/2009,-1208.89,,loan_repayment,Y,,,"interest 294.86, capital 914.03"
bank/aib_current_2009.csv,141,08/05/2009,-1248.00,,family_car_running,N,,,
bank/aib_current_2009.csv,142,09/05/2009,-251.53,,personal_groceries,N,,,household spending
bank/aib_current_2009.csv,143,11/05/2009,-791.89,,dairy_hygiene,Y,D01044,,
bank/aib_current_2009.csv,144,11/05/2009,946.64,,livestock_sale,Y,D04489;D04490,,net of commission
bank/aib_current_2009.csv,145,12/05/2009,-395.20,,health_insurance,N,,,
bank/aib_current_2009.csv,146,14/05/2009,-576.55,,repairs,Y,D01006,,
bank/aib_current_2009.csv,147,14/05/2009,-1793.85,,paye_prsi_usc,Y,,,
bank/aib_current_2009.csv,148,17/05/2009,-277.71,,personal_groceries,N,,,household spending
bank/aib_current_2009.csv,149,18/05/2009,-1104.31,,electricity,M,D01061,,
bank/aib_current_2009.csv,150,18/05/2009,-157.91,,telephone,M,D01062,,
bank/aib_current_2009.csv,151,18/05/2009,-1690.89,,breeding_ai,Y,D00978;D00979,,
bank/aib_current_2009.csv,152,18/05/2009,-1374.78,,vet_medicine,Y,D00952;D00976,,
bank/aib_current_2009.csv,153,20/05/2009,-150.00,,drawings,N,,,
bank/aib_current_2009.csv,154,20/05/2009,-200.00,,savings,N,,,
bank/aib_current_2009.csv,155,22/05/2009,-72.80,,personal_misc,N,,,
bank/aib_current_2009.csv,156,23/05/2009,-217.76,,personal_groceries,N,,,household spending
bank/aib_current_2009.csv,157,25/05/2009,31337.20,,milk_receipt,Y,D00082;D00083,NETTED_LOAN_REPAYMENT,net of co-op loan instalment
bank/aib_current_2009.csv,158,25/05/2009,-1898.06,,fuel,Y,D00994,,
bank/aib_current_2009.csv,159,26/05/2009,-250.00,,drawings,N,,,
bank/aib_current_2009.csv,160,27/05/2009,-258.58,,personal_groceries,N,,,household spending
bank/aib_current_2009.csv,161,28/05/2009,-1349.08,,wages_net,Y,,,
bank/aib_current_2009.csv,162,28/05/2009,-313.89,,wages_net,Y,,,
bank/aib_current_2009.csv,163,31/05/2009,-16.10,,bank_charges,Y,,,
bank/aib_current_2009.csv,164,01/06/2009,1052.71,,livestock_sale,Y,D04491;D04492,,net of commission
bank/aib_current_2009.csv,165,01/06/2009,1052.71,EXPORT_DUPLICATE,livestock_sale,Y,,DUP_ROW,duplicate of previous row
bank/aib_current_2009.csv,166,01/06/2009,-1545.00,,drawings,N,,,
bank/aib_current_2009.csv,167,02/06/2009,-1255.93,,silage_plastic,Y,D01047,,
bank/aib_current_2009.csv,168,03/06/2009,-987.92,,breeding_ai,Y,,MISSING_INVOICE,payment with no supplier invoice on file
bank/aib_current_2009.csv,169,03/06/2009,-537.07,,dairy_hygiene,Y,D01043,,
bank/aib_current_2009.csv,170,03/06/2009,-644.80,,utilities,M,D01080,,
bank/aib_current_2009.csv,171,05/06/2009,-520.00,,pension_personal,N,,,personal pension; relief claimed on the personal return
bank/aib_current_2009.csv,172,07/06/2009,-150.00,,drawings,N,,,
bank/aib_current_2009.csv,173,08/06/2009,-543.70,,vet_medicine,Y,D00968,,
bank/aib_current_2009.csv,174,08/06/2009,-374.73,,repairs,Y,D01012,,
bank/aib_current_2009.csv,175,08/06/2009,-1208.89,,loan_repayment,Y,,,"interest 292.19, capital 916.70"
bank/aib_current_2009.csv,176,12/06/2009,-209.29,,personal_groceries,N,,,household spending
bank/aib_current_2009.csv,177,12/06/2009,-395.20,,health_insurance,N,,,
bank/aib_current_2009.csv,178,15/06/2009,-831.76,,dairy_hygiene,Y,D01033,,
bank/aib_current_2009.csv,179,15/06/2009,-1801.58,,paye_prsi_usc,Y,,,
bank/aib_current_2009.csv,180,15/06/2009,-7067.32,,contractors,Y,D00986;D00991,,
bank/aib_current_2009.csv,181,16/06/2009,-691.59,,breeding_ai,Y,D00983,,
bank/aib_current_2009.csv,182,16/06/2009,-150.00,,drawings,N,,,
bank/aib_current_2009.csv,183,17/06/2009,-250.00,,drawings,N,,,
bank/aib_current_2009.csv,184,18/06/2009,-152.42,,telephone,M,D01064,,
bank/aib_current_2009.csv,185,18/06/2009,-139.00,,fallen_animals,Y,D04476,,
bank/aib_current_2009.csv,186,20/06/2009,-233.71,,personal_groceries,N,,,household spending
bank/aib_current_2009.csv,187,21/06/2009,-300.00,,drawings,N,,,
bank/aib_current_2009.csv,188,21/06/2009,-230.64,,personal_groceries,N,,,household spending
bank/aib_current_2009.csv,189,22/06/2009,-200.00,,savings,N,,,
bank/aib_current_2009.csv,190,22/06/2009,-72.80,,personal_misc,N,,,
bank/aib_current_2009.csv,191,23/06/2009,-978.10,,electricity,M,D01063,,
bank/aib_current_2009.csv,192,23/06/2009,-197.92,,personal_groceries,N,,,household spending
bank/aib_current_2009.csv,193,23/06/2009,-2541.74,,repairs,Y,D01004;D01022;D01023;D01028;D01030,,
bank/aib_current_2009.csv,194,23/06/2009,-1254.05,,vet_medicine,Y,D00948;D00965,,
bank/aib_current_2009.csv,195,24/06/2009,-2818.58,,feed,Y,D00931,,
bank/aib_current_2009.csv,196,25/06/2009,37080.34,,milk_receipt,Y,D00084;D00085,NETTED_LOAN_REPAYMENT,net of co-op loan instalment
bank/aib_current_2009.csv,197,26/06/2009,-301.59,,personal_groceries,N,,,household spending
bank/aib_current_2009.csv,198,28/06/2009,-272.27,,personal_groceries,N,,,household spending
bank/aib_current_2009.csv,199,29/06/2009,-1349.08,,wages_net,Y,,,
bank/aib_current_2009.csv,200,29/06/2009,-314.28,,wages_net,Y,,,
bank/aib_current_2009.csv,201,30/06/2009,-585.84,,repairs,Y,D01009,,
bank/aib_current_2009.csv,202,30/06/2009,-16.10,,bank_charges,Y,,,
bank/aib_current_2009.csv,203,30/06/2009,-545.00,,bank_charges,Y,,,
bank/aib_current_2009.csv,204,01/07/2009,-1545.00,,drawings,N,,,
bank/aib_current_2009.csv,205,02/07/2009,-1137.24,,professional_fees,Y,D01079,,
bank/aib_current_2009.csv,206,06/07/2009,-520.00,,pension_personal,N,,,personal pension; relief claimed on the personal return
bank/aib_current_2009.csv,207,07/07/2009,-192.30,,personal_groceries,N,,,household spending
bank/aib_current_2009.csv,208,07/07/2009,-42.17,,personal_misc,N,,,
bank/aib_current_2009.csv,209,08/07/2009,-1208.89,,loan_repayment,Y,,,"interest 289.52, capital 919.37"
bank/aib_current_2009.csv,210,10/07/2009,-300.00,,drawings,N,,,
bank/aib_current_2009.csv,211,11/07/2009,-300.00,,drawings,N,,,
bank/aib_current_2009.csv,212,12/07/2009,-200.00,,drawings,N,,,
bank/aib_current_2009.csv,213,13/07/2009,-223.03,,personal_groceries,N,,,household spending
bank/aib_current_2009.csv,214,13/07/2009,-395.20,,health_insurance,N,,,
bank/aib_current_2009.csv,215,14/07/2009,-1802.02,,paye_prsi_usc,Y,,,
bank/aib_current_2009.csv,216,14/07/2009,-5116.33,,family_holiday,N,,,family holiday paid by the farm account
bank/aib_current_2009.csv,217,15/07/2009,-589.21,,dairy_hygiene,Y,D01034,,
bank/aib_current_2009.csv,218,15/07/2009,-2511.86,,vet_medicine,Y,D00954;D00957;D00974,,
bank/aib_current_2009.csv,219,17/07/2009,-1166.47,,electricity,M,D01065,,
bank/aib_current_2009.csv,220,17/07/2009,-3619.59,,fuel,Y,D00997;D00999,,
bank/aib_current_2009.csv,221,18/07/2009,-82.68,,personal_groceries,N,,,household spending
bank/aib_current_2009.csv,222,20/07/2009,-3778.38,,contractors,Y,D00988,,
bank/aib_current_2009.csv,223,20/07/2009,-155.39,,telephone,M,D01066,,
bank/aib_current_2009.csv,224,20/07/2009,3568.87,,livestock_sale,Y,D04493;D04494,,
bank/aib_current_2009.csv,225,20/07/2009,-205.39,,personal_groceries,N,,,household spending
bank/aib_current_2009.csv,226,20/07/2009,-109.89,,personal_groceries,N,,,household spending
bank/aib_current_2009.csv,227,20/07/2009,-200.00,,savings,N,,,
bank/aib_current_2009.csv,228,20/07/2009,-454.17,,repairs,Y,D01019,,
bank/aib_current_2009.csv,229,22/07/2009,-72.80,,personal_misc,N,,,
bank/aib_current_2009.csv,230,26/07/2009,-211.32,,personal_groceries,N,,,household spending
bank/aib_current_2009.csv,231,27/07/2009,33775.02,,milk_receipt,Y,D00086;D00087,NETTED_LOAN_REPAYMENT,net of co-op loan instalment
bank/aib_current_2009.csv,232,27/07/2009,-606.10,,repairs,Y,D01015,,
bank/aib_current_2009.csv,233,27/07/2009,-200.00,,drawings,N,,,
bank/aib_current_2009.csv,234,27/07/2009,-300.00,,drawings,N,,,
bank/aib_current_2009.csv,235,28/07/2009,4243.18,,livestock_sale,Y,D04497;D04498,,
bank/aib_current_2009.csv,236,28/07/2009,-1349.08,,wages_net,Y,,,
bank/aib_current_2009.csv,237,28/07/2009,-306.74,,wages_net,Y,,,
bank/aib_current_2009.csv,238,31/07/2009,-16.10,,bank_charges,Y,,,
bank/aib_current_2009.csv,239,03/08/2009,-1545.00,,drawings,N,,,
bank/aib_current_2009.csv,240,04/08/2009,-200.00,,drawings,N,,,
bank/aib_current_2009.csv,241,05/08/2009,-520.00,,pension_personal,N,,,personal pension; relief claimed on the personal return
bank/aib_current_2009.csv,242,07/08/2009,-493.08,,foot_care,Y,D01049,,
bank/aib_current_2009.csv,243,08/08/2009,-150.00,,drawings,N,,,
bank/aib_current_2009.csv,244,10/08/2009,-335.98,,repairs,Y,D01026,,
bank/aib_current_2009.csv,245,10/08/2009,-1208.89,,loan_repayment,Y,,,"interest 286.84, capital 922.05"
bank/aib_current_2009.csv,246,11/08/2009,-150.00,,drawings,N,,,
bank/aib_current_2009.csv,247,12/08/2009,-212.08,,personal_groceries,N,,,household spending
bank/aib_current_2009.csv,248,12/08/2009,-86.80,,family_fuel,N,,,
bank/aib_current_2009.csv,249,12/08/2009,-395.20,,health_insurance,N,,,
bank/aib_current_2009.csv,250,14/08/2009,-1793.68,,paye_prsi_usc,Y,,,
bank/aib_current_2009.csv,251,17/08/2009,-480.61,,repairs,Y,D01032,,
bank/aib_current_2009.csv,252,17/08/2009,-840.12,,repairs,Y,D01002;D01007,,
bank/aib_current_2009.csv,253,18/08/2009,-7489.46,,fertiliser,Y,D00942,,
bank/aib_current_2009.csv,254,19/08/2009,-250.00,,drawings,N,,,
bank/aib_current_2009.csv,255,19/08/2009,-241.20,,personal_groceries,N,,,household spending
bank/aib_current_2009.csv,256,20/08/2009,-1133.26,,electricity,M,D01067,,
bank/aib_current_2009.csv,257,20/08/2009,-172.29,,telephone,M,D01068,,
bank/aib_current_2009.csv,258,20/08/2009,-200.00,,savings,N,,,
bank/aib_current_2009.csv,259,20/08/2009,-1044.55,,silage_plastic,Y,D01046,,
bank/aib_current_2009.csv,260,20/08/2009,-1274.40,,vet_medicine,Y,D00949;D00956,,
bank/aib_current_2009.csv,261,21/08/2009,4330.10,,livestock_sale,Y,D04500;D04501,,
bank/aib_current_2009.csv,262,21/08/2009,-211.22,,personal_groceries,N,,,household spending
bank/aib_current_2009.csv,263,23/08/2009,-150.00,,drawings,N,,,
bank/aib_current_2009.csv,264,24/08/2009,4149.65,,livestock_sale,Y,D04499,,
bank/aib_current_2009.csv,265,24/08/2009,-72.80,,personal_misc,N,,,
bank/aib_current_2009.csv,266,25/08/2009,30706.37,,milk_receipt,Y,D00088;D00089,NETTED_LOAN_REPAYMENT,net of co-op loan instalment
bank/aib_current_2009.csv,267,27/08/2009,-243.95,,personal_groceries,N,,,household spending
bank/aib_current_2009.csv,268,28/08/2009,-1349.08,,wages_net,Y,,,
bank/aib_current_2009.csv,269,28/08/2009,-304.10,,wages_net,Y,,,
bank/aib_current_2009.csv,270,31/08/2009,-677.50,,breeding_ai,Y,D00980,,
bank/aib_current_2009.csv,271,31/08/2009,-348.30,,dairy_hygiene,Y,D01039,,
bank/aib_current_2009.csv,272,31/08/2009,-1476.92,,silage_plastic,Y,D01045,,
bank/aib_current_2009.csv,273,31/08/2009,-16.10,,bank_charges,Y,,,
bank/aib_current_2009.csv,274,01/09/2009,-1545.00,,drawings,N,,,
bank/aib_current_2009.csv,275,01/09/2009,-250.00,,drawings,N,,,
bank/aib_current_2009.csv,276,01/09/2009,-265.19,,personal_groceries,N,,,household spending
bank/aib_current_2009.csv,277,02/09/2009,-468.02,,repairs,Y,D01011,,
bank/aib_current_2009.csv,278,07/09/2009,-520.00,,pension_personal,N,,,personal pension; relief claimed on the personal return
bank/aib_current_2009.csv,279,07/09/2009,-1144.00,,personal_education,N,,,
bank/aib_current_2009.csv,280,08/09/2009,-1208.89,,loan_repayment,Y,,,"interest 284.15, capital 924.74"
bank/aib_current_2009.csv,281,09/09/2009,-556.00,,repairs,Y,D01017,,
bank/aib_current_2009.csv,282,10/09/2009,-101.77,,personal_groceries,N,,,household spending
bank/aib_current_2009.csv,283,14/09/2009,-365.34,,repairs,Y,D01003,,
bank/aib_current_2009.csv,284,14/09/2009,-1790.75,,paye_prsi_usc,Y,,,
bank/aib_current_2009.csv,285,14/09/2009,-200.00,,drawings,N,,,
bank/aib_current_2009.csv,286,14/09/2009,-184.15,,personal_groceries,N,,,household spending
bank/aib_current_2009.csv,287,14/09/2009,-395.20,,health_insurance,N,,,
bank/aib_current_2009.csv,288,15/09/2009,-150.00,,drawings,N,,,
bank/aib_current_2009.csv,289,16/09/2009,-250.00,,drawings,N,,,
bank/aib_current_2009.csv,290,17/09/2009,-831.78,,vet_medicine,Y,D00950,,
bank/aib_current_2009.csv,291,17/09/2009,-1000.97,,fuel,Y,D00995,,
bank/aib_current_2009.csv,292,19/09/2009,-150.00,,drawings,N,,,
bank/aib_current_2009.csv,293,21/09/2009,-784.19,,vet_medicine,Y,D00975,,
bank/aib_current_2009.csv,294,21/09/2009,-1098.29,,electricity,M,D01069,,
bank/aib_current_2009.csv,295,21/09/2009,-156.54,,telephone,M,D01070,,
bank/aib_current_2009.csv,296,21/09/2009,-200.00,,savings,N,,,
bank/aib_current_2009.csv,297,22/09/2009,-72.80,,personal_misc,N,,,
bank/aib_current_2009.csv,298,24/09/2009,-110.50,,personal_misc,N,,,
bank/aib_current_2009.csv,299,25/09/2009,27501.72,,milk_receipt,Y,D00090;D00091,NETTED_LOAN_REPAYMENT,net of co-op loan instalment
bank/aib_current_2009.csv,300,25/09/2009,-1357.91,,fuel,Y,D00998,,
bank/aib_current_2009.csv,301,25/09/2009,902.80,,personal_paye_income,N,,,"spouse PAYE, personal income"
bank/aib_current_2009.csv,302,25/09/2009,-220.91,,personal_groceries,N,,,household spending
bank/aib_current_2009.csv,303,26/09/2009,-185.42,,personal_groceries,N,,,household spending
bank/aib_current_2009.csv,304,28/09/2009,-1349.08,,wages_net,Y,,,
bank/aib_current_2009.csv,305,28/09/2009,-304.01,,wages_net,Y,,,
bank/aib_current_2009.csv,306,30/09/2009,-16.10,,bank_charges,Y,,,
bank/aib_current_2009.csv,307,30/09/2009,-35000.00,,own_transfer,T,,,
bank/aib_current_2009.csv,308,01/10/2009,-1545.00,,drawings,N,,,
bank/aib_current_2009.csv,309,05/10/2009,-520.00,,pension_personal,N,,,personal pension; relief claimed on the personal return
bank/aib_current_2009.csv,310,08/10/2009,-1208.89,,loan_repayment,Y,,,"interest 281.45, capital 927.44"
bank/aib_current_2009.csv,311,08/10/2009,-210.90,,personal_groceries,N,,,household spending
bank/aib_current_2009.csv,312,10/10/2009,-300.00,,drawings,N,,,
bank/aib_current_2009.csv,313,10/10/2009,-150.00,,drawings,N,,,
bank/aib_current_2009.csv,314,12/10/2009,-395.20,,health_insurance,N,,,
bank/aib_current_2009.csv,315,13/10/2009,-250.00,,drawings,N,,,
bank/aib_current_2009.csv,316,13/10/2009,-260.84,,personal_groceries,N,,,household spending
bank/aib_current_2009.csv,317,14/10/2009,-1790.63,,paye_prsi_usc,Y,,,
bank/aib_current_2009.csv,318,16/10/2009,-673.43,,repairs,Y,D01027,,
bank/aib_current_2009.csv,319,16/10/2009,-943.42,,foot_care,Y,D01048,,
bank/aib_current_2009.csv,320,16/10/2009,-234.83,,personal_groceries,N,,,household spending
bank/aib_current_2009.csv,321,19/10/2009,-92.15,,family_fuel,N,,,
bank/aib_current_2009.csv,322,20/10/2009,-180.26,,telephone,M,D01072,,
bank/aib_current_2009.csv,323,20/10/2009,-200.00,,savings,N,,,
bank/aib_current_2009.csv,324,21/10/2009,-2187.08,,contractors,Y,D00987,,
bank/aib_current_2009.csv,325,21/10/2009,-670.90,,repairs,Y,D01020,,
bank/aib_current_2009.csv,326,21/10/2009,-738.87,,vet_medicine,Y,D00955,,
bank/aib_current_2009.csv,327,22/10/2009,-418.81,,repairs,Y,D01008,,
bank/aib_current_2009.csv,328,22/10/2009,-1123.35,,electricity,M,D01071,,
bank/aib_current_2009.csv,329,22/10/2009,-72.80,,personal_misc,N,,,
bank/aib_current_2009.csv,330,23/10/2009,-4679.32,,fertiliser,Y,D00944,,
bank/aib_current_2009.csv,331,25/10/2009,-200.00,,drawings,N,,,
bank/aib_current_2009.csv,332,25/10/2009,-122.59,,personal_groceries,N,,,household spending
bank/aib_current_2009.csv,333,26/10/2009,21233.35,,milk_receipt,Y,D00092;D00093,NETTED_LOAN_REPAYMENT,net of co-op loan instalment
bank/aib_current_2009.csv,334,26/10/2009,-435.49,,vet_medicine,Y,D00962,,
bank/aib_current_2009.csv,335,26/10/2009,-407.24,,dairy_hygiene,Y,D01040,,
bank/aib_current_2009.csv,336,26/10/2009,-176.90,,fallen_animals,Y,D04477,,
bank/aib_current_2009.csv,337,26/10/2009,902.80,,personal_paye_income,N,,,"spouse PAYE, personal income"
bank/aib_current_2009.csv,338,27/10/2009,-359.63,,repairs,Y,D01024,,
bank/aib_current_2009.csv,339,27/10/2009,3859.68,,livestock_sale,Y,D04495;D04496,,
bank/aib_current_2009.csv,340,28/10/2009,-1349.08,,wages_net,Y,,,
bank/aib_current_2009.csv,341,28/10/2009,-310.78,,wages_net,Y,,,
bank/aib_current_2009.csv,342,31/10/2009,-16.10,,bank_charges,Y,,,
bank/aib_current_2009.csv,343,02/11/2009,-915.98,,vet_medicine,Y,D00947,,
bank/aib_current_2009.csv,344,02/11/2009,-1545.00,,drawings,N,,,
bank/aib_current_2009.csv,345,02/11/2009,-9350.00,,personal_tax,N,,,"farmer income tax: personal liability, not a farm expense"
bank/aib_current_2009.csv,346,03/11/2009,-149.76,,personal_groceries,N,,,household spending
bank/aib_current_2009.csv,347,04/11/2009,-282.84,,repairs,Y,D01021,,
bank/aib_current_2009.csv,348,04/11/2009,2400.00,,forestry_premium,X,,,exempt from income tax; not a trading receipt
bank/aib_current_2009.csv,349,04/11/2009,-175.83,,personal_groceries,N,,,household spending
bank/aib_current_2009.csv,350,05/11/2009,-520.00,,pension_personal,N,,,personal pension; relief claimed on the personal return
bank/aib_current_2009.csv,351,06/11/2009,-63.67,,family_fuel,N,,,
bank/aib_current_2009.csv,352,09/11/2009,-1208.89,,loan_repayment,Y,,,"interest 278.75, capital 930.14"
bank/aib_current_2009.csv,353,09/11/2009,-250.00,,drawings,N,,,
bank/aib_current_2009.csv,354,12/11/2009,-200.00,,drawings,N,,,
bank/aib_current_2009.csv,355,12/11/2009,-395.20,,health_insurance,N,,,
bank/aib_current_2009.csv,356,14/11/2009,-101.87,,personal_groceries,N,,,household spending
bank/aib_current_2009.csv,357,16/11/2009,-1798.16,,paye_prsi_usc,Y,,,
bank/aib_current_2009.csv,358,17/11/2009,-203.41,,personal_groceries,N,,,household spending
bank/aib_current_2009.csv,359,17/11/2009,-693.29,,vet_medicine,Y,D00953,,
bank/aib_current_2009.csv,360,18/11/2009,-176.98,,telephone,M,D01074,,
bank/aib_current_2009.csv,361,19/11/2009,-300.00,,drawings,N,,,
bank/aib_current_2009.csv,362,19/11/2009,-85.42,,personal_misc,N,,,
bank/aib_current_2009.csv,363,20/11/2009,-200.00,,savings,N,,,
bank/aib_current_2009.csv,364,23/11/2009,-526.56,,dairy_hygiene,Y,D01035,,
bank/aib_current_2009.csv,365,23/11/2009,-1138.67,,electricity,M,D01073,,
bank/aib_current_2009.csv,366,23/11/2009,-11250.00,,land_rent,Y,D01081,,
bank/aib_current_2009.csv,367,23/11/2009,-72.80,,personal_misc,N,,,
bank/aib_current_2009.csv,368,24/11/2009,-300.00,,drawings,N,,,
bank/aib_current_2009.csv,369,25/11/2009,12251.92,,milk_receipt,Y,D00094;D00095,NETTED_LOAN_REPAYMENT,net of co-op loan instalment
bank/aib_current_2009.csv,370,25/11/2009,-415.41,,dairy_hygiene,Y,D01036,,
bank/aib_current_2009.csv,371,25/11/2009,902.80,,personal_paye_income,N,,,"spouse PAYE, personal income"
bank/aib_current_2009.csv,372,27/11/2009,-300.00,,drawings,N,,,
bank/aib_current_2009.csv,373,28/11/2009,-240.56,,personal_groceries,N,,,household spending
bank/aib_current_2009.csv,374,30/11/2009,-501.52,,repairs,Y,D01014,,
bank/aib_current_2009.csv,375,30/11/2009,-16.10,,bank_charges,Y,,,
bank/aib_current_2009.csv,376,30/11/2009,-1349.08,,wages_net,Y,,,
bank/aib_current_2009.csv,377,30/11/2009,-312.07,,wages_net,Y,,,
bank/aib_current_2009.csv,378,01/12/2009,-736.57,,foot_care,Y,D01051,,
bank/aib_current_2009.csv,379,01/12/2009,-1545.00,,drawings,N,,,
bank/aib_current_2009.csv,380,01/12/2009,-261.95,,personal_groceries,N,,,household spending
bank/aib_current_2009.csv,381,02/12/2009,17519.74,,scheme_income,Y,,,
bank/aib_current_2009.csv,382,03/12/2009,-172.51,,personal_groceries,N,,,household spending
bank/aib_current_2009.csv,383,03/12/2009,-96.33,,family_fuel,N,,,
bank/aib_current_2009.csv,384,06/12/2009,-300.00,,drawings,N,,,
bank/aib_current_2009.csv,385,07/12/2009,-5075.94,,feed,Y,D00939,,
bank/aib_current_2009.csv,386,07/12/2009,-520.00,,pension_personal,N,,,personal pension; relief claimed on the personal return
bank/aib_current_2009.csv,387,08/12/2009,-1208.89,,loan_repayment,Y,,,"interest 276.03, capital 932.86"
bank/aib_current_2009.csv,388,08/12/2009,-307.75,,personal_groceries,N,,,household spending
bank/aib_current_2009.csv,389,09/12/2009,-250.00,,drawings,N,,,
bank/aib_current_2009.csv,390,10/12/2009,-1048.06,,personal_misc,N,,,
bank/aib_current_2009.csv,391,11/12/2009,-176.90,,fallen_animals,Y,D04478,,
bank/aib_current_2009.csv,392,14/12/2009,-1799.59,,paye_prsi_usc,Y,,,
bank/aib_current_2009.csv,393,14/12/2009,2924.00,,scheme_income,Y,,,
bank/aib_current_2009.csv,394,14/12/2009,-202.08,,personal_groceries,N,,,household spending
bank/aib_current_2009.csv,395,14/12/2009,-102.93,,personal_misc,N,,,
bank/aib_current_2009.csv,396,14/12/2009,-395.20,,health_insurance,N,,,
bank/aib_current_2009.csv,397,15/12/2009,-511.70,,dairy_hygiene,Y,D01042,,
bank/aib_current_2009.csv,398,18/12/2009,-182.15,,telephone,M,D01076,,
bank/aib_current_2009.csv,399,18/12/2009,-422.83,,vet_medicine,Y,D00973,,
bank/aib_current_2009.csv,400,19/12/2009,-250.00,,drawings,N,,,
bank/aib_current_2009.csv,401,21/12/2009,-1150.20,,electricity,M,D01075,,
bank/aib_current_2009.csv,402,21/12/2009,5600.00,,scheme_income,Y,,,
bank/aib_current_2009.csv,403,21/12/2009,-200.00,,savings,N,,,
bank/aib_current_2009.csv,404,21/12/2009,-7488.76,,feed,Y,D00930;D00941,,
bank/aib_current_2009.csv,405,22/12/2009,-72.80,,personal_misc,N,,,
bank/aib_current_2009.csv,406,23/12/2009,-250.00,,drawings,N,,,
bank/aib_current_2009.csv,407,23/12/2009,-165.99,,personal_groceries,N,,,household spending
bank/aib_current_2009.csv,408,28/12/2009,4530.14,,milk_receipt,Y,D00096;D00097,NETTED_LOAN_REPAYMENT,net of co-op loan instalment
bank/aib_current_2009.csv,409,28/12/2009,-1349.08,,wages_net,Y,,,
bank/aib_current_2009.csv,410,28/12/2009,-308.07,,wages_net,Y,,,
bank/aib_current_2009.csv,411,28/12/2009,902.80,,personal_paye_income,N,,,"spouse PAYE, personal income"
bank/aib_current_2009.csv,412,29/12/2009,-441.30,,repairs,Y,D01029,,
bank/aib_current_2009.csv,413,31/12/2009,-16.10,,bank_charges,Y,,,
bank/aib_current_2010.csv,2,22/12/2009,-72.80,OVERLAP_COPY,personal_misc,N,,OVERLAP,
bank/aib_current_2010.csv,3,23/12/2009,-250.00,OVERLAP_COPY,drawings,N,,OVERLAP,
bank/aib_current_2010.csv,4,23/12/2009,-165.99,OVERLAP_COPY,personal_groceries,N,,OVERLAP,
bank/aib_current_2010.csv,5,28/12/2009,4530.14,OVERLAP_COPY,milk_receipt,Y,D00096;D00097,OVERLAP,
bank/aib_current_2010.csv,6,28/12/2009,-1349.08,OVERLAP_COPY,wages_net,Y,,OVERLAP,
bank/aib_current_2010.csv,7,28/12/2009,-308.07,OVERLAP_COPY,wages_net,Y,,OVERLAP,
bank/aib_current_2010.csv,8,28/12/2009,902.80,OVERLAP_COPY,personal_paye_income,N,,OVERLAP,
bank/aib_current_2010.csv,9,29/12/2009,-441.30,OVERLAP_COPY,repairs,Y,D01029,OVERLAP,
bank/aib_current_2010.csv,10,31/12/2009,-16.10,OVERLAP_COPY,bank_charges,Y,,OVERLAP,
bank/aib_current_2010.csv,11,03/01/2010,-130.21,,personal_groceries,N,,,household spending
bank/aib_current_2010.csv,12,04/01/2010,-2180.00,,drawings,N,,,
bank/aib_current_2010.csv,13,05/01/2010,-515.00,,pension_personal,N,,,personal pension; relief claimed on the personal return
bank/aib_current_2010.csv,14,07/01/2010,-370.76,,repairs,Y,D01005,,
bank/aib_current_2010.csv,15,08/01/2010,-2492.69,,fuel,Y,D00996,,
bank/aib_current_2010.csv,16,08/01/2010,-1200.35,,loan_repayment,Y,,,"interest 257.69, capital 942.65"
bank/aib_current_2010.csv,17,12/01/2010,-142.63,,personal_groceries,N,,,household spending
bank/aib_current_2010.csv,18,12/01/2010,-391.40,,health_insurance,N,,,
bank/aib_current_2010.csv,19,14/01/2010,-1795.15,,paye_prsi_usc,Y,,,
bank/aib_current_2010.csv,20,19/01/2010,-162.18,,telephone,M,D01209,,
bank/aib_current_2010.csv,21,20/01/2010,-300.00,,drawings,N,,,
bank/aib_current_2010.csv,22,20/01/2010,-200.00,,savings,N,,,
bank/aib_current_2010.csv,23,21/01/2010,-1097.01,,electricity,M,D01208,,
bank/aib_current_2010.csv,24,21/01/2010,-150.00,,drawings,N,,,
bank/aib_current_2010.csv,25,22/01/2010,-72.10,,personal_misc,N,,,
bank/aib_current_2010.csv,26,22/01/2010,-622.06,,repairs,Y,D01000,,
bank/aib_current_2010.csv,27,23/01/2010,-300.00,,drawings,N,,,
bank/aib_current_2010.csv,28,23/01/2010,-216.02,,personal_groceries,N,,,household spending
bank/aib_current_2010.csv,29,23/01/2010,-173.68,,personal_groceries,N,,,household spending
bank/aib_current_2010.csv,30,24/01/2010,-71.08,,family_fuel,N,,,
bank/aib_current_2010.csv,31,25/01/2010,-1568.73,,milk_receipt,Y,D00098;D00099,NETTED_LOAN_REPAYMENT,net of co-op loan instalment
bank/aib_current_2010.csv,32,25/01/2010,929.58,,personal_paye_income,N,,,"spouse PAYE, personal income"
bank/aib_current_2010.csv,33,25/01/2010,-300.00,,drawings,N,,,
bank/aib_current_2010.csv,34,25/01/2010,-200.00,,drawings,N,,,
bank/aib_current_2010.csv,35,28/01/2010,-1395.94,,wages_net,Y,,,
bank/aib_current_2010.csv,36,28/01/2010,-330.76,,wages_net,Y,,,
bank/aib_current_2010.csv,37,31/01/2010,-16.80,,bank_charges,Y,,,
bank/aib_current_2010.csv,38,01/02/2010,-118.40,,fallen_animals,Y,D04503,,
bank/aib_current_2010.csv,39,01/02/2010,-2180.00,,drawings,N,,,
bank/aib_current_2010.csv,40,02/02/2010,-250.00,,drawings,N,,,
bank/aib_current_2010.csv,41,04/02/2010,-202.15,,personal_groceries,N,,,household spending
bank/aib_current_2010.csv,42,05/02/2010,-515.00,,pension_personal,N,,,personal pension; relief claimed on the personal return
bank/aib_current_2010.csv,43,08/02/2010,-796.12,,vet_medicine,Y,D01111,,
bank/aib_current_2010.csv,44,08/02/2010,-1200.35,,loan_repayment,Y,,,"interest 255.10, capital 945.24"
bank/aib_current_2010.csv,45,08/02/2010,-36.47,,personal_misc,N,,,
bank/aib_current_2010.csv,46,10/02/2010,-843.18,,vet_medicine,Y,,MISSING_INVOICE,payment with no supplier invoice on file
bank/aib_current_2010.csv,47,10/02/2010,-525.25,,repairs,Y,D01169,,
bank/aib_current_2010.csv,48,11/02/2010,-619.17,,dairy_hygiene,Y,D01188,,
bank/aib_current_2010.csv,49,11/02/2010,-156.11,,personal_groceries,N,,,household spending
bank/aib_current_2010.csv,50,12/02/2010,-391.40,,health_insurance,N,,,
bank/aib_current_2010.csv,51,13/02/2010,-150.00,,drawings,N,,,
bank/aib_current_2010.csv,52,15/02/2010,-1872.31,,paye_prsi_usc,Y,,,
bank/aib_current_2010.csv,53,15/02/2010,-1945.17,,vet_medicine,Y,D01108;D01113;D01128,,
bank/aib_current_2010.csv,54,16/02/2010,-93.95,,personal_groceries,N,,,household spending
bank/aib_current_2010.csv,55,16/02/2010,-366.64,,repairs,Y,D01167,,
bank/aib_current_2010.csv,56,18/02/2010,-158.91,,telephone,M,D01211,,
bank/aib_current_2010.csv,57,19/02/2010,-200.00,,drawings,N,,,
bank/aib_current_2010.csv,58,22/02/2010,-902.09,,electricity,M,D01210,,
bank/aib_current_2010.csv,59,22/02/2010,-7771.40,,insurance,Y,D01232,,
bank/aib_current_2010.csv,60,22/02/2010,-257.01,,personal_groceries,N,,,household spending
bank/aib_current_2010.csv,61,22/02/2010,-200.00,,savings,N,,,
bank/aib_current_2010.csv,62,22/02/2010,-72.10,,personal_misc,N,,,
bank/aib_current_2010.csv,63,24/02/2010,-3424.99,,feed,Y,D01093,,
bank/aib_current_2010.csv,64,25/02/2010,1678.78,,milk_receipt,Y,D00100;D00101,NETTED_LOAN_REPAYMENT,net of co-op loan instalment
bank/aib_current_2010.csv,65,25/02/2010,929.58,,personal_paye_income,N,,,"spouse PAYE, personal income"
bank/aib_current_2010.csv,66,26/02/2010,-75.48,,bank_interest,Y,,,
bank/aib_current_2010.csv,67,27/02/2010,-182.26,,personal_groceries,N,,,household spending
bank/aib_current_2010.csv,68,27/02/2010,-74.98,,family_fuel,N,,,
bank/aib_current_2010.csv,69,28/02/2010,-16.80,,bank_charges,Y,,,
bank/aib_current_2010.csv,70,01/03/2010,-1395.94,,wages_net,Y,,,
bank/aib_current_2010.csv,71,01/03/2010,-322.89,,wages_net,Y,,,
bank/aib_current_2010.csv,72,01/03/2010,-2180.00,,drawings,N,,,
bank/aib_current_2010.csv,73,05/03/2010,-515.00,,pension_personal,N,,,personal pension; relief claimed on the personal return
bank/aib_current_2010.csv,74,07/03/2010,-150.00,,drawings,N,,,
bank/aib_current_2010.csv,75,08/03/2010,-1200.35,,loan_repayment,Y,,,"interest 252.50, capital 947.84"
bank/aib_current_2010.csv,76,11/03/2010,-649.69,,vet_medicine,Y,D01100,,
bank/aib_current_2010.csv,77,12/03/2010,-146.93,,personal_groceries,N,,,household spending
bank/aib_current_2010.csv,78,12/03/2010,-391.40,,health_insurance,N,,,
bank/aib_current_2010.csv,79,15/03/2010,-266.27,,repairs,Y,D01165,,
bank/aib_current_2010.csv,80,15/03/2010,-1863.56,,paye_prsi_usc,Y,,,
bank/aib_current_2010.csv,81,15/03/2010,-850.00,,wages_unrecorded,Y,,E4-ghost,"no payslip, not on payroll, no PAYE/PRSI"
bank/aib_current_2010.csv,82,16/03/2010,-417.39,,vet_medicine,Y,D01127,,
bank/aib_current_2010.csv,83,18/03/2010,1724.46,,livestock_sale,Y,D04504;D04505,,net of commission
bank/aib_current_2010.csv,84,18/03/2010,-136.73,,personal_groceries,N,,,household spending
bank/aib_current_2010.csv,85,18/03/2010,-812.40,,repairs,Y,D01185;D01186,,
bank/aib_current_2010.csv,86,19/03/2010,-163.33,,telephone,M,D01213,,
bank/aib_current_2010.csv,87,19/03/2010,-696.56,,dairy_hygiene,Y,D01193,,
bank/aib_current_2010.csv,88,20/03/2010,-76.79,,family_fuel,N,,,
bank/aib_current_2010.csv,89,22/03/2010,-413.69,,repairs,Y,D01179,,
bank/aib_current_2010.csv,90,22/03/2010,-971.88,,electricity,M,D01212,,
bank/aib_current_2010.csv,91,22/03/2010,-200.00,,savings,N,,,
bank/aib_current_2010.csv,92,22/03/2010,-72.10,,personal_misc,N,,,
bank/aib_current_2010.csv,93,24/03/2010,-4717.33,,fertiliser,Y,D01094,,
bank/aib_current_2010.csv,94,25/03/2010,18291.12,,milk_receipt,Y,D00102;D00103,,net of co-op deductions
bank/aib_current_2010.csv,95,25/03/2010,929.58,,personal_paye_income,N,,,"spouse PAYE, personal income"
bank/aib_current_2010.csv,96,25/03/2010,-200.00,,drawings,N,,,
bank/aib_current_2010.csv,97,25/03/2010,-84.76,,personal_groceries,N,,,household spending
bank/aib_current_2010.csv,98,26/03/2010,-200.00,,drawings,N,,,
bank/aib_current_2010.csv,99,26/03/2010,-200.00,,drawings,N,,,
bank/aib_current_2010.csv,100,27/03/2010,-179.99,,personal_groceries,N,,,household spending
bank/aib_current_2010.csv,101,29/03/2010,-1395.94,,wages_net,Y,,,
bank/aib_current_2010.csv,102,29/03/2010,-316.38,,wages_net,Y,,,
bank/aib_current_2010.csv,103,31/03/2010,-3439.79,,professional_fees,Y,D01233,,
bank/aib_current_2010.csv,104,31/03/2010,-16.80,,bank_charges,Y,,,
bank/aib_current_2010.csv,105,31/03/2010,1748.93,,livestock_sale,Y,D04506;D04507,,net of commission
bank/aib_current_2010.csv,106,31/03/2010,-86.06,,bank_interest,Y,,,
bank/aib_current_2010.csv,107,01/04/2010,-2180.00,,drawings,N,,,
bank/aib_current_2010.csv,108,05/04/2010,-515.00,,pension_personal,N,,,personal pension; relief claimed on the personal return
bank/aib_current_2010.csv,109,08/04/2010,1737.71,,livestock_sale,Y,D04508;D04509,,net of commission
bank/aib_current_2010.csv,110,08/04/2010,-1200.35,,loan_repayment,Y,,,"interest 249.90, capital 950.45"
bank/aib_current_2010.csv,111,10/04/2010,-21.98,,personal_misc,N,,,
bank/aib_current_2010.csv,112,12/04/2010,-391.40,,health_insurance,N,,,
bank/aib_current_2010.csv,113,14/04/2010,-1856.37,,paye_prsi_usc,Y,,,
bank/aib_current_2010.csv,114,14/04/2010,-300.00,,drawings,N,,,
bank/aib_current_2010.csv,115,15/04/2010,-700.00,,wages_unrecorded,Y,,E4-ghost,"no payslip, not on payroll, no PAYE/PRSI"
bank/aib_current_2010.csv,116,16/04/2010,-577.40,,repairs,Y,D01183,,
bank/aib_current_2010.csv,117,16/04/2010,-143.66,,personal_groceries,N,,,household spending
bank/aib_current_2010.csv,118,18/04/2010,-177.85,,personal_groceries,N,,,household spending
bank/aib_current_2010.csv,119,19/04/2010,-171.46,,telephone,M,D01215,,
bank/aib_current_2010.csv,120,19/04/2010,-5147.68,,feed,Y,D01090,,
bank/aib_current_2010.csv,121,19/04/2010,-2517.53,,contractors,Y,D01138,,
bank/aib_current_2010.csv,122,20/04/2010,-250.00,,drawings,N,,,
bank/aib_current_2010.csv,123,20/04/2010,-87.75,,personal_groceries,N,,,household spending
bank/aib_current_2010.csv,124,20/04/2010,-200.00,,savings,N,,,
bank/aib_current_2010.csv,125,21/04/2010,-315.51,,repairs,Y,D01168,,
bank/aib_current_2010.csv,126,21/04/2010,-1144.80,,vet_medicine,Y,D01107;D01123,,
bank/aib_current_2010.csv,127,22/04/2010,1802.38,,livestock_sale,Y,D04510;D04511,,net of commission
bank/aib_current_2010.csv,128,22/04/2010,-72.10,,personal_misc,N,,,
bank/aib_current_2010.csv,129,23/04/2010,-955.77,,breeding_ai,Y,,MISSING_INVOICE,payment with no supplier invoice on file
bank/aib_current_2010.csv,130,23/04/2010,-938.74,,electricity,M,D01214,,
bank/aib_current_2010.csv,131,25/04/2010,-226.49,,personal_groceries,N,,,household spending
bank/aib_current_2010.csv,132,25/04/2010,-215.38,,personal_groceries,N,,,household spending
bank/aib_current_2010.csv,133,25/04/2010,-62.70,,family_fuel,N,,,
bank/aib_current_2010.csv,134,26/04/2010,36599.87,,milk_receipt,Y,D00104;D00105,,net of co-op deductions
bank/aib_current_2010.csv,135,26/04/2010,-677.82,,repairs,Y,D01175,,
bank/aib_current_2010.csv,136,26/04/2010,929.58,,personal_paye_income,N,,,"spouse PAYE, personal income"
bank/aib_current_2010.csv,137,26/04/2010,-300.00,,drawings,N,,,
bank/aib_current_2010.csv,138,26/04/2010,-321.68,,repairs,Y,D01162,,
bank/aib_current_2010.csv,139,28/04/2010,-1395.94,,wages_net,Y,,,
bank/aib_current_2010.csv,140,28/04/2010,-317.09,,wages_net,Y,,,
bank/aib_current_2010.csv,141,28/04/2010,-217.11,,personal_groceries,N,,,household spending
bank/aib_current_2010.csv,142,29/04/2010,-508.56,,repairs,Y,D01157,,
bank/aib_current_2010.csv,143,30/04/2010,-16.80,,bank_charges,Y,,,
bank/aib_current_2010.csv,144,03/05/2010,1853.61,,livestock_sale,Y,D04512;D04513,,net of commission
bank/aib_current_2010.csv,145,03/05/2010,-2180.00,,drawings,N,,,
bank/aib_current_2010.csv,146,03/05/2010,-281.26,,personal_groceries,N,,,household spending
bank/aib_current_2010.csv,147,05/05/2010,-515.00,,pension_personal,N,,,personal pension; relief claimed on the personal return
bank/aib_current_2010.csv,148,06/05/2010,-233.02,,personal_groceries,N,,,household spending
bank/aib_current_2010.csv,149,08/05/2010,-200.00,,drawings,N,,,
bank/aib_current_2010.csv,150,10/05/2010,1600.19,,livestock_sale,Y,D04514;D04515,,net of commission
bank/aib_current_2010.csv,151,10/05/2010,-1200.35,,loan_repayment,Y,,,"interest 247.28, capital 953.06"
bank/aib_current_2010.csv,152,10/05/2010,-173.81,,personal_groceries,N,,,household spending
bank/aib_current_2010.csv,153,10/05/2010,-1236.00,,family_car_running,N,,,
bank/aib_current_2010.csv,154,11/05/2010,-150.00,,drawings,N,,,
bank/aib_current_2010.csv,155,12/05/2010,-471.90,,breeding_ai,Y,D01132,,
bank/aib_current_2010.csv,156,12/05/2010,-391.40,,health_insurance,N,,,
bank/aib_current_2010.csv,157,13/05/2010,-595.37,,repairs,Y,D01172,,
bank/aib_current_2010.csv,158,14/05/2010,-1857.15,,paye_prsi_usc,Y,,,
bank/aib_current_2010.csv,159,15/05/2010,-150.24,,personal_groceries,N,,,household spending
bank/aib_current_2010.csv,160,16/05/2010,-150.00,,drawings,N,,,
bank/aib_current_2010.csv,161,17/05/2010,-750.00,,wages_unrecorded,Y,,E4-ghost,"no payslip, not on payroll, no PAYE/PRSI"
bank/aib_current_2010.csv,162,17/05/2010,-2675.55,,feed,Y,D01092,,
bank/aib_current_2010.csv,163,19/05/2010,-300.00,,drawings,N,,,
bank/aib_current_2010.csv,164,20/05/2010,-161.22,,telephone,M,D01217,,
bank/aib_current_2010.csv,165,20/05/2010,-250.00,,drawings,N,,,
bank/aib_current_2010.csv,166,20/05/2010,-200.00,,savings,N,,,
bank/aib_current_2010.csv,167,20/05/2010,-1465.29,,vet_medicine,Y,D01121;D01122,,
bank/aib_current_2010.csv,168,21/05/2010,-183.14,,personal_groceries,N,,,household spending
bank/aib_current_2010.csv,169,24/05/2010,-462.37,,vet_medicine,Y,D01129,WRONG_REF,
bank/aib_current_2010.csv,170,24/05/2010,-1115.82,,electricity,M,D01216,,
bank/aib_current_2010.csv,171,24/05/2010,1848.66,,livestock_sale,Y,D04516;D04517,,net of commission
bank/aib_current_2010.csv,172,24/05/2010,-92.08,,family_fuel,N,,,
bank/aib_current_2010.csv,173,24/05/2010,-72.10,,personal_misc,N,,,
bank/aib_current_2010.csv,174,24/05/2010,-1661.28,,fuel,Y,D01149,,
bank/aib_current_2010.csv,175,24/05/2010,-290.84,,repairs,Y,D01163,,
bank/aib_current_2010.csv,176,25/05/2010,52151.28,,milk_receipt,Y,D00106;D00107,,net of co-op deductions
bank/aib_current_2010.csv,177,25/05/2010,929.58,,personal_paye_income,N,,,"spouse PAYE, personal income"
bank/aib_current_2010.csv,178,25/05/2010,-249.63,,personal_groceries,N,,,household spending
bank/aib_current_2010.csv,179,28/05/2010,-1395.94,,wages_net,Y,,,
bank/aib_current_2010.csv,180,28/05/2010,-330.08,,wages_net,Y,,,
bank/aib_current_2010.csv,181,31/05/2010,-488.05,,repairs,Y,D01159,,
bank/aib_current_2010.csv,182,31/05/2010,-258.01,,repairs,Y,D01182,,
bank/aib_current_2010.csv,183,31/05/2010,-16.80,,bank_charges,Y,,,
bank/aib_current_2010.csv,184,01/06/2010,-2119.98,,fuel,Y,D01152,,
bank/aib_current_2010.csv,185,01/06/2010,-638.60,,utilities,M,D01235,,
bank/aib_current_2010.csv,186,01/06/2010,-2180.00,,drawings,N,,,
bank/aib_current_2010.csv,187,03/06/2010,-139.14,,personal_groceries,N,,,household spending
bank/aib_current_2010.csv,188,06/06/2010,-207.36,,personal_groceries,N,,,household spending
bank/aib_current_2010.csv,189,07/06/2010,-2458.49,,fuel,Y,D01146,,
bank/aib_current_2010.csv,190,07/06/2010,-220.99,,personal_groceries,N,,,household spending
bank/aib_current_2010.csv,191,07/06/2010,-515.00,,pension_personal,N,,,personal pension; relief claimed on the personal return
bank/aib_current_2010.csv,192,08/06/2010,-1200.35,,loan_repayment,Y,,,"interest 244.66, capital 955.68"
bank/aib_current_2010.csv,193,11/06/2010,-250.00,,drawings,N,,,
bank/aib_current_2010.csv,194,14/06/2010,-1871.54,,paye_prsi_usc,Y,,,
bank/aib_current_2010.csv,195,14/06/2010,-391.40,,health_insurance,N,,,
bank/aib_current_2010.csv,196,15/06/2010,-800.00,,wages_unrecorded,Y,,E4-ghost,"no payslip, not on payroll, no PAYE/PRSI"
bank/aib_current_2010.csv,197,15/06/2010,-7526.75,,fertiliser,Y,D01095,,
bank/aib_current_2010.csv,198,16/06/2010,-250.00,,drawings,N,,,
bank/aib_current_2010.csv,199,17/06/2010,-1667.71,,breeding_ai,Y,D01134;D01135,,
bank/aib_current_2010.csv,200,17/06/2010,-1262.86,,fuel,Y,D01151,,
bank/aib_current_2010.csv,201,18/06/2010,-35090.00,,capital_equipment,Y,D05093,,stage payment
bank/aib_current_2010.csv,202,18/06/2010,-300.00,,drawings,N,,,
bank/aib_current_2010.csv,203,21/06/2010,-156.62,,telephone,M,D01219,,
bank/aib_current_2010.csv,204,21/06/2010,-300.00,,drawings,N,,,
bank/aib_current_2010.csv,205,21/06/2010,-200.00,,savings,N,,,
bank/aib_current_2010.csv,206,22/06/2010,-72.10,,personal_misc,N,,,
bank/aib_current_2010.csv,207,22/06/2010,-1034.95,,vet_medicine,Y,D01109;D01117,,
bank/aib_current_2010.csv,208,23/06/2010,-1160.56,,electricity,M,D01218,,
bank/aib_current_2010.csv,209,25/06/2010,55562.98,,milk_receipt,Y,D00108;D00109,,net of co-op deductions
bank/aib_current_2010.csv,210,25/06/2010,929.58,,personal_paye_income,N,,,"spouse PAYE, personal income"
bank/aib_current_2010.csv,211,26/06/2010,-186.07,,personal_groceries,N,,,household spending
bank/aib_current_2010.csv,212,27/06/2010,-95.00,,family_fuel,N,,,
bank/aib_current_2010.csv,213,28/06/2010,-598.82,,repairs,Y,D01166,,
bank/aib_current_2010.csv,214,28/06/2010,-586.96,,dairy_hygiene,Y,D01196,,
bank/aib_current_2010.csv,215,28/06/2010,-1395.94,,wages_net,Y,,,
bank/aib_current_2010.csv,216,28/06/2010,-325.46,,wages_net,Y,,,
bank/aib_current_2010.csv,217,28/06/2010,-159.24,,personal_groceries,N,,,household spending
bank/aib_current_2010.csv,218,30/06/2010,-16.80,,bank_charges,Y,,,
bank/aib_current_2010.csv,219,30/06/2010,-560.00,,bank_charges,Y,,,
bank/aib_current_2010.csv,220,01/07/2010,-778.85,,dairy_hygiene,Y,D01195,,
bank/aib_current_2010.csv,221,01/07/2010,-2180.00,,drawings,N,,,
bank/aib_current_2010.csv,222,01/07/2010,-125.70,,personal_groceries,N,,,household spending
bank/aib_current_2010.csv,223,02/07/2010,-250.00,,drawings,N,,,
bank/aib_current_2010.csv,224,02/07/2010,-217.60,,personal_groceries,N,,,household spending
bank/aib_current_2010.csv,225,04/07/2010,-111.29,,personal_groceries,N,,,household spending
bank/aib_current_2010.csv,226,05/07/2010,-509.72,,vet_medicine,Y,D01118,,
bank/aib_current_2010.csv,227,05/07/2010,-724.66,,silage_plastic,Y,D01200,,
bank/aib_current_2010.csv,228,05/07/2010,-1121.67,,professional_fees,Y,D01234,,
bank/aib_current_2010.csv,229,05/07/2010,-233.18,,personal_groceries,N,,,household spending
bank/aib_current_2010.csv,230,05/07/2010,-515.00,,pension_personal,N,,,personal pension; relief claimed on the personal return
bank/aib_current_2010.csv,231,08/07/2010,-1200.35,,loan_repayment,Y,,,"interest 242.03, capital 958.31"
bank/aib_current_2010.csv,232,11/07/2010,-300.00,,drawings,N,,,
bank/aib_current_2010.csv,233,11/07/2010,-183.89,,personal_groceries,N,,,household spending
bank/aib_current_2010.csv,234,12/07/2010,-200.00,,drawings,N,,,
bank/aib_current_2010.csv,235,12/07/2010,-391.40,,health_insurance,N,,,
bank/aib_current_2010.csv,236,13/07/2010,-300.00,,drawings,N,,,
bank/aib_current_2010.csv,237,14/07/2010,-292.23,,repairs,Y,D01176,,
bank/aib_current_2010.csv,238,14/07/2010,-1866.41,,paye_prsi_usc,Y,,,
bank/aib_current_2010.csv,239,14/07/2010,-3631.46,,family_holiday,N,,,family holiday paid by the farm account
bank/aib_current_2010.csv,240,15/07/2010,-750.00,,wages_unrecorded,Y,,E4-ghost,"no payslip, not on payroll, no PAYE/PRSI"
bank/aib_current_2010.csv,241,15/07/2010,-1466.63,,dairy_hygiene,Y,D01190;D01194;D01197,,
bank/aib_current_2010.csv,242,15/07/2010,-4081.14,,vet_medicine,Y,D01112;D01116;D01120;D01124;D01126,,
bank/aib_current_2010.csv,243,17/07/2010,-328.28,,personal_groceries,N,,,household spending
bank/aib_current_2010.csv,244,18/07/2010,-150.00,,drawings,N,,,
bank/aib_current_2010.csv,245,19/07/2010,-542.62,,repairs,Y,D01180,,
bank/aib_current_2010.csv,246,19/07/2010,-1160.24,,silage_plastic,Y,D01201,,
bank/aib_current_2010.csv,247,19/07/2010,-165.18,,telephone,M,D01221,,
bank/aib_current_2010.csv,248,19/07/2010,-1024.92,,breeding_ai,Y,D01136,,
bank/aib_current_2010.csv,249,19/07/2010,-787.78,,repairs,Y,D01156;D01161,,
bank/aib_current_2010.csv,250,20/07/2010,-200.00,,savings,N,,,
bank/aib_current_2010.csv,251,22/07/2010,-1047.91,,electricity,M,D01220,,
bank/aib_current_2010.csv,252,22/07/2010,-72.10,,personal_misc,N,,,
bank/aib_current_2010.csv,253,23/07/2010,-35090.00,,capital_equipment,Y,D05093,,stage payment
bank/aib_current_2010.csv,254,24/07/2010,-63.51,,family_fuel,N,,,
bank/aib_current_2010.csv,255,26/07/2010,52024.05,,milk_receipt,Y,D00110;D00111,,net of co-op deductions
bank/aib_current_2010.csv,256,26/07/2010,5158.41,,livestock_sale,Y,D04524,,
bank/aib_current_2010.csv,257,28/07/2010,-1395.94,,wages_net,Y,,,
bank/aib_current_2010.csv,258,28/07/2010,-335.96,,wages_net,Y,,,
bank/aib_current_2010.csv,259,30/07/2010,5253.25,,livestock_sale,Y,D04522;D04523,,
bank/aib_current_2010.csv,260,31/07/2010,-16.80,,bank_charges,Y,,,
bank/aib_current_2010.csv,261,02/08/2010,-478.78,,repairs,Y,D01164,,
bank/aib_current_2010.csv,262,02/08/2010,-10285.00,,capital_equipment,Y,D05094,,
bank/aib_current_2010.csv,263,02/08/2010,-2180.00,,drawings,N,,,
bank/aib_current_2010.csv,264,02/08/2010,-130.00,,personal_groceries,N,,,household spending
bank/aib_current_2010.csv,265,04/08/2010,-243.57,,personal_groceries,N,,,household spending
bank/aib_current_2010.csv,266,05/08/2010,-250.00,,drawings,N,,,
bank/aib_current_2010.csv,267,05/08/2010,-515.00,,pension_personal,N,,,personal pension; relief claimed on the personal return
bank/aib_current_2010.csv,268,09/08/2010,-1042.17,,breeding_ai,Y,D01131,,
bank/aib_current_2010.csv,269,09/08/2010,-1200.35,,loan_repayment,Y,,,"interest 239.40, capital 960.95"
bank/aib_current_2010.csv,270,12/08/2010,-391.40,,health_insurance,N,,,
bank/aib_current_2010.csv,271,16/08/2010,-419.40,,breeding_ai,Y,D01133,,
bank/aib_current_2010.csv,272,16/08/2010,-1878.10,,paye_prsi_usc,Y,,,
bank/aib_current_2010.csv,273,16/08/2010,-750.00,,wages_unrecorded,Y,,E4-ghost,"no payslip, not on payroll, no PAYE/PRSI"
bank/aib_current_2010.csv,274,17/08/2010,-2348.05,,contractors,Y,D01143,,
bank/aib_current_2010.csv,275,18/08/2010,-155.28,,telephone,M,D01223,,
bank/aib_current_2010.csv,276,18/08/2010,-94.01,,family_fuel,N,,,
bank/aib_current_2010.csv,277,18/08/2010,-106.50,,personal_misc,N,,,
bank/aib_current_2010.csv,278,20/08/2010,-200.00,,savings,N,,,
bank/aib_current_2010.csv,279,21/08/2010,-300.00,,drawings,N,,,
bank/aib_current_2010.csv,280,23/08/2010,-1093.86,,electricity,M,D01222,,
bank/aib_current_2010.csv,281,23/08/2010,-203.73,,personal_groceries,N,,,household spending
bank/aib_current_2010.csv,282,23/08/2010,-72.10,,personal_misc,N,,,
bank/aib_current_2010.csv,283,23/08/2010,-410.96,,dairy_hygiene,Y,D01199,,
bank/aib_current_2010.csv,284,23/08/2010,-4357.82,,contractors,Y,D01139,,
bank/aib_current_2010.csv,285,24/08/2010,-788.12,,foot_care,Y,D01206,,
bank/aib_current_2010.csv,286,25/08/2010,45091.14,,milk_receipt,Y,D00112;D00113,,net of co-op deductions
bank/aib_current_2010.csv,287,26/08/2010,-255.63,,personal_groceries,N,,,household spending
bank/aib_current_2010.csv,288,27/08/2010,-150.00,,drawings,N,,,
bank/aib_current_2010.csv,289,27/08/2010,-152.55,,personal_groceries,N,,,household spending
bank/aib_current_2010.csv,290,28/08/2010,-250.00,,drawings,N,,,
bank/aib_current_2010.csv,291,30/08/2010,-1726.43,,fuel,Y,D01153,,
bank/aib_current_2010.csv,292,30/08/2010,-570.08,,repairs,Y,D01171,,
bank/aib_current_2010.csv,293,30/08/2010,5020.01,,livestock_sale,Y,D04518,,
bank/aib_current_2010.csv,294,30/08/2010,-1395.94,,wages_net,Y,,,
bank/aib_current_2010.csv,295,30/08/2010,-319.08,,wages_net,Y,,,
bank/aib_current_2010.csv,296,31/08/2010,-16.80,,bank_charges,Y,,,
bank/aib_current_2010.csv,297,01/09/2010,-2180.00,,drawings,N,,,
bank/aib_current_2010.csv,298,01/09/2010,-150.00,,drawings,N,,,
bank/aib_current_2010.csv,299,03/09/2010,-233.80,,personal_groceries,N,,,household spending
bank/aib_current_2010.csv,300,06/09/2010,-515.00,,pension_personal,N,,,personal pension; relief claimed on the personal return
bank/aib_current_2010.csv,301,06/09/2010,-1133.00,,personal_education,N,,,
bank/aib_current_2010.csv,302,08/09/2010,-1200.35,,loan_repayment,Y,,,"interest 236.75, capital 963.59"
bank/aib_current_2010.csv,303,10/09/2010,-109.05,,personal_groceries,N,,,household spending
bank/aib_current_2010.csv,304,12/09/2010,-290.98,,personal_groceries,N,,,household spending
bank/aib_current_2010.csv,305,13/09/2010,-250.00,,drawings,N,,,
bank/aib_current_2010.csv,306,13/09/2010,-391.40,,health_insurance,N,,,
bank/aib_current_2010.csv,307,14/09/2010,-1859.34,,paye_prsi_usc,Y,,,
bank/aib_current_2010.csv,308,15/09/2010,-750.00,,wages_unrecorded,Y,,E4-ghost,"no payslip, not on payroll, no PAYE/PRSI"
bank/aib_current_2010.csv,309,15/09/2010,-300.00,,drawings,N,,,
bank/aib_current_2010.csv,310,15/09/2010,-86.35,,family_fuel,N,,,
bank/aib_current_2010.csv,311,17/09/2010,-604.84,,vet_medicine,Y,D01119,,
bank/aib_current_2010.csv,312,19/09/2010,-200.00,,drawings,N,,,
bank/aib_current_2010.csv,313,20/09/2010,-183.38,,telephone,M,D01225,,
bank/aib_current_2010.csv,314,20/09/2010,-200.00,,savings,N,,,
bank/aib_current_2010.csv,315,20/09/2010,-1234.89,,dairy_hygiene,Y,D01189;D01192,,
bank/aib_current_2010.csv,316,20/09/2010,-4645.17,,contractors,Y,D01144;D01145,,
bank/aib_current_2010.csv,317,20/09/2010,-627.57,,silage_plastic,Y,D01202,,
bank/aib_current_2010.csv,318,22/09/2010,-897.12,,electricity,M,D01224,,
bank/aib_current_2010.csv,319,22/09/2010,-72.10,,personal_misc,N,,,
bank/aib_current_2010.csv,320,23/09/2010,-480.53,,repairs,Y,D01178,,
bank/aib_current_2010.csv,321,24/09/2010,-250.00,,drawings,N,,,
bank/aib_current_2010.csv,322,26/09/2010,-334.06,,personal_groceries,N,,,household spending
bank/aib_current_2010.csv,323,27/09/2010,39521.87,,milk_receipt,Y,D00114;D00115,,net of co-op deductions
bank/aib_current_2010.csv,324,27/09/2010,929.58,,personal_paye_income,N,,,"spouse PAYE, personal income"
bank/aib_current_2010.csv,325,28/09/2010,-1395.94,,wages_net,Y,,,
bank/aib_current_2010.csv,326,28/09/2010,-324.59,,wages_net,Y,,,
bank/aib_current_2010.csv,327,30/09/2010,-16.80,,bank_charges,Y,,,
bank/aib_current_2010.csv,328,01/10/2010,-477.44,,repairs,Y,D01181,,
bank/aib_current_2010.csv,329,01/10/2010,-2180.00,,drawings,N,,,
bank/aib_current_2010.csv,330,01/10/2010,-150.00,,drawings,N,,,
bank/aib_current_2010.csv,331,02/10/2010,-244.82,,personal_groceries,N,,,household spending
bank/aib_current_2010.csv,332,05/10/2010,-515.00,,pension_personal,N,,,personal pension; relief claimed on the personal return
bank/aib_current_2010.csv,333,08/10/2010,-1200.35,,loan_repayment,Y,,,"interest 234.10, capital 966.24"
bank/aib_current_2010.csv,334,09/10/2010,-300.00,,drawings,N,,,
bank/aib_current_2010.csv,335,12/10/2010,-391.40,,health_insurance,N,,,
bank/aib_current_2010.csv,336,13/10/2010,-113.21,,personal_groceries,N,,,household spending
bank/aib_current_2010.csv,337,14/10/2010,-1865.46,,paye_prsi_usc,Y,,,
bank/aib_current_2010.csv,338,15/10/2010,-708.09,,foot_care,Y,D01205,,
bank/aib_current_2010.csv,339,15/10/2010,-800.00,,wages_unrecorded,Y,,E4-ghost,"no payslip, not on payroll, no PAYE/PRSI"
bank/aib_current_2010.csv,340,15/10/2010,-150.00,,drawings,N,,,
bank/aib_current_2010.csv,341,15/10/2010,-1250.31,,vet_medicine,Y,D01104;D01115,,
bank/aib_current_2010.csv,342,16/10/2010,-57.05,,family_fuel,N,,,
bank/aib_current_2010.csv,343,18/10/2010,-7302.50,,contractors,Y,D01140;D01141;D01142,,
bank/aib_current_2010.csv,344,19/10/2010,4633.20,,livestock_sale,Y,D04519,,
bank/aib_current_2010.csv,345,19/10/2010,-552.90,,repairs,Y,D01155,,
bank/aib_current_2010.csv,346,20/10/2010,-172.40,,telephone,M,D01227,,
bank/aib_current_2010.csv,347,20/10/2010,-200.00,,savings,N,,,
bank/aib_current_2010.csv,348,20/10/2010,-7684.95,,feed,Y,D01084;D01091,,
bank/aib_current_2010.csv,349,21/10/2010,-1043.00,,electricity,M,D01226,,
bank/aib_current_2010.csv,350,21/10/2010,-309.64,,personal_groceries,N,,,household spending
bank/aib_current_2010.csv,351,22/10/2010,5043.07,,livestock_sale,Y,D04520;D04521,,
bank/aib_current_2010.csv,352,22/10/2010,-72.10,,personal_misc,N,,,
bank/aib_current_2010.csv,353,23/10/2010,-146.81,,personal_groceries,N,,,household spending
bank/aib_current_2010.csv,354,25/10/2010,32302.61,,milk_receipt,Y,D00116;D00117,,net of co-op deductions
bank/aib_current_2010.csv,355,25/10/2010,929.58,,personal_paye_income,N,,,"spouse PAYE, personal income"
bank/aib_current_2010.csv,356,26/10/2010,-250.00,,drawings,N,,,
bank/aib_current_2010.csv,357,27/10/2010,-200.00,,drawings,N,,,
bank/aib_current_2010.csv,358,28/10/2010,-1395.94,,wages_net,Y,,,
bank/aib_current_2010.csv,359,28/10/2010,-326.22,,wages_net,Y,,,
bank/aib_current_2010.csv,360,29/10/2010,-38000.00,,own_transfer,T,,,
bank/aib_current_2010.csv,361,31/10/2010,-16.80,,bank_charges,Y,,,
bank/aib_current_2010.csv,362,01/11/2010,-2180.00,,drawings,N,,,
bank/aib_current_2010.csv,363,01/11/2010,-64.73,,family_fuel,N,,,
bank/aib_current_2010.csv,364,01/11/2010,-19600.00,,personal_tax,N,,,"farmer income tax: personal liability, not a farm expense"
bank/aib_current_2010.csv,365,02/11/2010,-150.00,,drawings,N,,,
bank/aib_current_2010.csv,366,04/11/2010,2400.00,,forestry_premium,X,,,exempt from income tax; not a trading receipt
bank/aib_current_2010.csv,367,05/11/2010,-150.00,,drawings,N,,,
bank/aib_current_2010.csv,368,05/11/2010,-515.00,,pension_personal,N,,,personal pension; relief claimed on the personal return
bank/aib_current_2010.csv,369,08/11/2010,-1200.35,,loan_repayment,Y,,,"interest 231.45, capital 968.90"
bank/aib_current_2010.csv,370,12/11/2010,-649.32,,repairs,Y,D01154,,
bank/aib_current_2010.csv,371,12/11/2010,-8500.00,,capital_equipment,Y,,MISSING_INVOICE,"cheque to machinery dealer, no invoice on file; stub says ""shed"""
bank/aib_current_2010.csv,372,12/11/2010,-300.00,,drawings,N,,,
bank/aib_current_2010.csv,373,12/11/2010,-391.40,,health_insurance,N,,,
bank/aib_current_2010.csv,374,14/11/2010,-200.00,,drawings,N,,,
bank/aib_current_2010.csv,375,15/11/2010,-2566.10,,fuel,Y,D01148,,
bank/aib_current_2010.csv,376,15/11/2010,-741.73,,dairy_hygiene,Y,D01198,,
bank/aib_current_2010.csv,377,15/11/2010,-1867.25,,paye_prsi_usc,Y,,,
bank/aib_current_2010.csv,378,15/11/2010,-850.00,,wages_unrecorded,Y,,E4-ghost,"no payslip, not on payroll, no PAYE/PRSI"
bank/aib_current_2010.csv,379,15/11/2010,-96.68,,personal_groceries,N,,,household spending
bank/aib_current_2010.csv,380,17/11/2010,-1077.67,,electricity,M,D01228,,
bank/aib_current_2010.csv,381,17/11/2010,-2143.44,,fuel,Y,D01150,,
bank/aib_current_2010.csv,382,18/11/2010,-693.35,,dairy_hygiene,Y,D01191,,
bank/aib_current_2010.csv,383,19/11/2010,-505.07,,repairs,Y,D01177,,
bank/aib_current_2010.csv,384,19/11/2010,-184.67,,telephone,M,D01229,,
bank/aib_current_2010.csv,385,19/11/2010,-1130.55,,vet_medicine,Y,D01099;D01110,,
bank/aib_current_2010.csv,386,21/11/2010,-241.45,,personal_groceries,N,,,household spending
bank/aib_current_2010.csv,387,22/11/2010,-200.00,,savings,N,,,
bank/aib_current_2010.csv,388,22/11/2010,-72.10,,personal_misc,N,,,
bank/aib_current_2010.csv,389,22/11/2010,-956.81,,repairs,Y,D01170;D01173;D01174,,
bank/aib_current_2010.csv,390,24/11/2010,-199.41,,fallen_animals,Y,D04502,,
bank/aib_current_2010.csv,391,24/11/2010,-130.25,,personal_groceries,N,,,household spending
bank/aib_current_2010.csv,392,24/11/2010,-4282.33,,feed,Y,D01082,,
bank/aib_current_2010.csv,393,24/11/2010,-603.34,,foot_care,Y,D01204,,
bank/aib_current_2010.csv,394,25/11/2010,19304.45,,milk_receipt,Y,D00118;D00119,,net of co-op deductions
bank/aib_current_2010.csv,395,25/11/2010,-12000.00,,land_rent,Y,D01236,,
bank/aib_current_2010.csv,396,25/11/2010,929.58,,personal_paye_income,N,,,"spouse PAYE, personal income"
bank/aib_current_2010.csv,397,25/11/2010,-240.31,,personal_groceries,N,,,household spending
bank/aib_current_2010.csv,398,29/11/2010,-1395.94,,wages_net,Y,,,
bank/aib_current_2010.csv,399,29/11/2010,-329.20,,wages_net,Y,,,
bank/aib_current_2010.csv,400,30/11/2010,-16.80,,bank_charges,Y,,,
bank/aib_current_2010.csv,401,30/11/2010,-43.36,,bank_interest,Y,,,
bank/aib_current_2010.csv,402,01/12/2010,-2180.00,,drawings,N,,,
bank/aib_current_2010.csv,403,01/12/2010,-200.00,,drawings,N,,,
bank/aib_current_2010.csv,404,02/12/2010,17509.94,,scheme_income,Y,,,
bank/aib_current_2010.csv,405,05/12/2010,-200.00,,drawings,N,,,
bank/aib_current_2010.csv,406,06/12/2010,-250.00,,drawings,N,,,
bank/aib_current_2010.csv,407,06/12/2010,-515.00,,pension_personal,N,,,personal pension; relief claimed on the personal return
bank/aib_current_2010.csv,408,08/12/2010,-1200.35,,loan_repayment,Y,,,"interest 228.78, capital 971.56"
bank/aib_current_2010.csv,409,10/12/2010,-1629.93,,personal_misc,N,,,
bank/aib_current_2010.csv,410,13/12/2010,2932.00,,scheme_income,Y,,,
bank/aib_current_2010.csv,411,13/12/2010,-391.40,,health_insurance,N,,,
bank/aib_current_2010.csv,412,14/12/2010,-1870.56,,paye_prsi_usc,Y,,,
bank/aib_current_2010.csv,413,15/12/2010,-866.35,,vet_medicine,Y,D01105,,
bank/aib_current_2010.csv,414,17/12/2010,-779.88,,foot_care,Y,D01203,,
bank/aib_current_2010.csv,415,17/12/2010,-4529.97,,feed,Y,D01089,,
bank/aib_current_2010.csv,416,20/12/2010,-169.52,,telephone,M,D01231,,
bank/aib_current_2010.csv,417,20/12/2010,4800.00,,scheme_income,Y,,,
bank/aib_current_2010.csv,418,20/12/2010,-3500.00,,ghost_supplier,N,D05124,E12-ghost,
bank/aib_current_2010.csv,419,20/12/2010,-5000.00,,ghost_supplier,N,D05125,E12-ghost,
bank/aib_current_2010.csv,420,20/12/2010,-109.91,,personal_groceries,N,,,household spending
bank/aib_current_2010.csv,421,20/12/2010,-137.41,,personal_groceries,N,,,household spending
bank/aib_current_2010.csv,422,20/12/2010,-200.00,,savings,N,,,
bank/aib_current_2010.csv,423,20/12/2010,-683.30,,dairy_hygiene,Y,D01187,,
bank/aib_current_2010.csv,424,20/12/2010,-564.07,,repairs,Y,D01184,,
bank/aib_current_2010.csv,425,22/12/2010,-599.28,,foot_care,Y,D01207,,
bank/aib_current_2010.csv,426,22/12/2010,-72.10,,personal_misc,N,,,
bank/aib_current_2010.csv,427,23/12/2010,-1005.80,,electricity,M,D01230,,
bank/aib_current_2010.csv,428,23/12/2010,-1126.12,,vet_medicine,Y,D01102;D01103,,
bank/aib_current_2010.csv,429,24/12/2010,-88.22,,personal_groceries,N,,,household spending
bank/aib_current_2010.csv,430,27/12/2010,8870.86,,milk_receipt,Y,D00120;D00121,,net of co-op deductions
bank/aib_current_2010.csv,431,27/12/2010,-586.73,,vet_medicine,Y,D01101,,
bank/aib_current_2010.csv,432,27/12/2010,-444.19,,repairs,Y,D01158,,
bank/aib_current_2010.csv,433,27/12/2010,929.58,,personal_paye_income,N,,,"spouse PAYE, personal income"
bank/aib_current_2010.csv,434,28/12/2010,-1395.94,,wages_net,Y,,,
bank/aib_current_2010.csv,435,28/12/2010,-330.57,,wages_net,Y,,,
bank/aib_current_2010.csv,436,28/12/2010,-192.91,,personal_groceries,N,,,household spending
bank/aib_current_2010.csv,437,28/12/2010,-178.71,,personal_groceries,N,,,household spending
bank/aib_current_2010.csv,438,31/12/2010,-16.80,,bank_charges,Y,,,
bank/aib_current_2010.csv,439,31/12/2010,-22.54,,bank_interest,Y,,,
bank/aib_current_2011.csv,2,02/01/2011,-200.00,,drawings,N,,,
bank/aib_current_2011.csv,3,03/01/2011,-2300.00,,drawings,N,,,
bank/aib_current_2011.csv,4,03/01/2011,-121.03,,personal_groceries,N,,,household spending
bank/aib_current_2011.csv,5,05/01/2011,-123.31,,personal_groceries,N,,,household spending
bank/aib_current_2011.csv,6,05/01/2011,-525.00,,pension_personal,N,,,personal pension; relief claimed on the personal return
bank/aib_current_2011.csv,7,10/01/2011,-1226.48,,loan_repayment,Y,,,"interest 274.07, capital 952.41"
bank/aib_current_2011.csv,8,10/01/2011,-307.50,,personal_groceries,N,,,household spending
bank/aib_current_2011.csv,9,12/01/2011,-56.30,,personal_misc,N,,,
bank/aib_current_2011.csv,10,12/01/2011,-399.00,,health_insurance,N,,,
bank/aib_current_2011.csv,11,14/01/2011,-657.25,,breeding_ai,Y,D01137,,
bank/aib_current_2011.csv,12,14/01/2011,-1872.07,,paye_prsi_usc,Y,,,
bank/aib_current_2011.csv,13,14/01/2011,-200.00,,drawings,N,,,
bank/aib_current_2011.csv,14,15/01/2011,-250.00,,drawings,N,,,
bank/aib_current_2011.csv,15,15/01/2011,-250.00,,drawings,N,,,
bank/aib_current_2011.csv,16,17/01/2011,-174.46,,personal_groceries,N,,,household spending
bank/aib_current_2011.csv,17,17/01/2011,-169.11,,personal_groceries,N,,,household spending
bank/aib_current_2011.csv,18,18/01/2011,-256.16,,repairs,Y,D01160,,
bank/aib_current_2011.csv,19,19/01/2011,-4000.79,,feed,Y,D01083,,
bank/aib_current_2011.csv,20,19/01/2011,-729.70,,vet_medicine,Y,D01106,,
bank/aib_current_2011.csv,21,20/01/2011,-175.14,,telephone,M,D01369,,
bank/aib_current_2011.csv,22,20/01/2011,-200.00,,savings,N,,,
bank/aib_current_2011.csv,23,24/01/2011,-1209.35,,electricity,M,D01368,,
bank/aib_current_2011.csv,24,24/01/2011,-195.63,,personal_groceries,N,,,household spending
bank/aib_current_2011.csv,25,24/01/2011,-73.50,,personal_misc,N,,,
bank/aib_current_2011.csv,26,24/01/2011,-2323.63,,fuel,Y,D01147,,
bank/aib_current_2011.csv,27,25/01/2011,1732.55,,milk_receipt,Y,D00122;D00123,,net of co-op deductions
bank/aib_current_2011.csv,28,25/01/2011,957.16,,personal_paye_income,N,,,"spouse PAYE, personal income"
bank/aib_current_2011.csv,29,26/01/2011,-76.85,,family_fuel,N,,,
bank/aib_current_2011.csv,30,28/01/2011,-1444.45,,wages_net,Y,,,
bank/aib_current_2011.csv,31,28/01/2011,-335.26,,wages_net,Y,,,
bank/aib_current_2011.csv,32,31/01/2011,-17.50,,bank_charges,Y,,,
bank/aib_current_2011.csv,33,31/01/2011,-136.27,,bank_interest,Y,,,
bank/aib_current_2011.csv,34,01/02/2011,-695.86,,vet_medicine,Y,D01114,,
bank/aib_current_2011.csv,35,01/02/2011,-2300.00,,drawings,N,,,
bank/aib_current_2011.csv,36,03/02/2011,-228.87,,personal_groceries,N,,,household spending
bank/aib_current_2011.csv,37,04/02/2011,-542.39,,repairs,Y,D01315,,
bank/aib_current_2011.csv,38,06/02/2011,-165.43,,personal_groceries,N,,,household spending
bank/aib_current_2011.csv,39,07/02/2011,-212.81,,personal_groceries,N,,,household spending
bank/aib_current_2011.csv,40,07/02/2011,-525.00,,pension_personal,N,,,personal pension; relief claimed on the personal return
bank/aib_current_2011.csv,41,08/02/2011,-399.42,,dairy_hygiene,Y,D01354,,
bank/aib_current_2011.csv,42,08/02/2011,-1226.48,,loan_repayment,Y,,,"interest 270.90, capital 955.58"
bank/aib_current_2011.csv,43,13/02/2011,-250.00,,drawings,N,,,
bank/aib_current_2011.csv,44,14/02/2011,-1931.10,,paye_prsi_usc,Y,,,
bank/aib_current_2011.csv,45,14/02/2011,-399.00,,health_insurance,N,,,
bank/aib_current_2011.csv,46,18/02/2011,-7838.10,,insurance,Y,D01392,,
bank/aib_current_2011.csv,47,18/02/2011,23200.00,,capital_grant,Y,,,
bank/aib_current_2011.csv,48,18/02/2011,-200.00,,drawings,N,,,
bank/aib_current_2011.csv,49,21/02/2011,-930.59,,electricity,M,D01370,,
bank/aib_current_2011.csv,50,21/02/2011,-181.88,,telephone,M,D01371,,
bank/aib_current_2011.csv,51,21/02/2011,-150.00,,drawings,N,,,
bank/aib_current_2011.csv,52,21/02/2011,-250.00,,drawings,N,,,
bank/aib_current_2011.csv,53,21/02/2011,-200.00,,savings,N,,,
bank/aib_current_2011.csv,54,22/02/2011,-73.50,,personal_misc,N,,,
bank/aib_current_2011.csv,55,23/02/2011,-9497.56,,feed,Y,D01241;D01249,,
bank/aib_current_2011.csv,56,24/02/2011,-217.20,,personal_groceries,N,,,household spending
bank/aib_current_2011.csv,57,25/02/2011,5662.51,,milk_receipt,Y,D00124;D00125,,net of co-op deductions
bank/aib_current_2011.csv,58,25/02/2011,957.16,,personal_paye_income,N,,,"spouse PAYE, personal income"
bank/aib_current_2011.csv,59,26/02/2011,-101.06,,personal_groceries,N,,,household spending
bank/aib_current_2011.csv,60,27/02/2011,-176.41,,personal_groceries,N,,,household spending
bank/aib_current_2011.csv,61,28/02/2011,-17.50,,bank_charges,Y,,,
bank/aib_current_2011.csv,62,28/02/2011,-1444.45,,wages_net,Y,,,
bank/aib_current_2011.csv,63,28/02/2011,-341.10,,wages_net,Y,,,
bank/aib_current_2011.csv,64,28/02/2011,-141.42,,bank_interest,Y,,,
bank/aib_current_2011.csv,65,01/03/2011,-2300.00,,drawings,N,,,
bank/aib_current_2011.csv,66,02/03/2011,-180.78,,personal_groceries,N,,,household spending
bank/aib_current_2011.csv,67,03/03/2011,-455.48,,vet_medicine,Y,D01270,,
bank/aib_current_2011.csv,68,03/03/2011,-208.68,,personal_groceries,N,,,household spending
bank/aib_current_2011.csv,69,04/03/2011,-377.29,,repairs,Y,D01338,,
bank/aib_current_2011.csv,70,05/03/2011,-250.00,,drawings,N,,,
bank/aib_current_2011.csv,71,07/03/2011,-525.00,,pension_personal,N,,,personal pension; relief claimed on the personal return
bank/aib_current_2011.csv,72,08/03/2011,-612.39,,vet_medicine,Y,D01286,,
bank/aib_current_2011.csv,73,08/03/2011,-1226.48,,loan_repayment,Y,,,"interest 267.71, capital 958.77"
bank/aib_current_2011.csv,74,10/03/2011,-142.54,,personal_groceries,N,,,household spending
bank/aib_current_2011.csv,75,11/03/2011,-250.00,,drawings,N,,,
bank/aib_current_2011.csv,76,12/03/2011,-300.00,,drawings,N,,,
bank/aib_current_2011.csv,77,12/03/2011,-250.00,,drawings,N,,,
bank/aib_current_2011.csv,78,12/03/2011,-242.35,,personal_groceries,N,,,household spending
bank/aib_current_2011.csv,79,14/03/2011,-384.84,,repairs,Y,D01314,,
bank/aib_current_2011.csv,80,14/03/2011,-1937.58,,paye_prsi_usc,Y,,,
bank/aib_current_2011.csv,81,14/03/2011,-300.00,,drawings,N,,,
bank/aib_current_2011.csv,82,14/03/2011,-399.00,,health_insurance,N,,,
bank/aib_current_2011.csv,83,15/03/2011,-800.00,,wages_unrecorded,Y,,E4-ghost,"no payslip, not on payroll, no PAYE/PRSI"
bank/aib_current_2011.csv,84,15/03/2011,-526.85,,repairs,Y,D01343,,
bank/aib_current_2011.csv,85,17/03/2011,-175.32,,personal_groceries,N,,,household spending
bank/aib_current_2011.csv,86,18/03/2011,-1179.90,,electricity,M,D01372,,
bank/aib_current_2011.csv,87,19/03/2011,-65.77,,family_fuel,N,,,
bank/aib_current_2011.csv,88,21/03/2011,-766.39,,vet_medicine,Y,D01257,,
bank/aib_current_2011.csv,89,21/03/2011,-185.40,,telephone,M,D01373,,
bank/aib_current_2011.csv,90,21/03/2011,-200.00,,savings,N,,,
bank/aib_current_2011.csv,91,22/03/2011,-73.50,,personal_misc,N,,,
bank/aib_current_2011.csv,92,22/03/2011,-2607.67,,vet_medicine,Y,D01267;D01268;D01277;D01279,,
bank/aib_current_2011.csv,93,23/03/2011,2113.35,,livestock_sale,Y,D04527;D04528,,net of commission
bank/aib_current_2011.csv,94,24/03/2011,-114.09,,personal_misc,N,,,
bank/aib_current_2011.csv,95,25/03/2011,18733.43,,milk_receipt,Y,D00126;D00127,,net of co-op deductions
bank/aib_current_2011.csv,96,25/03/2011,-3506.58,,professional_fees,Y,D01393,,
bank/aib_current_2011.csv,97,25/03/2011,957.16,,personal_paye_income,N,,,"spouse PAYE, personal income"
bank/aib_current_2011.csv,98,28/03/2011,-120.70,,fallen_animals,Y,D04526,,
bank/aib_current_2011.csv,99,28/03/2011,-1444.45,,wages_net,Y,,,
bank/aib_current_2011.csv,100,28/03/2011,-334.37,,wages_net,Y,,,
bank/aib_current_2011.csv,101,30/03/2011,-515.73,,dairy_hygiene,Y,D01352,,
bank/aib_current_2011.csv,102,31/03/2011,-17.50,,bank_charges,Y,,,
bank/aib_current_2011.csv,103,31/03/2011,-149.74,,bank_interest,Y,,,
bank/aib_current_2011.csv,104,01/04/2011,-2300.00,,drawings,N,,,
bank/aib_current_2011.csv,105,04/04/2011,-650.67,,breeding_ai,Y,D01291,,
bank/aib_current_2011.csv,106,04/04/2011,-1830.82,,fuel,Y,D01310,,
bank/aib_current_2011.csv,107,04/04/2011,1477.23,,contracting_income,Y,D04872,,
bank/aib_current_2011.csv,108,05/04/2011,-525.00,,pension_personal,N,,,personal pension; relief claimed on the personal return
bank/aib_current_2011.csv,109,06/04/2011,2100.92,,livestock_sale,Y,D04529;D04530,,net of commission
bank/aib_current_2011.csv,110,06/04/2011,-200.00,,drawings,N,,,
bank/aib_current_2011.csv,111,08/04/2011,-1226.48,,loan_repayment,Y,,,"interest 264.52, capital 961.96"
bank/aib_current_2011.csv,112,11/04/2011,-624.18,,repairs,Y,D01345,,
bank/aib_current_2011.csv,113,12/04/2011,-399.00,,health_insurance,N,,,
bank/aib_current_2011.csv,114,13/04/2011,2459.68,,livestock_sale,Y,D04531;D04532,,net of commission
bank/aib_current_2011.csv,115,13/04/2011,-232.40,,personal_groceries,N,,,household spending
bank/aib_current_2011.csv,116,14/04/2011,-1930.12,,paye_prsi_usc,Y,,,
bank/aib_current_2011.csv,117,15/04/2011,-700.00,,wages_unrecorded,Y,,E4-ghost,"no payslip, not on payroll, no PAYE/PRSI"
bank/aib_current_2011.csv,118,15/04/2011,-185.34,,personal_groceries,N,,,household spending
bank/aib_current_2011.csv,119,15/04/2011,-4439.94,,feed,Y,D01243,,
bank/aib_current_2011.csv,120,16/04/2011,-250.00,,drawings,N,,,
bank/aib_current_2011.csv,121,18/04/2011,-166.24,,telephone,M,D01375,,
bank/aib_current_2011.csv,122,18/04/2011,-139.76,,fallen_animals,Y,D04525,,
bank/aib_current_2011.csv,123,19/04/2011,-7642.11,,fertiliser,Y,D01255,,
bank/aib_current_2011.csv,124,19/04/2011,-6663.99,,contractors,Y,D01299;D01300,,
bank/aib_current_2011.csv,125,19/04/2011,-2772.96,,contractors,Y,D01298,,
bank/aib_current_2011.csv,126,20/04/2011,-369.76,,vet_medicine,Y,D01262,,
bank/aib_current_2011.csv,127,20/04/2011,-200.00,,savings,N,,,
bank/aib_current_2011.csv,128,21/04/2011,-286.69,,repairs,Y,D01340,,
bank/aib_current_2011.csv,129,21/04/2011,-1191.64,,electricity,M,D01374,,
bank/aib_current_2011.csv,130,21/04/2011,-86.09,,personal_groceries,N,,,household spending
bank/aib_current_2011.csv,131,22/04/2011,-73.50,,personal_misc,N,,,
bank/aib_current_2011.csv,132,22/04/2011,-377.54,,dairy_hygiene,Y,D01348,,
bank/aib_current_2011.csv,133,23/04/2011,-250.00,,drawings,N,,,
bank/aib_current_2011.csv,134,24/04/2011,-137.25,,personal_groceries,N,,,household spending
bank/aib_current_2011.csv,135,25/04/2011,28223.36,,milk_receipt,Y,D00128;D00129;D00130,,net of co-op deductions
bank/aib_current_2011.csv,136,25/04/2011,957.16,,personal_paye_income,N,,,"spouse PAYE, personal income"
bank/aib_current_2011.csv,137,25/04/2011,-150.86,,personal_groceries,N,,,household spending
bank/aib_current_2011.csv,138,25/04/2011,-2304.24,,fuel,Y,D01308,,
bank/aib_current_2011.csv,139,25/04/2011,-2129.22,,repairs,Y,D01321;D01327;D01330;D01333;D01335,,
bank/aib_current_2011.csv,140,25/04/2011,-3382.26,,vet_medicine,Y,D01260;D01261;D01273;D01284,,
bank/aib_current_2011.csv,141,26/04/2011,-200.00,,drawings,N,,,
bank/aib_current_2011.csv,142,28/04/2011,-1444.45,,wages_net,Y,,,
bank/aib_current_2011.csv,143,28/04/2011,-344.90,,wages_net,Y,,,
bank/aib_current_2011.csv,144,29/04/2011,2307.36,,livestock_sale,Y,D04533;D04534,,net of commission
bank/aib_current_2011.csv,145,29/04/2011,-203.25,,bank_interest,Y,,,
bank/aib_current_2011.csv,146,29/04/2011,47000.00,,own_transfer,T,,,
bank/aib_current_2011.csv,147,30/04/2011,-17.50,,bank_charges,Y,,,
bank/aib_current_2011.csv,148,01/05/2011,-63.00,,family_fuel,N,,,
bank/aib_current_2011.csv,149,02/05/2011,-2300.00,,drawings,N,,,
bank/aib_current_2011.csv,150,05/05/2011,-525.00,,pension_personal,N,,,personal pension; relief claimed on the personal return
bank/aib_current_2011.csv,151,09/05/2011,-632.38,,breeding_ai,Y,D01289,,
bank/aib_current_2011.csv,152,09/05/2011,2327.53,,livestock_sale,Y,D04535;D04536,,net of commission
bank/aib_current_2011.csv,153,09/05/2011,1300.00,,unexplained_credit,U,,E1-2011,cash lodgement with no source; probably part of the dealer cash
bank/aib_current_2011.csv,154,09/05/2011,-1226.48,,loan_repayment,Y,,,"interest 261.31, capital 965.17"
bank/aib_current_2011.csv,155,09/05/2011,-200.00,,drawings,N,,,
bank/aib_current_2011.csv,156,09/05/2011,-1260.00,,family_car_running,N,,,
bank/aib_current_2011.csv,157,12/05/2011,-399.00,,health_insurance,N,,,
bank/aib_current_2011.csv,158,16/05/2011,-703.40,,breeding_ai,Y,D01288,,
bank/aib_current_2011.csv,159,16/05/2011,-363.73,,repairs,Y,D01323,,
bank/aib_current_2011.csv,160,16/05/2011,-1941.80,,paye_prsi_usc,Y,,,
bank/aib_current_2011.csv,161,16/05/2011,-800.00,,wages_unrecorded,Y,,E4-ghost,"no payslip, not on payroll, no PAYE/PRSI"
bank/aib_current_2011.csv,162,16/05/2011,-161.47,,personal_groceries,N,,,household spending
bank/aib_current_2011.csv,163,17/05/2011,-5312.61,,fertiliser,Y,D01256,,
bank/aib_current_2011.csv,164,17/05/2011,-1842.29,,contractors,Y,D01303,,
bank/aib_current_2011.csv,165,17/05/2011,-687.67,,repairs,Y,D01339,,
bank/aib_current_2011.csv,166,18/05/2011,-171.63,,personal_groceries,N,,,household spending
bank/aib_current_2011.csv,167,19/05/2011,-1110.82,,electricity,M,D01376,,
bank/aib_current_2011.csv,168,20/05/2011,-184.78,,telephone,M,D01377,,
bank/aib_current_2011.csv,169,20/05/2011,10350.00,,tb_compensation,Y,,,9 reactors removed
bank/aib_current_2011.csv,170,20/05/2011,-200.00,,savings,N,,,
bank/aib_current_2011.csv,171,20/05/2011,-1354.07,,vet_medicine,Y,D01272;D01275,,
bank/aib_current_2011.csv,172,21/05/2011,-211.73,,personal_groceries,N,,,household spending
bank/aib_current_2011.csv,173,21/05/2011,-63.35,,personal_misc,N,,,
bank/aib_current_2011.csv,174,23/05/2011,-73.50,,personal_misc,N,,,
bank/aib_current_2011.csv,175,24/05/2011,-308.39,,repairs,Y,D01336,,
bank/aib_current_2011.csv,176,25/05/2011,55839.60,,milk_receipt,Y,D00131;D00132,,net of co-op deductions
bank/aib_current_2011.csv,177,25/05/2011,1946.75,,livestock_sale,Y,D04537;D04538,,net of commission
bank/aib_current_2011.csv,178,25/05/2011,957.16,,personal_paye_income,N,,,"spouse PAYE, personal income"
bank/aib_current_2011.csv,179,25/05/2011,-250.00,,drawings,N,,,
bank/aib_current_2011.csv,180,26/05/2011,-300.00,,drawings,N,,,
bank/aib_current_2011.csv,181,26/05/2011,-150.00,,drawings,N,,,
bank/aib_current_2011.csv,182,27/05/2011,-250.00,,drawings,N,,,
bank/aib_current_2011.csv,183,27/05/2011,-119.71,,personal_groceries,N,,,household spending
bank/aib_current_2011.csv,184,30/05/2011,-324.45,,dairy_hygiene,Y,D01353,,
bank/aib_current_2011.csv,185,30/05/2011,-1444.45,,wages_net,Y,,,
bank/aib_current_2011.csv,186,30/05/2011,-328.76,,wages_net,Y,,,
bank/aib_current_2011.csv,187,31/05/2011,-17.50,,bank_charges,Y,,,
bank/aib_current_2011.csv,188,31/05/2011,-48.50,,bank_charges,Y,,,
bank/aib_current_2011.csv,189,31/05/2011,-48.50,,bank_charges,Y,,BANK_ERROR,
bank/aib_current_2011.csv,190,01/06/2011,-2300.00,,drawings,N,,,
bank/aib_current_2011.csv,191,05/06/2011,-250.00,,drawings,N,,,
bank/aib_current_2011.csv,192,05/06/2011,-300.00,,drawings,N,,,
bank/aib_current_2011.csv,193,06/06/2011,-525.00,,pension_personal,N,,,personal pension; relief claimed on the personal return
bank/aib_current_2011.csv,194,07/06/2011,-651.00,,utilities,M,D01395,,
bank/aib_current_2011.csv,195,08/06/2011,-1226.48,,loan_repayment,Y,,,"interest 258.09, capital 968.39"
bank/aib_current_2011.csv,196,11/06/2011,-200.00,,drawings,N,,,
bank/aib_current_2011.csv,197,11/06/2011,-227.52,,personal_groceries,N,,,household spending
bank/aib_current_2011.csv,198,12/06/2011,-238.62,,personal_groceries,N,,,household spending
bank/aib_current_2011.csv,199,13/06/2011,916.33,,contracting_income,Y,D04870,,
bank/aib_current_2011.csv,200,13/06/2011,-399.00,,health_insurance,N,,,
bank/aib_current_2011.csv,201,14/06/2011,-1923.88,,paye_prsi_usc,Y,,,
bank/aib_current_2011.csv,202,15/06/2011,-750.00,,wages_unrecorded,Y,,E4-ghost,"no payslip, not on payroll, no PAYE/PRSI"
bank/aib_current_2011.csv,203,15/06/2011,-250.00,,drawings,N,,,
bank/aib_current_2011.csv,204,17/06/2011,-250.00,,drawings,N,,,
bank/aib_current_2011.csv,205,20/06/2011,-167.66,,telephone,M,D01379,,
bank/aib_current_2011.csv,206,20/06/2011,-240.55,,personal_groceries,N,,,household spending
bank/aib_current_2011.csv,207,20/06/2011,-200.00,,savings,N,,,
bank/aib_current_2011.csv,208,20/06/2011,-758.79,,breeding_ai,Y,D01294,,
bank/aib_current_2011.csv,209,20/06/2011,-378.95,,repairs,Y,D01346,,
bank/aib_current_2011.csv,210,20/06/2011,48.50,,bank_charges,Y,,BANK_ERROR,
bank/aib_current_2011.csv,211,21/06/2011,-1070.13,,electricity,M,D01378,,
bank/aib_current_2011.csv,212,21/06/2011,-4503.84,,fuel,Y,D01309;D01312,,
bank/aib_current_2011.csv,213,22/06/2011,-73.50,,personal_misc,N,,,
bank/aib_current_2011.csv,214,22/06/2011,-1457.02,,vet_medicine,Y,D01280;D01282,,
bank/aib_current_2011.csv,215,24/06/2011,-332.25,,personal_groceries,N,,,household spending
bank/aib_current_2011.csv,216,24/06/2011,-732.90,,dairy_hygiene,Y,D01359,,
bank/aib_current_2011.csv,217,25/06/2011,-145.48,,personal_groceries,N,,,household spending
bank/aib_current_2011.csv,218,25/06/2011,-123.27,,personal_groceries,N,,,household spending
bank/aib_current_2011.csv,219,27/06/2011,55440.03,,milk_receipt,Y,D00133;D00134,,net of co-op deductions
bank/aib_current_2011.csv,220,27/06/2011,-459.51,,repairs,Y,D01318,,
bank/aib_current_2011.csv,221,27/06/2011,957.16,,personal_paye_income,N,,,"spouse PAYE, personal income"
bank/aib_current_2011.csv,222,28/06/2011,-597.52,,repairs,Y,D01329,,
bank/aib_current_2011.csv,223,28/06/2011,-1444.45,,wages_net,Y,,,
bank/aib_current_2011.csv,224,28/06/2011,-325.51,,wages_net,Y,,,
bank/aib_current_2011.csv,225,30/06/2011,-17.50,,bank_charges,Y,,,
bank/aib_current_2011.csv,226,30/06/2011,-575.00,,bank_charges,Y,,,
bank/aib_current_2011.csv,227,30/06/2011,-61000.00,,own_transfer,T,,,
bank/aib_current_2011.csv,228,01/07/2011,-1143.45,,professional_fees,Y,D01394,,
bank/aib_current_2011.csv,229,01/07/2011,-2300.00,,drawings,N,,,
bank/aib_current_2011.csv,230,01/07/2011,-300.00,,drawings,N,,,
bank/aib_current_2011.csv,231,02/07/2011,-109.75,,personal_groceries,N,,,household spending
bank/aib_current_2011.csv,232,04/07/2011,-1006.68,,breeding_ai,Y,D01290,,
bank/aib_current_2011.csv,233,04/07/2011,-449.03,,repairs,Y,D01342,,
bank/aib_current_2011.csv,234,04/07/2011,-406.60,,dairy_hygiene,Y,D01347,,
bank/aib_current_2011.csv,235,05/07/2011,-525.00,,pension_personal,N,,,personal pension; relief claimed on the personal return
bank/aib_current_2011.csv,236,08/07/2011,-1226.48,,loan_repayment,Y,,,"interest 254.87, capital 971.62"
bank/aib_current_2011.csv,237,09/07/2011,-300.00,,drawings,N,,,
bank/aib_current_2011.csv,238,09/07/2011,-182.64,,personal_groceries,N,,,household spending
bank/aib_current_2011.csv,239,11/07/2011,-187.08,,personal_groceries,N,,,household spending
bank/aib_current_2011.csv,240,12/07/2011,7106.08,,livestock_sale,Y,D04542,,
bank/aib_current_2011.csv,241,12/07/2011,-399.00,,health_insurance,N,,,
bank/aib_current_2011.csv,242,13/07/2011,1956.68,,contracting_income,Y,D04871,,
bank/aib_current_2011.csv,243,14/07/2011,-1920.27,,paye_prsi_usc,Y,,,
bank/aib_current_2011.csv,244,14/07/2011,-200.00,,drawings,N,,,
bank/aib_current_2011.csv,245,14/07/2011,-3376.57,,family_holiday,N,,,family holiday paid by the farm account
bank/aib_current_2011.csv,246,15/07/2011,-700.00,,wages_unrecorded,Y,,E4-ghost,"no payslip, not on payroll, no PAYE/PRSI"
bank/aib_current_2011.csv,247,17/07/2011,-65.83,,family_fuel,N,,,
bank/aib_current_2011.csv,248,18/07/2011,-160.78,,telephone,M,D01381,,
bank/aib_current_2011.csv,249,19/07/2011,-1019.04,,breeding_ai,Y,D01293,,
bank/aib_current_2011.csv,250,19/07/2011,-250.00,,drawings,N,,,
bank/aib_current_2011.csv,251,20/07/2011,-1073.22,,electricity,M,D01380,,
bank/aib_current_2011.csv,252,20/07/2011,-117.14,,personal_groceries,N,,,household spending
bank/aib_current_2011.csv,253,20/07/2011,-200.00,,savings,N,,,
bank/aib_current_2011.csv,254,21/07/2011,-4615.47,,contractors,Y,D01302,,
bank/aib_current_2011.csv,255,22/07/2011,-688.65,,breeding_ai,Y,D01292,,
bank/aib_current_2011.csv,256,22/07/2011,-444.37,,repairs,Y,D01319,,
bank/aib_current_2011.csv,257,22/07/2011,-73.50,,personal_misc,N,,,
bank/aib_current_2011.csv,258,23/07/2011,-200.00,,drawings,N,,,
bank/aib_current_2011.csv,259,24/07/2011,-100.52,,personal_groceries,N,,,household spending
bank/aib_current_2011.csv,260,24/07/2011,-272.83,,personal_groceries,N,,,household spending
bank/aib_current_2011.csv,261,25/07/2011,53483.02,,milk_receipt,Y,D00135;D00136,,net of co-op deductions
bank/aib_current_2011.csv,262,27/07/2011,-33.93,,personal_misc,N,,,
bank/aib_current_2011.csv,263,28/07/2011,-1444.45,,wages_net,Y,,,
bank/aib_current_2011.csv,264,28/07/2011,-338.18,,wages_net,Y,,,
bank/aib_current_2011.csv,265,29/07/2011,-37000.00,,own_transfer,T,,,
bank/aib_current_2011.csv,266,31/07/2011,-17.50,,bank_charges,Y,,,
bank/aib_current_2011.csv,267,01/08/2011,-1581.31,,silage_plastic,Y,D01360,,
bank/aib_current_2011.csv,268,01/08/2011,-2300.00,,drawings,N,,,
bank/aib_current_2011.csv,269,01/08/2011,-107.04,,personal_groceries,N,,,household spending
bank/aib_current_2011.csv,270,03/08/2011,-85.72,,personal_groceries,N,,,household spending
bank/aib_current_2011.csv,271,04/08/2011,-80.66,,personal_groceries,N,,,household spending
bank/aib_current_2011.csv,272,05/08/2011,-525.00,,pension_personal,N,,,personal pension; relief claimed on the personal return
bank/aib_current_2011.csv,273,07/08/2011,-170.02,,personal_groceries,N,,,household spending
bank/aib_current_2011.csv,274,07/08/2011,-82.51,,personal_misc,N,,,
bank/aib_current_2011.csv,275,08/08/2011,-291.65,,repairs,Y,D01320,,
bank/aib_current_2011.csv,276,08/08/2011,-1226.48,,loan_repayment,Y,,,"interest 251.63, capital 974.85"
bank/aib_current_2011.csv,277,08/08/2011,-208.35,,personal_groceries,N,,,household spending
bank/aib_current_2011.csv,278,09/08/2011,-218.03,,personal_groceries,N,,,household spending
bank/aib_current_2011.csv,279,10/08/2011,-200.00,,drawings,N,,,
bank/aib_current_2011.csv,280,12/08/2011,-300.00,,drawings,N,,,
bank/aib_current_2011.csv,281,12/08/2011,-300.00,,drawings,N,,,
bank/aib_current_2011.csv,282,12/08/2011,-399.00,,health_insurance,N,,,
bank/aib_current_2011.csv,283,15/08/2011,-1934.34,,paye_prsi_usc,Y,,,
bank/aib_current_2011.csv,284,15/08/2011,-750.00,,wages_unrecorded,Y,,E4-ghost,"no payslip, not on payroll, no PAYE/PRSI"
bank/aib_current_2011.csv,285,18/08/2011,-165.10,,telephone,M,D01383,,
bank/aib_current_2011.csv,286,18/08/2011,-1873.27,,repairs,Y,D01316;D01328;D01331;D01332,,
bank/aib_current_2011.csv,287,19/08/2011,-250.00,,drawings,N,,,
bank/aib_current_2011.csv,288,22/08/2011,1664.85,,contracting_income,Y,D04873,,
bank/aib_current_2011.csv,289,22/08/2011,-200.00,,savings,N,,,
bank/aib_current_2011.csv,290,22/08/2011,-73.50,,personal_misc,N,,,
bank/aib_current_2011.csv,291,22/08/2011,-869.83,,vet_medicine,Y,D01266,,
bank/aib_current_2011.csv,292,23/08/2011,-1514.16,,silage_plastic,Y,D01362,,
bank/aib_current_2011.csv,293,23/08/2011,-1189.05,,electricity,M,D01382,,
bank/aib_current_2011.csv,294,23/08/2011,-550.65,,dairy_hygiene,Y,D01358,,
bank/aib_current_2011.csv,295,24/08/2011,-250.00,,drawings,N,,,
bank/aib_current_2011.csv,296,25/08/2011,49755.69,,milk_receipt,Y,D00137;D00138,,net of co-op deductions
bank/aib_current_2011.csv,297,29/08/2011,-1444.45,,wages_net,Y,,,
bank/aib_current_2011.csv,298,29/08/2011,-342.71,,wages_net,Y,,,
bank/aib_current_2011.csv,299,31/08/2011,-864.79,,foot_care,Y,D01367,,
bank/aib_current_2011.csv,300,31/08/2011,-17.50,,bank_charges,Y,,,
bank/aib_current_2011.csv,301,01/09/2011,-2300.00,,drawings,N,,,
bank/aib_current_2011.csv,302,03/09/2011,-67.33,,family_fuel,N,,,
bank/aib_current_2011.csv,303,04/09/2011,-266.59,,personal_groceries,N,,,household spending
bank/aib_current_2011.csv,304,05/09/2011,6761.88,,livestock_sale,Y,D04539,,
bank/aib_current_2011.csv,305,05/09/2011,-525.00,,pension_personal,N,,,personal pension; relief claimed on the personal return
bank/aib_current_2011.csv,306,05/09/2011,-1155.00,,personal_education,N,,,
bank/aib_current_2011.csv,307,06/09/2011,-1003.33,,fuel,Y,D01304,,
bank/aib_current_2011.csv,308,08/09/2011,-416.93,,vet_medicine,Y,D01281,,
bank/aib_current_2011.csv,309,08/09/2011,1878.82,,contracting_income,Y,D04869,,
bank/aib_current_2011.csv,310,08/09/2011,-1226.48,,loan_repayment,Y,,,"interest 248.38, capital 978.10"
bank/aib_current_2011.csv,311,08/09/2011,-250.00,,drawings,N,,,
bank/aib_current_2011.csv,312,11/09/2011,-250.00,,drawings,N,,,
bank/aib_current_2011.csv,313,12/09/2011,-250.00,,drawings,N,,,
bank/aib_current_2011.csv,314,12/09/2011,-399.00,,health_insurance,N,,,
bank/aib_current_2011.csv,315,14/09/2011,-436.69,,repairs,Y,D01334,,
bank/aib_current_2011.csv,316,14/09/2011,-1939.35,,paye_prsi_usc,Y,,,
bank/aib_current_2011.csv,317,15/09/2011,-278.63,,repairs,Y,D01325,WRONG_REF,
bank/aib_current_2011.csv,318,15/09/2011,-750.00,,wages_unrecorded,Y,,E4-ghost,"no payslip, not on payroll, no PAYE/PRSI"
bank/aib_current_2011.csv,319,16/09/2011,7982.47,,livestock_sale,Y,D04543,,
bank/aib_current_2011.csv,320,16/09/2011,-250.00,,drawings,N,,,
bank/aib_current_2011.csv,321,18/09/2011,-184.63,,personal_groceries,N,,,household spending
bank/aib_current_2011.csv,322,20/09/2011,-1467.17,,fuel,Y,D01306,,
bank/aib_current_2011.csv,323,20/09/2011,-1247.82,,electricity,M,D01384,,
bank/aib_current_2011.csv,324,20/09/2011,-187.89,,telephone,M,D01385,,
bank/aib_current_2011.csv,325,20/09/2011,-200.00,,savings,N,,,
bank/aib_current_2011.csv,326,21/09/2011,-1139.96,,dairy_hygiene,Y,D01356;D01357,,
bank/aib_current_2011.csv,327,22/09/2011,-150.00,,drawings,N,,,
bank/aib_current_2011.csv,328,22/09/2011,-73.50,,personal_misc,N,,,
bank/aib_current_2011.csv,329,22/09/2011,-2886.51,,contractors,Y,D01297,,
bank/aib_current_2011.csv,330,23/09/2011,-1695.59,,vet_medicine,Y,D01263;D01274,,
bank/aib_current_2011.csv,331,25/09/2011,-210.90,,personal_groceries,N,,,household spending
bank/aib_current_2011.csv,332,26/09/2011,42553.55,,milk_receipt,Y,D00139;D00140,,net of co-op deductions
bank/aib_current_2011.csv,333,26/09/2011,957.16,,personal_paye_income,N,,,"spouse PAYE, personal income"
bank/aib_current_2011.csv,334,27/09/2011,-620.42,,dairy_hygiene,Y,D01355,,
bank/aib_current_2011.csv,335,28/09/2011,-1444.45,,wages_net,Y,,,
bank/aib_current_2011.csv,336,28/09/2011,-341.85,,wages_net,Y,,,
bank/aib_current_2011.csv,337,28/09/2011,-82.51,,personal_groceries,N,,,household spending
bank/aib_current_2011.csv,338,29/09/2011,-573.14,,repairs,Y,D01326,,
bank/aib_current_2011.csv,339,30/09/2011,-17.50,,bank_charges,Y,,,
bank/aib_current_2011.csv,340,30/09/2011,-66000.00,,own_transfer,T,,,
bank/aib_current_2011.csv,341,01/10/2011,-181.37,,personal_groceries,N,,,household spending
bank/aib_current_2011.csv,342,03/10/2011,-513.92,,repairs,Y,D01322,,
bank/aib_current_2011.csv,343,03/10/2011,-2300.00,,drawings,N,,,
bank/aib_current_2011.csv,344,04/10/2011,-91.85,,family_fuel,N,,,
bank/aib_current_2011.csv,345,05/10/2011,-300.00,,drawings,N,,,
bank/aib_current_2011.csv,346,05/10/2011,-190.17,,personal_groceries,N,,,household spending
bank/aib_current_2011.csv,347,05/10/2011,-525.00,,pension_personal,N,,,personal pension; relief claimed on the personal return
bank/aib_current_2011.csv,348,06/10/2011,-473.72,,repairs,Y,D01344,,
bank/aib_current_2011.csv,349,10/10/2011,-1226.48,,loan_repayment,Y,,,"interest 245.12, capital 981.36"
bank/aib_current_2011.csv,350,12/10/2011,-399.00,,health_insurance,N,,,
bank/aib_current_2011.csv,351,14/10/2011,-1938.40,,paye_prsi_usc,Y,,,
bank/aib_current_2011.csv,352,17/10/2011,-750.00,,wages_unrecorded,Y,,E4-ghost,"no payslip, not on payroll, no PAYE/PRSI"
bank/aib_current_2011.csv,353,17/10/2011,-325.80,,personal_groceries,N,,,household spending
bank/aib_current_2011.csv,354,18/10/2011,-935.64,,vet_medicine,Y,D01259;D01269,,
bank/aib_current_2011.csv,355,19/10/2011,-181.23,,telephone,M,D01387,,
bank/aib_current_2011.csv,356,20/10/2011,-1227.21,,electricity,M,D01386,,
bank/aib_current_2011.csv,357,20/10/2011,-200.00,,savings,N,,,
bank/aib_current_2011.csv,358,23/10/2011,-299.84,,personal_groceries,N,,,household spending
bank/aib_current_2011.csv,359,24/10/2011,-150.00,,drawings,N,,,
bank/aib_current_2011.csv,360,24/10/2011,-150.00,,drawings,N,,,
bank/aib_current_2011.csv,361,24/10/2011,-73.50,,personal_misc,N,,,
bank/aib_current_2011.csv,362,24/10/2011,-3188.28,,contractors,Y,D01296,,
bank/aib_current_2011.csv,363,24/10/2011,-1111.53,,silage_plastic,Y,D01361,,
bank/aib_current_2011.csv,364,25/10/2011,35239.15,,milk_receipt,Y,D00141;D00142,,net of co-op deductions
bank/aib_current_2011.csv,365,25/10/2011,957.16,,personal_paye_income,N,,,"spouse PAYE, personal income"
bank/aib_current_2011.csv,366,28/10/2011,-2161.55,,feed,Y,D01244,,
bank/aib_current_2011.csv,367,28/10/2011,-1444.45,,wages_net,Y,,,
bank/aib_current_2011.csv,368,28/10/2011,-339.26,,wages_net,Y,,,
bank/aib_current_2011.csv,369,31/10/2011,-17.50,,bank_charges,Y,,,
bank/aib_current_2011.csv,370,31/10/2011,-20500.00,,personal_tax,N,,,"farmer income tax: personal liability, not a farm expense"
bank/aib_current_2011.csv,371,01/11/2011,-2300.00,,drawings,N,,,
bank/aib_current_2011.csv,372,02/11/2011,-357.51,,repairs,Y,D01317,,
bank/aib_current_2011.csv,373,02/11/2011,-200.00,,drawings,N,,,
bank/aib_current_2011.csv,374,02/11/2011,-233.84,,personal_groceries,N,,,household spending
bank/aib_current_2011.csv,375,04/11/2011,2400.00,,forestry_premium,X,,,exempt from income tax; not a trading receipt
bank/aib_current_2011.csv,376,07/11/2011,-525.00,,pension_personal,N,,,personal pension; relief claimed on the personal return
bank/aib_current_2011.csv,377,08/11/2011,-1226.48,,loan_repayment,Y,,,"interest 241.85, capital 984.64"
bank/aib_current_2011.csv,378,08/11/2011,-205.15,,personal_groceries,N,,,household spending
bank/aib_current_2011.csv,379,11/11/2011,-200.00,,drawings,N,,,
bank/aib_current_2011.csv,380,11/11/2011,-260.50,,personal_groceries,N,,,household spending
bank/aib_current_2011.csv,381,14/11/2011,-1935.55,,paye_prsi_usc,Y,,,
bank/aib_current_2011.csv,382,14/11/2011,-399.00,,health_insurance,N,,,
bank/aib_current_2011.csv,383,15/11/2011,-800.00,,wages_unrecorded,Y,,E4-ghost,"no payslip, not on payroll, no PAYE/PRSI"
bank/aib_current_2011.csv,384,17/11/2011,-730.07,,vet_medicine,Y,D01271,,
bank/aib_current_2011.csv,385,17/11/2011,-1127.16,,electricity,M,D01388,,
bank/aib_current_2011.csv,386,17/11/2011,-1547.54,,vet_medicine,Y,D01265;D01283,,
bank/aib_current_2011.csv,387,18/11/2011,-692.92,,foot_care,Y,D01366,,
bank/aib_current_2011.csv,388,20/11/2011,-300.00,,drawings,N,,,
bank/aib_current_2011.csv,389,21/11/2011,-368.29,,dairy_hygiene,Y,D01351,,
bank/aib_current_2011.csv,390,21/11/2011,-175.32,,telephone,M,D01389,,
bank/aib_current_2011.csv,391,21/11/2011,-200.00,,savings,N,,,
bank/aib_current_2011.csv,392,22/11/2011,-414.63,,vet_medicine,Y,D01258,,
bank/aib_current_2011.csv,393,22/11/2011,-200.00,,drawings,N,,,
bank/aib_current_2011.csv,394,22/11/2011,-73.50,,personal_misc,N,,,
bank/aib_current_2011.csv,395,22/11/2011,-2297.29,,fuel,Y,D01313,,
bank/aib_current_2011.csv,396,24/11/2011,-12500.00,,land_rent,Y,D01396,,
bank/aib_current_2011.csv,397,24/11/2011,-1151.07,,foot_care,Y,D01363,,
bank/aib_current_2011.csv,398,25/11/2011,21753.14,,milk_receipt,Y,D00143;D00144,,net of co-op deductions
bank/aib_current_2011.csv,399,25/11/2011,957.16,,personal_paye_income,N,,,"spouse PAYE, personal income"
bank/aib_current_2011.csv,400,27/11/2011,-200.00,,drawings,N,,,
bank/aib_current_2011.csv,401,28/11/2011,-1444.45,,wages_net,Y,,,
bank/aib_current_2011.csv,402,28/11/2011,-342.90,,wages_net,Y,,,
bank/aib_current_2011.csv,403,28/11/2011,-195.17,,personal_groceries,N,,,household spending
bank/aib_current_2011.csv,404,29/11/2011,-1731.06,,contractors,Y,D01301,,
bank/aib_current_2011.csv,405,30/11/2011,-17.50,,bank_charges,Y,,,
bank/aib_current_2011.csv,406,01/12/2011,-2300.00,,drawings,N,,,
bank/aib_current_2011.csv,407,01/12/2011,-300.00,,drawings,N,,,
bank/aib_current_2011.csv,408,02/12/2011,17429.82,,scheme_income,Y,,,
bank/aib_current_2011.csv,409,04/12/2011,-200.00,,drawings,N,,,
bank/aib_current_2011.csv,410,04/12/2011,-72.10,,personal_misc,N,,,
bank/aib_current_2011.csv,411,05/12/2011,6791.35,,livestock_sale,Y,D04540;D04541,,
bank/aib_current_2011.csv,412,05/12/2011,-525.00,,pension_personal,N,,,personal pension; relief claimed on the personal return
bank/aib_current_2011.csv,413,06/12/2011,-187.14,,personal_groceries,N,,,household spending
bank/aib_current_2011.csv,414,06/12/2011,-201.49,,personal_groceries,N,,,household spending
bank/aib_current_2011.csv,415,08/12/2011,-1226.48,,loan_repayment,Y,,,"interest 238.56, capital 987.92"
bank/aib_current_2011.csv,416,08/12/2011,-304.60,,personal_groceries,N,,,household spending
bank/aib_current_2011.csv,417,12/12/2011,2940.00,,scheme_income,Y,,,
bank/aib_current_2011.csv,418,12/12/2011,-399.00,,health_insurance,N,,,
bank/aib_current_2011.csv,419,12/12/2011,-1579.29,,personal_misc,N,,,
bank/aib_current_2011.csv,420,14/12/2011,-758.33,,breeding_ai,Y,D01295,,
bank/aib_current_2011.csv,421,14/12/2011,-1939.57,,paye_prsi_usc,Y,,,
bank/aib_current_2011.csv,422,15/12/2011,-778.01,,dairy_hygiene,Y,D01349,,
bank/aib_current_2011.csv,423,16/12/2011,-1554.16,,vet_medicine,Y,D01264;D01276;D01287,,
bank/aib_current_2011.csv,424,17/12/2011,-158.28,,personal_groceries,N,,,household spending
bank/aib_current_2011.csv,425,19/12/2011,-351.73,,repairs,Y,D01337,,
bank/aib_current_2011.csv,426,19/12/2011,-1242.92,,electricity,M,D01390,,
bank/aib_current_2011.csv,427,19/12/2011,-182.65,,telephone,M,D01391,,
bank/aib_current_2011.csv,428,19/12/2011,4800.00,,scheme_income,Y,,,
bank/aib_current_2011.csv,429,20/12/2011,-200.00,,savings,N,,,
bank/aib_current_2011.csv,430,21/12/2011,-1755.82,,foot_care,Y,D01364;D01365,,
bank/aib_current_2011.csv,431,22/12/2011,-4000.00,,ghost_supplier,N,D05126,E12-ghost,
bank/aib_current_2011.csv,432,22/12/2011,-73.50,,personal_misc,N,,,
bank/aib_current_2011.csv,433,22/12/2011,-923.77,,repairs,Y,D01324;D01341,,
bank/aib_current_2011.csv,434,23/12/2011,-130.39,,personal_groceries,N,,,household spending
bank/aib_current_2011.csv,435,23/12/2011,-3743.77,,feed,Y,D01250,,
bank/aib_current_2011.csv,436,24/12/2011,-150.00,,drawings,N,,,
bank/aib_current_2011.csv,437,27/12/2011,9674.46,,milk_receipt,Y,D00145;D00146,,net of co-op deductions
bank/aib_current_2011.csv,438,27/12/2011,957.16,,personal_paye_income,N,,,"spouse PAYE, personal income"
bank/aib_current_2011.csv,439,27/12/2011,-4000.00,,ghost_supplier,N,D05127,E12-ghost,
bank/aib_current_2011.csv,440,27/12/2011,-200.00,,drawings,N,,,
bank/aib_current_2011.csv,441,27/12/2011,-172.40,,personal_groceries,N,,,household spending
bank/aib_current_2011.csv,442,27/12/2011,-3267.17,,fuel,Y,D01305;D01311,,
bank/aib_current_2011.csv,443,28/12/2011,-553.50,,vet_medicine,Y,D01278,,
bank/aib_current_2011.csv,444,28/12/2011,-1444.45,,wages_net,Y,,,
bank/aib_current_2011.csv,445,28/12/2011,-343.11,,wages_net,Y,,,
bank/aib_current_2011.csv,446,31/12/2011,-17.50,,bank_charges,Y,,,
bank/aib_current_2012.csv,2,01/01/2012,-300.00,,drawings,N,,,
bank/aib_current_2012.csv,3,02/01/2012,-625.82,,dairy_hygiene,Y,D01350,,
bank/aib_current_2012.csv,4,02/01/2012,-2420.00,,drawings,N,,,
bank/aib_current_2012.csv,5,02/01/2012,-228.43,,personal_groceries,N,,,household spending
bank/aib_current_2012.csv,6,05/01/2012,-157.79,,personal_groceries,N,,,household spending
bank/aib_current_2012.csv,7,05/01/2012,-535.00,,pension_personal,N,,,personal pension; relief claimed on the personal return
bank/aib_current_2012.csv,8,08/01/2012,-150.00,,drawings,N,,,
bank/aib_current_2012.csv,9,09/01/2012,-1232.88,,loan_repayment,Y,,,"interest 247.04, capital 985.85"
bank/aib_current_2012.csv,10,10/01/2012,-250.00,,drawings,N,,,
bank/aib_current_2012.csv,11,11/01/2012,-250.00,,drawings,N,,,
bank/aib_current_2012.csv,12,12/01/2012,-71.41,,family_fuel,N,,,
bank/aib_current_2012.csv,13,12/01/2012,-406.60,,health_insurance,N,,,
bank/aib_current_2012.csv,14,14/01/2012,-147.23,,personal_groceries,N,,,household spending
bank/aib_current_2012.csv,15,15/01/2012,-167.63,,personal_groceries,N,,,household spending
bank/aib_current_2012.csv,16,16/01/2012,-1939.80,,paye_prsi_usc,Y,,,
bank/aib_current_2012.csv,17,16/01/2012,-1566.41,,fuel,Y,D01307,,
bank/aib_current_2012.csv,18,19/01/2012,-686.48,,vet_medicine,Y,D01285,,
bank/aib_current_2012.csv,19,19/01/2012,-114.00,,personal_groceries,N,,,household spending
bank/aib_current_2012.csv,20,20/01/2012,-177.37,,telephone,M,D01539,,
bank/aib_current_2012.csv,21,20/01/2012,-200.00,,savings,N,,,
bank/aib_current_2012.csv,22,20/01/2012,-7018.70,,feed,Y,D01239;D01248,,
bank/aib_current_2012.csv,23,23/01/2012,-1285.52,,electricity,M,D01538,,
bank/aib_current_2012.csv,24,23/01/2012,-110.27,,personal_groceries,N,,,household spending
bank/aib_current_2012.csv,25,23/01/2012,-74.90,,personal_misc,N,,,
bank/aib_current_2012.csv,26,25/01/2012,1976.28,,milk_receipt,Y,D00147;D00148,,net of co-op deductions
bank/aib_current_2012.csv,27,25/01/2012,985.58,,personal_paye_income,N,,,"spouse PAYE, personal income"
bank/aib_current_2012.csv,28,30/01/2012,-1494.64,,wages_net,Y,,,
bank/aib_current_2012.csv,29,30/01/2012,-340.26,,wages_net,Y,,,
bank/aib_current_2012.csv,30,31/01/2012,-18.20,,bank_charges,Y,,,
bank/aib_current_2012.csv,31,01/02/2012,-647.19,,repairs,Y,D01516,,
bank/aib_current_2012.csv,32,01/02/2012,-2420.00,,drawings,N,,,
bank/aib_current_2012.csv,33,06/02/2012,-429.29,,repairs,Y,D01501,,
bank/aib_current_2012.csv,34,06/02/2012,-504.52,,repairs,Y,D01510,,
bank/aib_current_2012.csv,35,06/02/2012,-234.64,,personal_groceries,N,,,household spending
bank/aib_current_2012.csv,36,06/02/2012,-210.35,,personal_groceries,N,,,household spending
bank/aib_current_2012.csv,37,06/02/2012,-535.00,,pension_personal,N,,,personal pension; relief claimed on the personal return
bank/aib_current_2012.csv,38,08/02/2012,-1232.88,,loan_repayment,Y,,,"interest 243.59, capital 989.30"
bank/aib_current_2012.csv,39,09/02/2012,-187.68,,personal_groceries,N,,,household spending
bank/aib_current_2012.csv,40,13/02/2012,-5122.32,,feed,Y,D01409,,
bank/aib_current_2012.csv,41,13/02/2012,-406.60,,health_insurance,N,,,
bank/aib_current_2012.csv,42,14/02/2012,-1992.33,,paye_prsi_usc,Y,,,
bank/aib_current_2012.csv,43,16/02/2012,-6291.53,,fertiliser,Y,D01416,,
bank/aib_current_2012.csv,44,17/02/2012,-150.00,,drawings,N,,,
bank/aib_current_2012.csv,45,20/02/2012,-445.73,,vet_medicine,Y,D01437,,
bank/aib_current_2012.csv,46,20/02/2012,-688.22,,repairs,Y,D01511,,
bank/aib_current_2012.csv,47,20/02/2012,-1228.80,,electricity,M,D01540,,
bank/aib_current_2012.csv,48,20/02/2012,-170.04,,telephone,M,D01541,,
bank/aib_current_2012.csv,49,20/02/2012,-200.00,,savings,N,,,
bank/aib_current_2012.csv,50,20/02/2012,-504.79,,dairy_hygiene,Y,D01521,,
bank/aib_current_2012.csv,51,21/02/2012,-8212.78,,insurance,Y,D01562,,
bank/aib_current_2012.csv,52,22/02/2012,-74.90,,personal_misc,N,,,
bank/aib_current_2012.csv,53,22/02/2012,-960.32,,repairs,Y,D01492;D01507,,
bank/aib_current_2012.csv,54,23/02/2012,-200.00,,drawings,N,,,
bank/aib_current_2012.csv,55,25/02/2012,-200.00,,drawings,N,,,
bank/aib_current_2012.csv,56,25/02/2012,-274.59,,personal_groceries,N,,,household spending
bank/aib_current_2012.csv,57,27/02/2012,5713.46,,milk_receipt,Y,D00149;D00150,,net of co-op deductions
bank/aib_current_2012.csv,58,27/02/2012,985.58,,personal_paye_income,N,,,"spouse PAYE, personal income"
bank/aib_current_2012.csv,59,28/02/2012,-1494.64,,wages_net,Y,,,
bank/aib_current_2012.csv,60,28/02/2012,-344.56,,wages_net,Y,,,
bank/aib_current_2012.csv,61,28/02/2012,-226.18,,personal_groceries,N,,,household spending
bank/aib_current_2012.csv,62,29/02/2012,-18.20,,bank_charges,Y,,,
bank/aib_current_2012.csv,63,29/02/2012,-125.61,,bank_interest,Y,,,
bank/aib_current_2012.csv,64,01/03/2012,-2420.00,,drawings,N,,,
bank/aib_current_2012.csv,65,03/03/2012,-300.00,,drawings,N,,,
bank/aib_current_2012.csv,66,04/03/2012,-274.40,,personal_groceries,N,,,household spending
bank/aib_current_2012.csv,67,05/03/2012,-535.00,,pension_personal,N,,,personal pension; relief claimed on the personal return
bank/aib_current_2012.csv,68,08/03/2012,-849.68,,vet_medicine,Y,D01445,,
bank/aib_current_2012.csv,69,08/03/2012,-1232.88,,loan_repayment,Y,,,"interest 240.12, capital 992.76"
bank/aib_current_2012.csv,70,08/03/2012,-260.70,,personal_groceries,N,,,household spending
bank/aib_current_2012.csv,71,08/03/2012,-25.02,,personal_misc,N,,,
bank/aib_current_2012.csv,72,12/03/2012,-398.11,,repairs,Y,D01500,,
bank/aib_current_2012.csv,73,12/03/2012,-131.92,,personal_groceries,N,,,household spending
bank/aib_current_2012.csv,74,12/03/2012,-406.60,,health_insurance,N,,,
bank/aib_current_2012.csv,75,14/03/2012,-1997.12,,paye_prsi_usc,Y,,,
bank/aib_current_2012.csv,76,14/03/2012,-200.00,,drawings,N,,,
bank/aib_current_2012.csv,77,15/03/2012,-2451.51,,fuel,Y,D01481,,
bank/aib_current_2012.csv,78,15/03/2012,-850.00,,wages_unrecorded,Y,,E4-ghost,"no payslip, not on payroll, no PAYE/PRSI"
bank/aib_current_2012.csv,79,17/03/2012,-200.00,,drawings,N,,,
bank/aib_current_2012.csv,80,18/03/2012,-200.00,,drawings,N,,,
bank/aib_current_2012.csv,81,19/03/2012,-163.63,,telephone,M,D01543,,
bank/aib_current_2012.csv,82,19/03/2012,-46740.00,,motor_vehicle,Y,D05095,,
bank/aib_current_2012.csv,83,19/03/2012,-504.95,,repairs,Y,D01505,,
bank/aib_current_2012.csv,84,20/03/2012,-200.00,,savings,N,,,
bank/aib_current_2012.csv,85,20/03/2012,-2268.39,,vet_medicine,Y,D01427;D01436;D01449,,
bank/aib_current_2012.csv,86,21/03/2012,1748.58,,livestock_sale,Y,D04546;D04547,,net of commission
bank/aib_current_2012.csv,87,21/03/2012,-80.28,,family_fuel,N,,,
bank/aib_current_2012.csv,88,22/03/2012,-517.90,,repairs,Y,D01513,,
bank/aib_current_2012.csv,89,22/03/2012,-242.01,,personal_groceries,N,,,household spending
bank/aib_current_2012.csv,90,22/03/2012,-74.90,,personal_misc,N,,,
bank/aib_current_2012.csv,91,23/03/2012,-1747.16,,fuel,Y,D01476,,
bank/aib_current_2012.csv,92,23/03/2012,-1300.46,,electricity,M,D01542,,
bank/aib_current_2012.csv,93,26/03/2012,18616.22,,milk_receipt,Y,D00151;D00152,,net of co-op deductions
bank/aib_current_2012.csv,94,26/03/2012,-325.15,,repairs,Y,D01504,,
bank/aib_current_2012.csv,95,26/03/2012,-3632.44,,professional_fees,Y,D01563,,
bank/aib_current_2012.csv,96,26/03/2012,985.58,,personal_paye_income,N,,,"spouse PAYE, personal income"
bank/aib_current_2012.csv,97,28/03/2012,-1831.27,,contractors,Y,D01465,,
bank/aib_current_2012.csv,98,28/03/2012,-1494.64,,wages_net,Y,,,
bank/aib_current_2012.csv,99,28/03/2012,-354.73,,wages_net,Y,,,
bank/aib_current_2012.csv,100,30/03/2012,-377.89,,repairs,Y,D01483,,
bank/aib_current_2012.csv,101,30/03/2012,-480.60,,bank_interest,Y,,,
bank/aib_current_2012.csv,102,30/03/2012,87000.00,,own_transfer,T,,,
bank/aib_current_2012.csv,103,31/03/2012,-18.20,,bank_charges,Y,,,
bank/aib_current_2012.csv,104,02/04/2012,1721.91,,livestock_sale,Y,D04548;D04549,,net of commission
bank/aib_current_2012.csv,105,02/04/2012,-2420.00,,drawings,N,,,
bank/aib_current_2012.csv,106,03/04/2012,-430.39,,dairy_hygiene,Y,D01519,,
bank/aib_current_2012.csv,107,04/04/2012,-150.00,,drawings,N,,,
bank/aib_current_2012.csv,108,05/04/2012,-535.00,,pension_personal,N,,,personal pension; relief claimed on the personal return
bank/aib_current_2012.csv,109,07/04/2012,-230.55,,personal_groceries,N,,,household spending
bank/aib_current_2012.csv,110,09/04/2012,-4327.30,,contractors,Y,D01462,,
bank/aib_current_2012.csv,111,09/04/2012,-3541.19,,contractors,Y,D01466,,
bank/aib_current_2012.csv,112,09/04/2012,-698.87,,dairy_hygiene,Y,D01525,,
bank/aib_current_2012.csv,113,09/04/2012,-1232.88,,loan_repayment,Y,,,"interest 236.65, capital 996.24"
bank/aib_current_2012.csv,114,10/04/2012,1607.11,,livestock_sale,Y,D04550;D04551,,net of commission
bank/aib_current_2012.csv,115,12/04/2012,-406.60,,health_insurance,N,,,
bank/aib_current_2012.csv,116,15/04/2012,-92.62,,personal_groceries,N,,,household spending
bank/aib_current_2012.csv,117,16/04/2012,-441.04,,repairs,Y,D01502,,
bank/aib_current_2012.csv,118,16/04/2012,-2008.41,,paye_prsi_usc,Y,,,
bank/aib_current_2012.csv,119,16/04/2012,-700.00,,wages_unrecorded,Y,,E4-ghost,"no payslip, not on payroll, no PAYE/PRSI"
bank/aib_current_2012.csv,120,18/04/2012,-1180.83,,electricity,M,D01544,,
bank/aib_current_2012.csv,121,18/04/2012,-183.18,,telephone,M,D01545,,
bank/aib_current_2012.csv,122,18/04/2012,-99.26,,personal_groceries,N,,,household spending
bank/aib_current_2012.csv,123,18/04/2012,-8290.31,,fertiliser,Y,D01414,,
bank/aib_current_2012.csv,124,18/04/2012,-918.62,,vet_medicine,Y,D01435;D01452,,
bank/aib_current_2012.csv,125,19/04/2012,-664.91,,repairs,Y,D01489,,
bank/aib_current_2012.csv,126,19/04/2012,1680.26,,livestock_sale,Y,D04552;D04553,,net of commission
bank/aib_current_2012.csv,127,19/04/2012,-2925.25,,feed,Y,D01398,,
bank/aib_current_2012.csv,128,20/04/2012,-119.30,,personal_groceries,N,,,household spending
bank/aib_current_2012.csv,129,20/04/2012,-200.00,,savings,N,,,
bank/aib_current_2012.csv,130,21/04/2012,-150.00,,drawings,N,,,
bank/aib_current_2012.csv,131,23/04/2012,-2347.79,,fuel,Y,D01474,,
bank/aib_current_2012.csv,132,23/04/2012,-278.39,,personal_groceries,N,,,household spending
bank/aib_current_2012.csv,133,23/04/2012,-74.90,,personal_misc,N,,,
bank/aib_current_2012.csv,134,23/04/2012,-1707.89,,breeding_ai,Y,D01457;D01460,,
bank/aib_current_2012.csv,135,25/04/2012,37536.53,,milk_receipt,Y,D00153;D00154,,net of co-op deductions
bank/aib_current_2012.csv,136,25/04/2012,985.58,,personal_paye_income,N,,,"spouse PAYE, personal income"
bank/aib_current_2012.csv,137,25/04/2012,-250.00,,drawings,N,,,
bank/aib_current_2012.csv,138,25/04/2012,-300.00,,drawings,N,,,
bank/aib_current_2012.csv,139,26/04/2012,-61.33,,family_fuel,N,,,
bank/aib_current_2012.csv,140,30/04/2012,-18.20,,bank_charges,Y,,,
bank/aib_current_2012.csv,141,30/04/2012,-1494.64,,wages_net,Y,,,
bank/aib_current_2012.csv,142,30/04/2012,-356.89,,wages_net,Y,,,
bank/aib_current_2012.csv,143,01/05/2012,-912.27,,breeding_ai,Y,D01459,,
bank/aib_current_2012.csv,144,01/05/2012,1510.70,,livestock_sale,Y,D04554;D04555,,net of commission
bank/aib_current_2012.csv,145,01/05/2012,-2420.00,,drawings,N,,,
bank/aib_current_2012.csv,146,02/05/2012,-300.00,,drawings,N,,,
bank/aib_current_2012.csv,147,06/05/2012,-200.00,,drawings,N,,,
bank/aib_current_2012.csv,148,07/05/2012,1559.63,,livestock_sale,Y,D04556;D04557,,net of commission
bank/aib_current_2012.csv,149,07/05/2012,-535.00,,pension_personal,N,,,personal pension; relief claimed on the personal return
bank/aib_current_2012.csv,150,08/05/2012,-271.42,,repairs,Y,D01491,,
bank/aib_current_2012.csv,151,08/05/2012,-1232.88,,loan_repayment,Y,,,"interest 233.16, capital 999.72"
bank/aib_current_2012.csv,152,08/05/2012,-1284.00,,family_car_running,N,,,
bank/aib_current_2012.csv,153,12/05/2012,-150.00,,drawings,N,,,
bank/aib_current_2012.csv,154,14/05/2012,-2010.80,,paye_prsi_usc,Y,,,
bank/aib_current_2012.csv,155,14/05/2012,-406.60,,health_insurance,N,,,
bank/aib_current_2012.csv,156,15/05/2012,-700.00,,wages_unrecorded,Y,,E4-ghost,"no payslip, not on payroll, no PAYE/PRSI"
bank/aib_current_2012.csv,157,15/05/2012,-177.32,,personal_groceries,N,,,household spending
bank/aib_current_2012.csv,158,15/05/2012,-61.78,,family_fuel,N,,,
bank/aib_current_2012.csv,159,16/05/2012,-2309.69,,vet_medicine,Y,D01421;D01423;D01426;D01434,,
bank/aib_current_2012.csv,160,17/05/2012,-1257.80,,electricity,M,D01546,,
bank/aib_current_2012.csv,161,18/05/2012,-171.03,,telephone,M,D01547,,
bank/aib_current_2012.csv,162,18/05/2012,-125.03,,fallen_animals,Y,D04545,,
bank/aib_current_2012.csv,163,18/05/2012,-149.87,,personal_groceries,N,,,household spending
bank/aib_current_2012.csv,164,20/05/2012,-150.00,,drawings,N,,,
bank/aib_current_2012.csv,165,20/05/2012,-141.94,,personal_groceries,N,,,household spending
bank/aib_current_2012.csv,166,21/05/2012,-550.18,,repairs,Y,D01482,,
bank/aib_current_2012.csv,167,21/05/2012,-200.00,,savings,N,,,
bank/aib_current_2012.csv,168,21/05/2012,-1388.40,,breeding_ai,Y,D01456;D01461,,
bank/aib_current_2012.csv,169,21/05/2012,-477.97,,repairs,Y,D01514,,
bank/aib_current_2012.csv,170,22/05/2012,1745.24,,livestock_sale,Y,D04558;D04559,,net of commission
bank/aib_current_2012.csv,171,22/05/2012,-74.90,,personal_misc,N,,,
bank/aib_current_2012.csv,172,24/05/2012,-150.00,,drawings,N,,,
bank/aib_current_2012.csv,173,25/05/2012,52205.47,,milk_receipt,Y,D00155;D00156,,net of co-op deductions
bank/aib_current_2012.csv,174,25/05/2012,-4023.94,,contractors,Y,D01463,,
bank/aib_current_2012.csv,175,25/05/2012,985.58,,personal_paye_income,N,,,"spouse PAYE, personal income"
bank/aib_current_2012.csv,176,26/05/2012,-169.21,,personal_groceries,N,,,household spending
bank/aib_current_2012.csv,177,28/05/2012,-663.40,,utilities,M,D01565,,
bank/aib_current_2012.csv,178,28/05/2012,-1494.64,,wages_net,Y,,,
bank/aib_current_2012.csv,179,28/05/2012,-346.14,,wages_net,Y,,,
bank/aib_current_2012.csv,180,30/05/2012,1731.61,,livestock_sale,Y,D04560;D04561,,net of commission
bank/aib_current_2012.csv,181,31/05/2012,-18.20,,bank_charges,Y,,,
bank/aib_current_2012.csv,182,01/06/2012,-2420.00,,drawings,N,,,
bank/aib_current_2012.csv,183,03/06/2012,-150.00,,drawings,N,,,
bank/aib_current_2012.csv,184,03/06/2012,-91.89,,personal_groceries,N,,,household spending
bank/aib_current_2012.csv,185,04/06/2012,-180.55,,personal_groceries,N,,,household spending
bank/aib_current_2012.csv,186,05/06/2012,-535.00,,pension_personal,N,,,personal pension; relief claimed on the personal return
bank/aib_current_2012.csv,187,08/06/2012,-1232.88,,loan_repayment,Y,,,"interest 229.66, capital 1003.22"
bank/aib_current_2012.csv,188,11/06/2012,-2509.31,,fuel,Y,D01473,,
bank/aib_current_2012.csv,189,11/06/2012,-474.60,,repairs,Y,D01495,,
bank/aib_current_2012.csv,190,11/06/2012,-4850.00,,family_holiday,N,D05121,E11-holiday,
bank/aib_current_2012.csv,191,12/06/2012,-302.16,,repairs,Y,D01506,,
bank/aib_current_2012.csv,192,12/06/2012,-234.11,,personal_groceries,N,,,household spending
bank/aib_current_2012.csv,193,12/06/2012,-406.60,,health_insurance,N,,,
bank/aib_current_2012.csv,194,14/06/2012,-300.00,,drawings,N,,,
bank/aib_current_2012.csv,195,15/06/2012,-700.00,,wages_unrecorded,Y,,E4-ghost,"no payslip, not on payroll, no PAYE/PRSI"
bank/aib_current_2012.csv,196,15/06/2012,-133.31,,personal_groceries,N,,,household spending
bank/aib_current_2012.csv,197,17/06/2012,-89.29,,family_fuel,N,,,
bank/aib_current_2012.csv,198,18/06/2012,-1036.05,,electricity,M,D01548,,
bank/aib_current_2012.csv,199,18/06/2012,-162.04,,telephone,M,D01549,,
bank/aib_current_2012.csv,200,18/06/2012,-5106.78,,feed,Y,D01412,,
bank/aib_current_2012.csv,201,18/06/2012,-3298.79,,contractors,Y,D01468,,
bank/aib_current_2012.csv,202,20/06/2012,-300.00,,drawings,N,,,
bank/aib_current_2012.csv,203,20/06/2012,-150.00,,drawings,N,,,
bank/aib_current_2012.csv,204,20/06/2012,-180.43,,personal_groceries,N,,,household spending
bank/aib_current_2012.csv,205,20/06/2012,-200.00,,savings,N,,,
bank/aib_current_2012.csv,206,22/06/2012,-74.90,,personal_misc,N,,,
bank/aib_current_2012.csv,207,22/06/2012,-5848.66,,contractors,Y,D01464;D01470,,
bank/aib_current_2012.csv,208,25/06/2012,55701.66,,milk_receipt,Y,D00157;D00158,,net of co-op deductions
bank/aib_current_2012.csv,209,25/06/2012,-2432.66,,fuel,Y,D01477,,
bank/aib_current_2012.csv,210,25/06/2012,-556.77,,dairy_hygiene,Y,D01517,,
bank/aib_current_2012.csv,211,25/06/2012,985.58,,personal_paye_income,N,,,"spouse PAYE, personal income"
bank/aib_current_2012.csv,212,25/06/2012,-1176.69,,breeding_ai,Y,D01458,,
bank/aib_current_2012.csv,213,25/06/2012,-349.87,,repairs,Y,D01496,,
bank/aib_current_2012.csv,214,25/06/2012,-2193.07,,vet_medicine,Y,D01422;D01450;D01451,,
bank/aib_current_2012.csv,215,28/06/2012,-1494.64,,wages_net,Y,,,
bank/aib_current_2012.csv,216,28/06/2012,-348.07,,wages_net,Y,,,
bank/aib_current_2012.csv,217,29/06/2012,-35000.00,,own_transfer,T,,,
bank/aib_current_2012.csv,218,30/06/2012,-18.20,,bank_charges,Y,,,
bank/aib_current_2012.csv,219,30/06/2012,-590.00,,bank_charges,Y,,,
bank/aib_current_2012.csv,220,01/07/2012,-300.00,,drawings,N,,,
bank/aib_current_2012.csv,221,02/07/2012,-2420.00,,drawings,N,,,
bank/aib_current_2012.csv,222,04/07/2012,-468.41,,dairy_hygiene,Y,D01518,,
bank/aib_current_2012.csv,223,04/07/2012,-1184.49,,professional_fees,Y,D01564,,
bank/aib_current_2012.csv,224,05/07/2012,-3569.70,,contractors,Y,D01469,,
bank/aib_current_2012.csv,225,05/07/2012,-82.65,,family_fuel,N,,,
bank/aib_current_2012.csv,226,05/07/2012,-535.00,,pension_personal,N,,,personal pension; relief claimed on the personal return
bank/aib_current_2012.csv,227,06/07/2012,-2086.99,,fuel,Y,D01479,,
bank/aib_current_2012.csv,228,08/07/2012,-200.00,,drawings,N,,,
bank/aib_current_2012.csv,229,09/07/2012,-1232.88,,loan_repayment,Y,,,"interest 226.15, capital 1006.73"
bank/aib_current_2012.csv,230,10/07/2012,5073.30,,livestock_sale,Y,D04567;D04568,,
bank/aib_current_2012.csv,231,10/07/2012,-200.00,,drawings,N,,,
bank/aib_current_2012.csv,232,11/07/2012,-168.51,,personal_groceries,N,,,household spending
bank/aib_current_2012.csv,,12/07/2012,-406.60,OMITTED_FROM_STATEMENT,health_insurance,N,,,
bank/aib_current_2012.csv,,16/07/2012,-800.00,OMITTED_FROM_STATEMENT,wages_unrecorded,Y,,E4-ghost,"no payslip, not on payroll, no PAYE/PRSI"
bank/aib_current_2012.csv,,16/07/2012,-3703.26,OMITTED_FROM_STATEMENT,family_holiday,N,,,family holiday paid by the farm account
bank/aib_current_2012.csv,,18/07/2012,-192.26,OMITTED_FROM_STATEMENT,personal_groceries,N,,,household spending
bank/aib_current_2012.csv,,18/07/2012,-228.38,OMITTED_FROM_STATEMENT,personal_groceries,N,,,household spending
bank/aib_current_2012.csv,,19/07/2012,-3560.03,OMITTED_FROM_STATEMENT,contractors,Y,D01467,,
bank/aib_current_2012.csv,,20/07/2012,-192.06,OMITTED_FROM_STATEMENT,telephone,M,D01551,,
bank/aib_current_2012.csv,,20/07/2012,-200.00,OMITTED_FROM_STATEMENT,savings,N,,,
bank/aib_current_2012.csv,,21/07/2012,-206.20,OMITTED_FROM_STATEMENT,personal_groceries,N,,,household spending
bank/aib_current_2012.csv,,21/07/2012,-189.06,OMITTED_FROM_STATEMENT,personal_groceries,N,,,household spending
bank/aib_current_2012.csv,,23/07/2012,-789.98,OMITTED_FROM_STATEMENT,dairy_hygiene,Y,D01527,,
bank/aib_current_2012.csv,,23/07/2012,-1061.57,OMITTED_FROM_STATEMENT,electricity,M,D01550,,
bank/aib_current_2012.csv,,23/07/2012,-74.90,OMITTED_FROM_STATEMENT,personal_misc,N,,,
bank/aib_current_2012.csv,,23/07/2012,-735.45,OMITTED_FROM_STATEMENT,dairy_hygiene,Y,D01522,,
bank/aib_current_2012.csv,,23/07/2012,-1763.15,OMITTED_FROM_STATEMENT,vet_medicine,Y,D01429;D01446,,
bank/aib_current_2012.csv,,24/07/2012,-2483.18,OMITTED_FROM_STATEMENT,fuel,Y,D01471,,
bank/aib_current_2012.csv,,24/07/2012,-250.00,OMITTED_FROM_STATEMENT,drawings,N,,,
bank/aib_current_2012.csv,,24/07/2012,-120.65,OMITTED_FROM_STATEMENT,personal_groceries,N,,,household spending
bank/aib_current_2012.csv,,24/07/2012,-566.86,OMITTED_FROM_STATEMENT,repairs,Y,D01488,,
bank/aib_current_2012.csv,233,25/07/2012,52436.19,,milk_receipt,Y,D00159;D00160,,net of co-op deductions
bank/aib_current_2012.csv,234,26/07/2012,-150.00,,drawings,N,,,
bank/aib_current_2012.csv,235,30/07/2012,-689.75,,repairs,Y,D01499,,
bank/aib_current_2012.csv,236,30/07/2012,-1494.64,,wages_net,Y,,,
bank/aib_current_2012.csv,237,30/07/2012,-353.90,,wages_net,Y,,,
bank/aib_current_2012.csv,238,31/07/2012,-700.94,,foot_care,Y,D01537,,
bank/aib_current_2012.csv,239,31/07/2012,-18.20,,bank_charges,Y,,,
bank/aib_current_2012.csv,240,01/08/2012,-2420.00,,drawings,N,,,
bank/aib_current_2012.csv,241,01/08/2012,-86.59,,personal_groceries,N,,,household spending
bank/aib_current_2012.csv,242,02/08/2012,-135.51,,personal_groceries,N,,,household spending
bank/aib_current_2012.csv,243,05/08/2012,-221.09,,personal_groceries,N,,,household spending
bank/aib_current_2012.csv,244,06/08/2012,-250.00,,drawings,N,,,
bank/aib_current_2012.csv,245,06/08/2012,-535.00,,pension_personal,N,,,personal pension; relief claimed on the personal return
bank/aib_current_2012.csv,246,07/08/2012,-200.00,,drawings,N,,,
bank/aib_current_2012.csv,247,07/08/2012,-68.30,,personal_misc,N,,,
bank/aib_current_2012.csv,248,08/08/2012,-1232.88,,loan_repayment,Y,,,"interest 222.63, capital 1010.26"
bank/aib_current_2012.csv,249,09/08/2012,-718.32,,foot_care,Y,D01534,,
bank/aib_current_2012.csv,250,11/08/2012,-197.04,,personal_groceries,N,,,household spending
bank/aib_current_2012.csv,251,13/08/2012,-406.60,,health_insurance,N,,,
bank/aib_current_2012.csv,252,14/08/2012,-6007.34,,paye_prsi_usc,Y,,LATE_PAYE,June and July paid with August
bank/aib_current_2012.csv,253,14/08/2012,-212.40,,revenue_interest,Y,,LATE_PAYE,
bank/aib_current_2012.csv,254,15/08/2012,-700.00,,wages_unrecorded,Y,,E4-ghost,"no payslip, not on payroll, no PAYE/PRSI"
bank/aib_current_2012.csv,255,15/08/2012,-1176.96,,breeding_ai,Y,D01454,,
bank/aib_current_2012.csv,256,20/08/2012,-171.97,,telephone,M,D01553,,
bank/aib_current_2012.csv,257,20/08/2012,-200.00,,savings,N,,,
bank/aib_current_2012.csv,258,21/08/2012,-250.00,,drawings,N,,,
bank/aib_current_2012.csv,259,21/08/2012,-722.27,,dairy_hygiene,Y,D01524,,
bank/aib_current_2012.csv,260,22/08/2012,-74.90,,personal_misc,N,,,
bank/aib_current_2012.csv,261,23/08/2012,-1134.34,,electricity,M,D01552,,
bank/aib_current_2012.csv,262,23/08/2012,-643.06,,vet_medicine,Y,D01439,,
bank/aib_current_2012.csv,263,24/08/2012,-200.00,,drawings,N,,,
bank/aib_current_2012.csv,264,24/08/2012,-550.77,,foot_care,Y,D01535,,
bank/aib_current_2012.csv,265,24/08/2012,-2307.05,,repairs,Y,D01490;D01503;D01508;D01512,,
bank/aib_current_2012.csv,266,27/08/2012,46937.28,,milk_receipt,Y,D00161;D00162,,net of co-op deductions
bank/aib_current_2012.csv,267,27/08/2012,-150.00,,drawings,N,,,
bank/aib_current_2012.csv,268,28/08/2012,-1494.64,,wages_net,Y,,,
bank/aib_current_2012.csv,269,28/08/2012,-345.87,,wages_net,Y,,,
bank/aib_current_2012.csv,270,29/08/2012,5823.89,,livestock_sale,Y,D04564,,
bank/aib_current_2012.csv,271,31/08/2012,-18.20,,bank_charges,Y,,,
bank/aib_current_2012.csv,272,31/08/2012,-54000.00,,own_transfer,T,,,
bank/aib_current_2012.csv,273,01/09/2012,-200.00,,drawings,N,,,
bank/aib_current_2012.csv,274,03/09/2012,-2420.00,,drawings,N,,,
bank/aib_current_2012.csv,275,03/09/2012,-286.70,,personal_groceries,N,,,household spending
bank/aib_current_2012.csv,276,05/09/2012,-150.00,,drawings,N,,,
bank/aib_current_2012.csv,277,05/09/2012,-535.00,,pension_personal,N,,,personal pension; relief claimed on the personal return
bank/aib_current_2012.csv,278,05/09/2012,-1177.00,,personal_education,N,,,
bank/aib_current_2012.csv,279,06/09/2012,30000.00,,family_gift,N,,,"parental gift, capital acquisition tax matter, not income"
bank/aib_current_2012.csv,280,06/09/2012,-62.69,,family_fuel,N,,,
bank/aib_current_2012.csv,281,09/09/2012,-151.50,,personal_groceries,N,,,household spending
bank/aib_current_2012.csv,282,10/09/2012,-265.85,,repairs,Y,D01515,,
bank/aib_current_2012.csv,283,10/09/2012,1998.39,,contracting_income,Y,D04877,,
bank/aib_current_2012.csv,284,10/09/2012,-1232.88,,loan_repayment,Y,,,"interest 219.09, capital 1013.79"
bank/aib_current_2012.csv,285,10/09/2012,-300.00,,drawings,N,,,
bank/aib_current_2012.csv,286,12/09/2012,-406.60,,health_insurance,N,,,
bank/aib_current_2012.csv,287,13/09/2012,-342.21,,repairs,Y,D01498,,
bank/aib_current_2012.csv,288,14/09/2012,-1998.57,,paye_prsi_usc,Y,,,
bank/aib_current_2012.csv,289,17/09/2012,-863.16,,vet_medicine,Y,D01424,,
bank/aib_current_2012.csv,290,17/09/2012,1241.65,,contracting_income,Y,D04874,,
bank/aib_current_2012.csv,291,17/09/2012,-800.00,,wages_unrecorded,Y,,E4-ghost,"no payslip, not on payroll, no PAYE/PRSI"
bank/aib_current_2012.csv,292,17/09/2012,-631.35,,breeding_ai,Y,D01455,,
bank/aib_current_2012.csv,293,17/09/2012,-389.27,,dairy_hygiene,Y,D01528,,
bank/aib_current_2012.csv,294,18/09/2012,-190.19,,personal_groceries,N,,,household spending
bank/aib_current_2012.csv,295,19/09/2012,-1027.05,,electricity,M,D01554,,
bank/aib_current_2012.csv,296,19/09/2012,-162.48,,telephone,M,D01555,,
bank/aib_current_2012.csv,297,20/09/2012,-200.00,,savings,N,,,
bank/aib_current_2012.csv,298,21/09/2012,-4036.38,,fertiliser,Y,D01419,,
bank/aib_current_2012.csv,299,22/09/2012,-250.00,,drawings,N,,,
bank/aib_current_2012.csv,300,24/09/2012,-596.98,,repairs,Y,,MISSING_INVOICE,payment with no supplier invoice on file
bank/aib_current_2012.csv,301,24/09/2012,4359.80,,livestock_sale,Y,D04562;D04563,,
bank/aib_current_2012.csv,302,24/09/2012,5694.99,,livestock_sale,Y,D04565,,
bank/aib_current_2012.csv,303,24/09/2012,-74.90,,personal_misc,N,,,
bank/aib_current_2012.csv,304,24/09/2012,-963.57,,silage_plastic,Y,D01532,,
bank/aib_current_2012.csv,305,25/09/2012,42515.59,,milk_receipt,Y,D00163;D00164,,net of co-op deductions
bank/aib_current_2012.csv,306,25/09/2012,-1557.20,,silage_plastic,Y,D01530,,
bank/aib_current_2012.csv,307,25/09/2012,985.58,,personal_paye_income,N,,,"spouse PAYE, personal income"
bank/aib_current_2012.csv,308,26/09/2012,1632.21,,contracting_income,Y,D04875,,
bank/aib_current_2012.csv,309,27/09/2012,-200.58,,personal_groceries,N,,,household spending
bank/aib_current_2012.csv,310,28/09/2012,-1494.64,,wages_net,Y,,,
bank/aib_current_2012.csv,311,28/09/2012,-343.45,,wages_net,Y,,,
bank/aib_current_2012.csv,312,28/09/2012,-65000.00,,own_transfer,T,,,
bank/aib_current_2012.csv,313,30/09/2012,-18.20,,bank_charges,Y,,,
bank/aib_current_2012.csv,314,01/10/2012,-664.57,,vet_medicine,Y,D01432,,
bank/aib_current_2012.csv,315,01/10/2012,952.90,,contracting_income,Y,D04879,,
bank/aib_current_2012.csv,316,01/10/2012,-2420.00,,drawings,N,,,
bank/aib_current_2012.csv,317,03/10/2012,-215.63,,personal_groceries,N,,,household spending
bank/aib_current_2012.csv,318,04/10/2012,-300.00,,drawings,N,,,
bank/aib_current_2012.csv,319,04/10/2012,-157.91,,personal_groceries,N,,,household spending
bank/aib_current_2012.csv,320,05/10/2012,-535.00,,pension_personal,N,,,personal pension; relief claimed on the personal return
bank/aib_current_2012.csv,321,08/10/2012,-1232.88,,loan_repayment,Y,,,"interest 215.54, capital 1017.34"
bank/aib_current_2012.csv,322,08/10/2012,-90.79,,family_fuel,N,,,
bank/aib_current_2012.csv,323,09/10/2012,-1537.77,,silage_plastic,Y,D01531,,
bank/aib_current_2012.csv,324,11/10/2012,-170.77,,personal_groceries,N,,,household spending
bank/aib_current_2012.csv,325,12/10/2012,-406.60,,health_insurance,N,,,
bank/aib_current_2012.csv,326,14/10/2012,-162.91,,personal_groceries,N,,,household spending
bank/aib_current_2012.csv,327,15/10/2012,-1995.89,,paye_prsi_usc,Y,,,
bank/aib_current_2012.csv,328,15/10/2012,-700.00,,wages_unrecorded,Y,,E4-ghost,"no payslip, not on payroll, no PAYE/PRSI"
bank/aib_current_2012.csv,329,17/10/2012,-214.54,,personal_groceries,N,,,household spending
bank/aib_current_2012.csv,330,17/10/2012,-3231.63,,vet_medicine,Y,D01431;D01440;D01441;D01444;D01453,,
bank/aib_current_2012.csv,331,18/10/2012,-172.52,,telephone,M,D01557,,
bank/aib_current_2012.csv,332,19/10/2012,-395.73,,repairs,Y,D01493,,
bank/aib_current_2012.csv,333,21/10/2012,-150.00,,drawings,N,,,
bank/aib_current_2012.csv,334,22/10/2012,-150.00,,drawings,N,,,
bank/aib_current_2012.csv,335,22/10/2012,-200.00,,savings,N,,,
bank/aib_current_2012.csv,336,22/10/2012,-74.90,,personal_misc,N,,,
bank/aib_current_2012.csv,337,23/10/2012,-1287.79,,electricity,M,D01556,,
bank/aib_current_2012.csv,338,23/10/2012,18257.04,,livestock_sale,Y,D04571;D04572,,
bank/aib_current_2012.csv,339,23/10/2012,-142.59,,personal_groceries,N,,,household spending
bank/aib_current_2012.csv,340,23/10/2012,-3408.04,,feed,Y,D01405,,
bank/aib_current_2012.csv,341,25/10/2012,31335.46,,milk_receipt,Y,D00165;D00166,,net of co-op deductions
bank/aib_current_2012.csv,342,25/10/2012,985.58,,personal_paye_income,N,,,"spouse PAYE, personal income"
bank/aib_current_2012.csv,343,27/10/2012,-200.00,,drawings,N,,,
bank/aib_current_2012.csv,344,29/10/2012,-514.39,,repairs,Y,D01484,,
bank/aib_current_2012.csv,345,29/10/2012,-390.50,,dairy_hygiene,Y,D01523,,
bank/aib_current_2012.csv,346,29/10/2012,5157.55,,livestock_sale,Y,D04569;D04570,,
bank/aib_current_2012.csv,347,29/10/2012,-1494.64,,wages_net,Y,,,
bank/aib_current_2012.csv,348,29/10/2012,-346.82,,wages_net,Y,,,
bank/aib_current_2012.csv,349,31/10/2012,-18.20,,bank_charges,Y,,,
bank/aib_current_2012.csv,350,31/10/2012,-21400.00,,personal_tax,N,,,"farmer income tax: personal liability, not a farm expense"
bank/aib_current_2012.csv,351,01/11/2012,-2420.00,,drawings,N,,,
bank/aib_current_2012.csv,352,02/11/2012,-250.00,,drawings,N,,,
bank/aib_current_2012.csv,353,02/11/2012,-218.61,,personal_groceries,N,,,household spending
bank/aib_current_2012.csv,354,02/11/2012,-225.28,,personal_groceries,N,,,household spending
bank/aib_current_2012.csv,355,03/11/2012,-309.36,,personal_groceries,N,,,household spending
bank/aib_current_2012.csv,356,05/11/2012,-903.25,,foot_care,Y,D01533,,
bank/aib_current_2012.csv,357,05/11/2012,6109.04,,livestock_sale,Y,D04566,,
bank/aib_current_2012.csv,358,05/11/2012,2400.00,,forestry_premium,X,,,exempt from income tax; not a trading receipt
bank/aib_current_2012.csv,359,05/11/2012,-535.00,,pension_personal,N,,,personal pension; relief claimed on the personal return
bank/aib_current_2012.csv,360,08/11/2012,-1232.88,,loan_repayment,Y,,,"interest 211.98, capital 1020.90"
bank/aib_current_2012.csv,361,10/11/2012,-200.00,,drawings,N,,,
bank/aib_current_2012.csv,362,12/11/2012,-552.29,,foot_care,Y,D01536,,
bank/aib_current_2012.csv,363,12/11/2012,-406.60,,health_insurance,N,,,
bank/aib_current_2012.csv,364,14/11/2012,-1999.62,,paye_prsi_usc,Y,,,
bank/aib_current_2012.csv,365,15/11/2012,-700.00,,wages_unrecorded,Y,,E4-ghost,"no payslip, not on payroll, no PAYE/PRSI"
bank/aib_current_2012.csv,366,15/11/2012,-232.55,,personal_groceries,N,,,household spending
bank/aib_current_2012.csv,367,15/11/2012,-2022.50,,vet_medicine,Y,D01430;D01442;D01443,,
bank/aib_current_2012.csv,368,18/11/2012,-80.51,,personal_groceries,N,,,household spending
bank/aib_current_2012.csv,369,19/11/2012,-192.94,,telephone,M,D01559,,
bank/aib_current_2012.csv,370,19/11/2012,-12716.64,,feed,Y,D01400;D01402;D01403;D01413,,
bank/aib_current_2012.csv,371,20/11/2012,-250.00,,drawings,N,,,
bank/aib_current_2012.csv,372,20/11/2012,-200.00,,savings,N,,,
bank/aib_current_2012.csv,373,20/11/2012,-513.24,,repairs,Y,D01509,,
bank/aib_current_2012.csv,374,21/11/2012,-639.94,,repairs,Y,D01486,,
bank/aib_current_2012.csv,375,22/11/2012,-150.00,,drawings,N,,,
bank/aib_current_2012.csv,376,22/11/2012,-74.90,,personal_misc,N,,,
bank/aib_current_2012.csv,377,23/11/2012,-1073.66,,electricity,M,D01558,,
bank/aib_current_2012.csv,378,23/11/2012,-13000.00,,land_rent,Y,D01566,,
bank/aib_current_2012.csv,379,26/11/2012,20542.17,,milk_receipt,Y,D00167;D00168,,net of co-op deductions
bank/aib_current_2012.csv,380,26/11/2012,985.58,,personal_paye_income,N,,,"spouse PAYE, personal income"
bank/aib_current_2012.csv,381,26/11/2012,-6077.93,,fuel,Y,D01472;D01475;D01478,,
bank/aib_current_2012.csv,382,27/11/2012,-300.00,,drawings,N,,,
bank/aib_current_2012.csv,383,27/11/2012,-183.30,,personal_groceries,N,,,household spending
bank/aib_current_2012.csv,384,28/11/2012,-1494.64,,wages_net,Y,,,
bank/aib_current_2012.csv,385,28/11/2012,-345.64,,wages_net,Y,,,
bank/aib_current_2012.csv,386,30/11/2012,-18.20,,bank_charges,Y,,,
bank/aib_current_2012.csv,387,02/12/2012,-294.26,,personal_groceries,N,,,household spending
bank/aib_current_2012.csv,388,03/12/2012,-686.39,,dairy_hygiene,Y,D01529,,
bank/aib_current_2012.csv,389,03/12/2012,16638.45,,scheme_income,Y,,,
bank/aib_current_2012.csv,390,03/12/2012,-2420.00,,drawings,N,,,
bank/aib_current_2012.csv,391,04/12/2012,-668.37,,repairs,Y,D01494,,
bank/aib_current_2012.csv,392,05/12/2012,-535.00,,pension_personal,N,,,personal pension; relief claimed on the personal return
bank/aib_current_2012.csv,393,09/12/2012,-167.02,,personal_groceries,N,,,household spending
bank/aib_current_2012.csv,394,09/12/2012,-110.54,,personal_groceries,N,,,household spending
bank/aib_current_2012.csv,395,10/12/2012,-1232.88,,loan_repayment,Y,,,"interest 208.41, capital 1024.47"
bank/aib_current_2012.csv,396,10/12/2012,-1118.93,,personal_misc,N,,,
bank/aib_current_2012.csv,397,11/12/2012,-250.00,,drawings,N,,,
bank/aib_current_2012.csv,398,12/12/2012,-2327.56,,feed,Y,D01410,,
bank/aib_current_2012.csv,399,12/12/2012,-2468.41,,fuel,Y,D01480,,
bank/aib_current_2012.csv,400,12/12/2012,2948.00,,scheme_income,Y,,,
bank/aib_current_2012.csv,401,12/12/2012,-67.33,,personal_misc,N,,,
bank/aib_current_2012.csv,402,12/12/2012,-406.60,,health_insurance,N,,,
bank/aib_current_2012.csv,403,14/12/2012,-1998.31,,paye_prsi_usc,Y,,,
bank/aib_current_2012.csv,404,15/12/2012,-200.00,,drawings,N,,,
bank/aib_current_2012.csv,405,15/12/2012,-197.92,,personal_groceries,N,,,household spending
bank/aib_current_2012.csv,406,17/12/2012,-5272.32,,feed,Y,D01408,,
bank/aib_current_2012.csv,407,17/12/2012,-1865.73,,vet_medicine,Y,D01425;D01428;D01433,,
bank/aib_current_2012.csv,408,19/12/2012,-188.13,,telephone,M,D01561,,
bank/aib_current_2012.csv,409,19/12/2012,-144.77,,fallen_animals,Y,D04544,,
bank/aib_current_2012.csv,410,19/12/2012,4800.00,,scheme_income,Y,,,
bank/aib_current_2012.csv,411,19/12/2012,-200.00,,drawings,N,,,
bank/aib_current_2012.csv,412,19/12/2012,-69.59,,family_fuel,N,,,
bank/aib_current_2012.csv,413,20/12/2012,-200.00,,savings,N,,,
bank/aib_current_2012.csv,414,21/12/2012,-611.96,,dairy_hygiene,Y,D01526,,
bank/aib_current_2012.csv,415,21/12/2012,-550.14,,repairs,Y,D01485,,
bank/aib_current_2012.csv,416,24/12/2012,-1211.44,,electricity,M,D01560,,
bank/aib_current_2012.csv,417,24/12/2012,-74.90,,personal_misc,N,,,
bank/aib_current_2012.csv,418,27/12/2012,9224.09,,milk_receipt,Y,D00169;D00170,,net of co-op deductions
bank/aib_current_2012.csv,419,27/12/2012,985.58,,personal_paye_income,N,,,"spouse PAYE, personal income"
bank/aib_current_2012.csv,420,27/12/2012,-4500.00,,ghost_supplier,N,D05129,E12-ghost,
bank/aib_current_2012.csv,421,28/12/2012,-1494.64,,wages_net,Y,,,
bank/aib_current_2012.csv,422,28/12/2012,-352.87,,wages_net,Y,,,
bank/aib_current_2012.csv,423,28/12/2012,-5000.00,,ghost_supplier,N,D05128,E12-ghost,
bank/aib_current_2012.csv,424,28/12/2012,-154.63,,personal_groceries,N,,,household spending
bank/aib_current_2012.csv,425,31/12/2012,-18.20,,bank_charges,Y,,,
bank/aib_current_2013.csv,2,02/01/2013,-2540.00,,drawings,N,,,
bank/aib_current_2013.csv,3,04/01/2013,-250.00,,drawings,N,,,
bank/aib_current_2013.csv,4,07/01/2013,-540.00,,pension_personal,N,,,personal pension; relief claimed on the personal return
bank/aib_current_2013.csv,5,08/01/2013,-1227.63,,loan_repayment,Y,,,"interest 195.07, capital 1032.56"
bank/aib_current_2013.csv,6,08/01/2013,-250.00,,drawings,N,,,
bank/aib_current_2013.csv,7,09/01/2013,-4675.60,,feed,Y,D01407,,
bank/aib_current_2013.csv,8,11/01/2013,-214.42,,personal_groceries,N,,,household spending
bank/aib_current_2013.csv,9,14/01/2013,-2069.92,,fuel,Y,D01643,,
bank/aib_current_2013.csv,10,14/01/2013,-2006.35,,paye_prsi_usc,Y,,,
bank/aib_current_2013.csv,11,14/01/2013,-410.40,,health_insurance,N,,,
bank/aib_current_2013.csv,12,15/01/2013,-250.00,,drawings,N,,,
bank/aib_current_2013.csv,13,16/01/2013,-300.00,,drawings,N,,,
bank/aib_current_2013.csv,14,16/01/2013,-299.32,,personal_groceries,N,,,household spending
bank/aib_current_2013.csv,15,18/01/2013,-573.08,,dairy_hygiene,Y,D01520,,
bank/aib_current_2013.csv,16,19/01/2013,-254.49,,personal_groceries,N,,,household spending
bank/aib_current_2013.csv,17,20/01/2013,-65.84,,family_fuel,N,,,
bank/aib_current_2013.csv,18,21/01/2013,-198.74,,telephone,M,D01710,,
bank/aib_current_2013.csv,19,21/01/2013,-203.81,,personal_groceries,N,,,household spending
bank/aib_current_2013.csv,20,21/01/2013,-200.00,,savings,N,,,
bank/aib_current_2013.csv,21,21/01/2013,-435.08,,repairs,Y,D01497,,
bank/aib_current_2013.csv,22,22/01/2013,-1149.35,,electricity,M,D01709,,
bank/aib_current_2013.csv,23,22/01/2013,-75.60,,personal_misc,N,,,
bank/aib_current_2013.csv,24,23/01/2013,-2406.85,,vet_medicine,Y,D01438;D01447;D01448,,
bank/aib_current_2013.csv,25,24/01/2013,912.15,,contracting_income,Y,D04878,,
bank/aib_current_2013.csv,26,25/01/2013,1714.70,,milk_receipt,Y,D00171;D00172,,net of co-op deductions
bank/aib_current_2013.csv,27,25/01/2013,1014.83,,personal_paye_income,N,,,"spouse PAYE, personal income"
bank/aib_current_2013.csv,28,26/01/2013,-91.29,,personal_misc,N,,,
bank/aib_current_2013.csv,29,28/01/2013,-185.98,,fallen_animals,Y,D04574,,
bank/aib_current_2013.csv,30,28/01/2013,-1546.60,,wages_net,Y,,,
bank/aib_current_2013.csv,31,28/01/2013,-347.67,,wages_net,Y,,,
bank/aib_current_2013.csv,32,29/01/2013,-912.15,,contracting_income,Y,,RETURNED_CHEQUE,
bank/aib_current_2013.csv,33,31/01/2013,-18.90,,bank_charges,Y,,,
bank/aib_current_2013.csv,34,01/02/2013,-675.09,,vet_medicine,Y,D01609,,
bank/aib_current_2013.csv,35,01/02/2013,-2540.00,,drawings,N,,,
bank/aib_current_2013.csv,36,01/02/2013,-15.00,,bank_charges,Y,,RETURNED_CHEQUE,
bank/aib_current_2013.csv,37,02/02/2013,-150.00,,drawings,N,,,
bank/aib_current_2013.csv,38,03/02/2013,-150.00,,drawings,N,,,
bank/aib_current_2013.csv,39,03/02/2013,-244.42,,personal_groceries,N,,,household spending
bank/aib_current_2013.csv,40,05/02/2013,-540.00,,pension_personal,N,,,personal pension; relief claimed on the personal return
bank/aib_current_2013.csv,41,07/02/2013,-293.74,,personal_groceries,N,,,household spending
bank/aib_current_2013.csv,42,07/02/2013,-110.92,,personal_misc,N,,,
bank/aib_current_2013.csv,43,08/02/2013,-1227.63,,loan_repayment,Y,,,"interest 191.63, capital 1036.00"
bank/aib_current_2013.csv,44,11/02/2013,-1214.22,,breeding_ai,Y,D01627,,
bank/aib_current_2013.csv,45,12/02/2013,-189.15,,personal_groceries,N,,,household spending
bank/aib_current_2013.csv,46,12/02/2013,-410.40,,health_insurance,N,,,
bank/aib_current_2013.csv,47,14/02/2013,-2058.21,,paye_prsi_usc,Y,,,
bank/aib_current_2013.csv,48,17/02/2013,-150.00,,drawings,N,,,
bank/aib_current_2013.csv,49,17/02/2013,-300.00,,drawings,N,,,
bank/aib_current_2013.csv,50,18/02/2013,-1269.71,,electricity,M,D01711,,
bank/aib_current_2013.csv,51,18/02/2013,-6636.42,,feed,Y,D01567;D01572,,
bank/aib_current_2013.csv,52,19/02/2013,-179.22,,telephone,M,D01712,,
bank/aib_current_2013.csv,53,19/02/2013,-149.35,,personal_groceries,N,,,household spending
bank/aib_current_2013.csv,54,19/02/2013,-460.59,,repairs,Y,D01658,,
bank/aib_current_2013.csv,55,20/02/2013,-644.98,,dairy_hygiene,Y,D01696,,
bank/aib_current_2013.csv,56,20/02/2013,-200.00,,savings,N,,,
bank/aib_current_2013.csv,57,21/02/2013,-230.52,,personal_groceries,N,,,household spending
bank/aib_current_2013.csv,58,21/02/2013,-2115.78,,vet_medicine,Y,D01594;D01599;D01617,,
bank/aib_current_2013.csv,59,22/02/2013,-937.47,,vet_medicine,Y,D01615,,
bank/aib_current_2013.csv,60,22/02/2013,-418.32,,dairy_hygiene,Y,D01698,,
bank/aib_current_2013.csv,61,22/02/2013,-75.60,,personal_misc,N,,,
bank/aib_current_2013.csv,62,25/02/2013,5686.25,,milk_receipt,Y,D00173;D00174,,net of co-op deductions
bank/aib_current_2013.csv,63,25/02/2013,1014.83,,personal_paye_income,N,,,"spouse PAYE, personal income"
bank/aib_current_2013.csv,64,28/02/2013,-18.90,,bank_charges,Y,,,
bank/aib_current_2013.csv,65,28/02/2013,-1546.60,,wages_net,Y,,,
bank/aib_current_2013.csv,66,28/02/2013,-371.35,,wages_net,Y,,,
bank/aib_current_2013.csv,67,28/02/2013,-80.07,,bank_interest,Y,,,
bank/aib_current_2013.csv,68,01/03/2013,-2540.00,,drawings,N,,,
bank/aib_current_2013.csv,69,02/03/2013,-63.08,,personal_misc,N,,,
bank/aib_current_2013.csv,70,03/03/2013,-200.00,,drawings,N,,,
bank/aib_current_2013.csv,71,03/03/2013,-200.00,,drawings,N,,,
bank/aib_current_2013.csv,72,04/03/2013,-8215.68,,insurance,Y,D01733,,
bank/aib_current_2013.csv,73,05/03/2013,-540.00,,pension_personal,N,,,personal pension; relief claimed on the personal return
bank/aib_current_2013.csv,74,08/03/2013,-1227.63,,loan_repayment,Y,,,"interest 188.17, capital 1039.45"
bank/aib_current_2013.csv,75,08/03/2013,-150.00,,drawings,N,,,
bank/aib_current_2013.csv,76,08/03/2013,-200.00,,drawings,N,,,
bank/aib_current_2013.csv,77,12/03/2013,-281.45,,repairs,Y,D01668,,
bank/aib_current_2013.csv,78,12/03/2013,-410.40,,health_insurance,N,,,
bank/aib_current_2013.csv,79,14/03/2013,-2084.46,,paye_prsi_usc,Y,,,
bank/aib_current_2013.csv,80,14/03/2013,-220.26,,personal_groceries,N,,,household spending
bank/aib_current_2013.csv,81,15/03/2013,-750.00,,wages_unrecorded,Y,,E4-ghost,"no payslip, not on payroll, no PAYE/PRSI"
bank/aib_current_2013.csv,82,18/03/2013,-466.93,,repairs,Y,D01663,,
bank/aib_current_2013.csv,83,18/03/2013,-172.42,,telephone,M,D01714,,
bank/aib_current_2013.csv,84,18/03/2013,2062.51,,livestock_sale,Y,D04575;D04576,,net of commission
bank/aib_current_2013.csv,85,18/03/2013,-252.77,,personal_groceries,N,,,household spending
bank/aib_current_2013.csv,86,18/03/2013,-4050.39,,feed,Y,D01569,,
bank/aib_current_2013.csv,87,18/03/2013,-1275.74,,fuel,Y,D01649,,
bank/aib_current_2013.csv,88,18/03/2013,-371.60,,repairs,Y,D01687,,
bank/aib_current_2013.csv,89,18/03/2013,-4780.90,,vet_medicine,Y,D01596;D01606;D01608;D01611;D01618;D01622;D01625,,
bank/aib_current_2013.csv,90,20/03/2013,-200.00,,savings,N,,,
bank/aib_current_2013.csv,91,21/03/2013,-101.43,,personal_groceries,N,,,household spending
bank/aib_current_2013.csv,92,22/03/2013,-1074.80,,electricity,M,D01713,,
bank/aib_current_2013.csv,93,22/03/2013,-75.60,,personal_misc,N,,,
bank/aib_current_2013.csv,94,25/03/2013,20375.71,,milk_receipt,Y,D00175;D00176,,net of co-op deductions
bank/aib_current_2013.csv,95,25/03/2013,1014.83,,personal_paye_income,N,,,"spouse PAYE, personal income"
bank/aib_current_2013.csv,96,26/03/2013,-241.85,,personal_groceries,N,,,household spending
bank/aib_current_2013.csv,97,27/03/2013,-3666.38,,professional_fees,Y,D01734,,
bank/aib_current_2013.csv,98,28/03/2013,-1546.60,,wages_net,Y,,,
bank/aib_current_2013.csv,99,28/03/2013,-357.04,,wages_net,Y,,,
bank/aib_current_2013.csv,100,29/03/2013,-158.37,,bank_interest,Y,,,
bank/aib_current_2013.csv,101,29/03/2013,40000.00,,own_transfer,T,,,
bank/aib_current_2013.csv,102,31/03/2013,-18.90,,bank_charges,Y,,,
bank/aib_current_2013.csv,103,01/04/2013,1700.00,,unexplained_credit,U,,E1-2013,cash lodgement with no source; probably part of the dealer cash
bank/aib_current_2013.csv,104,01/04/2013,-2540.00,,drawings,N,,,
bank/aib_current_2013.csv,105,01/04/2013,-200.00,,drawings,N,,,
bank/aib_current_2013.csv,106,02/04/2013,-170.81,,personal_groceries,N,,,household spending
bank/aib_current_2013.csv,107,03/04/2013,-119.27,,personal_groceries,N,,,household spending
bank/aib_current_2013.csv,108,04/04/2013,-200.00,,drawings,N,,,
bank/aib_current_2013.csv,109,05/04/2013,2277.21,,livestock_sale,Y,D04577;D04578,,net of commission
bank/aib_current_2013.csv,110,05/04/2013,-116.98,,personal_misc,N,,,
bank/aib_current_2013.csv,111,05/04/2013,-540.00,,pension_personal,N,,,personal pension; relief claimed on the personal return
bank/aib_current_2013.csv,112,06/04/2013,-300.00,,drawings,N,,,
bank/aib_current_2013.csv,113,08/04/2013,-1227.63,,loan_repayment,Y,,,"interest 184.71, capital 1042.92"
bank/aib_current_2013.csv,114,08/04/2013,-61.24,,family_fuel,N,,,
bank/aib_current_2013.csv,115,09/04/2013,-850.53,,dairy_hygiene,Y,D01695,,
bank/aib_current_2013.csv,116,12/04/2013,2078.58,,livestock_sale,Y,D04579;D04580,,net of commission
bank/aib_current_2013.csv,117,12/04/2013,-410.40,,health_insurance,N,,,
bank/aib_current_2013.csv,118,15/04/2013,-2068.58,,paye_prsi_usc,Y,,,
bank/aib_current_2013.csv,119,15/04/2013,-850.00,,wages_unrecorded,Y,,E4-ghost,"no payslip, not on payroll, no PAYE/PRSI"
bank/aib_current_2013.csv,120,17/04/2013,-5526.47,,fertiliser,Y,D01592,,
bank/aib_current_2013.csv,121,17/04/2013,-466.31,,dairy_hygiene,Y,D01697,,
bank/aib_current_2013.csv,122,18/04/2013,-181.19,,telephone,M,D01716,,
bank/aib_current_2013.csv,123,20/04/2013,-155.19,,personal_groceries,N,,,household spending
bank/aib_current_2013.csv,124,22/04/2013,-1329.47,,electricity,M,D01715,,
bank/aib_current_2013.csv,125,22/04/2013,-200.00,,savings,N,,,
bank/aib_current_2013.csv,126,22/04/2013,-75.60,,personal_misc,N,,,
bank/aib_current_2013.csv,127,22/04/2013,-8488.16,,feed,Y,D01576;D01577,,
bank/aib_current_2013.csv,128,22/04/2013,-3233.18,,contractors,Y,D01639,,
bank/aib_current_2013.csv,129,22/04/2013,-2148.64,,vet_medicine,Y,D01601;D01610;D01616,,
bank/aib_current_2013.csv,130,25/04/2013,39275.28,,milk_receipt,Y,D00177;D00178,,net of co-op deductions
bank/aib_current_2013.csv,131,25/04/2013,1014.83,,personal_paye_income,N,,,"spouse PAYE, personal income"
bank/aib_current_2013.csv,132,25/04/2013,-244.29,,personal_groceries,N,,,household spending
bank/aib_current_2013.csv,133,28/04/2013,-240.81,,personal_groceries,N,,,household spending
bank/aib_current_2013.csv,134,29/04/2013,2152.49,,livestock_sale,Y,D04581;D04582,,net of commission
bank/aib_current_2013.csv,135,29/04/2013,-1546.60,,wages_net,Y,,,
bank/aib_current_2013.csv,136,29/04/2013,-357.87,,wages_net,Y,,,
bank/aib_current_2013.csv,137,30/04/2013,-18.90,,bank_charges,Y,,,
bank/aib_current_2013.csv,138,01/05/2013,-2540.00,,drawings,N,,,
bank/aib_current_2013.csv,139,02/05/2013,-200.00,,drawings,N,,,
bank/aib_current_2013.csv,140,03/05/2013,-300.00,,drawings,N,,,
bank/aib_current_2013.csv,141,04/05/2013,-150.00,,drawings,N,,,
bank/aib_current_2013.csv,142,04/05/2013,-244.27,,personal_groceries,N,,,household spending
bank/aib_current_2013.csv,143,04/05/2013,-215.34,,personal_groceries,N,,,household spending
bank/aib_current_2013.csv,144,06/05/2013,-30135.00,,family_car,N,D05096,E7-car,
bank/aib_current_2013.csv,145,06/05/2013,-150.00,,drawings,N,,,
bank/aib_current_2013.csv,146,06/05/2013,-540.00,,pension_personal,N,,,personal pension; relief claimed on the personal return
bank/aib_current_2013.csv,147,07/05/2013,-300.00,,drawings,N,,,
bank/aib_current_2013.csv,148,08/05/2013,-1227.63,,loan_repayment,Y,,,"interest 181.23, capital 1046.39"
bank/aib_current_2013.csv,149,08/05/2013,-1296.00,,family_car_running,N,,,
bank/aib_current_2013.csv,150,13/05/2013,2085.94,,livestock_sale,Y,D04583;D04584,,net of commission
bank/aib_current_2013.csv,151,13/05/2013,-410.40,,health_insurance,N,,,
bank/aib_current_2013.csv,152,14/05/2013,-2069.49,,paye_prsi_usc,Y,,,
bank/aib_current_2013.csv,153,15/05/2013,-750.00,,wages_unrecorded,Y,,E4-ghost,"no payslip, not on payroll, no PAYE/PRSI"
bank/aib_current_2013.csv,154,15/05/2013,-13909.48,,fertiliser,Y,D01590;D01591,,
bank/aib_current_2013.csv,155,15/05/2013,-982.33,,repairs,Y,D01664;D01675,,
bank/aib_current_2013.csv,156,16/05/2013,-6766.01,,feed,Y,D01571;D01582,,
bank/aib_current_2013.csv,157,17/05/2013,-1986.87,,breeding_ai,Y,D01628;D01630;D01632,,
bank/aib_current_2013.csv,158,18/05/2013,-158.18,,personal_groceries,N,,,household spending
bank/aib_current_2013.csv,159,20/05/2013,-2400.42,,contractors,Y,D01641,,
bank/aib_current_2013.csv,160,20/05/2013,-2542.65,,fuel,Y,D01646,,
bank/aib_current_2013.csv,161,20/05/2013,-1218.27,,electricity,M,D01717,,
bank/aib_current_2013.csv,162,20/05/2013,-181.60,,telephone,M,D01718,,
bank/aib_current_2013.csv,163,20/05/2013,-200.00,,savings,N,,,
bank/aib_current_2013.csv,164,21/05/2013,-263.67,,personal_groceries,N,,,household spending
bank/aib_current_2013.csv,165,22/05/2013,1827.33,,livestock_sale,Y,D04585;D04586,,net of commission
bank/aib_current_2013.csv,166,22/05/2013,-75.60,,personal_misc,N,,,
bank/aib_current_2013.csv,167,22/05/2013,-807.63,,dairy_hygiene,Y,D01688,,
bank/aib_current_2013.csv,168,22/05/2013,-455.79,,vet_medicine,Y,D01595,,
bank/aib_current_2013.csv,169,27/05/2013,56473.32,,milk_receipt,Y,D00179;D00180,,net of co-op deductions
bank/aib_current_2013.csv,170,27/05/2013,1014.83,,personal_paye_income,N,,,"spouse PAYE, personal income"
bank/aib_current_2013.csv,171,27/05/2013,-148.22,,personal_groceries,N,,,household spending
bank/aib_current_2013.csv,172,28/05/2013,-1546.60,,wages_net,Y,,,
bank/aib_current_2013.csv,173,28/05/2013,-355.02,,wages_net,Y,,,
bank/aib_current_2013.csv,174,29/05/2013,-3584.99,,contractors,Y,D01635,,
bank/aib_current_2013.csv,175,31/05/2013,-18.90,,bank_charges,Y,,,
bank/aib_current_2013.csv,176,01/06/2013,-61.59,,family_fuel,N,,,
bank/aib_current_2013.csv,177,03/06/2013,-647.19,,breeding_ai,Y,D01633,,
bank/aib_current_2013.csv,178,03/06/2013,-2540.00,,drawings,N,,,
bank/aib_current_2013.csv,179,04/06/2013,1847.56,,contracting_income,Y,D04880,,
bank/aib_current_2013.csv,180,04/06/2013,-176.32,,personal_groceries,N,,,household spending
bank/aib_current_2013.csv,181,04/06/2013,-110.18,,personal_groceries,N,,,household spending
bank/aib_current_2013.csv,182,05/06/2013,-540.00,,pension_personal,N,,,personal pension; relief claimed on the personal return
bank/aib_current_2013.csv,183,06/06/2013,-200.00,,drawings,N,,,
bank/aib_current_2013.csv,184,06/06/2013,-119.24,,personal_groceries,N,,,household spending
bank/aib_current_2013.csv,185,10/06/2013,-2137.61,,fuel,Y,D01650,,
bank/aib_current_2013.csv,186,10/06/2013,-669.60,,utilities,M,D01736,,
bank/aib_current_2013.csv,187,10/06/2013,-1227.63,,loan_repayment,Y,,,"interest 177.75, capital 1049.88"
bank/aib_current_2013.csv,188,12/06/2013,-227.72,,personal_groceries,N,,,household spending
bank/aib_current_2013.csv,189,12/06/2013,-410.40,,health_insurance,N,,,
bank/aib_current_2013.csv,190,13/06/2013,-200.00,,drawings,N,,,
bank/aib_current_2013.csv,191,13/06/2013,-150.00,,drawings,N,,,
bank/aib_current_2013.csv,192,14/06/2013,-2066.37,,paye_prsi_usc,Y,,,
bank/aib_current_2013.csv,193,14/06/2013,1800.00,,scheme_income,Y,,,
bank/aib_current_2013.csv,194,16/06/2013,-155.27,,personal_groceries,N,,,household spending
bank/aib_current_2013.csv,195,17/06/2013,-800.00,,wages_unrecorded,Y,,E4-ghost,"no payslip, not on payroll, no PAYE/PRSI"
bank/aib_current_2013.csv,196,17/06/2013,-2123.17,,breeding_ai,Y,D01626;D01629;D01631,,
bank/aib_current_2013.csv,197,17/06/2013,-998.11,,repairs,Y,D01662;D01670,,
bank/aib_current_2013.csv,198,18/06/2013,-177.82,,telephone,M,D01720,,
bank/aib_current_2013.csv,199,18/06/2013,-4396.93,,feed,Y,D01581,,
bank/aib_current_2013.csv,200,19/06/2013,-1262.57,,electricity,M,D01719,,
bank/aib_current_2013.csv,201,20/06/2013,-256.11,,personal_groceries,N,,,household spending
bank/aib_current_2013.csv,202,20/06/2013,-200.00,,savings,N,,,
bank/aib_current_2013.csv,203,21/06/2013,-2486.63,,contractors,Y,D01640,,
bank/aib_current_2013.csv,204,24/06/2013,-612.36,,repairs,Y,D01656,,
bank/aib_current_2013.csv,205,24/06/2013,-75.60,,personal_misc,N,,,
bank/aib_current_2013.csv,206,24/06/2013,-2044.52,,contractors,Y,D01642,,
bank/aib_current_2013.csv,207,25/06/2013,63053.91,,milk_receipt,Y,D00181;D00182,,net of co-op deductions
bank/aib_current_2013.csv,208,25/06/2013,1014.83,,personal_paye_income,N,,,"spouse PAYE, personal income"
bank/aib_current_2013.csv,209,28/06/2013,-327.66,,repairs,Y,D01681,,
bank/aib_current_2013.csv,210,28/06/2013,-1546.60,,wages_net,Y,,,
bank/aib_current_2013.csv,211,28/06/2013,-361.54,,wages_net,Y,,,
bank/aib_current_2013.csv,212,30/06/2013,-18.90,,bank_charges,Y,,,
bank/aib_current_2013.csv,213,30/06/2013,-605.00,,bank_charges,Y,,,
bank/aib_current_2013.csv,214,01/07/2013,-2540.00,,drawings,N,,,
bank/aib_current_2013.csv,215,05/07/2013,-540.00,,pension_personal,N,,,personal pension; relief claimed on the personal return
bank/aib_current_2013.csv,216,07/07/2013,-186.91,,personal_groceries,N,,,household spending
bank/aib_current_2013.csv,217,08/07/2013,-1227.63,,loan_repayment,Y,,,"interest 174.25, capital 1053.38"
bank/aib_current_2013.csv,218,10/07/2013,-146.47,,personal_groceries,N,,,household spending
bank/aib_current_2013.csv,219,11/07/2013,4200.00,,capital_receipt,Y,,,one-off easement payment
bank/aib_current_2013.csv,220,11/07/2013,-250.00,,drawings,N,,,
bank/aib_current_2013.csv,221,12/07/2013,-427.63,,repairs,Y,D01678,,
bank/aib_current_2013.csv,222,12/07/2013,-410.40,,health_insurance,N,,,
bank/aib_current_2013.csv,223,15/07/2013,-2073.59,,paye_prsi_usc,Y,,,
bank/aib_current_2013.csv,224,15/07/2013,-750.00,,wages_unrecorded,Y,,E4-ghost,"no payslip, not on payroll, no PAYE/PRSI"
bank/aib_current_2013.csv,225,15/07/2013,-292.04,,personal_groceries,N,,,household spending
bank/aib_current_2013.csv,226,15/07/2013,-3799.25,,family_holiday,N,,,family holiday paid by the farm account
bank/aib_current_2013.csv,227,16/07/2013,-803.96,,dairy_hygiene,Y,D01689,,
bank/aib_current_2013.csv,228,17/07/2013,-1049.78,,electricity,M,D01721,,
bank/aib_current_2013.csv,229,17/07/2013,-250.00,,drawings,N,,,
bank/aib_current_2013.csv,230,19/07/2013,-167.39,,telephone,M,D01722,,
bank/aib_current_2013.csv,231,19/07/2013,-1195.56,,professional_fees,Y,D01735,,
bank/aib_current_2013.csv,232,19/07/2013,-3550.80,,contractors,Y,D01638,,
bank/aib_current_2013.csv,233,22/07/2013,-651.10,,repairs,Y,D01674,,
bank/aib_current_2013.csv,234,22/07/2013,7702.63,,livestock_sale,Y,D04591,,
bank/aib_current_2013.csv,235,22/07/2013,-200.00,,drawings,N,,,
bank/aib_current_2013.csv,236,22/07/2013,-200.00,,savings,N,,,
bank/aib_current_2013.csv,237,22/07/2013,-75.60,,personal_misc,N,,,
bank/aib_current_2013.csv,238,22/07/2013,-2979.83,,contractors,Y,D01636,,
bank/aib_current_2013.csv,239,22/07/2013,-802.98,,vet_medicine,Y,D01621,,
bank/aib_current_2013.csv,240,23/07/2013,-1172.56,,fuel,Y,D01645,,
bank/aib_current_2013.csv,241,23/07/2013,-59.48,,family_fuel,N,,,
bank/aib_current_2013.csv,242,25/07/2013,56947.43,,milk_receipt,Y,D00183;D00184,,net of co-op deductions
bank/aib_current_2013.csv,243,27/07/2013,-99.56,,personal_groceries,N,,,household spending
bank/aib_current_2013.csv,244,28/07/2013,-210.72,,personal_groceries,N,,,household spending
bank/aib_current_2013.csv,245,28/07/2013,-236.43,,personal_groceries,N,,,household spending
bank/aib_current_2013.csv,246,29/07/2013,-347.60,,repairs,Y,D01655,,
bank/aib_current_2013.csv,247,29/07/2013,-1546.60,,wages_net,Y,,,
bank/aib_current_2013.csv,248,29/07/2013,-347.27,,wages_net,Y,,,
bank/aib_current_2013.csv,249,31/07/2013,-18.90,,bank_charges,Y,,,
bank/aib_current_2013.csv,250,31/07/2013,-55000.00,,own_transfer,T,,,
bank/aib_current_2013.csv,251,01/08/2013,-2540.00,,drawings,N,,,
bank/aib_current_2013.csv,252,05/08/2013,-483.80,,repairs,Y,D01679,,
bank/aib_current_2013.csv,253,05/08/2013,-540.00,,pension_personal,N,,,personal pension; relief claimed on the personal return
bank/aib_current_2013.csv,254,06/08/2013,1459.60,,contracting_income,Y,D04882,,
bank/aib_current_2013.csv,255,08/08/2013,-1227.63,,loan_repayment,Y,,,"interest 170.73, capital 1056.89"
bank/aib_current_2013.csv,256,12/08/2013,-502.68,,dairy_hygiene,Y,D01700,,
bank/aib_current_2013.csv,257,12/08/2013,-410.40,,health_insurance,N,,,
bank/aib_current_2013.csv,258,14/08/2013,-304.71,,repairs,Y,D01686,,
bank/aib_current_2013.csv,259,14/08/2013,-2057.76,,paye_prsi_usc,Y,,,
bank/aib_current_2013.csv,260,15/08/2013,-800.00,,wages_unrecorded,Y,,E4-ghost,"no payslip, not on payroll, no PAYE/PRSI"
bank/aib_current_2013.csv,261,17/08/2013,-300.00,,drawings,N,,,
bank/aib_current_2013.csv,262,18/08/2013,-200.00,,drawings,N,,,
bank/aib_current_2013.csv,263,19/08/2013,-168.04,,telephone,M,D01724,,
bank/aib_current_2013.csv,264,19/08/2013,-1277.30,,repairs,Y,D01669;D01673,,
bank/aib_current_2013.csv,265,20/08/2013,-200.00,,savings,N,,,
bank/aib_current_2013.csv,266,21/08/2013,-1211.17,,electricity,M,D01723,,
bank/aib_current_2013.csv,267,21/08/2013,-320.29,,personal_groceries,N,,,household spending
bank/aib_current_2013.csv,268,22/08/2013,-250.00,,drawings,N,,,
bank/aib_current_2013.csv,269,22/08/2013,-75.60,,personal_misc,N,,,
bank/aib_current_2013.csv,270,23/08/2013,-188.31,,personal_groceries,N,,,household spending
bank/aib_current_2013.csv,271,23/08/2013,-2635.55,,contractors,Y,D01634,,
bank/aib_current_2013.csv,272,24/08/2013,-250.00,,drawings,N,,,
bank/aib_current_2013.csv,273,25/08/2013,-287.19,,personal_groceries,N,,,household spending
bank/aib_current_2013.csv,274,26/08/2013,51248.00,,milk_receipt,Y,D00185;D00186,,net of co-op deductions
bank/aib_current_2013.csv,275,27/08/2013,-306.62,,personal_groceries,N,,,household spending
bank/aib_current_2013.csv,276,27/08/2013,-70.27,,family_fuel,N,,,
bank/aib_current_2013.csv,277,28/08/2013,-1546.60,,wages_net,Y,,,
bank/aib_current_2013.csv,278,28/08/2013,-354.38,,wages_net,Y,,,
bank/aib_current_2013.csv,279,31/08/2013,-18.90,,bank_charges,Y,,,
bank/aib_current_2013.csv,280,02/09/2013,-356.01,,repairs,Y,D01660,,
bank/aib_current_2013.csv,281,02/09/2013,-2540.00,,drawings,N,,,
bank/aib_current_2013.csv,282,03/09/2013,-234.47,,personal_groceries,N,,,household spending
bank/aib_current_2013.csv,283,05/09/2013,-140.29,,personal_misc,N,,,
bank/aib_current_2013.csv,284,05/09/2013,-540.00,,pension_personal,N,,,personal pension; relief claimed on the personal return
bank/aib_current_2013.csv,285,05/09/2013,-1188.00,,personal_education,N,,,
bank/aib_current_2013.csv,286,06/09/2013,-132.11,,personal_groceries,N,,,household spending
bank/aib_current_2013.csv,287,07/09/2013,-253.52,,personal_groceries,N,,,household spending
bank/aib_current_2013.csv,288,09/09/2013,-606.21,,repairs,Y,D01661,,
bank/aib_current_2013.csv,289,09/09/2013,-1227.63,,loan_repayment,Y,,,"interest 167.21, capital 1060.41"
bank/aib_current_2013.csv,290,11/09/2013,-470.38,,repairs,Y,D01684,,
bank/aib_current_2013.csv,291,11/09/2013,-1643.91,,silage_plastic,Y,D01702,,
bank/aib_current_2013.csv,292,11/09/2013,-250.00,,drawings,N,,,
bank/aib_current_2013.csv,293,12/09/2013,-410.40,,health_insurance,N,,,
bank/aib_current_2013.csv,294,16/09/2013,-2065.64,,paye_prsi_usc,Y,,,
bank/aib_current_2013.csv,295,16/09/2013,-850.00,,wages_unrecorded,Y,,E4-ghost,"no payslip, not on payroll, no PAYE/PRSI"
bank/aib_current_2013.csv,296,16/09/2013,-150.00,,drawings,N,,,
bank/aib_current_2013.csv,297,16/09/2013,-412.87,,repairs,Y,D01683,,
bank/aib_current_2013.csv,298,17/09/2013,1815.55,,contracting_income,Y,D04885,,
bank/aib_current_2013.csv,299,18/09/2013,-178.30,,telephone,M,D01726,,
bank/aib_current_2013.csv,300,18/09/2013,-74.81,,family_fuel,N,,,
bank/aib_current_2013.csv,301,18/09/2013,-2296.31,,fuel,Y,D01651,,
bank/aib_current_2013.csv,302,19/09/2013,-1550.08,,silage_plastic,Y,D01701,,
bank/aib_current_2013.csv,303,19/09/2013,-1108.79,,electricity,M,D01725,,
bank/aib_current_2013.csv,304,19/09/2013,-301.68,,personal_groceries,N,,,household spending
bank/aib_current_2013.csv,305,19/09/2013,-1505.45,,silage_plastic,Y,D01703,,
bank/aib_current_2013.csv,306,20/09/2013,-283.42,,personal_groceries,N,,,household spending
bank/aib_current_2013.csv,307,20/09/2013,-186.61,,personal_groceries,N,,,household spending
bank/aib_current_2013.csv,308,20/09/2013,-200.00,,savings,N,,,
bank/aib_current_2013.csv,309,21/09/2013,-250.00,,drawings,N,,,
bank/aib_current_2013.csv,310,23/09/2013,-2176.01,,fuel,Y,D01644,,
bank/aib_current_2013.csv,311,23/09/2013,-75.60,,personal_misc,N,,,
bank/aib_current_2013.csv,312,23/09/2013,-1804.31,,vet_medicine,Y,D01597;D01604;D01613,,
bank/aib_current_2013.csv,313,24/09/2013,-595.79,,dairy_hygiene,Y,D01693,,
bank/aib_current_2013.csv,314,25/09/2013,46981.19,,milk_receipt,Y,D00187;D00188,,net of co-op deductions
bank/aib_current_2013.csv,315,25/09/2013,7956.00,,livestock_sale,Y,D04588,,
bank/aib_current_2013.csv,316,25/09/2013,1014.83,,personal_paye_income,N,,,"spouse PAYE, personal income"
bank/aib_current_2013.csv,317,26/09/2013,-146.12,,fallen_animals,Y,D04573,,
bank/aib_current_2013.csv,318,30/09/2013,-1440.64,,fuel,Y,D01647,,
bank/aib_current_2013.csv,319,30/09/2013,-18.90,,bank_charges,Y,,,
bank/aib_current_2013.csv,320,30/09/2013,-1546.60,,wages_net,Y,,,
bank/aib_current_2013.csv,321,30/09/2013,-352.58,,wages_net,Y,,,
bank/aib_current_2013.csv,322,30/09/2013,-63000.00,,own_transfer,T,,,
bank/aib_current_2013.csv,323,01/10/2013,-655.44,,repairs,Y,D01672,,
bank/aib_current_2013.csv,324,01/10/2013,-2540.00,,drawings,N,,,
bank/aib_current_2013.csv,325,02/10/2013,1501.58,,contracting_income,Y,D04881,,
bank/aib_current_2013.csv,326,05/10/2013,-240.85,,personal_groceries,N,,,household spending
bank/aib_current_2013.csv,327,06/10/2013,-1501.58,,contracting_income,Y,,RETURNED_CHEQUE,
bank/aib_current_2013.csv,328,07/10/2013,-2306.94,,contractors,Y,D01637,,
bank/aib_current_2013.csv,329,07/10/2013,-540.00,,pension_personal,N,,,personal pension; relief claimed on the personal return
bank/aib_current_2013.csv,330,08/10/2013,-1227.63,,loan_repayment,Y,,,"interest 163.68, capital 1063.95"
bank/aib_current_2013.csv,331,08/10/2013,-300.00,,drawings,N,,,
bank/aib_current_2013.csv,332,08/10/2013,-310.92,,personal_groceries,N,,,household spending
bank/aib_current_2013.csv,333,10/10/2013,-15.00,,bank_charges,Y,,RETURNED_CHEQUE,
bank/aib_current_2013.csv,334,11/10/2013,-139.44,,personal_groceries,N,,,household spending
bank/aib_current_2013.csv,335,13/10/2013,-79.75,,family_fuel,N,,,
bank/aib_current_2013.csv,336,14/10/2013,-2063.63,,paye_prsi_usc,Y,,,
bank/aib_current_2013.csv,337,14/10/2013,-410.40,,health_insurance,N,,,
bank/aib_current_2013.csv,338,15/10/2013,-350.51,,vet_medicine,Y,D01605,,
bank/aib_current_2013.csv,339,15/10/2013,-427.02,,dairy_hygiene,Y,D01699,,
bank/aib_current_2013.csv,340,15/10/2013,-750.00,,wages_unrecorded,Y,,E4-ghost,"no payslip, not on payroll, no PAYE/PRSI"
bank/aib_current_2013.csv,341,18/10/2013,-840.62,,dairy_hygiene,Y,D01690,,
bank/aib_current_2013.csv,342,18/10/2013,-103.68,,personal_groceries,N,,,household spending
bank/aib_current_2013.csv,343,18/10/2013,-4345.75,,feed,Y,D01584,,
bank/aib_current_2013.csv,344,21/10/2013,-328.73,,repairs,Y,D01671,,
bank/aib_current_2013.csv,345,21/10/2013,-1087.73,,electricity,M,D01727,,
bank/aib_current_2013.csv,346,21/10/2013,-169.21,,telephone,M,D01728,,
bank/aib_current_2013.csv,347,21/10/2013,-200.00,,savings,N,,,
bank/aib_current_2013.csv,348,21/10/2013,-886.31,,repairs,Y,D01666;D01677,,
bank/aib_current_2013.csv,349,22/10/2013,-75.60,,personal_misc,N,,,
bank/aib_current_2013.csv,350,23/10/2013,2068.16,,contracting_income,Y,D04886,,
bank/aib_current_2013.csv,351,23/10/2013,-150.00,,drawings,N,,,
bank/aib_current_2013.csv,352,25/10/2013,36264.64,,milk_receipt,Y,D00189;D00190,,net of co-op deductions
bank/aib_current_2013.csv,353,25/10/2013,1014.83,,personal_paye_income,N,,,"spouse PAYE, personal income"
bank/aib_current_2013.csv,354,26/10/2013,-200.00,,drawings,N,,,
bank/aib_current_2013.csv,355,27/10/2013,-250.00,,drawings,N,,,
bank/aib_current_2013.csv,356,28/10/2013,-4902.70,,feed,Y,D01570,,
bank/aib_current_2013.csv,357,28/10/2013,-2263.54,,fuel,Y,D01652,,
bank/aib_current_2013.csv,358,28/10/2013,-1546.60,,wages_net,Y,,,
bank/aib_current_2013.csv,359,28/10/2013,-349.08,,wages_net,Y,,,
bank/aib_current_2013.csv,360,28/10/2013,-150.00,,drawings,N,,,
bank/aib_current_2013.csv,361,28/10/2013,-100.32,,personal_misc,N,,,
bank/aib_current_2013.csv,362,29/10/2013,-856.65,,dairy_hygiene,Y,D01691,,
bank/aib_current_2013.csv,363,31/10/2013,-490.92,,repairs,Y,D01654,,
bank/aib_current_2013.csv,364,31/10/2013,-18.90,,bank_charges,Y,,,
bank/aib_current_2013.csv,365,31/10/2013,7875.36,,livestock_sale,Y,D04589;D04590,,
bank/aib_current_2013.csv,366,31/10/2013,-22300.00,,personal_tax,N,,,"farmer income tax: personal liability, not a farm expense"
bank/aib_current_2013.csv,367,01/11/2013,-2540.00,,drawings,N,,,
bank/aib_current_2013.csv,368,04/11/2013,-434.77,,vet_medicine,Y,D01623,,
bank/aib_current_2013.csv,369,04/11/2013,2400.00,,forestry_premium,X,,,exempt from income tax; not a trading receipt
bank/aib_current_2013.csv,370,05/11/2013,1152.21,,contracting_income,Y,D04884,,
bank/aib_current_2013.csv,371,05/11/2013,-239.71,,personal_groceries,N,,,household spending
bank/aib_current_2013.csv,372,05/11/2013,-540.00,,pension_personal,N,,,personal pension; relief claimed on the personal return
bank/aib_current_2013.csv,373,06/11/2013,-75.08,,family_fuel,N,,,
bank/aib_current_2013.csv,374,08/11/2013,-1227.63,,loan_repayment,Y,,,"interest 160.13, capital 1067.49"
bank/aib_current_2013.csv,375,10/11/2013,-111.08,,personal_groceries,N,,,household spending
bank/aib_current_2013.csv,376,10/11/2013,-156.03,,personal_groceries,N,,,household spending
bank/aib_current_2013.csv,377,11/11/2013,-5550.89,,fertiliser,Y,D01586,,
bank/aib_current_2013.csv,378,11/11/2013,-1159.48,,foot_care,Y,D01704,,
bank/aib_current_2013.csv,379,11/11/2013,7633.44,,livestock_sale,Y,D04592,,
bank/aib_current_2013.csv,380,12/11/2013,-410.40,,health_insurance,N,,,
bank/aib_current_2013.csv,381,14/11/2013,-2059.77,,paye_prsi_usc,Y,,,
bank/aib_current_2013.csv,382,15/11/2013,-700.00,,wages_unrecorded,Y,,E4-ghost,"no payslip, not on payroll, no PAYE/PRSI"
bank/aib_current_2013.csv,383,17/11/2013,-250.00,,drawings,N,,,
bank/aib_current_2013.csv,384,18/11/2013,1887.98,,contracting_income,Y,D04883,,
bank/aib_current_2013.csv,385,18/11/2013,-1293.75,,vet_medicine,Y,D01593;D01614,,
bank/aib_current_2013.csv,386,19/11/2013,-182.00,,telephone,M,D01730,,
bank/aib_current_2013.csv,387,20/11/2013,8121.72,,livestock_sale,Y,D04587,,
bank/aib_current_2013.csv,388,20/11/2013,-200.00,,drawings,N,,,
bank/aib_current_2013.csv,389,20/11/2013,-200.00,,savings,N,,,
bank/aib_current_2013.csv,390,20/11/2013,-356.88,,repairs,Y,D01685,,
bank/aib_current_2013.csv,391,21/11/2013,-300.00,,drawings,N,,,
bank/aib_current_2013.csv,392,21/11/2013,-300.00,,drawings,N,,,
bank/aib_current_2013.csv,393,21/11/2013,-161.90,,personal_groceries,N,,,household spending
bank/aib_current_2013.csv,394,22/11/2013,-798.97,,vet_medicine,Y,D01607,,
bank/aib_current_2013.csv,395,22/11/2013,-1234.14,,electricity,M,D01729,,
bank/aib_current_2013.csv,396,22/11/2013,-75.60,,personal_misc,N,,,
bank/aib_current_2013.csv,397,23/11/2013,-13500.00,,land_rent,Y,D01737,,
bank/aib_current_2013.csv,398,23/11/2013,-166.38,,personal_groceries,N,,,household spending
bank/aib_current_2013.csv,399,23/11/2013,-193.06,,personal_groceries,N,,,household spending
bank/aib_current_2013.csv,400,25/11/2013,23702.22,,milk_receipt,Y,D00191;D00192,,net of co-op deductions
bank/aib_current_2013.csv,401,25/11/2013,-4347.31,,feed,Y,D01573,,
bank/aib_current_2013.csv,402,25/11/2013,1014.83,,personal_paye_income,N,,,"spouse PAYE, personal income"
bank/aib_current_2013.csv,403,25/11/2013,-798.05,,foot_care,Y,D01708,,
bank/aib_current_2013.csv,404,28/11/2013,-585.60,,repairs,Y,D01657,,
bank/aib_current_2013.csv,405,28/11/2013,-1546.60,,wages_net,Y,,,
bank/aib_current_2013.csv,406,28/11/2013,-362.96,,wages_net,Y,,,
bank/aib_current_2013.csv,407,29/11/2013,-630.99,,repairs,Y,D01659,,
bank/aib_current_2013.csv,408,30/11/2013,-18.90,,bank_charges,Y,,,
bank/aib_current_2013.csv,409,01/12/2013,-283.11,,personal_groceries,N,,,household spending
bank/aib_current_2013.csv,410,02/12/2013,-592.82,,foot_care,Y,D01707,,
bank/aib_current_2013.csv,411,02/12/2013,17186.81,,scheme_income,Y,,,
bank/aib_current_2013.csv,412,02/12/2013,-2540.00,,drawings,N,,,
bank/aib_current_2013.csv,413,05/12/2013,-125.62,,personal_groceries,N,,,household spending
bank/aib_current_2013.csv,414,05/12/2013,-540.00,,pension_personal,N,,,personal pension; relief claimed on the personal return
bank/aib_current_2013.csv,415,06/12/2013,-1049.92,,foot_care,Y,,MISSING_INVOICE,payment with no supplier invoice on file
bank/aib_current_2013.csv,416,06/12/2013,-150.00,,drawings,N,,,
bank/aib_current_2013.csv,417,07/12/2013,-300.00,,drawings,N,,,
bank/aib_current_2013.csv,418,08/12/2013,-93.57,,personal_misc,N,,,
bank/aib_current_2013.csv,419,09/12/2013,-1227.63,,loan_repayment,Y,,,"interest 156.57, capital 1071.05"
bank/aib_current_2013.csv,420,10/12/2013,-1002.24,,personal_misc,N,,,
bank/aib_current_2013.csv,421,12/12/2013,2956.00,,scheme_income,Y,,,
bank/aib_current_2013.csv,422,12/12/2013,-130.56,,personal_groceries,N,,,household spending
bank/aib_current_2013.csv,423,12/12/2013,-410.40,,health_insurance,N,,,
bank/aib_current_2013.csv,424,16/12/2013,-2075.14,,paye_prsi_usc,Y,,,
bank/aib_current_2013.csv,425,16/12/2013,-1613.96,,fuel,Y,D01648,,
bank/aib_current_2013.csv,426,18/12/2013,-170.50,,telephone,M,D01732,,
bank/aib_current_2013.csv,427,19/12/2013,4800.00,,scheme_income,Y,,,
bank/aib_current_2013.csv,428,19/12/2013,-1910.53,,vet_medicine,Y,D01598;D01612;D01619,,
bank/aib_current_2013.csv,429,20/12/2013,-200.00,,savings,N,,,
bank/aib_current_2013.csv,430,22/12/2013,-280.14,,personal_groceries,N,,,household spending
bank/aib_current_2013.csv,431,23/12/2013,-1325.70,,electricity,M,D01731,,
bank/aib_current_2013.csv,432,23/12/2013,-75.60,,personal_misc,N,,,
bank/aib_current_2013.csv,433,23/12/2013,-2198.17,,feed,Y,D01580,,
bank/aib_current_2013.csv,434,24/12/2013,-626.40,,repairs,Y,D01676,,
bank/aib_current_2013.csv,435,24/12/2013,-5000.00,,ghost_supplier,N,D05130,E12-ghost,
bank/aib_current_2013.csv,436,24/12/2013,-4500.00,,ghost_supplier,N,D05131,E12-ghost,
bank/aib_current_2013.csv,437,24/12/2013,-200.00,,drawings,N,,,
bank/aib_current_2013.csv,438,24/12/2013,-962.22,,foot_care,Y,D01705,,
bank/aib_current_2013.csv,439,27/12/2013,10674.17,,milk_receipt,Y,D00193;D00194,,net of co-op deductions
bank/aib_current_2013.csv,440,27/12/2013,1014.83,,personal_paye_income,N,,,"spouse PAYE, personal income"
bank/aib_current_2013.csv,441,30/12/2013,-375.72,,repairs,Y,D01667,,
bank/aib_current_2013.csv,442,30/12/2013,-1546.60,,wages_net,Y,,,
bank/aib_current_2013.csv,443,30/12/2013,-348.58,,wages_net,Y,,,
bank/aib_current_2013.csv,444,31/12/2013,-18.90,,bank_charges,Y,,,
bank/aib_current_2014.csv,2,02/01/2014,-2660.00,,drawings,N,,,
bank/aib_current_2014.csv,3,06/01/2014,-448.09,,repairs,Y,D01665,,
bank/aib_current_2014.csv,4,06/01/2014,-150.00,,drawings,N,,,
bank/aib_current_2014.csv,5,06/01/2014,-540.00,,pension_personal,N,,,personal pension; relief claimed on the personal return
bank/aib_current_2014.csv,6,07/01/2014,-285.15,,repairs,Y,D01653,,
bank/aib_current_2014.csv,7,07/01/2014,-150.00,,drawings,N,,,
bank/aib_current_2014.csv,8,08/01/2014,-1223.54,,loan_repayment,Y,,,"interest 145.35, capital 1078.19"
bank/aib_current_2014.csv,9,08/01/2014,-107.32,,personal_groceries,N,,,household spending
bank/aib_current_2014.csv,10,12/01/2014,-202.19,,personal_groceries,N,,,household spending
bank/aib_current_2014.csv,11,13/01/2014,-410.40,,health_insurance,N,,,
bank/aib_current_2014.csv,12,14/01/2014,-2059.22,,paye_prsi_usc,Y,,,
bank/aib_current_2014.csv,13,15/01/2014,-3087.38,,vet_medicine,Y,D01602;D01603;D01620;D01624,,
bank/aib_current_2014.csv,14,16/01/2014,-285.03,,personal_groceries,N,,,household spending
bank/aib_current_2014.csv,15,16/01/2014,-947.66,,repairs,Y,D01680;D01682,,
bank/aib_current_2014.csv,16,19/01/2014,-124.08,,personal_groceries,N,,,household spending
bank/aib_current_2014.csv,17,20/01/2014,-1147.19,,electricity,M,D01880,,
bank/aib_current_2014.csv,18,20/01/2014,-192.89,,telephone,M,D01881,,
bank/aib_current_2014.csv,19,20/01/2014,-200.00,,savings,N,,,
bank/aib_current_2014.csv,20,22/01/2014,-4160.04,,feed,Y,D01740,,
bank/aib_current_2014.csv,21,22/01/2014,-300.00,,drawings,N,,,
bank/aib_current_2014.csv,22,22/01/2014,-75.60,,personal_misc,N,,,
bank/aib_current_2014.csv,23,23/01/2014,-809.35,,vet_medicine,Y,D01600,,
bank/aib_current_2014.csv,24,24/01/2014,-150.00,,drawings,N,,,
bank/aib_current_2014.csv,25,24/01/2014,-7547.81,,feed,Y,D01568;D01574,,
bank/aib_current_2014.csv,26,27/01/2014,2157.39,,milk_receipt,Y,D00195;D00196,,net of co-op deductions
bank/aib_current_2014.csv,27,27/01/2014,-767.24,,dairy_hygiene,Y,D01692,,
bank/aib_current_2014.csv,28,27/01/2014,-836.81,,dairy_hygiene,Y,D01694,,
bank/aib_current_2014.csv,29,27/01/2014,1044.97,,personal_paye_income,N,,,"spouse PAYE, personal income"
bank/aib_current_2014.csv,30,28/01/2014,-1600.36,,wages_net,Y,,,
bank/aib_current_2014.csv,31,28/01/2014,-361.37,,wages_net,Y,,,
bank/aib_current_2014.csv,32,31/01/2014,-19.60,,bank_charges,Y,,,
bank/aib_current_2014.csv,33,02/02/2014,-160.29,,personal_groceries,N,,,household spending
bank/aib_current_2014.csv,34,03/02/2014,-2660.00,,drawings,N,,,
bank/aib_current_2014.csv,35,05/02/2014,-540.00,,pension_personal,N,,,personal pension; relief claimed on the personal return
bank/aib_current_2014.csv,36,06/02/2014,-1976.08,,fuel,Y,D01820,,
bank/aib_current_2014.csv,37,07/02/2014,-620.82,,repairs,Y,D01843,,
bank/aib_current_2014.csv,38,07/02/2014,-208.57,,personal_groceries,N,,,household spending
bank/aib_current_2014.csv,39,08/02/2014,-200.00,,drawings,N,,,
bank/aib_current_2014.csv,40,10/02/2014,-771.69,,vet_medicine,Y,D01764,,
bank/aib_current_2014.csv,41,10/02/2014,-1223.54,,loan_repayment,Y,,,"interest 141.94, capital 1081.60"
bank/aib_current_2014.csv,42,11/02/2014,-200.00,,drawings,N,,,
bank/aib_current_2014.csv,43,12/02/2014,-149.40,,personal_groceries,N,,,household spending
bank/aib_current_2014.csv,44,12/02/2014,-410.40,,health_insurance,N,,,
bank/aib_current_2014.csv,45,14/02/2014,-539.80,,repairs,Y,D01832,,
bank/aib_current_2014.csv,46,14/02/2014,-2133.06,,paye_prsi_usc,Y,,,
bank/aib_current_2014.csv,47,18/02/2014,-8591.52,,insurance,Y,D01904,,
bank/aib_current_2014.csv,48,19/02/2014,-190.23,,telephone,M,D01883,,
bank/aib_current_2014.csv,49,19/02/2014,-1600.65,,vet_medicine,Y,D01765;D01776,,
bank/aib_current_2014.csv,50,20/02/2014,-1401.95,,electricity,M,D01882,,
bank/aib_current_2014.csv,51,20/02/2014,-102.27,,family_fuel,N,,,
bank/aib_current_2014.csv,52,20/02/2014,-200.00,,savings,N,,,
bank/aib_current_2014.csv,53,20/02/2014,-694.30,,dairy_hygiene,Y,D01870,,
bank/aib_current_2014.csv,54,21/02/2014,-1031.07,,repairs,Y,D01821;D01837,,
bank/aib_current_2014.csv,55,22/02/2014,-300.00,,drawings,N,,,
bank/aib_current_2014.csv,56,22/02/2014,-274.03,,personal_groceries,N,,,household spending
bank/aib_current_2014.csv,57,24/02/2014,-150.00,,drawings,N,,,
bank/aib_current_2014.csv,58,24/02/2014,-75.60,,personal_misc,N,,,
bank/aib_current_2014.csv,59,24/02/2014,-13375.17,,feed,Y,D01745;D01750;D01753,,
bank/aib_current_2014.csv,60,25/02/2014,9198.12,,milk_receipt,Y,D00197;D00198,,net of co-op deductions
bank/aib_current_2014.csv,61,25/02/2014,-420.77,,repairs,Y,D01823,,
bank/aib_current_2014.csv,62,25/02/2014,1044.97,,personal_paye_income,N,,,"spouse PAYE, personal income"
bank/aib_current_2014.csv,63,26/02/2014,-339.53,,personal_groceries,N,,,household spending
bank/aib_current_2014.csv,64,28/02/2014,-19.60,,bank_charges,Y,,,
bank/aib_current_2014.csv,65,28/02/2014,-1600.36,,wages_net,Y,,,
bank/aib_current_2014.csv,66,28/02/2014,-373.16,,wages_net,Y,,,
bank/aib_current_2014.csv,67,28/02/2014,-908.14,,wages_net,Y,,,
bank/aib_current_2014.csv,68,28/02/2014,-250.00,,drawings,N,,,
bank/aib_current_2014.csv,69,28/02/2014,-148.84,,bank_interest,Y,,,
bank/aib_current_2014.csv,70,03/03/2014,-446.29,,repairs,Y,D01842,,
bank/aib_current_2014.csv,71,03/03/2014,-2660.00,,drawings,N,,,
bank/aib_current_2014.csv,72,04/03/2014,-108.12,,personal_groceries,N,,,household spending
bank/aib_current_2014.csv,73,05/03/2014,-305.99,,personal_groceries,N,,,household spending
bank/aib_current_2014.csv,74,05/03/2014,-540.00,,pension_personal,N,,,personal pension; relief claimed on the personal return
bank/aib_current_2014.csv,75,07/03/2014,-150.00,,drawings,N,,,
bank/aib_current_2014.csv,76,07/03/2014,-300.00,,drawings,N,,,
bank/aib_current_2014.csv,77,08/03/2014,-300.00,,drawings,N,,,
bank/aib_current_2014.csv,78,10/03/2014,-1223.54,,loan_repayment,Y,,,"interest 138.51, capital 1085.03"
bank/aib_current_2014.csv,79,12/03/2014,-410.40,,health_insurance,N,,,
bank/aib_current_2014.csv,80,13/03/2014,-580.83,,vet_medicine,Y,D01783,,
bank/aib_current_2014.csv,81,14/03/2014,-3132.00,,paye_prsi_usc,Y,,,
bank/aib_current_2014.csv,82,19/03/2014,-1174.20,,electricity,M,D01884,,
bank/aib_current_2014.csv,83,19/03/2014,-173.85,,telephone,M,D01885,,
bank/aib_current_2014.csv,84,20/03/2014,-200.00,,savings,N,,,
bank/aib_current_2014.csv,85,23/03/2014,-91.84,,personal_groceries,N,,,household spending
bank/aib_current_2014.csv,86,24/03/2014,1422.95,,livestock_sale,Y,D04594;D04595,,net of commission
bank/aib_current_2014.csv,87,24/03/2014,-206.02,,personal_groceries,N,,,household spending
bank/aib_current_2014.csv,88,24/03/2014,-75.60,,personal_misc,N,,,
bank/aib_current_2014.csv,89,24/03/2014,-2875.72,,vet_medicine,Y,D01760;D01763;D01770;D01775,,
bank/aib_current_2014.csv,90,25/03/2014,29494.00,,milk_receipt,Y,D00199;D00200,,net of co-op deductions
bank/aib_current_2014.csv,91,25/03/2014,-941.25,,vet_medicine,Y,D01792,,
bank/aib_current_2014.csv,92,25/03/2014,1044.97,,personal_paye_income,N,,,"spouse PAYE, personal income"
bank/aib_current_2014.csv,93,26/03/2014,-200.00,,drawings,N,,,
bank/aib_current_2014.csv,94,27/03/2014,-150.00,,drawings,N,,,
bank/aib_current_2014.csv,95,28/03/2014,-345.43,,repairs,Y,D01841,,
bank/aib_current_2014.csv,96,28/03/2014,-3666.38,,professional_fees,Y,D01905,,
bank/aib_current_2014.csv,97,28/03/2014,-1600.36,,wages_net,Y,,,
bank/aib_current_2014.csv,98,28/03/2014,-360.42,,wages_net,Y,,,
bank/aib_current_2014.csv,99,28/03/2014,-908.14,,wages_net,Y,,,
bank/aib_current_2014.csv,100,28/03/2014,-247.66,,personal_groceries,N,,,household spending
bank/aib_current_2014.csv,101,28/03/2014,-247.66,EXPORT_DUPLICATE,personal_groceries,N,,DUP_ROW,duplicate of previous row
bank/aib_current_2014.csv,102,31/03/2014,-495.57,,breeding_ai,Y,D01802,,
bank/aib_current_2014.csv,103,31/03/2014,-19.60,,bank_charges,Y,,,
bank/aib_current_2014.csv,104,31/03/2014,-101.17,,bank_interest,Y,,,
bank/aib_current_2014.csv,105,01/04/2014,1329.80,,livestock_sale,Y,D04596;D04597,,net of commission
bank/aib_current_2014.csv,106,01/04/2014,-2660.00,,drawings,N,,,
bank/aib_current_2014.csv,107,03/04/2014,18200.00,,insurance_claim,Y,,,storm damage to shed roof
bank/aib_current_2014.csv,108,04/04/2014,-4832.07,,feed,Y,D01747,,
bank/aib_current_2014.csv,109,05/04/2014,-200.00,,drawings,N,,,
bank/aib_current_2014.csv,110,07/04/2014,-540.00,,pension_personal,N,,,personal pension; relief claimed on the personal return
bank/aib_current_2014.csv,111,08/04/2014,1400.21,,livestock_sale,Y,D04598;D04599,,net of commission
bank/aib_current_2014.csv,112,08/04/2014,-1223.54,,loan_repayment,Y,,,"interest 135.08, capital 1088.46"
bank/aib_current_2014.csv,113,09/04/2014,-185.85,,personal_groceries,N,,,household spending
bank/aib_current_2014.csv,114,09/04/2014,-321.45,,personal_groceries,N,,,household spending
bank/aib_current_2014.csv,115,10/04/2014,-250.01,,personal_groceries,N,,,household spending
bank/aib_current_2014.csv,116,11/04/2014,-91.28,,personal_misc,N,,,
bank/aib_current_2014.csv,117,14/04/2014,-3117.86,,paye_prsi_usc,Y,,,
bank/aib_current_2014.csv,118,14/04/2014,-410.40,,health_insurance,N,,,
bank/aib_current_2014.csv,119,15/04/2014,-2006.55,,vet_medicine,Y,D01766;D01778;D01788,,
bank/aib_current_2014.csv,120,16/04/2014,-300.00,,drawings,N,,,
bank/aib_current_2014.csv,121,18/04/2014,-475.36,,repairs,Y,D01828,,
bank/aib_current_2014.csv,122,18/04/2014,1321.29,,livestock_sale,Y,D04600;D04601,,net of commission
bank/aib_current_2014.csv,123,18/04/2014,-250.00,,drawings,N,,,
bank/aib_current_2014.csv,124,21/04/2014,-686.11,,dairy_hygiene,Y,D01871,,
bank/aib_current_2014.csv,125,21/04/2014,-202.10,,telephone,M,D01887,,
bank/aib_current_2014.csv,126,21/04/2014,-250.00,,drawings,N,,,
bank/aib_current_2014.csv,127,21/04/2014,-200.00,,savings,N,,,
bank/aib_current_2014.csv,128,21/04/2014,-819.45,,breeding_ai,Y,D01797,,
bank/aib_current_2014.csv,129,22/04/2014,-1217.41,,electricity,M,D01886,,
bank/aib_current_2014.csv,130,22/04/2014,-75.60,,personal_misc,N,,,
bank/aib_current_2014.csv,131,24/04/2014,-604.13,,repairs,Y,D01853,,
bank/aib_current_2014.csv,132,25/04/2014,56036.58,,milk_receipt,Y,D00201;D00202,,net of co-op deductions
bank/aib_current_2014.csv,133,25/04/2014,1044.97,,personal_paye_income,N,,,"spouse PAYE, personal income"
bank/aib_current_2014.csv,134,27/04/2014,-91.88,,personal_groceries,N,,,household spending
bank/aib_current_2014.csv,135,28/04/2014,-1600.36,,wages_net,Y,,,
bank/aib_current_2014.csv,136,28/04/2014,-382.72,,wages_net,Y,,,
bank/aib_current_2014.csv,137,28/04/2014,-908.14,,wages_net,Y,,,
bank/aib_current_2014.csv,138,30/04/2014,-19.60,,bank_charges,Y,,,
bank/aib_current_2014.csv,139,01/05/2014,1594.53,,livestock_sale,Y,D04602;D04603,,net of commission
bank/aib_current_2014.csv,140,01/05/2014,-2660.00,,drawings,N,,,
bank/aib_current_2014.csv,141,04/05/2014,-247.93,,personal_groceries,N,,,household spending
bank/aib_current_2014.csv,142,05/05/2014,-411.96,,repairs,Y,D01852,,
bank/aib_current_2014.csv,143,05/05/2014,-540.00,,pension_personal,N,,,personal pension; relief claimed on the personal return
bank/aib_current_2014.csv,144,06/05/2014,-263.50,,repairs,Y,D01824,,
bank/aib_current_2014.csv,145,06/05/2014,-250.00,,drawings,N,,,
bank/aib_current_2014.csv,146,06/05/2014,-170.40,,personal_groceries,N,,,household spending
bank/aib_current_2014.csv,147,08/05/2014,-1223.54,,loan_repayment,Y,,,"interest 131.63, capital 1091.91"
bank/aib_current_2014.csv,148,08/05/2014,-250.00,,drawings,N,,,
bank/aib_current_2014.csv,149,08/05/2014,-1296.00,,family_car_running,N,,,
bank/aib_current_2014.csv,150,12/05/2014,1583.90,,livestock_sale,Y,D04604;D04605,,net of commission
bank/aib_current_2014.csv,151,12/05/2014,-410.40,,health_insurance,N,,,
bank/aib_current_2014.csv,152,13/05/2014,-151.54,,personal_groceries,N,,,household spending
bank/aib_current_2014.csv,153,14/05/2014,-3142.59,,paye_prsi_usc,Y,,,
bank/aib_current_2014.csv,154,15/05/2014,-1065.07,,breeding_ai,Y,D01801,,
bank/aib_current_2014.csv,155,17/05/2014,-164.40,,personal_groceries,N,,,household spending
bank/aib_current_2014.csv,156,19/05/2014,-1390.90,,electricity,M,D01888,,
bank/aib_current_2014.csv,157,19/05/2014,-3882.64,,feed,Y,D01741,,
bank/aib_current_2014.csv,158,19/05/2014,-3004.61,,vet_medicine,Y,D01761;D01767;D01779;D01793,,
bank/aib_current_2014.csv,159,20/05/2014,-168.29,,telephone,M,D01889,,
bank/aib_current_2014.csv,160,20/05/2014,-52.55,,personal_misc,N,,,
bank/aib_current_2014.csv,161,20/05/2014,-200.00,,savings,N,,,
bank/aib_current_2014.csv,162,20/05/2014,-4161.82,,contractors,Y,D01808,,
bank/aib_current_2014.csv,163,20/05/2014,-655.12,,repairs,Y,D01826,,
bank/aib_current_2014.csv,164,22/05/2014,1265.44,,livestock_sale,Y,D04606;D04607,,net of commission
bank/aib_current_2014.csv,165,22/05/2014,-75.60,,personal_misc,N,,,
bank/aib_current_2014.csv,166,23/05/2014,-719.77,,breeding_ai,Y,D01799,,
bank/aib_current_2014.csv,167,25/05/2014,-200.00,,drawings,N,,,
bank/aib_current_2014.csv,168,26/05/2014,77296.21,,milk_receipt,Y,D00203;D00204,,net of co-op deductions
bank/aib_current_2014.csv,169,26/05/2014,-2865.57,,contractors,Y,D01807,,
bank/aib_current_2014.csv,170,26/05/2014,-451.00,,repairs,Y,D01848,,
bank/aib_current_2014.csv,171,26/05/2014,1044.97,,personal_paye_income,N,,,"spouse PAYE, personal income"
bank/aib_current_2014.csv,172,26/05/2014,-220.76,,personal_groceries,N,,,household spending
bank/aib_current_2014.csv,173,27/05/2014,2140.59,,contracting_income,Y,D04890,,
bank/aib_current_2014.csv,174,28/05/2014,-1600.36,,wages_net,Y,,,
bank/aib_current_2014.csv,175,28/05/2014,-383.13,,wages_net,Y,,,
bank/aib_current_2014.csv,176,28/05/2014,-908.14,,wages_net,Y,,,
bank/aib_current_2014.csv,177,28/05/2014,-189.87,,personal_groceries,N,,,household spending
bank/aib_current_2014.csv,178,30/05/2014,1238.59,,livestock_sale,Y,D04608;D04609,,net of commission
bank/aib_current_2014.csv,179,30/05/2014,-56000.00,,own_transfer,T,,,
bank/aib_current_2014.csv,180,31/05/2014,-19.60,,bank_charges,Y,,,
bank/aib_current_2014.csv,181,01/06/2014,-250.00,,drawings,N,,,
bank/aib_current_2014.csv,182,01/06/2014,-200.00,,drawings,N,,,
bank/aib_current_2014.csv,183,02/06/2014,-2660.00,,drawings,N,,,
bank/aib_current_2014.csv,184,04/06/2014,-109.56,,personal_groceries,N,,,household spending
bank/aib_current_2014.csv,185,05/06/2014,-564.11,,vet_medicine,Y,D01784,,
bank/aib_current_2014.csv,186,05/06/2014,-150.00,,drawings,N,,,
bank/aib_current_2014.csv,187,05/06/2014,-540.00,,pension_personal,N,,,personal pension; relief claimed on the personal return
bank/aib_current_2014.csv,188,07/06/2014,-226.45,,personal_groceries,N,,,household spending
bank/aib_current_2014.csv,189,09/06/2014,-810.50,,dairy_hygiene,Y,D01861,,
bank/aib_current_2014.csv,190,09/06/2014,-669.60,,utilities,M,D01907,,
bank/aib_current_2014.csv,191,09/06/2014,-1223.54,,loan_repayment,Y,,,"interest 128.17, capital 1095.37"
bank/aib_current_2014.csv,192,10/06/2014,-713.93,,breeding_ai,Y,D01795,,
bank/aib_current_2014.csv,193,10/06/2014,1188.82,,contracting_income,Y,D04889,,
bank/aib_current_2014.csv,194,11/06/2014,-74.24,,family_fuel,N,,,
bank/aib_current_2014.csv,195,12/06/2014,-250.00,,drawings,N,,,
bank/aib_current_2014.csv,196,12/06/2014,-410.40,,health_insurance,N,,,
bank/aib_current_2014.csv,197,16/06/2014,-3143.05,,paye_prsi_usc,Y,,,
bank/aib_current_2014.csv,198,16/06/2014,-98.35,,personal_groceries,N,,,household spending
bank/aib_current_2014.csv,199,18/06/2014,-3476.88,,vet_medicine,Y,D01768;D01772;D01773;D01777;D01785,,
bank/aib_current_2014.csv,200,19/06/2014,-188.29,,telephone,M,D01891,,
bank/aib_current_2014.csv,201,20/06/2014,-148.96,,personal_groceries,N,,,household spending
bank/aib_current_2014.csv,202,20/06/2014,-200.00,,savings,N,,,
bank/aib_current_2014.csv,203,21/06/2014,-200.00,,drawings,N,,,
bank/aib_current_2014.csv,204,23/06/2014,-702.10,,silage_plastic,Y,D01873,,
bank/aib_current_2014.csv,205,23/06/2014,-1089.18,,electricity,M,D01890,,
bank/aib_current_2014.csv,206,23/06/2014,-75.60,,personal_misc,N,,,
bank/aib_current_2014.csv,207,23/06/2014,-1682.83,,breeding_ai,Y,D01794;D01796;D01800,,
bank/aib_current_2014.csv,208,24/06/2014,-9958.61,,fertiliser,Y,D01756,,
bank/aib_current_2014.csv,209,24/06/2014,-686.12,,dairy_hygiene,Y,D01865,,
bank/aib_current_2014.csv,210,24/06/2014,-437.14,,repairs,Y,D01835,,
bank/aib_current_2014.csv,211,25/06/2014,82699.27,,milk_receipt,Y,D00205;D00206,,net of co-op deductions
bank/aib_current_2014.csv,212,25/06/2014,-1711.78,,contractors,Y,D01803,,
bank/aib_current_2014.csv,213,25/06/2014,1044.97,,personal_paye_income,N,,,"spouse PAYE, personal income"
bank/aib_current_2014.csv,214,27/06/2014,-163.00,,personal_groceries,N,,,household spending
bank/aib_current_2014.csv,215,30/06/2014,-19.60,,bank_charges,Y,,,
bank/aib_current_2014.csv,216,30/06/2014,-620.00,,bank_charges,Y,,,
bank/aib_current_2014.csv,217,30/06/2014,1734.91,,contracting_income,Y,D04892,,
bank/aib_current_2014.csv,218,30/06/2014,-1600.36,,wages_net,Y,,,
bank/aib_current_2014.csv,219,30/06/2014,-375.82,,wages_net,Y,,,
bank/aib_current_2014.csv,220,30/06/2014,-908.14,,wages_net,Y,,,
bank/aib_current_2014.csv,221,30/06/2014,-50000.00,,own_transfer,T,,,
bank/aib_current_2014.csv,222,01/07/2014,-2660.00,,drawings,N,,,
bank/aib_current_2014.csv,223,01/07/2014,-200.00,,drawings,N,,,
bank/aib_current_2014.csv,224,02/07/2014,-341.52,,repairs,Y,,MISSING_INVOICE,payment with no supplier invoice on file
bank/aib_current_2014.csv,225,02/07/2014,-181.94,,personal_groceries,N,,,household spending
bank/aib_current_2014.csv,226,02/07/2014,-151.72,,personal_groceries,N,,,household spending
bank/aib_current_2014.csv,227,04/07/2014,-1195.56,,professional_fees,Y,D01906,,
bank/aib_current_2014.csv,228,06/07/2014,-250.00,,drawings,N,,,
bank/aib_current_2014.csv,229,07/07/2014,-540.00,,pension_personal,N,,,personal pension; relief claimed on the personal return
bank/aib_current_2014.csv,230,08/07/2014,-1223.54,,loan_repayment,Y,,,"interest 124.70, capital 1098.84"
bank/aib_current_2014.csv,231,08/07/2014,-200.00,,drawings,N,,,
bank/aib_current_2014.csv,232,10/07/2014,-946.89,,breeding_ai,Y,D01798,,
bank/aib_current_2014.csv,233,14/07/2014,-4250.01,,contractors,Y,D01806,,
bank/aib_current_2014.csv,234,14/07/2014,-607.68,,repairs,Y,D01840,,
bank/aib_current_2014.csv,235,14/07/2014,-3134.93,,paye_prsi_usc,Y,,,
bank/aib_current_2014.csv,236,14/07/2014,-203.80,,personal_groceries,N,,,household spending
bank/aib_current_2014.csv,237,14/07/2014,-410.40,,health_insurance,N,,,
bank/aib_current_2014.csv,238,14/07/2014,-4068.22,,family_holiday,N,,,family holiday paid by the farm account
bank/aib_current_2014.csv,239,15/07/2014,-150.00,,drawings,N,,,
bank/aib_current_2014.csv,240,16/07/2014,-1503.16,,silage_plastic,Y,D01874,,
bank/aib_current_2014.csv,241,18/07/2014,-385.10,,repairs,Y,D01834,,
bank/aib_current_2014.csv,242,18/07/2014,-445.46,,vet_medicine,Y,D01787,,
bank/aib_current_2014.csv,243,20/07/2014,-200.00,,drawings,N,,,
bank/aib_current_2014.csv,244,21/07/2014,-195.24,,telephone,M,D01893,,
bank/aib_current_2014.csv,245,21/07/2014,10181.71,,livestock_sale,Y,D04613;D04614,,
bank/aib_current_2014.csv,246,21/07/2014,-98.60,,family_fuel,N,,,
bank/aib_current_2014.csv,247,21/07/2014,-200.00,,savings,N,,,
bank/aib_current_2014.csv,248,21/07/2014,-6186.35,,fertiliser,Y,D01754,,
bank/aib_current_2014.csv,249,21/07/2014,-746.22,,dairy_hygiene,Y,D01868,,
bank/aib_current_2014.csv,250,22/07/2014,-269.40,,personal_groceries,N,,,household spending
bank/aib_current_2014.csv,251,22/07/2014,-75.60,,personal_misc,N,,,
bank/aib_current_2014.csv,252,22/07/2014,-491.24,,repairs,Y,D01833,,
bank/aib_current_2014.csv,253,23/07/2014,-4082.10,,contractors,Y,D01811,,
bank/aib_current_2014.csv,254,23/07/2014,-1335.27,,electricity,M,D01892,,
bank/aib_current_2014.csv,255,23/07/2014,8861.77,,livestock_sale,Y,D04615,,
bank/aib_current_2014.csv,256,24/07/2014,-1322.96,,fuel,Y,D01813,,
bank/aib_current_2014.csv,257,25/07/2014,73962.48,,milk_receipt,Y,D00207;D00208,,net of co-op deductions
bank/aib_current_2014.csv,258,25/07/2014,-566.82,,repairs,Y,D01830,,
bank/aib_current_2014.csv,259,28/07/2014,-1422.78,,silage_plastic,Y,D01872,,
bank/aib_current_2014.csv,260,28/07/2014,-1600.36,,wages_net,Y,,,
bank/aib_current_2014.csv,261,28/07/2014,-381.06,,wages_net,Y,,,
bank/aib_current_2014.csv,262,28/07/2014,-908.14,,wages_net,Y,,,
bank/aib_current_2014.csv,263,29/07/2014,8484.61,,livestock_sale,Y,D04610,,
bank/aib_current_2014.csv,264,31/07/2014,-19.60,,bank_charges,Y,,,
bank/aib_current_2014.csv,265,31/07/2014,2071.42,,contracting_income,Y,D04888,,
bank/aib_current_2014.csv,266,31/07/2014,-61000.00,,own_transfer,T,,,
bank/aib_current_2014.csv,267,01/08/2014,-559.97,,repairs,Y,D01825,,
bank/aib_current_2014.csv,268,01/08/2014,-2660.00,,drawings,N,,,
bank/aib_current_2014.csv,269,04/08/2014,-1077.10,,fuel,Y,D01817,,
bank/aib_current_2014.csv,270,04/08/2014,-281.36,,personal_groceries,N,,,household spending
bank/aib_current_2014.csv,271,05/08/2014,-540.00,,pension_personal,N,,,personal pension; relief claimed on the personal return
bank/aib_current_2014.csv,272,08/08/2014,-1223.54,,loan_repayment,Y,,,"interest 121.22, capital 1102.32"
bank/aib_current_2014.csv,273,09/08/2014,-200.00,,drawings,N,,,
bank/aib_current_2014.csv,274,09/08/2014,-257.79,,personal_groceries,N,,,household spending
bank/aib_current_2014.csv,275,10/08/2014,-200.00,,drawings,N,,,
bank/aib_current_2014.csv,276,12/08/2014,-410.40,,health_insurance,N,,,
bank/aib_current_2014.csv,277,13/08/2014,-69.22,,family_fuel,N,,,
bank/aib_current_2014.csv,278,14/08/2014,-3140.74,,paye_prsi_usc,Y,,,
bank/aib_current_2014.csv,279,14/08/2014,-179.34,,personal_groceries,N,,,household spending
bank/aib_current_2014.csv,280,17/08/2014,-250.00,,drawings,N,,,
bank/aib_current_2014.csv,281,18/08/2014,-181.18,,telephone,M,D01895,,
bank/aib_current_2014.csv,282,18/08/2014,-300.00,,drawings,N,,,
bank/aib_current_2014.csv,283,18/08/2014,-3920.40,,feed,Y,D01748,,
bank/aib_current_2014.csv,284,18/08/2014,-2289.05,,fuel,Y,D01815,,
bank/aib_current_2014.csv,285,19/08/2014,-1301.54,,electricity,M,D01894,,
bank/aib_current_2014.csv,286,20/08/2014,-250.00,,drawings,N,,,
bank/aib_current_2014.csv,287,20/08/2014,-243.92,,personal_groceries,N,,,household spending
bank/aib_current_2014.csv,288,20/08/2014,-200.00,,savings,N,,,
bank/aib_current_2014.csv,289,22/08/2014,-237.81,,personal_groceries,N,,,household spending
bank/aib_current_2014.csv,290,22/08/2014,-75.60,,personal_misc,N,,,
bank/aib_current_2014.csv,291,25/08/2014,63934.18,,milk_receipt,Y,D00209;D00210,,net of co-op deductions
bank/aib_current_2014.csv,292,26/08/2014,-147.81,,personal_groceries,N,,,household spending
bank/aib_current_2014.csv,293,27/08/2014,-1691.92,,fuel,Y,D01814,,
bank/aib_current_2014.csv,294,28/08/2014,-1600.36,,wages_net,Y,,,
bank/aib_current_2014.csv,295,28/08/2014,-372.13,,wages_net,Y,,,
bank/aib_current_2014.csv,296,28/08/2014,-908.14,,wages_net,Y,,,
bank/aib_current_2014.csv,297,29/08/2014,1477.56,,contracting_income,Y,D04894,,
bank/aib_current_2014.csv,298,29/08/2014,-40000.00,,own_transfer,T,,,
bank/aib_current_2014.csv,299,31/08/2014,-19.60,,bank_charges,Y,,,
bank/aib_current_2014.csv,300,01/09/2014,-701.44,,dairy_hygiene,Y,D01866,,
bank/aib_current_2014.csv,301,01/09/2014,-2660.00,,drawings,N,,,
bank/aib_current_2014.csv,302,04/09/2014,-133.37,,personal_groceries,N,,,household spending
bank/aib_current_2014.csv,303,05/09/2014,-540.00,,pension_personal,N,,,personal pension; relief claimed on the personal return
bank/aib_current_2014.csv,304,05/09/2014,-1188.00,,personal_education,N,,,
bank/aib_current_2014.csv,305,08/09/2014,-146.12,,fallen_animals,Y,D04593,,
bank/aib_current_2014.csv,306,08/09/2014,-1223.54,,loan_repayment,Y,,,"interest 117.73, capital 1105.81"
bank/aib_current_2014.csv,307,10/09/2014,-170.75,,personal_groceries,N,,,household spending
bank/aib_current_2014.csv,308,11/09/2014,-71.38,,family_fuel,N,,,
bank/aib_current_2014.csv,309,12/09/2014,-410.40,,health_insurance,N,,,
bank/aib_current_2014.csv,310,13/09/2014,-104.92,,personal_groceries,N,,,household spending
bank/aib_current_2014.csv,311,15/09/2014,-3130.85,,paye_prsi_usc,Y,,,
bank/aib_current_2014.csv,312,15/09/2014,-150.00,,drawings,N,,,
bank/aib_current_2014.csv,313,15/09/2014,-200.00,,drawings,N,,,
bank/aib_current_2014.csv,314,16/09/2014,-3051.75,,contractors,Y,D01804,,
bank/aib_current_2014.csv,315,16/09/2014,-890.62,,repairs,Y,D01822;D01827,,
bank/aib_current_2014.csv,316,18/09/2014,-768.84,,vet_medicine,Y,D01789,,
bank/aib_current_2014.csv,317,18/09/2014,-737.98,,vet_medicine,Y,D01774,,
bank/aib_current_2014.csv,318,19/09/2014,-250.00,,drawings,N,,,
bank/aib_current_2014.csv,319,19/09/2014,-150.00,,drawings,N,,,
bank/aib_current_2014.csv,320,19/09/2014,-160.85,,personal_groceries,N,,,household spending
bank/aib_current_2014.csv,321,20/09/2014,-250.00,,drawings,N,,,
bank/aib_current_2014.csv,322,22/09/2014,-1105.08,,electricity,M,D01896,,
bank/aib_current_2014.csv,323,22/09/2014,-184.75,,telephone,M,D01897,,
bank/aib_current_2014.csv,324,22/09/2014,-200.00,,savings,N,,,
bank/aib_current_2014.csv,325,22/09/2014,-75.60,,personal_misc,N,,,
bank/aib_current_2014.csv,326,25/09/2014,52420.45,,milk_receipt,Y,D00211;D00212,,net of co-op deductions
bank/aib_current_2014.csv,327,25/09/2014,-315.53,,repairs,Y,D01850,,
bank/aib_current_2014.csv,328,25/09/2014,-577.01,,repairs,Y,D01855,,
bank/aib_current_2014.csv,329,25/09/2014,1044.97,,personal_paye_income,N,,,"spouse PAYE, personal income"
bank/aib_current_2014.csv,330,25/09/2014,-212.54,,personal_groceries,N,,,household spending
bank/aib_current_2014.csv,331,25/09/2014,-145.97,,personal_groceries,N,,,household spending
bank/aib_current_2014.csv,332,29/09/2014,-563.91,,repairs,Y,D01838,,
bank/aib_current_2014.csv,333,29/09/2014,-1600.36,,wages_net,Y,,,
bank/aib_current_2014.csv,334,29/09/2014,-379.90,,wages_net,Y,,,
bank/aib_current_2014.csv,335,30/09/2014,-696.93,,dairy_hygiene,Y,D01860,,
bank/aib_current_2014.csv,336,30/09/2014,-19.60,,bank_charges,Y,,,
bank/aib_current_2014.csv,337,30/09/2014,973.43,,contracting_income,Y,D04891,,
bank/aib_current_2014.csv,338,01/10/2014,-2660.00,,drawings,N,,,
bank/aib_current_2014.csv,339,02/10/2014,-519.95,,repairs,Y,D01846,,
bank/aib_current_2014.csv,340,03/10/2014,-89.93,,family_fuel,N,,,
bank/aib_current_2014.csv,341,04/10/2014,-45.67,,personal_misc,N,,,
bank/aib_current_2014.csv,342,06/10/2014,-150.00,,drawings,N,,,
bank/aib_current_2014.csv,343,06/10/2014,-540.00,,pension_personal,N,,,personal pension; relief claimed on the personal return
bank/aib_current_2014.csv,344,07/10/2014,-2479.51,,contractors,Y,D01809,,
bank/aib_current_2014.csv,345,07/10/2014,-105.28,,personal_groceries,N,,,household spending
bank/aib_current_2014.csv,346,08/10/2014,-471.19,,repairs,Y,D01851,,
bank/aib_current_2014.csv,347,08/10/2014,-1223.54,,loan_repayment,Y,,,"interest 114.23, capital 1109.31"
bank/aib_current_2014.csv,348,09/10/2014,-686.01,,vet_medicine,Y,D01790,,
bank/aib_current_2014.csv,349,09/10/2014,7819.81,,livestock_sale,Y,D04611;D04612,,
bank/aib_current_2014.csv,350,12/10/2014,-140.13,,personal_groceries,N,,,household spending
bank/aib_current_2014.csv,351,13/10/2014,-1990.96,,fuel,Y,D01818,,
bank/aib_current_2014.csv,352,13/10/2014,1192.36,,contracting_income,Y,D04887,,
bank/aib_current_2014.csv,353,13/10/2014,-219.62,,personal_groceries,N,,,household spending
bank/aib_current_2014.csv,354,13/10/2014,-410.40,,health_insurance,N,,,
bank/aib_current_2014.csv,355,14/10/2014,-2153.61,,paye_prsi_usc,Y,,,
bank/aib_current_2014.csv,356,20/10/2014,-203.29,,telephone,M,D01899,,
bank/aib_current_2014.csv,357,20/10/2014,-200.00,,savings,N,,,
bank/aib_current_2014.csv,358,20/10/2014,-1885.97,,contractors,Y,D01810,,
bank/aib_current_2014.csv,359,20/10/2014,-580.90,,vet_medicine,Y,D01780,,
bank/aib_current_2014.csv,360,22/10/2014,-203.01,,personal_groceries,N,,,household spending
bank/aib_current_2014.csv,361,22/10/2014,-75.60,,personal_misc,N,,,
bank/aib_current_2014.csv,362,23/10/2014,-1429.37,,electricity,M,D01898,,
bank/aib_current_2014.csv,363,23/10/2014,-250.00,,drawings,N,,,
bank/aib_current_2014.csv,364,25/10/2014,-150.00,,drawings,N,,,
bank/aib_current_2014.csv,365,25/10/2014,-151.63,,personal_groceries,N,,,household spending
bank/aib_current_2014.csv,366,27/10/2014,38961.75,,milk_receipt,Y,D00213;D00214,,net of co-op deductions
bank/aib_current_2014.csv,367,27/10/2014,1044.97,,personal_paye_income,N,,,"spouse PAYE, personal income"
bank/aib_current_2014.csv,368,27/10/2014,-200.00,,drawings,N,,,
bank/aib_current_2014.csv,369,28/10/2014,-1600.36,,wages_net,Y,,,
bank/aib_current_2014.csv,370,28/10/2014,-378.81,,wages_net,Y,,,
bank/aib_current_2014.csv,371,31/10/2014,-1273.37,,fuel,Y,,MISSING_INVOICE,payment with no supplier invoice on file
bank/aib_current_2014.csv,372,31/10/2014,-19.60,,bank_charges,Y,,,
bank/aib_current_2014.csv,373,31/10/2014,-23200.00,,personal_tax,N,,,"farmer income tax: personal liability, not a farm expense"
bank/aib_current_2014.csv,374,31/10/2014,-35000.00,,own_transfer,T,,,
bank/aib_current_2014.csv,375,03/11/2014,-2660.00,,drawings,N,,,
bank/aib_current_2014.csv,376,04/11/2014,2400.00,,forestry_premium,X,,,exempt from income tax; not a trading receipt
bank/aib_current_2014.csv,377,04/11/2014,-131.95,,personal_groceries,N,,,household spending
bank/aib_current_2014.csv,378,05/11/2014,-540.00,,pension_personal,N,,,personal pension; relief claimed on the personal return
bank/aib_current_2014.csv,379,06/11/2014,-150.00,,drawings,N,,,
bank/aib_current_2014.csv,380,10/11/2014,-1223.54,,loan_repayment,Y,,,"interest 110.72, capital 1112.82"
bank/aib_current_2014.csv,381,10/11/2014,-101.44,,family_fuel,N,,,
bank/aib_current_2014.csv,382,12/11/2014,-410.40,,health_insurance,N,,,
bank/aib_current_2014.csv,383,13/11/2014,-217.81,,personal_groceries,N,,,household spending
bank/aib_current_2014.csv,384,13/11/2014,-270.14,,personal_groceries,N,,,household spending
bank/aib_current_2014.csv,385,14/11/2014,-2152.42,,paye_prsi_usc,Y,,,
bank/aib_current_2014.csv,386,17/11/2014,-485.27,,repairs,Y,D01844,,
bank/aib_current_2014.csv,387,17/11/2014,-6068.32,,feed,Y,D01738;D01742,,
bank/aib_current_2014.csv,388,17/11/2014,-1357.09,,repairs,Y,D01845;D01847;D01856,,
bank/aib_current_2014.csv,389,18/11/2014,-694.34,,dairy_hygiene,Y,D01864,,
bank/aib_current_2014.csv,390,18/11/2014,-788.38,,foot_care,Y,D01875,,
bank/aib_current_2014.csv,391,18/11/2014,-788.38,EXPORT_DUPLICATE,foot_care,Y,,DUP_ROW,duplicate of previous row
bank/aib_current_2014.csv,392,18/11/2014,-200.44,,telephone,M,D01901,,
bank/aib_current_2014.csv,393,19/11/2014,-300.00,,drawings,N,,,
bank/aib_current_2014.csv,394,20/11/2014,-200.00,,savings,N,,,
bank/aib_current_2014.csv,395,20/11/2014,-681.57,,foot_care,Y,D01877,,
bank/aib_current_2014.csv,396,21/11/2014,-300.00,,drawings,N,,,
bank/aib_current_2014.csv,397,21/11/2014,-121.57,,personal_groceries,N,,,household spending
bank/aib_current_2014.csv,398,23/11/2014,-15400.00,,land_rent,Y,D01908,,
bank/aib_current_2014.csv,399,24/11/2014,-1430.78,,electricity,M,D01900,,
bank/aib_current_2014.csv,400,24/11/2014,-75.60,,personal_misc,N,,,
bank/aib_current_2014.csv,401,24/11/2014,-556.60,,dairy_hygiene,Y,D01869,,
bank/aib_current_2014.csv,402,24/11/2014,-416.56,,vet_medicine,Y,D01786,,
bank/aib_current_2014.csv,403,25/11/2014,24870.05,,milk_receipt,Y,D00215;D00216,,net of co-op deductions
bank/aib_current_2014.csv,404,25/11/2014,-682.16,,repairs,Y,D01854,,
bank/aib_current_2014.csv,405,25/11/2014,1044.97,,personal_paye_income,N,,,"spouse PAYE, personal income"
bank/aib_current_2014.csv,406,27/11/2014,-150.00,,drawings,N,,,
bank/aib_current_2014.csv,407,28/11/2014,-1600.36,,wages_net,Y,,,
bank/aib_current_2014.csv,408,28/11/2014,-381.58,,wages_net,Y,,,
bank/aib_current_2014.csv,409,30/11/2014,-19.60,,bank_charges,Y,,,
bank/aib_current_2014.csv,410,01/12/2014,-835.13,,dairy_hygiene,Y,D01859,,
bank/aib_current_2014.csv,411,01/12/2014,-1210.46,,foot_care,Y,D01878,,
bank/aib_current_2014.csv,412,01/12/2014,-2660.00,,drawings,N,,,
bank/aib_current_2014.csv,413,02/12/2014,16126.31,,scheme_income,Y,,,
bank/aib_current_2014.csv,414,02/12/2014,-136.66,,personal_groceries,N,,,household spending
bank/aib_current_2014.csv,415,05/12/2014,-540.00,,pension_personal,N,,,personal pension; relief claimed on the personal return
bank/aib_current_2014.csv,416,08/12/2014,-941.25,,foot_care,Y,D01876,,
bank/aib_current_2014.csv,417,08/12/2014,-1223.54,,loan_repayment,Y,,,"interest 107.19, capital 1116.34"
bank/aib_current_2014.csv,418,09/12/2014,-150.00,,drawings,N,,,
bank/aib_current_2014.csv,419,09/12/2014,-281.37,,personal_groceries,N,,,household spending
bank/aib_current_2014.csv,420,10/12/2014,-880.79,,vet_medicine,Y,D01781,,
bank/aib_current_2014.csv,421,10/12/2014,-1483.55,,personal_misc,N,,,
bank/aib_current_2014.csv,422,12/12/2014,2964.00,,scheme_income,Y,,,
bank/aib_current_2014.csv,423,12/12/2014,-410.40,,health_insurance,N,,,
bank/aib_current_2014.csv,424,13/12/2014,-193.12,,personal_groceries,N,,,household spending
bank/aib_current_2014.csv,425,14/12/2014,-98.46,,family_fuel,N,,,
bank/aib_current_2014.csv,426,15/12/2014,-372.44,,repairs,Y,D01857,,
bank/aib_current_2014.csv,427,15/12/2014,-2155.49,,paye_prsi_usc,Y,,,
bank/aib_current_2014.csv,428,15/12/2014,-2135.41,,feed,Y,D01739,,
bank/aib_current_2014.csv,429,15/12/2014,-1292.41,,foot_care,Y,D01879,,
bank/aib_current_2014.csv,430,16/12/2014,-1133.61,,vet_medicine,Y,D01771;D01791,,
bank/aib_current_2014.csv,431,18/12/2014,-169.35,,telephone,M,D01903,,
bank/aib_current_2014.csv,432,18/12/2014,-999.70,,fuel,Y,D01816,,
bank/aib_current_2014.csv,433,18/12/2014,-567.61,,repairs,Y,D01836,,
bank/aib_current_2014.csv,434,19/12/2014,4800.00,,scheme_income,Y,,,
bank/aib_current_2014.csv,435,19/12/2014,-248.96,,personal_groceries,N,,,household spending
bank/aib_current_2014.csv,436,21/12/2014,-300.00,,drawings,N,,,
bank/aib_current_2014.csv,437,22/12/2014,-1101.81,,electricity,M,D01902,,
bank/aib_current_2014.csv,438,22/12/2014,-93.99,,personal_groceries,N,,,household spending
bank/aib_current_2014.csv,439,22/12/2014,-200.00,,savings,N,,,
bank/aib_current_2014.csv,440,22/12/2014,-75.60,,personal_misc,N,,,
bank/aib_current_2014.csv,441,23/12/2014,-2225.19,,fuel,Y,D01812,,
bank/aib_current_2014.csv,442,24/12/2014,-4839.48,,fertiliser,Y,D01755,,
bank/aib_current_2014.csv,443,27/12/2014,-200.00,,drawings,N,,,
bank/aib_current_2014.csv,444,27/12/2014,-121.32,,personal_groceries,N,,,household spending
bank/aib_current_2014.csv,445,29/12/2014,10773.89,,milk_receipt,Y,D00217;D00218,,net of co-op deductions
bank/aib_current_2014.csv,446,29/12/2014,-1600.36,,wages_net,Y,,,
bank/aib_current_2014.csv,447,29/12/2014,-370.77,,wages_net,Y,,,
bank/aib_current_2014.csv,448,29/12/2014,1044.97,,personal_paye_income,N,,,"spouse PAYE, personal income"
bank/aib_current_2014.csv,449,29/12/2014,-29520.00,,capital_equipment,Y,D05097,,
bank/aib_current_2014.csv,450,31/12/2014,-346.26,,dairy_hygiene,Y,D01858,,
bank/aib_current_2014.csv,451,31/12/2014,-19.60,,bank_charges,Y,,,
bank/aib_current_2014.csv,452,31/12/2014,-9.93,,bank_interest,Y,,,
bank/aib_current_2015.csv,2,01/01/2015,-187.69,,personal_groceries,N,,,household spending
bank/aib_current_2015.csv,3,02/01/2015,-390.08,,repairs,Y,D01829,,
bank/aib_current_2015.csv,4,02/01/2015,-299.30,,repairs,Y,D01849,,
bank/aib_current_2015.csv,5,02/01/2015,-2780.00,,drawings,N,,,
bank/aib_current_2015.csv,6,05/01/2015,-540.00,,pension_personal,N,,,personal pension; relief claimed on the personal return
bank/aib_current_2015.csv,7,07/01/2015,-161.07,,personal_groceries,N,,,household spending
bank/aib_current_2015.csv,8,08/01/2015,-472.62,,dairy_hygiene,Y,D01862,,
bank/aib_current_2015.csv,9,08/01/2015,-1220.64,,loan_repayment,Y,,,"interest 98.20, capital 1122.43"
bank/aib_current_2015.csv,10,09/01/2015,-150.00,,drawings,N,,,
bank/aib_current_2015.csv,11,09/01/2015,-178.71,,personal_groceries,N,,,household spending
bank/aib_current_2015.csv,12,09/01/2015,-68.43,,family_fuel,N,,,
bank/aib_current_2015.csv,13,12/01/2015,-410.40,,health_insurance,N,,,
bank/aib_current_2015.csv,14,14/01/2015,-2143.51,,paye_prsi_usc,Y,,,
bank/aib_current_2015.csv,15,19/01/2015,-880.67,,foot_care,Y,D02057,,
bank/aib_current_2015.csv,16,19/01/2015,-1320.69,,electricity,M,D02058,,
bank/aib_current_2015.csv,17,19/01/2015,-174.96,,telephone,M,D02059,,
bank/aib_current_2015.csv,18,19/01/2015,-9899.87,,feed,Y,D01743;D01744,,
bank/aib_current_2015.csv,19,19/01/2015,-381.78,,dairy_hygiene,Y,D01863,,
bank/aib_current_2015.csv,20,19/01/2015,-2442.08,,vet_medicine,Y,D01762;D01769;D01782,,
bank/aib_current_2015.csv,21,20/01/2015,-200.00,,savings,N,,,
bank/aib_current_2015.csv,22,21/01/2015,-150.00,,drawings,N,,,
bank/aib_current_2015.csv,23,21/01/2015,-3817.67,,contractors,Y,D01805,,
bank/aib_current_2015.csv,24,21/01/2015,-481.39,,repairs,Y,D01839,,
bank/aib_current_2015.csv,25,22/01/2015,4653.50,,contracting_income,Y,D04895,E3-2014,
bank/aib_current_2015.csv,26,22/01/2015,-75.60,,personal_misc,N,,,
bank/aib_current_2015.csv,27,23/01/2015,-571.06,,dairy_hygiene,Y,D01867,,
bank/aib_current_2015.csv,28,24/01/2015,-136.73,,personal_groceries,N,,,household spending
bank/aib_current_2015.csv,29,26/01/2015,1998.53,,milk_receipt,Y,D00219;D00220,,net of co-op deductions
bank/aib_current_2015.csv,30,26/01/2015,1076.01,,personal_paye_income,N,,,"spouse PAYE, personal income"
bank/aib_current_2015.csv,31,28/01/2015,-1656.01,,wages_net,Y,,,
bank/aib_current_2015.csv,32,28/01/2015,-393.08,,wages_net,Y,,,
bank/aib_current_2015.csv,33,28/01/2015,-200.00,,drawings,N,,,
bank/aib_current_2015.csv,34,28/01/2015,-150.00,,drawings,N,,,
bank/aib_current_2015.csv,35,29/01/2015,-23329.05,,livestock_purchase,Y,D04635;D04636,,
bank/aib_current_2015.csv,36,30/01/2015,-280.53,,bank_interest,Y,,,
bank/aib_current_2015.csv,37,30/01/2015,64000.00,,own_transfer,T,,,
bank/aib_current_2015.csv,38,31/01/2015,-20.30,,bank_charges,Y,,,
bank/aib_current_2015.csv,39,02/02/2015,-802.98,,foot_care,Y,D02053,,
bank/aib_current_2015.csv,40,02/02/2015,-2780.00,,drawings,N,,,
bank/aib_current_2015.csv,41,02/02/2015,-203.35,,personal_groceries,N,,,household spending
bank/aib_current_2015.csv,42,05/02/2015,-540.00,,pension_personal,N,,,personal pension; relief claimed on the personal return
bank/aib_current_2015.csv,43,07/02/2015,-296.46,,personal_groceries,N,,,household spending
bank/aib_current_2015.csv,44,08/02/2015,-300.00,,drawings,N,,,
bank/aib_current_2015.csv,45,09/02/2015,-1220.64,,loan_repayment,Y,,,"interest 94.84, capital 1125.80"
bank/aib_current_2015.csv,46,09/02/2015,-250.00,,drawings,N,,,
bank/aib_current_2015.csv,47,09/02/2015,-234.50,,personal_groceries,N,,,household spending
bank/aib_current_2015.csv,48,10/02/2015,-212.54,,fallen_animals,Y,D04616,,
bank/aib_current_2015.csv,49,12/02/2015,-601.26,,vet_medicine,Y,D01966,,
bank/aib_current_2015.csv,50,12/02/2015,-638.33,,repairs,Y,D02032,,
bank/aib_current_2015.csv,51,12/02/2015,-250.00,,drawings,N,,,
bank/aib_current_2015.csv,52,12/02/2015,-410.40,,health_insurance,N,,,
bank/aib_current_2015.csv,53,16/02/2015,-2229.99,,paye_prsi_usc,Y,,,
bank/aib_current_2015.csv,54,18/02/2015,-1207.92,,electricity,M,D02060,,
bank/aib_current_2015.csv,55,18/02/2015,-300.00,,drawings,N,,,
bank/aib_current_2015.csv,56,19/02/2015,-71032.50,,capital_equipment,Y,D05098,,stage payment
bank/aib_current_2015.csv,57,20/02/2015,-179.44,,telephone,M,D02061,,
bank/aib_current_2015.csv,58,20/02/2015,400000.00,,loan_drawdown,Y,,,not income
bank/aib_current_2015.csv,59,20/02/2015,-150.00,,drawings,N,,,
bank/aib_current_2015.csv,60,20/02/2015,-200.00,,savings,N,,,
bank/aib_current_2015.csv,61,22/02/2015,-107.74,,personal_misc,N,,,
bank/aib_current_2015.csv,62,23/02/2015,-9092.64,,insurance,Y,D02082,,
bank/aib_current_2015.csv,63,23/02/2015,-75.60,,personal_misc,N,,,
bank/aib_current_2015.csv,64,23/02/2015,-3746.02,,feed,Y,D01918,,
bank/aib_current_2015.csv,65,23/02/2015,-624.74,,repairs,Y,D02020,,
bank/aib_current_2015.csv,66,23/02/2015,-835.39,,vet_medicine,Y,D01947,,
bank/aib_current_2015.csv,67,25/02/2015,6522.68,,milk_receipt,Y,D00221;D00222,,net of co-op deductions
bank/aib_current_2015.csv,68,25/02/2015,1076.01,,personal_paye_income,N,,,"spouse PAYE, personal income"
bank/aib_current_2015.csv,69,27/02/2015,-229.10,,personal_groceries,N,,,household spending
bank/aib_current_2015.csv,70,27/02/2015,-288000.00,,own_transfer,T,,,
bank/aib_current_2015.csv,71,28/02/2015,-20.30,,bank_charges,Y,,,
bank/aib_current_2015.csv,72,02/03/2015,-1656.01,,wages_net,Y,,,
bank/aib_current_2015.csv,73,02/03/2015,-384.63,,wages_net,Y,,,
bank/aib_current_2015.csv,74,02/03/2015,-935.07,,wages_net,Y,,,
bank/aib_current_2015.csv,75,02/03/2015,-2780.00,,drawings,N,,,
bank/aib_current_2015.csv,76,02/03/2015,-203.64,,personal_groceries,N,,,household spending
bank/aib_current_2015.csv,77,04/03/2015,-498.88,,repairs,Y,D02018,,
bank/aib_current_2015.csv,78,05/03/2015,-150.00,,drawings,N,,,
bank/aib_current_2015.csv,79,05/03/2015,-540.00,,pension_personal,N,,,personal pension; relief claimed on the personal return
bank/aib_current_2015.csv,80,08/03/2015,-188.47,,personal_groceries,N,,,household spending
bank/aib_current_2015.csv,81,09/03/2015,-337.51,,dairy_hygiene,Y,D02036,,
bank/aib_current_2015.csv,82,09/03/2015,-1220.64,,loan_repayment,Y,,,"interest 91.46, capital 1129.18"
bank/aib_current_2015.csv,83,09/03/2015,-2879.21,,loan_repayment,Y,,,"interest 1200.00, capital 1679.21"
bank/aib_current_2015.csv,84,12/03/2015,-447.82,,vet_medicine,Y,D01942,,
bank/aib_current_2015.csv,85,12/03/2015,-410.40,,health_insurance,N,,,
bank/aib_current_2015.csv,86,13/03/2015,-150.00,,drawings,N,,,
bank/aib_current_2015.csv,87,15/03/2015,-300.00,,drawings,N,,,
bank/aib_current_2015.csv,88,15/03/2015,-199.10,,personal_groceries,N,,,household spending
bank/aib_current_2015.csv,89,16/03/2015,1537.21,,livestock_sale,Y,D04618;D04619,,net of commission
bank/aib_current_2015.csv,90,16/03/2015,-3236.33,,paye_prsi_usc,Y,,,
bank/aib_current_2015.csv,91,16/03/2015,-71505.00,,capital_equipment,Y,D05099,,stage payment
bank/aib_current_2015.csv,92,18/03/2015,-187.03,,telephone,M,D02063,,
bank/aib_current_2015.csv,93,18/03/2015,-1956.58,,contractors,Y,D01978,,
bank/aib_current_2015.csv,94,19/03/2015,-8488.31,,feed,Y,D01915;D01921,,
bank/aib_current_2015.csv,95,20/03/2015,-200.00,,savings,N,,,
bank/aib_current_2015.csv,96,20/03/2015,-2511.07,,vet_medicine,Y,D01946;D01951;D01954;D01957,,
bank/aib_current_2015.csv,97,23/03/2015,-1303.84,,electricity,M,D02062,,
bank/aib_current_2015.csv,98,23/03/2015,-300.00,,drawings,N,,,
bank/aib_current_2015.csv,99,23/03/2015,-178.48,,personal_groceries,N,,,household spending
bank/aib_current_2015.csv,100,23/03/2015,-75.60,,personal_misc,N,,,
bank/aib_current_2015.csv,101,23/03/2015,-1056.27,,repairs,Y,D02006;D02025,,
bank/aib_current_2015.csv,102,25/03/2015,21810.65,,milk_receipt,Y,D00223;D00224,,net of co-op deductions
bank/aib_current_2015.csv,103,25/03/2015,1076.01,,personal_paye_income,N,,,"spouse PAYE, personal income"
bank/aib_current_2015.csv,104,26/03/2015,-287.22,,personal_groceries,N,,,household spending
bank/aib_current_2015.csv,105,30/03/2015,-3666.38,,professional_fees,Y,D02083,,
bank/aib_current_2015.csv,106,30/03/2015,-1656.01,,wages_net,Y,,,
bank/aib_current_2015.csv,107,30/03/2015,-392.56,,wages_net,Y,,,
bank/aib_current_2015.csv,108,30/03/2015,-935.07,,wages_net,Y,,,
bank/aib_current_2015.csv,109,31/03/2015,-20.30,,bank_charges,Y,,,
bank/aib_current_2015.csv,110,31/03/2015,-293.45,,bank_interest,Y,,,
bank/aib_current_2015.csv,111,31/03/2015,66000.00,,own_transfer,T,,,
bank/aib_current_2015.csv,112,01/04/2015,-2780.00,,drawings,N,,,
bank/aib_current_2015.csv,113,03/04/2015,-170.17,,personal_groceries,N,,,household spending
bank/aib_current_2015.csv,114,04/04/2015,-206.15,,personal_groceries,N,,,household spending
bank/aib_current_2015.csv,115,06/04/2015,-540.00,,pension_personal,N,,,personal pension; relief claimed on the personal return
bank/aib_current_2015.csv,116,08/04/2015,1548.83,,livestock_sale,Y,D04620;D04621,,net of commission
bank/aib_current_2015.csv,117,08/04/2015,-1220.64,,loan_repayment,Y,,,"interest 88.07, capital 1132.56"
bank/aib_current_2015.csv,118,08/04/2015,-2879.21,,loan_repayment,Y,,,"interest 1194.96, capital 1684.25"
bank/aib_current_2015.csv,119,08/04/2015,-300.00,,drawings,N,,,
bank/aib_current_2015.csv,120,09/04/2015,-517.42,,breeding_ai,Y,D01967,,
bank/aib_current_2015.csv,121,09/04/2015,37580.68,,vat_refund,Y,,,
bank/aib_current_2015.csv,122,10/04/2015,-1028.34,,fuel,Y,D01992,,
bank/aib_current_2015.csv,123,13/04/2015,-706.30,,repairs,Y,D02002,,
bank/aib_current_2015.csv,124,13/04/2015,-704.56,,repairs,Y,D02009,,
bank/aib_current_2015.csv,125,13/04/2015,-81180.00,,capital_equipment,Y,D05098,,stage payment
bank/aib_current_2015.csv,126,13/04/2015,-410.40,,health_insurance,N,,,
bank/aib_current_2015.csv,127,14/04/2015,-3245.15,,paye_prsi_usc,Y,,,
bank/aib_current_2015.csv,128,15/04/2015,-869.54,,breeding_ai,Y,D01975,,
bank/aib_current_2015.csv,129,15/04/2015,-1249.60,,dairy_hygiene,Y,D02038;D02043,,
bank/aib_current_2015.csv,130,17/04/2015,-423.99,,dairy_hygiene,Y,D02033,,
bank/aib_current_2015.csv,131,17/04/2015,-4413.82,,feed,Y,D01911,,
bank/aib_current_2015.csv,132,20/04/2015,-489.65,,repairs,Y,D02005,,
bank/aib_current_2015.csv,133,20/04/2015,-1235.77,,electricity,M,D02064,,
bank/aib_current_2015.csv,134,20/04/2015,-198.98,,telephone,M,D02065,,
bank/aib_current_2015.csv,135,20/04/2015,-129.33,,personal_groceries,N,,,household spending
bank/aib_current_2015.csv,136,20/04/2015,-200.00,,savings,N,,,
bank/aib_current_2015.csv,137,20/04/2015,-2473.90,,contractors,Y,D01977,,
bank/aib_current_2015.csv,138,20/04/2015,-695.98,,repairs,Y,D02027;D02028,,
bank/aib_current_2015.csv,139,20/04/2015,-2666.25,,vet_medicine,Y,D01933;D01936;D01960;D01962,,
bank/aib_current_2015.csv,140,21/04/2015,-3111.80,,contractors,Y,D01982,,
bank/aib_current_2015.csv,141,22/04/2015,1330.92,,livestock_sale,Y,D04622;D04623,,net of commission
bank/aib_current_2015.csv,142,22/04/2015,-75.60,,personal_misc,N,,,
bank/aib_current_2015.csv,143,23/04/2015,-556.34,,vet_medicine,Y,D01965,,
bank/aib_current_2015.csv,144,23/04/2015,-240.47,,personal_groceries,N,,,household spending
bank/aib_current_2015.csv,145,24/04/2015,-200.00,,drawings,N,,,
bank/aib_current_2015.csv,146,26/04/2015,-277.15,,personal_groceries,N,,,household spending
bank/aib_current_2015.csv,147,27/04/2015,42620.59,,milk_receipt,Y,D00225;D00226,,net of co-op deductions
bank/aib_current_2015.csv,148,27/04/2015,-375.67,,repairs,Y,D02003,,
bank/aib_current_2015.csv,149,27/04/2015,1076.01,,personal_paye_income,N,,,"spouse PAYE, personal income"
bank/aib_current_2015.csv,150,28/04/2015,-1656.01,,wages_net,Y,,,
bank/aib_current_2015.csv,151,28/04/2015,-389.83,,wages_net,Y,,,
bank/aib_current_2015.csv,152,28/04/2015,-935.07,,wages_net,Y,,,
bank/aib_current_2015.csv,153,28/04/2015,-250.00,,drawings,N,,,
bank/aib_current_2015.csv,154,30/04/2015,-20.30,,bank_charges,Y,,,
bank/aib_current_2015.csv,155,30/04/2015,-117.67,,bank_interest,Y,,,
bank/aib_current_2015.csv,156,01/05/2015,-2780.00,,drawings,N,,,
bank/aib_current_2015.csv,157,04/05/2015,-896.76,,breeding_ai,Y,D01971,,
bank/aib_current_2015.csv,158,05/05/2015,-540.00,,pension_personal,N,,,personal pension; relief claimed on the personal return
bank/aib_current_2015.csv,159,07/05/2015,1283.29,,livestock_sale,Y,D04624;D04625,,net of commission
bank/aib_current_2015.csv,160,08/05/2015,-1220.64,,loan_repayment,Y,,,"interest 84.67, capital 1135.96"
bank/aib_current_2015.csv,161,08/05/2015,-2879.21,,loan_repayment,Y,,,"interest 1189.91, capital 1689.30"
bank/aib_current_2015.csv,162,08/05/2015,-150.00,,drawings,N,,,
bank/aib_current_2015.csv,163,08/05/2015,-228.00,,personal_groceries,N,,,household spending
bank/aib_current_2015.csv,164,08/05/2015,-1296.00,,family_car_running,N,,,
bank/aib_current_2015.csv,165,10/05/2015,-263.15,,personal_groceries,N,,,household spending
bank/aib_current_2015.csv,166,10/05/2015,-116.83,,personal_misc,N,,,
bank/aib_current_2015.csv,167,11/05/2015,-250.00,,drawings,N,,,
bank/aib_current_2015.csv,168,12/05/2015,-410.40,,health_insurance,N,,,
bank/aib_current_2015.csv,169,13/05/2015,1128.50,,contracting_income,Y,D04901,,
bank/aib_current_2015.csv,170,14/05/2015,-3242.12,,paye_prsi_usc,Y,,,
bank/aib_current_2015.csv,171,14/05/2015,-95340.00,,capital_equipment,Y,D05099,,stage payment
bank/aib_current_2015.csv,172,15/05/2015,-699.39,,breeding_ai,Y,D01968,,
bank/aib_current_2015.csv,173,19/05/2015,-1458.80,,electricity,M,D02066,,
bank/aib_current_2015.csv,174,20/05/2015,-198.60,,telephone,M,D02067,,
bank/aib_current_2015.csv,175,20/05/2015,-51075.00,,capital_equipment,Y,D05100,,
bank/aib_current_2015.csv,176,20/05/2015,-150.00,,drawings,N,,,
bank/aib_current_2015.csv,177,20/05/2015,-200.00,,savings,N,,,
bank/aib_current_2015.csv,178,21/05/2015,-195.66,,personal_groceries,N,,,household spending
bank/aib_current_2015.csv,179,22/05/2015,-200.00,,drawings,N,,,
bank/aib_current_2015.csv,180,22/05/2015,-326.38,,personal_groceries,N,,,household spending
bank/aib_current_2015.csv,181,22/05/2015,-75.60,,personal_misc,N,,,
bank/aib_current_2015.csv,182,25/05/2015,59158.92,,milk_receipt,Y,D00227;D00228,,net of co-op deductions
bank/aib_current_2015.csv,183,25/05/2015,-898.92,,vet_medicine,Y,D01940,,
bank/aib_current_2015.csv,184,25/05/2015,-523.24,,breeding_ai,Y,D01972,,
bank/aib_current_2015.csv,185,25/05/2015,2285.24,,contracting_income,Y,D04899,,
bank/aib_current_2015.csv,186,25/05/2015,1076.01,,personal_paye_income,N,,,"spouse PAYE, personal income"
bank/aib_current_2015.csv,187,25/05/2015,-89.19,,family_fuel,N,,,
bank/aib_current_2015.csv,188,25/05/2015,-1253.27,,vet_medicine,Y,D01956;D01959,,
bank/aib_current_2015.csv,189,26/05/2015,-86.20,,personal_groceries,N,,,household spending
bank/aib_current_2015.csv,190,27/05/2015,-530.99,,breeding_ai,Y,D01973,,
bank/aib_current_2015.csv,191,27/05/2015,-150.00,,drawings,N,,,
bank/aib_current_2015.csv,192,28/05/2015,1398.57,,livestock_sale,Y,D04626;D04627,,net of commission
bank/aib_current_2015.csv,193,28/05/2015,-1656.01,,wages_net,Y,,,
bank/aib_current_2015.csv,194,28/05/2015,-379.01,,wages_net,Y,,,
bank/aib_current_2015.csv,195,28/05/2015,-935.07,,wages_net,Y,,,
bank/aib_current_2015.csv,196,29/05/2015,-713.33,,bank_interest,Y,,,
bank/aib_current_2015.csv,197,29/05/2015,140000.00,,own_transfer,T,,,
bank/aib_current_2015.csv,198,31/05/2015,-20.30,,bank_charges,Y,,,
bank/aib_current_2015.csv,199,01/06/2015,-604.79,,vet_medicine,Y,D01930,,
bank/aib_current_2015.csv,200,01/06/2015,-669.60,,utilities,M,D02085,,
bank/aib_current_2015.csv,201,01/06/2015,-2780.00,,drawings,N,,,
bank/aib_current_2015.csv,202,01/06/2015,-159.98,,personal_groceries,N,,,household spending
bank/aib_current_2015.csv,203,03/06/2015,-243.38,,personal_groceries,N,,,household spending
bank/aib_current_2015.csv,204,05/06/2015,-540.00,,pension_personal,N,,,personal pension; relief claimed on the personal return
bank/aib_current_2015.csv,205,08/06/2015,-2916.27,,contractors,Y,D01981,,
bank/aib_current_2015.csv,206,08/06/2015,-1220.64,,loan_repayment,Y,,,"interest 81.27, capital 1139.37"
bank/aib_current_2015.csv,207,08/06/2015,-2879.21,,loan_repayment,Y,,,"interest 1184.84, capital 1694.37"
bank/aib_current_2015.csv,208,08/06/2015,-310.30,,personal_groceries,N,,,household spending
bank/aib_current_2015.csv,209,08/06/2015,27470.23,,vat_refund,Y,,,
bank/aib_current_2015.csv,210,12/06/2015,-50737.50,,capital_equipment,Y,D05098,,stage payment
bank/aib_current_2015.csv,211,12/06/2015,-410.40,,health_insurance,N,,,
bank/aib_current_2015.csv,212,15/06/2015,-3230.10,,paye_prsi_usc,Y,,,
bank/aib_current_2015.csv,213,17/06/2015,-200.00,,drawings,N,,,
bank/aib_current_2015.csv,214,18/06/2015,-184.07,,telephone,M,D02069,,
bank/aib_current_2015.csv,215,19/06/2015,-3232.96,,contractors,Y,D01979,,
bank/aib_current_2015.csv,216,19/06/2015,-4514.59,,vet_medicine,Y,D01934;D01941;D01943;D01945;D01952;D01953;D01955,,
bank/aib_current_2015.csv,217,21/06/2015,-250.00,,drawings,N,,,
bank/aib_current_2015.csv,218,21/06/2015,-250.00,,drawings,N,,,
bank/aib_current_2015.csv,219,22/06/2015,-302.47,,repairs,Y,D02001,,
bank/aib_current_2015.csv,220,22/06/2015,2052.26,,contracting_income,Y,D04897,,
bank/aib_current_2015.csv,221,22/06/2015,-235.64,,personal_groceries,N,,,household spending
bank/aib_current_2015.csv,222,22/06/2015,-200.00,,savings,N,,,
bank/aib_current_2015.csv,223,22/06/2015,-75.60,,personal_misc,N,,,
bank/aib_current_2015.csv,224,22/06/2015,-898.17,,breeding_ai,Y,D01974,,
bank/aib_current_2015.csv,225,22/06/2015,-1216.58,,dairy_hygiene,Y,D02042;D02047,,
bank/aib_current_2015.csv,226,22/06/2015,-5469.72,,contractors,Y,D01983;D01985,,
bank/aib_current_2015.csv,227,22/06/2015,-894.82,,silage_plastic,Y,D02048,,
bank/aib_current_2015.csv,228,23/06/2015,-1467.90,,electricity,M,D02068,,
bank/aib_current_2015.csv,229,23/06/2015,-110.32,,personal_groceries,N,,,household spending
bank/aib_current_2015.csv,230,24/06/2015,-509.68,,repairs,Y,D01999,,
bank/aib_current_2015.csv,231,25/06/2015,65072.56,,milk_receipt,Y,D00229;D00230,,net of co-op deductions
bank/aib_current_2015.csv,232,25/06/2015,-418.48,,repairs,Y,D02024,,
bank/aib_current_2015.csv,233,25/06/2015,1076.01,,personal_paye_income,N,,,"spouse PAYE, personal income"
bank/aib_current_2015.csv,234,26/06/2015,2118.42,,contracting_income,Y,D04896,,
bank/aib_current_2015.csv,235,26/06/2015,-104987.50,,capital_equipment,Y,D05101,,stage payment
bank/aib_current_2015.csv,236,27/06/2015,-71.88,,family_fuel,N,,,
bank/aib_current_2015.csv,237,28/06/2015,-229.60,,personal_groceries,N,,,household spending
bank/aib_current_2015.csv,238,29/06/2015,-574.94,,repairs,Y,D02019,,
bank/aib_current_2015.csv,239,29/06/2015,-654.84,,repairs,Y,D02022,,
bank/aib_current_2015.csv,240,29/06/2015,-1656.01,,wages_net,Y,,,
bank/aib_current_2015.csv,241,29/06/2015,-378.26,,wages_net,Y,,,
bank/aib_current_2015.csv,242,29/06/2015,-935.07,,wages_net,Y,,,
bank/aib_current_2015.csv,243,30/06/2015,-20.30,,bank_charges,Y,,,
bank/aib_current_2015.csv,244,30/06/2015,-635.00,,bank_charges,Y,,,
bank/aib_current_2015.csv,245,30/06/2015,-486.47,,bank_interest,Y,,,
bank/aib_current_2015.csv,246,30/06/2015,100000.00,,own_transfer,T,,,
bank/aib_current_2015.csv,247,01/07/2015,-2780.00,,drawings,N,,,
bank/aib_current_2015.csv,248,02/07/2015,1937.26,,contracting_income,Y,D04900,,
bank/aib_current_2015.csv,249,04/07/2015,-181.19,,personal_groceries,N,,,household spending
bank/aib_current_2015.csv,250,06/07/2015,-694.64,,breeding_ai,Y,D01969,,
bank/aib_current_2015.csv,251,06/07/2015,-540.00,,pension_personal,N,,,personal pension; relief claimed on the personal return
bank/aib_current_2015.csv,252,07/07/2015,-144.98,,personal_groceries,N,,,household spending
bank/aib_current_2015.csv,253,08/07/2015,-885.51,,vet_medicine,Y,D01961,,
bank/aib_current_2015.csv,254,08/07/2015,-502.10,,repairs,Y,D02008,,
bank/aib_current_2015.csv,255,08/07/2015,-1220.64,,loan_repayment,Y,,,"interest 77.85, capital 1142.79"
bank/aib_current_2015.csv,256,08/07/2015,-2879.21,,loan_repayment,Y,,,"interest 1179.76, capital 1699.46"
bank/aib_current_2015.csv,257,08/07/2015,-200.00,,drawings,N,,,
bank/aib_current_2015.csv,258,09/07/2015,-114.16,,personal_groceries,N,,,household spending
bank/aib_current_2015.csv,259,13/07/2015,-71505.00,,capital_equipment,Y,D05099,,stage payment
bank/aib_current_2015.csv,260,13/07/2015,-410.40,,health_insurance,N,,,
bank/aib_current_2015.csv,261,14/07/2015,-3229.28,,paye_prsi_usc,Y,,,
bank/aib_current_2015.csv,262,14/07/2015,-326.92,,personal_groceries,N,,,household spending
bank/aib_current_2015.csv,263,14/07/2015,-4658.38,,family_holiday,N,,,family holiday paid by the farm account
bank/aib_current_2015.csv,264,15/07/2015,-1955.37,,fuel,Y,D01989,,
bank/aib_current_2015.csv,265,15/07/2015,-2501.04,,contractors,Y,D01980,,
bank/aib_current_2015.csv,266,16/07/2015,1272.31,,contracting_income,Y,D04902,,
bank/aib_current_2015.csv,267,16/07/2015,-74.78,,personal_misc,N,,,
bank/aib_current_2015.csv,268,16/07/2015,-2355.16,,silage_plastic,Y,D02049;D02051,,
bank/aib_current_2015.csv,269,17/07/2015,-1195.56,,professional_fees,Y,D02084,,
bank/aib_current_2015.csv,270,17/07/2015,6495.54,,livestock_sale,Y,D04631;D04632,,
bank/aib_current_2015.csv,271,18/07/2015,-233.08,,personal_groceries,N,,,household spending
bank/aib_current_2015.csv,272,19/07/2015,-200.00,,drawings,N,,,
bank/aib_current_2015.csv,273,20/07/2015,-633.19,,breeding_ai,Y,D01970,,
bank/aib_current_2015.csv,274,20/07/2015,-816.24,,dairy_hygiene,Y,D02041,,
bank/aib_current_2015.csv,275,20/07/2015,-1527.98,,electricity,M,D02070,,
bank/aib_current_2015.csv,276,20/07/2015,-186.92,,telephone,M,D02071,,
bank/aib_current_2015.csv,277,20/07/2015,-450.00,,wages_unrecorded,Y,,E5-overtime,overtime paid on top of net pay outside payroll
bank/aib_current_2015.csv,278,20/07/2015,-200.00,,savings,N,,,
bank/aib_current_2015.csv,279,20/07/2015,-1423.49,,repairs,Y,D02000;D02012;D02014,,
bank/aib_current_2015.csv,280,22/07/2015,-75.60,,personal_misc,N,,,
bank/aib_current_2015.csv,281,27/07/2015,65782.57,,milk_receipt,Y,D00231;D00232,,net of co-op deductions
bank/aib_current_2015.csv,282,27/07/2015,-2200.83,,fuel,Y,D01987,,
bank/aib_current_2015.csv,283,27/07/2015,-337.92,,repairs,Y,D02016,,
bank/aib_current_2015.csv,284,27/07/2015,-473.43,,dairy_hygiene,Y,D02035,,
bank/aib_current_2015.csv,285,27/07/2015,6997.23,,livestock_sale,Y,D04633;D04634,,
bank/aib_current_2015.csv,286,27/07/2015,-250.00,,drawings,N,,,
bank/aib_current_2015.csv,287,28/07/2015,-1656.01,,wages_net,Y,,,
bank/aib_current_2015.csv,288,28/07/2015,-376.23,,wages_net,Y,,,
bank/aib_current_2015.csv,289,28/07/2015,-935.07,,wages_net,Y,,,
bank/aib_current_2015.csv,290,31/07/2015,-20.30,,bank_charges,Y,,,
bank/aib_current_2015.csv,291,31/07/2015,-78.08,,bank_interest,Y,,,
bank/aib_current_2015.csv,292,03/08/2015,-845.08,,vet_medicine,Y,D01935,,
bank/aib_current_2015.csv,293,03/08/2015,-2780.00,,drawings,N,,,
bank/aib_current_2015.csv,294,05/08/2015,-540.00,,pension_personal,N,,,personal pension; relief claimed on the personal return
bank/aib_current_2015.csv,295,06/08/2015,-427.63,,repairs,Y,D02004,,
bank/aib_current_2015.csv,296,08/08/2015,-300.00,,drawings,N,,,
bank/aib_current_2015.csv,297,10/08/2015,-570.25,,vet_medicine,Y,D01963,,
bank/aib_current_2015.csv,298,10/08/2015,-1220.64,,loan_repayment,Y,,,"interest 74.42, capital 1146.22"
bank/aib_current_2015.csv,299,10/08/2015,-2879.21,,loan_repayment,Y,,,"interest 1174.66, capital 1704.55"
bank/aib_current_2015.csv,300,12/08/2015,-410.40,,health_insurance,N,,,
bank/aib_current_2015.csv,301,13/08/2015,-428.45,,repairs,Y,D01994,,
bank/aib_current_2015.csv,302,14/08/2015,7428.76,,livestock_sale,Y,D04628,,
bank/aib_current_2015.csv,303,14/08/2015,-3227.00,,paye_prsi_usc,Y,,,
bank/aib_current_2015.csv,304,14/08/2015,-208.69,,personal_groceries,N,,,household spending
bank/aib_current_2015.csv,305,16/08/2015,-250.00,,drawings,N,,,
bank/aib_current_2015.csv,306,17/08/2015,-590.20,,vet_medicine,Y,D01948,,
bank/aib_current_2015.csv,307,17/08/2015,-961.08,,fuel,Y,D01988,,
bank/aib_current_2015.csv,308,17/08/2015,-1290.13,,electricity,M,D02072,,
bank/aib_current_2015.csv,309,17/08/2015,7857.56,,livestock_sale,Y,D04629,,
bank/aib_current_2015.csv,310,17/08/2015,-25830.00,,capital_equipment,Y,D05102,,
bank/aib_current_2015.csv,311,17/08/2015,-1015.75,,fuel,Y,D01986,,
bank/aib_current_2015.csv,312,17/08/2015,15620.65,,vat_refund,Y,,,
bank/aib_current_2015.csv,313,18/08/2015,-188.66,,telephone,M,D02073,,
bank/aib_current_2015.csv,314,20/08/2015,-400.00,,wages_unrecorded,Y,,E5-overtime,overtime paid on top of net pay outside payroll
bank/aib_current_2015.csv,315,20/08/2015,-200.00,,savings,N,,,
bank/aib_current_2015.csv,316,21/08/2015,-5854.69,,fertiliser,Y,D01927,,
bank/aib_current_2015.csv,317,21/08/2015,-949.94,,vet_medicine,Y,D01958,,
bank/aib_current_2015.csv,318,22/08/2015,-107.42,,personal_groceries,N,,,household spending
bank/aib_current_2015.csv,319,24/08/2015,-634.59,,repairs,Y,D02010,,
bank/aib_current_2015.csv,320,24/08/2015,-150.00,,drawings,N,,,
bank/aib_current_2015.csv,321,24/08/2015,-75.60,,personal_misc,N,,,
bank/aib_current_2015.csv,322,25/08/2015,55928.44,,milk_receipt,Y,D00233;D00234,,net of co-op deductions
bank/aib_current_2015.csv,323,25/08/2015,-104987.50,,capital_equipment,Y,D05101,,stage payment
bank/aib_current_2015.csv,324,26/08/2015,-394.77,,repairs,Y,D02021,,
bank/aib_current_2015.csv,325,26/08/2015,-349.69,,dairy_hygiene,Y,D02034,,
bank/aib_current_2015.csv,326,28/08/2015,959.02,,contracting_income,Y,D04903,,
bank/aib_current_2015.csv,327,28/08/2015,-1656.01,,wages_net,Y,,,
bank/aib_current_2015.csv,328,28/08/2015,-392.26,,wages_net,Y,,,
bank/aib_current_2015.csv,329,28/08/2015,-935.07,,wages_net,Y,,,
bank/aib_current_2015.csv,330,28/08/2015,-336.30,,personal_groceries,N,,,household spending
bank/aib_current_2015.csv,331,28/08/2015,-144.04,,personal_groceries,N,,,household spending
bank/aib_current_2015.csv,332,31/08/2015,-20.30,,bank_charges,Y,,,
bank/aib_current_2015.csv,333,31/08/2015,-498.94,,bank_interest,Y,,,
bank/aib_current_2015.csv,334,31/08/2015,103000.00,,own_transfer,T,,,
bank/aib_current_2015.csv,335,01/09/2015,-2780.00,,drawings,N,,,
bank/aib_current_2015.csv,336,01/09/2015,-214.46,,personal_groceries,N,,,household spending
bank/aib_current_2015.csv,337,04/09/2015,-590.22,,silage_plastic,Y,D02050,,
bank/aib_current_2015.csv,338,04/09/2015,-99.70,,personal_groceries,N,,,household spending
bank/aib_current_2015.csv,339,05/09/2015,-222.03,,personal_groceries,N,,,household spending
bank/aib_current_2015.csv,340,06/09/2015,-239.52,,personal_groceries,N,,,household spending
bank/aib_current_2015.csv,341,06/09/2015,-280.95,,personal_groceries,N,,,household spending
bank/aib_current_2015.csv,342,07/09/2015,-540.00,,pension_personal,N,,,personal pension; relief claimed on the personal return
bank/aib_current_2015.csv,343,07/09/2015,-1188.00,,personal_education,N,,,
bank/aib_current_2015.csv,344,08/09/2015,-1220.64,,loan_repayment,Y,,,"interest 70.98, capital 1149.65"
bank/aib_current_2015.csv,345,08/09/2015,-2879.21,,loan_repayment,Y,,,"interest 1169.55, capital 1709.67"
bank/aib_current_2015.csv,346,11/09/2015,-200.00,,drawings,N,,,
bank/aib_current_2015.csv,347,11/09/2015,-150.00,,drawings,N,,,
bank/aib_current_2015.csv,348,14/09/2015,-3244.81,,paye_prsi_usc,Y,,,
bank/aib_current_2015.csv,349,14/09/2015,-410.40,,health_insurance,N,,,
bank/aib_current_2015.csv,350,16/09/2015,-2001.79,,vet_medicine,Y,D01937;D01938;D01949,,
bank/aib_current_2015.csv,351,17/09/2015,-91.70,,family_fuel,N,,,
bank/aib_current_2015.csv,352,17/09/2015,-2550.68,,feed,Y,D01916,,
bank/aib_current_2015.csv,353,18/09/2015,-319.07,,dairy_hygiene,Y,D02040,,
bank/aib_current_2015.csv,354,18/09/2015,-170.50,,telephone,M,D02075,,
bank/aib_current_2015.csv,355,18/09/2015,-213.06,,personal_groceries,N,,,household spending
bank/aib_current_2015.csv,356,21/09/2015,-1294.92,,electricity,M,D02074,,
bank/aib_current_2015.csv,357,21/09/2015,2023.18,,contracting_income,Y,D04904,,
bank/aib_current_2015.csv,358,21/09/2015,-200.00,,savings,N,,,
bank/aib_current_2015.csv,359,21/09/2015,-3582.67,,vat_payment,Y,,,
bank/aib_current_2015.csv,360,22/09/2015,-75.60,,personal_misc,N,,,
bank/aib_current_2015.csv,361,22/09/2015,-1278.11,,fuel,Y,D01991,,
bank/aib_current_2015.csv,362,23/09/2015,-599.33,,dairy_hygiene,Y,D02046,,
bank/aib_current_2015.csv,363,25/09/2015,48627.93,,milk_receipt,Y,D00235;D00236,,net of co-op deductions
bank/aib_current_2015.csv,364,25/09/2015,1076.01,,personal_paye_income,N,,,"spouse PAYE, personal income"
bank/aib_current_2015.csv,365,27/09/2015,-300.00,,drawings,N,,,
bank/aib_current_2015.csv,366,28/09/2015,-704.54,,repairs,Y,D01997,,
bank/aib_current_2015.csv,367,28/09/2015,-1656.01,,wages_net,Y,,,
bank/aib_current_2015.csv,368,28/09/2015,-387.04,,wages_net,Y,,,
bank/aib_current_2015.csv,369,28/09/2015,-200.00,,drawings,N,,,
bank/aib_current_2015.csv,370,30/09/2015,-20.30,,bank_charges,Y,,,
bank/aib_current_2015.csv,371,01/10/2015,-2780.00,,drawings,N,,,
bank/aib_current_2015.csv,372,04/10/2015,-186.51,,personal_groceries,N,,,household spending
bank/aib_current_2015.csv,373,05/10/2015,-540.00,,pension_personal,N,,,personal pension; relief claimed on the personal return
bank/aib_current_2015.csv,374,08/10/2015,-1220.64,,loan_repayment,Y,,,"interest 67.53, capital 1153.10"
bank/aib_current_2015.csv,375,08/10/2015,-2879.21,,loan_repayment,Y,,,"interest 1164.42, capital 1714.80"
bank/aib_current_2015.csv,376,09/10/2015,-86.04,,family_fuel,N,,,
bank/aib_current_2015.csv,377,12/10/2015,-127.61,,personal_groceries,N,,,household spending
bank/aib_current_2015.csv,378,12/10/2015,-410.40,,health_insurance,N,,,
bank/aib_current_2015.csv,379,14/10/2015,-2223.29,,paye_prsi_usc,Y,,,
bank/aib_current_2015.csv,380,15/10/2015,-854.53,,foot_care,Y,D02054,,
bank/aib_current_2015.csv,381,16/10/2015,-697.55,,foot_care,Y,D02052,,
bank/aib_current_2015.csv,382,17/10/2015,-200.00,,drawings,N,,,
bank/aib_current_2015.csv,383,18/10/2015,-150.00,,drawings,N,,,
bank/aib_current_2015.csv,384,19/10/2015,-1317.32,,electricity,M,D02076,,
bank/aib_current_2015.csv,385,19/10/2015,-201.07,,telephone,M,D02077,,
bank/aib_current_2015.csv,386,19/10/2015,1802.10,,contracting_income,Y,D04898,,
bank/aib_current_2015.csv,387,19/10/2015,-652.59,,repairs,Y,D01998,,
bank/aib_current_2015.csv,388,20/10/2015,-200.00,,savings,N,,,
bank/aib_current_2015.csv,389,20/10/2015,-1307.34,,dairy_hygiene,Y,D02037;D02039,,
bank/aib_current_2015.csv,390,21/10/2015,13681.44,,scheme_income,Y,,,
bank/aib_current_2015.csv,391,21/10/2015,-226.92,,personal_groceries,N,,,household spending
bank/aib_current_2015.csv,392,22/10/2015,-75.60,,personal_misc,N,,,
bank/aib_current_2015.csv,393,23/10/2015,-103.07,,personal_groceries,N,,,household spending
bank/aib_current_2015.csv,394,24/10/2015,-300.00,,drawings,N,,,
bank/aib_current_2015.csv,395,26/10/2015,38635.92,,milk_receipt,Y,D00237;D00238,,net of co-op deductions
bank/aib_current_2015.csv,396,26/10/2015,1076.01,,personal_paye_income,N,,,"spouse PAYE, personal income"
bank/aib_current_2015.csv,397,28/10/2015,-1656.01,,wages_net,Y,,,
bank/aib_current_2015.csv,398,28/10/2015,-373.23,,wages_net,Y,,,
bank/aib_current_2015.csv,399,28/10/2015,-278.44,,personal_groceries,N,,,household spending
bank/aib_current_2015.csv,400,30/10/2015,-526.02,,repairs,Y,D02026,,
bank/aib_current_2015.csv,401,30/10/2015,7279.71,,livestock_sale,Y,D04630,,
bank/aib_current_2015.csv,402,30/10/2015,-44000.00,,own_transfer,T,,,
bank/aib_current_2015.csv,403,31/10/2015,-20.30,,bank_charges,Y,,,
bank/aib_current_2015.csv,404,01/11/2015,-60.16,,family_fuel,N,,,
bank/aib_current_2015.csv,405,02/11/2015,-2780.00,,drawings,N,,,
bank/aib_current_2015.csv,406,02/11/2015,-187.04,,personal_groceries,N,,,household spending
bank/aib_current_2015.csv,407,02/11/2015,-24100.00,,personal_tax,N,,,"farmer income tax: personal liability, not a farm expense"
bank/aib_current_2015.csv,408,04/11/2015,-731.38,,foot_care,Y,D02055,,
bank/aib_current_2015.csv,409,04/11/2015,2400.00,,forestry_premium,X,,,exempt from income tax; not a trading receipt
bank/aib_current_2015.csv,410,04/11/2015,-225.99,,personal_groceries,N,,,household spending
bank/aib_current_2015.csv,411,04/11/2015,-118.69,,personal_groceries,N,,,household spending
bank/aib_current_2015.csv,412,05/11/2015,-540.00,,pension_personal,N,,,personal pension; relief claimed on the personal return
bank/aib_current_2015.csv,413,06/11/2015,-1637.12,,fuel,Y,D01990,,
bank/aib_current_2015.csv,414,09/11/2015,-1220.64,,loan_repayment,Y,,,"interest 64.07, capital 1156.56"
bank/aib_current_2015.csv,415,09/11/2015,-2879.21,,loan_repayment,Y,,,"interest 1159.27, capital 1719.94"
bank/aib_current_2015.csv,416,09/11/2015,-266.80,,personal_groceries,N,,,household spending
bank/aib_current_2015.csv,417,10/11/2015,-369.42,,repairs,Y,,MISSING_INVOICE,payment with no supplier invoice on file
bank/aib_current_2015.csv,418,11/11/2015,-300.00,,drawings,N,,,
bank/aib_current_2015.csv,419,12/11/2015,-410.40,,health_insurance,N,,,
bank/aib_current_2015.csv,420,13/11/2015,-571.56,,repairs,Y,D02030,,
bank/aib_current_2015.csv,421,14/11/2015,-247.40,,personal_groceries,N,,,household spending
bank/aib_current_2015.csv,422,16/11/2015,-338.34,,dairy_hygiene,Y,D02045,,
bank/aib_current_2015.csv,423,16/11/2015,-2207.98,,paye_prsi_usc,Y,,,
bank/aib_current_2015.csv,424,18/11/2015,-910.20,,foot_care,Y,D02056,,
bank/aib_current_2015.csv,425,18/11/2015,-1374.43,,electricity,M,D02078,,
bank/aib_current_2015.csv,426,19/11/2015,-173.37,,telephone,M,D02079,,
bank/aib_current_2015.csv,427,19/11/2015,-163.62,,personal_groceries,N,,,household spending
bank/aib_current_2015.csv,428,19/11/2015,-834.63,,repairs,Y,D01995;D02031,,
bank/aib_current_2015.csv,429,19/11/2015,-4762.13,,vat_payment,Y,,,
bank/aib_current_2015.csv,430,20/11/2015,-400.00,,wages_unrecorded,Y,,E5-overtime,overtime paid on top of net pay outside payroll
bank/aib_current_2015.csv,431,20/11/2015,-200.00,,savings,N,,,
bank/aib_current_2015.csv,432,23/11/2015,-656.19,,repairs,Y,D02007,,
bank/aib_current_2015.csv,433,23/11/2015,-15950.00,,land_rent,Y,D02086,,
bank/aib_current_2015.csv,434,23/11/2015,-75.60,,personal_misc,N,,,
bank/aib_current_2015.csv,435,23/11/2015,-1975.27,,fuel,Y,D01993,,
bank/aib_current_2015.csv,436,24/11/2015,-690.17,,repairs,Y,D02023,,
bank/aib_current_2015.csv,437,24/11/2015,-150.00,,drawings,N,,,
bank/aib_current_2015.csv,438,25/11/2015,25440.88,,milk_receipt,Y,D00239;D00240,,net of co-op deductions
bank/aib_current_2015.csv,439,25/11/2015,1076.01,,personal_paye_income,N,,,"spouse PAYE, personal income"
bank/aib_current_2015.csv,440,26/11/2015,-185.98,,fallen_animals,Y,D04617,,
bank/aib_current_2015.csv,441,27/11/2015,-200.00,,drawings,N,,,
bank/aib_current_2015.csv,442,28/11/2015,-300.00,,drawings,N,,,
bank/aib_current_2015.csv,443,30/11/2015,-20.30,,bank_charges,Y,,,
bank/aib_current_2015.csv,444,30/11/2015,-1656.01,,wages_net,Y,,,
bank/aib_current_2015.csv,445,30/11/2015,-396.33,,wages_net,Y,,,
bank/aib_current_2015.csv,446,30/11/2015,-32.36,,bank_interest,Y,,,
bank/aib_current_2015.csv,447,01/12/2015,-2780.00,,drawings,N,,,
bank/aib_current_2015.csv,448,02/12/2015,-224.14,,personal_groceries,N,,,household spending
bank/aib_current_2015.csv,449,03/12/2015,64000.00,,capital_grant,Y,,,40% on ceiling for buildings
bank/aib_current_2015.csv,450,07/12/2015,4560.49,,scheme_income,Y,,,
bank/aib_current_2015.csv,451,07/12/2015,-540.00,,pension_personal,N,,,personal pension; relief claimed on the personal return
bank/aib_current_2015.csv,452,08/12/2015,-1220.64,,loan_repayment,Y,,,"interest 60.60, capital 1160.03"
bank/aib_current_2015.csv,453,08/12/2015,-2879.21,,loan_repayment,Y,,,"interest 1154.11, capital 1725.10"
bank/aib_current_2015.csv,454,10/12/2015,-111.41,,personal_groceries,N,,,household spending
bank/aib_current_2015.csv,455,10/12/2015,-1789.69,,personal_misc,N,,,
bank/aib_current_2015.csv,456,14/12/2015,-3164.23,,contractors,Y,D01984,,
bank/aib_current_2015.csv,457,14/12/2015,-2233.60,,paye_prsi_usc,Y,,,
bank/aib_current_2015.csv,458,14/12/2015,2972.00,,scheme_income,Y,,,
bank/aib_current_2015.csv,459,14/12/2015,-410.40,,health_insurance,N,,,
bank/aib_current_2015.csv,460,15/12/2015,-3251.98,,feed,Y,D01909,,
bank/aib_current_2015.csv,461,15/12/2015,-150.00,,drawings,N,,,
bank/aib_current_2015.csv,462,15/12/2015,-95.53,,personal_groceries,N,,,household spending
bank/aib_current_2015.csv,463,15/12/2015,-144.88,,personal_groceries,N,,,household spending
bank/aib_current_2015.csv,464,16/12/2015,-200.00,,drawings,N,,,
bank/aib_current_2015.csv,465,16/12/2015,-1767.55,,vet_medicine,Y,D01931;D01944;D01964,,
bank/aib_current_2015.csv,466,17/12/2015,-250.00,,drawings,N,,,
bank/aib_current_2015.csv,467,18/12/2015,-150.00,,drawings,N,,,
bank/aib_current_2015.csv,468,18/12/2015,-204.78,,personal_groceries,N,,,household spending
bank/aib_current_2015.csv,469,20/12/2015,-246.72,,personal_groceries,N,,,household spending
bank/aib_current_2015.csv,470,21/12/2015,-497.47,,repairs,Y,D02029,,
bank/aib_current_2015.csv,471,21/12/2015,-1230.76,,electricity,M,D02080,,
bank/aib_current_2015.csv,472,21/12/2015,-172.74,,telephone,M,D02081,,
bank/aib_current_2015.csv,473,21/12/2015,5200.00,,scheme_income,Y,,,
bank/aib_current_2015.csv,474,21/12/2015,-200.00,,savings,N,,,
bank/aib_current_2015.csv,475,22/12/2015,-755.76,,dairy_hygiene,Y,D02044,,
bank/aib_current_2015.csv,476,22/12/2015,-200.00,,drawings,N,,,
bank/aib_current_2015.csv,477,22/12/2015,-75.60,,personal_misc,N,,,
bank/aib_current_2015.csv,478,25/12/2015,-96.19,,family_fuel,N,,,
bank/aib_current_2015.csv,479,28/12/2015,12101.66,,milk_receipt,Y,D00241;D00242,,net of co-op deductions
bank/aib_current_2015.csv,480,28/12/2015,-1656.01,,wages_net,Y,,,
bank/aib_current_2015.csv,481,28/12/2015,-387.43,,wages_net,Y,,,
bank/aib_current_2015.csv,482,28/12/2015,1076.01,,personal_paye_income,N,,,"spouse PAYE, personal income"
bank/aib_current_2015.csv,483,31/12/2015,-352.09,,repairs,Y,D02015,,
bank/aib_current_2015.csv,484,31/12/2015,-20.30,,bank_charges,Y,,,
bank/aib_current_2016.csv,2,22/12/2015,-755.76,OVERLAP_COPY,dairy_hygiene,Y,D02044,OVERLAP,
bank/aib_current_2016.csv,3,22/12/2015,-200.00,OVERLAP_COPY,drawings,N,,OVERLAP,
bank/aib_current_2016.csv,4,22/12/2015,-75.60,OVERLAP_COPY,personal_misc,N,,OVERLAP,
bank/aib_current_2016.csv,5,25/12/2015,-96.19,OVERLAP_COPY,family_fuel,N,,OVERLAP,
bank/aib_current_2016.csv,6,28/12/2015,12101.66,OVERLAP_COPY,milk_receipt,Y,D00241;D00242,OVERLAP,
bank/aib_current_2016.csv,7,28/12/2015,-1656.01,OVERLAP_COPY,wages_net,Y,,OVERLAP,
bank/aib_current_2016.csv,8,28/12/2015,-387.43,OVERLAP_COPY,wages_net,Y,,OVERLAP,
bank/aib_current_2016.csv,9,28/12/2015,1076.01,OVERLAP_COPY,personal_paye_income,N,,OVERLAP,
bank/aib_current_2016.csv,10,31/12/2015,-352.09,OVERLAP_COPY,repairs,Y,D02015,OVERLAP,
bank/aib_current_2016.csv,11,31/12/2015,-20.30,OVERLAP_COPY,bank_charges,Y,,OVERLAP,
bank/aib_current_2016.csv,12,01/01/2016,-193.32,,personal_groceries,N,,,household spending
bank/aib_current_2016.csv,13,03/01/2016,-83.42,,family_fuel,N,,,
bank/aib_current_2016.csv,14,04/01/2016,-358.67,,repairs,Y,,MISSING_INVOICE,payment with no supplier invoice on file
bank/aib_current_2016.csv,15,04/01/2016,-2175.00,,drawings,N,,,
bank/aib_current_2016.csv,16,05/01/2016,-400.00,,wages_unrecorded,N,,E6-family-wages,"son at college; no payroll, no work evidence"
bank/aib_current_2016.csv,17,05/01/2016,-150.12,,personal_groceries,N,,,household spending
bank/aib_current_2016.csv,18,05/01/2016,-540.00,,pension_personal,N,,,personal pension; relief claimed on the personal return
bank/aib_current_2016.csv,19,07/01/2016,-150.00,,drawings,N,,,
bank/aib_current_2016.csv,20,07/01/2016,-250.00,,drawings,N,,,
bank/aib_current_2016.csv,21,08/01/2016,-108.24,,software,Y,D02249,,
bank/aib_current_2016.csv,22,08/01/2016,-1218.93,,loan_repayment,Y,,,"interest 53.95, capital 1164.98"
bank/aib_current_2016.csv,23,08/01/2016,-2841.89,,loan_repayment,Y,,,"interest 1085.11, capital 1756.78"
bank/aib_current_2016.csv,24,09/01/2016,-126.03,,personal_groceries,N,,,household spending
bank/aib_current_2016.csv,25,12/01/2016,-410.40,,health_insurance,N,,,
bank/aib_current_2016.csv,26,14/01/2016,-2223.74,,paye_prsi_usc,Y,,,
bank/aib_current_2016.csv,27,14/01/2016,-93.42,,personal_groceries,N,,,household spending
bank/aib_current_2016.csv,28,17/01/2016,-150.00,,drawings,N,,,
bank/aib_current_2016.csv,29,18/01/2016,-192.32,,telephone,M,D02248,,
bank/aib_current_2016.csv,30,18/01/2016,-243.02,,personal_groceries,N,,,household spending
bank/aib_current_2016.csv,31,18/01/2016,-4363.02,,contractors,Y,D01976,,
bank/aib_current_2016.csv,32,20/01/2016,-200.00,,savings,N,,,
bank/aib_current_2016.csv,33,20/01/2016,-1650.20,,vet_medicine,Y,D01932;D01939;D01950,,
bank/aib_current_2016.csv,34,22/01/2016,-1311.56,,electricity,M,D02247,,
bank/aib_current_2016.csv,35,22/01/2016,-75.60,,personal_misc,N,,,
bank/aib_current_2016.csv,36,24/01/2016,-300.00,,drawings,N,,,
bank/aib_current_2016.csv,37,25/01/2016,2264.22,,milk_receipt,Y,D00243;D00244,,net of co-op deductions
bank/aib_current_2016.csv,38,25/01/2016,-554.91,,dairy_hygiene,Y,D02230,,
bank/aib_current_2016.csv,39,25/01/2016,1107.98,,personal_paye_income,N,,,"spouse PAYE, personal income"
bank/aib_current_2016.csv,40,25/01/2016,-1092.73,,repairs,Y,D02011;D02013,,
bank/aib_current_2016.csv,41,26/01/2016,-200.00,,drawings,N,,,
bank/aib_current_2016.csv,42,28/01/2016,-1713.61,,wages_net,Y,,,
bank/aib_current_2016.csv,43,28/01/2016,-386.60,,wages_net,Y,,,
bank/aib_current_2016.csv,44,28/01/2016,-229.89,,personal_groceries,N,,,household spending
bank/aib_current_2016.csv,45,29/01/2016,-41563.25,,livestock_purchase,Y,D04658;D04659,,
bank/aib_current_2016.csv,46,29/01/2016,-29.38,,bank_interest,Y,,,
bank/aib_current_2016.csv,47,31/01/2016,-21.00,,bank_charges,Y,,,
bank/aib_current_2016.csv,48,01/02/2016,-2175.00,,drawings,N,,,
bank/aib_current_2016.csv,49,01/02/2016,861.93,,vat_refund,Y,,,
bank/aib_current_2016.csv,50,03/02/2016,-712.00,,vet_medicine,Y,D02113,,
bank/aib_current_2016.csv,51,04/02/2016,-38130.00,,capital_equipment,Y,D05103,,
bank/aib_current_2016.csv,52,04/02/2016,-200.00,,drawings,N,,,
bank/aib_current_2016.csv,53,05/02/2016,-400.00,,wages_unrecorded,N,,E6-family-wages,"son at college; no payroll, no work evidence"
bank/aib_current_2016.csv,54,05/02/2016,-540.00,,pension_personal,N,,,personal pension; relief claimed on the personal return
bank/aib_current_2016.csv,55,08/02/2016,-108.24,,software,Y,D02252,,
bank/aib_current_2016.csv,56,08/02/2016,-1218.93,,loan_repayment,Y,,,"interest 50.65, capital 1168.28"
bank/aib_current_2016.csv,57,08/02/2016,-2841.89,,loan_repayment,Y,,,"interest 1080.13, capital 1761.76"
bank/aib_current_2016.csv,58,09/02/2016,-300.00,,drawings,N,,,
bank/aib_current_2016.csv,59,12/02/2016,-410.40,,health_insurance,N,,,
bank/aib_current_2016.csv,60,13/02/2016,-200.00,,drawings,N,,,
bank/aib_current_2016.csv,61,14/02/2016,-193.14,,personal_groceries,N,,,household spending
bank/aib_current_2016.csv,62,15/02/2016,-2286.70,,paye_prsi_usc,Y,,,
bank/aib_current_2016.csv,63,15/02/2016,-4711.01,,feed,Y,D02098,,
bank/aib_current_2016.csv,64,16/02/2016,-250.00,,drawings,N,,,
bank/aib_current_2016.csv,65,16/02/2016,-112.56,,personal_groceries,N,,,household spending
bank/aib_current_2016.csv,66,17/02/2016,-146.12,,fallen_animals,Y,D04639,,
bank/aib_current_2016.csv,67,18/02/2016,-196.30,,telephone,M,D02251,,
bank/aib_current_2016.csv,68,18/02/2016,-153.03,,personal_groceries,N,,,household spending
bank/aib_current_2016.csv,69,18/02/2016,-1102.33,,repairs,Y,D02183;D02200,,
bank/aib_current_2016.csv,70,19/02/2016,-837.30,,vet_medicine,Y,D02140,,
bank/aib_current_2016.csv,71,19/02/2016,-1167.98,,breeding_ai,Y,D02151,,
bank/aib_current_2016.csv,72,20/02/2016,-129.31,,personal_groceries,N,,,household spending
bank/aib_current_2016.csv,73,22/02/2016,-1387.29,,electricity,M,D02250,,
bank/aib_current_2016.csv,74,22/02/2016,-9719.04,,insurance,Y,D02283,,
bank/aib_current_2016.csv,75,22/02/2016,-211.62,,personal_groceries,N,,,household spending
bank/aib_current_2016.csv,76,22/02/2016,-190.43,,personal_groceries,N,,,household spending
bank/aib_current_2016.csv,77,22/02/2016,-200.00,,savings,N,,,
bank/aib_current_2016.csv,78,22/02/2016,-75.60,,personal_misc,N,,,
bank/aib_current_2016.csv,79,22/02/2016,-557.90,,dairy_hygiene,Y,D02224,,
bank/aib_current_2016.csv,80,23/02/2016,-106.03,,personal_misc,N,,,
bank/aib_current_2016.csv,81,23/02/2016,-961.78,,vet_medicine,Y,D02134;D02144,,
bank/aib_current_2016.csv,82,25/02/2016,5579.90,,milk_receipt,Y,D00245;D00246,,net of co-op deductions
bank/aib_current_2016.csv,83,25/02/2016,-1911.26,,fuel,Y,D02174,,
bank/aib_current_2016.csv,84,25/02/2016,1107.98,,personal_paye_income,N,,,"spouse PAYE, personal income"
bank/aib_current_2016.csv,85,29/02/2016,-458.33,,repairs,Y,D02203,,
bank/aib_current_2016.csv,86,29/02/2016,-429.22,,dairy_hygiene,Y,D02234,,
bank/aib_current_2016.csv,87,29/02/2016,-21.00,,bank_charges,Y,,,
bank/aib_current_2016.csv,88,29/02/2016,-1713.61,,wages_net,Y,,,
bank/aib_current_2016.csv,89,29/02/2016,-400.07,,wages_net,Y,,,
bank/aib_current_2016.csv,90,29/02/2016,-962.81,,wages_net,Y,,,
bank/aib_current_2016.csv,91,29/02/2016,-407.87,,bank_interest,Y,,,
bank/aib_current_2016.csv,92,29/02/2016,91000.00,,own_transfer,T,,,
bank/aib_current_2016.csv,93,01/03/2016,-2175.00,,drawings,N,,,
bank/aib_current_2016.csv,94,02/03/2016,7500.00,,unexplained_credit,U,,E8-tams,cash rebate from the fabricator
bank/aib_current_2016.csv,95,02/03/2016,-150.00,,drawings,N,,,
bank/aib_current_2016.csv,96,03/03/2016,-657.67,,repairs,Y,D02196,,
bank/aib_current_2016.csv,97,07/03/2016,-108.24,,software,Y,D02255,,
bank/aib_current_2016.csv,98,07/03/2016,-400.00,,wages_unrecorded,N,,E6-family-wages,"son at college; no payroll, no work evidence"
bank/aib_current_2016.csv,99,07/03/2016,-540.00,,pension_personal,N,,,personal pension; relief claimed on the personal return
bank/aib_current_2016.csv,100,08/03/2016,-1218.93,,loan_repayment,Y,,,"interest 47.34, capital 1171.59"
bank/aib_current_2016.csv,101,08/03/2016,-2841.89,,loan_repayment,Y,,,"interest 1075.14, capital 1766.75"
bank/aib_current_2016.csv,102,09/03/2016,-300.00,,drawings,N,,,
bank/aib_current_2016.csv,103,09/03/2016,-121.66,,personal_groceries,N,,,household spending
bank/aib_current_2016.csv,104,13/03/2016,-300.00,,drawings,N,,,
bank/aib_current_2016.csv,105,13/03/2016,-187.39,,personal_groceries,N,,,household spending
bank/aib_current_2016.csv,106,14/03/2016,-3348.18,,paye_prsi_usc,Y,,,
bank/aib_current_2016.csv,107,14/03/2016,-410.40,,health_insurance,N,,,
bank/aib_current_2016.csv,108,15/03/2016,-366.16,,vet_medicine,Y,D02138,,
bank/aib_current_2016.csv,109,15/03/2016,-455.37,,repairs,Y,D02212,,
bank/aib_current_2016.csv,110,18/03/2016,-198.93,,telephone,M,D02254,,
bank/aib_current_2016.csv,111,18/03/2016,-146.12,,fallen_animals,Y,D04637,,
bank/aib_current_2016.csv,112,18/03/2016,-203.74,,personal_groceries,N,,,household spending
bank/aib_current_2016.csv,113,18/03/2016,-937.90,,vet_medicine,Y,D02111;D02129,,
bank/aib_current_2016.csv,114,21/03/2016,-457.24,,vet_medicine,Y,D02137,,
bank/aib_current_2016.csv,115,21/03/2016,-601.45,,repairs,Y,D02187,,
bank/aib_current_2016.csv,116,21/03/2016,502.99,,livestock_sale,Y,D04640;D04641,,net of commission
bank/aib_current_2016.csv,117,21/03/2016,-200.00,,savings,N,,,
bank/aib_current_2016.csv,118,22/03/2016,-654.15,,vet_medicine,Y,D02110,,
bank/aib_current_2016.csv,119,22/03/2016,-1507.34,,electricity,M,D02253,,
bank/aib_current_2016.csv,120,22/03/2016,-300.00,,drawings,N,,,
bank/aib_current_2016.csv,121,22/03/2016,-75.60,,personal_misc,N,,,
bank/aib_current_2016.csv,122,22/03/2016,-1987.47,,feed,Y,D02095,,
bank/aib_current_2016.csv,123,22/03/2016,-1209.09,,repairs,Y,D02204;D02215;D02219,,
bank/aib_current_2016.csv,124,23/03/2016,-150.44,,personal_groceries,N,,,household spending
bank/aib_current_2016.csv,125,24/03/2016,-150.00,,drawings,N,,,
bank/aib_current_2016.csv,126,25/03/2016,20366.63,,milk_receipt,Y,D00247;D00248,,net of co-op deductions
bank/aib_current_2016.csv,127,25/03/2016,1107.98,,personal_paye_income,N,,,"spouse PAYE, personal income"
bank/aib_current_2016.csv,128,25/03/2016,-50430.00,,motor_vehicle,Y,D05105,,
bank/aib_current_2016.csv,129,25/03/2016,-120.80,,personal_groceries,N,,,household spending
bank/aib_current_2016.csv,130,27/03/2016,-153.36,,personal_groceries,N,,,household spending
bank/aib_current_2016.csv,131,28/03/2016,-3666.38,,professional_fees,Y,D02284,,
bank/aib_current_2016.csv,132,28/03/2016,-1713.61,,wages_net,Y,,,
bank/aib_current_2016.csv,133,28/03/2016,-386.11,,wages_net,Y,,,
bank/aib_current_2016.csv,134,28/03/2016,-962.81,,wages_net,Y,,,
bank/aib_current_2016.csv,135,31/03/2016,-21.00,,bank_charges,Y,,,
bank/aib_current_2016.csv,136,31/03/2016,-191.16,,bank_interest,Y,,,
bank/aib_current_2016.csv,137,31/03/2016,50000.00,,own_transfer,T,,,
bank/aib_current_2016.csv,138,01/04/2016,628.26,,livestock_sale,Y,D04642;D04643,,net of commission
bank/aib_current_2016.csv,139,01/04/2016,-2175.00,,drawings,N,,,
bank/aib_current_2016.csv,140,03/04/2016,-150.00,,drawings,N,,,
bank/aib_current_2016.csv,141,03/04/2016,-150.00,,drawings,N,,,
bank/aib_current_2016.csv,142,05/04/2016,-400.00,,wages_unrecorded,N,,E6-family-wages,"son at college; no payroll, no work evidence"
bank/aib_current_2016.csv,143,05/04/2016,-540.00,,pension_personal,N,,,personal pension; relief claimed on the personal return
bank/aib_current_2016.csv,144,06/04/2016,-212.54,,fallen_animals,Y,D04638,,
bank/aib_current_2016.csv,145,07/04/2016,-150.00,,drawings,N,,,
bank/aib_current_2016.csv,146,08/04/2016,-108.24,,software,Y,D02258,,
bank/aib_current_2016.csv,147,08/04/2016,-1218.93,,loan_repayment,Y,,,"interest 44.02, capital 1174.91"
bank/aib_current_2016.csv,148,08/04/2016,-2841.89,,loan_repayment,Y,,,"interest 1070.13, capital 1771.76"
bank/aib_current_2016.csv,149,11/04/2016,2124.72,,contracting_income,Y,D04907,,
bank/aib_current_2016.csv,150,12/04/2016,-328.32,,personal_groceries,N,,,household spending
bank/aib_current_2016.csv,151,12/04/2016,-410.40,,health_insurance,N,,,
bank/aib_current_2016.csv,152,13/04/2016,-603.82,,repairs,Y,D02181,,
bank/aib_current_2016.csv,153,13/04/2016,512.39,,livestock_sale,Y,D04644;D04645,,net of commission
bank/aib_current_2016.csv,154,13/04/2016,-245.93,,personal_groceries,N,,,household spending
bank/aib_current_2016.csv,155,14/04/2016,-3332.69,,paye_prsi_usc,Y,,,
bank/aib_current_2016.csv,156,14/04/2016,32000.00,,capital_grant,Y,,,40% on dairy equipment
bank/aib_current_2016.csv,157,14/04/2016,-250.00,,drawings,N,,,
bank/aib_current_2016.csv,158,15/04/2016,-500.18,,dairy_hygiene,Y,D02236,,
bank/aib_current_2016.csv,159,15/04/2016,9559.16,,vat_refund,Y,,,
bank/aib_current_2016.csv,160,18/04/2016,-1307.13,,vet_medicine,Y,D02119;D02136,,
bank/aib_current_2016.csv,161,19/04/2016,-263.62,,personal_groceries,N,,,household spending
bank/aib_current_2016.csv,162,20/04/2016,-179.80,,telephone,M,D02257,,
bank/aib_current_2016.csv,163,20/04/2016,-200.00,,savings,N,,,
bank/aib_current_2016.csv,164,20/04/2016,-4093.25,,contractors,Y,D02169,,
bank/aib_current_2016.csv,165,21/04/2016,-465.32,,vet_medicine,Y,D02123,,
bank/aib_current_2016.csv,166,21/04/2016,-1118.55,,breeding_ai,Y,D02156,,
bank/aib_current_2016.csv,167,21/04/2016,-7681.67,,fertiliser,Y,D02103,,
bank/aib_current_2016.csv,168,22/04/2016,-200.00,,drawings,N,,,
bank/aib_current_2016.csv,169,22/04/2016,-75.60,,personal_misc,N,,,
bank/aib_current_2016.csv,170,22/04/2016,-2831.21,,feed,Y,D02099,,
bank/aib_current_2016.csv,171,22/04/2016,-943.90,,repairs,Y,D02198;D02220,,
bank/aib_current_2016.csv,172,23/04/2016,-77.73,,personal_misc,N,,,
bank/aib_current_2016.csv,173,25/04/2016,43828.85,,milk_receipt,Y,D00249;D00250,,net of co-op deductions
bank/aib_current_2016.csv,174,25/04/2016,-517.94,,breeding_ai,Y,D02157,,
bank/aib_current_2016.csv,175,25/04/2016,-258.37,,repairs,Y,D02208,,
bank/aib_current_2016.csv,176,25/04/2016,-1342.81,,electricity,M,D02256,,
bank/aib_current_2016.csv,177,25/04/2016,505.99,,livestock_sale,Y,D04646;D04647,,net of commission
bank/aib_current_2016.csv,178,25/04/2016,1107.98,,personal_paye_income,N,,,"spouse PAYE, personal income"
bank/aib_current_2016.csv,179,26/04/2016,-420.42,,repairs,Y,D05152,GBP_INVOICE,includes foreign exchange fee
bank/aib_current_2016.csv,180,28/04/2016,-1713.61,,wages_net,Y,,,
bank/aib_current_2016.csv,181,28/04/2016,-410.51,,wages_net,Y,,,
bank/aib_current_2016.csv,182,28/04/2016,-962.81,,wages_net,Y,,,
bank/aib_current_2016.csv,183,28/04/2016,-119.84,,personal_groceries,N,,,household spending
bank/aib_current_2016.csv,184,30/04/2016,-21.00,,bank_charges,Y,,,
bank/aib_current_2016.csv,185,01/05/2016,-346.53,,personal_groceries,N,,,household spending
bank/aib_current_2016.csv,186,02/05/2016,-2175.00,,drawings,N,,,
bank/aib_current_2016.csv,187,04/05/2016,1200.00,,unexplained_credit,U,,E2-2016,"contracting job paid in cash, no invoice raised, no output VAT"
bank/aib_current_2016.csv,188,05/05/2016,-400.00,,wages_unrecorded,N,,E6-family-wages,"son at college; no payroll, no work evidence"
bank/aib_current_2016.csv,189,05/05/2016,-540.00,,pension_personal,N,,,personal pension; relief claimed on the personal return
bank/aib_current_2016.csv,190,06/05/2016,-660.12,,breeding_ai,Y,D02150,,
bank/aib_current_2016.csv,191,06/05/2016,-150.00,,drawings,N,,,
bank/aib_current_2016.csv,192,09/05/2016,-748.85,,vet_medicine,Y,D02148,,
bank/aib_current_2016.csv,193,09/05/2016,-4219.36,,contractors,Y,D02168,,
bank/aib_current_2016.csv,194,09/05/2016,-1462.73,,fuel,Y,D02170,,
bank/aib_current_2016.csv,195,09/05/2016,-108.24,,software,Y,D02261,,
bank/aib_current_2016.csv,196,09/05/2016,-1218.93,,loan_repayment,Y,,,"interest 40.69, capital 1178.24"
bank/aib_current_2016.csv,197,09/05/2016,-2841.89,,loan_repayment,Y,,,"interest 1065.11, capital 1776.78"
bank/aib_current_2016.csv,198,09/05/2016,-1296.00,,family_car_running,N,,,
bank/aib_current_2016.csv,199,10/05/2016,-318.96,,repairs,Y,D02213,,
bank/aib_current_2016.csv,200,11/05/2016,-403.01,,repairs,Y,D02199,,
bank/aib_current_2016.csv,201,11/05/2016,609.72,,livestock_sale,Y,D04648;D04649,,net of commission
bank/aib_current_2016.csv,202,11/05/2016,-67.04,,family_fuel,N,,,
bank/aib_current_2016.csv,203,12/05/2016,24500.00,,loan_drawdown,Y,,,repaid by deductions from milk cheques
bank/aib_current_2016.csv,204,12/05/2016,-191.73,,personal_groceries,N,,,household spending
bank/aib_current_2016.csv,205,12/05/2016,-410.40,,health_insurance,N,,,
bank/aib_current_2016.csv,206,14/05/2016,-174.28,,personal_groceries,N,,,household spending
bank/aib_current_2016.csv,207,15/05/2016,-150.00,,drawings,N,,,
bank/aib_current_2016.csv,208,15/05/2016,-129.99,,personal_groceries,N,,,household spending
bank/aib_current_2016.csv,209,15/05/2016,-203.68,,personal_groceries,N,,,household spending
bank/aib_current_2016.csv,210,16/05/2016,-3359.75,,paye_prsi_usc,Y,,,
bank/aib_current_2016.csv,211,16/05/2016,-8174.59,,fertiliser,Y,D02106,,
bank/aib_current_2016.csv,212,18/05/2016,-209.32,,telephone,M,D02260,,
bank/aib_current_2016.csv,213,19/05/2016,-200.00,,drawings,N,,,
bank/aib_current_2016.csv,214,20/05/2016,-502.33,,repairs,Y,D02184,,
bank/aib_current_2016.csv,215,20/05/2016,-200.00,,savings,N,,,
bank/aib_current_2016.csv,216,20/05/2016,-1681.69,,breeding_ai,Y,D02152;D02155,,
bank/aib_current_2016.csv,217,23/05/2016,-9004.30,,fertiliser,Y,,MISSING_INVOICE,payment with no supplier invoice on file
bank/aib_current_2016.csv,218,23/05/2016,-408.19,,repairs,Y,D02197,,
bank/aib_current_2016.csv,219,23/05/2016,-1517.87,,electricity,M,D02259,,
bank/aib_current_2016.csv,220,23/05/2016,-75.60,,personal_misc,N,,,
bank/aib_current_2016.csv,221,23/05/2016,-3731.81,,feed,Y,D02096,,
bank/aib_current_2016.csv,222,23/05/2016,-2523.47,,fuel,Y,D02176,,
bank/aib_current_2016.csv,223,23/05/2016,-950.28,,repairs,Y,D02185;D02216,,
bank/aib_current_2016.csv,224,25/05/2016,62578.81,,milk_receipt,Y,D00251;D00252,,net of co-op deductions
bank/aib_current_2016.csv,225,25/05/2016,-843.03,,dairy_hygiene,Y,D02221,,
bank/aib_current_2016.csv,226,25/05/2016,595.48,,livestock_sale,Y,D04650;D04651,,net of commission
bank/aib_current_2016.csv,227,25/05/2016,1107.98,,personal_paye_income,N,,,"spouse PAYE, personal income"
bank/aib_current_2016.csv,228,25/05/2016,-250.00,,drawings,N,,,
bank/aib_current_2016.csv,229,26/05/2016,-850.68,,vet_medicine,Y,D02142,,
bank/aib_current_2016.csv,230,27/05/2016,-150.00,,drawings,N,,,
bank/aib_current_2016.csv,231,30/05/2016,-589.65,,repairs,Y,D02202,,
bank/aib_current_2016.csv,232,30/05/2016,-669.60,,utilities,M,D02286,,
bank/aib_current_2016.csv,233,30/05/2016,-1713.61,,wages_net,Y,,,
bank/aib_current_2016.csv,234,30/05/2016,-404.82,,wages_net,Y,,,
bank/aib_current_2016.csv,235,30/05/2016,-962.81,,wages_net,Y,,,
bank/aib_current_2016.csv,236,31/05/2016,-21.00,,bank_charges,Y,,,
bank/aib_current_2016.csv,237,31/05/2016,-64000.00,,own_transfer,T,,,
bank/aib_current_2016.csv,238,01/06/2016,-1196.74,,silage_plastic,Y,D02238,,
bank/aib_current_2016.csv,239,01/06/2016,-2175.00,,drawings,N,,,
bank/aib_current_2016.csv,240,01/06/2016,-150.00,,drawings,N,,,
bank/aib_current_2016.csv,241,02/06/2016,-187.48,,personal_groceries,N,,,household spending
bank/aib_current_2016.csv,242,05/06/2016,-99.34,,personal_groceries,N,,,household spending
bank/aib_current_2016.csv,243,06/06/2016,-810.94,,vet_medicine,Y,D02121,,
bank/aib_current_2016.csv,244,06/06/2016,-400.00,,wages_unrecorded,N,,E6-family-wages,"son at college; no payroll, no work evidence"
bank/aib_current_2016.csv,245,06/06/2016,-300.00,,drawings,N,,,
bank/aib_current_2016.csv,246,06/06/2016,-540.00,,pension_personal,N,,,personal pension; relief claimed on the personal return
bank/aib_current_2016.csv,247,06/06/2016,3965.59,,vat_refund,Y,,,
bank/aib_current_2016.csv,248,07/06/2016,-108.24,,software,Y,D02264,,
bank/aib_current_2016.csv,249,08/06/2016,-1218.93,,loan_repayment,Y,,,"interest 37.35, capital 1181.57"
bank/aib_current_2016.csv,250,08/06/2016,-2841.89,,loan_repayment,Y,,,"interest 1060.08, capital 1781.81"
bank/aib_current_2016.csv,251,12/06/2016,-202.93,,personal_groceries,N,,,household spending
bank/aib_current_2016.csv,252,13/06/2016,-410.40,,health_insurance,N,,,
bank/aib_current_2016.csv,253,14/06/2016,-3353.44,,paye_prsi_usc,Y,,,
bank/aib_current_2016.csv,254,14/06/2016,-300.00,,drawings,N,,,
bank/aib_current_2016.csv,255,14/06/2016,-181.43,,personal_groceries,N,,,household spending
bank/aib_current_2016.csv,256,15/06/2016,-1342.53,,repairs,Y,D02193;D02201;D02209,,
bank/aib_current_2016.csv,257,16/06/2016,-4529.90,,contractors,Y,D02159;D02162,,
bank/aib_current_2016.csv,258,17/06/2016,-1261.22,,electricity,M,D02262,,
bank/aib_current_2016.csv,259,17/06/2016,-2388.62,,vet_medicine,Y,D02109;D02117;D02118;D02147,,
bank/aib_current_2016.csv,260,20/06/2016,-178.93,,telephone,M,D02263,,
bank/aib_current_2016.csv,261,20/06/2016,-4797.00,,family_holiday,N,D05122,E11-holiday,
bank/aib_current_2016.csv,262,20/06/2016,-200.00,,savings,N,,,
bank/aib_current_2016.csv,263,22/06/2016,977.43,,contracting_income,Y,D04906,,
bank/aib_current_2016.csv,264,22/06/2016,-75.60,,personal_misc,N,,,
bank/aib_current_2016.csv,265,24/06/2016,-90.42,,personal_groceries,N,,,household spending
bank/aib_current_2016.csv,266,24/06/2016,-605.90,,silage_plastic,Y,D02237,,
bank/aib_current_2016.csv,267,26/06/2016,-150.00,,drawings,N,,,
bank/aib_current_2016.csv,268,27/06/2016,67564.51,,milk_receipt,Y,D00253;D00254,,net of co-op deductions
bank/aib_current_2016.csv,269,27/06/2016,1107.98,,personal_paye_income,N,,,"spouse PAYE, personal income"
bank/aib_current_2016.csv,270,28/06/2016,-1713.61,,wages_net,Y,,,
bank/aib_current_2016.csv,271,28/06/2016,-386.45,,wages_net,Y,,,
bank/aib_current_2016.csv,272,28/06/2016,-962.81,,wages_net,Y,,,
bank/aib_current_2016.csv,273,28/06/2016,-664.41,,repairs,Y,D05151,GBP_INVOICE,includes foreign exchange fee
bank/aib_current_2016.csv,274,30/06/2016,-21.00,,bank_charges,Y,,,
bank/aib_current_2016.csv,275,30/06/2016,-650.00,,bank_charges,Y,,,
bank/aib_current_2016.csv,276,30/06/2016,-39000.00,,own_transfer,T,,,
bank/aib_current_2016.csv,277,01/07/2016,-2175.00,,drawings,N,,,
bank/aib_current_2016.csv,278,02/07/2016,-250.00,,drawings,N,,,
bank/aib_current_2016.csv,279,05/07/2016,-400.00,,wages_unrecorded,N,,E6-family-wages,"son at college; no payroll, no work evidence"
bank/aib_current_2016.csv,280,05/07/2016,-540.00,,pension_personal,N,,,personal pension; relief claimed on the personal return
bank/aib_current_2016.csv,281,07/07/2016,-108.24,,software,Y,D02267,,
bank/aib_current_2016.csv,282,08/07/2016,-1218.93,,loan_repayment,Y,,,"interest 34.00, capital 1184.92"
bank/aib_current_2016.csv,283,08/07/2016,-2841.89,,loan_repayment,Y,,,"interest 1055.03, capital 1786.86"
bank/aib_current_2016.csv,284,11/07/2016,-481.19,,repairs,Y,D02211,,
bank/aib_current_2016.csv,285,11/07/2016,-562.72,,repairs,Y,D02218,,
bank/aib_current_2016.csv,286,11/07/2016,-247.56,,personal_groceries,N,,,household spending
bank/aib_current_2016.csv,287,11/07/2016,-224.66,,personal_groceries,N,,,household spending
bank/aib_current_2016.csv,288,12/07/2016,-452.97,,breeding_ai,Y,D02154,,
bank/aib_current_2016.csv,289,12/07/2016,-672.40,,repairs,Y,D02180,,
bank/aib_current_2016.csv,290,12/07/2016,-1195.56,,professional_fees,Y,D02285,,
bank/aib_current_2016.csv,291,12/07/2016,-410.40,,health_insurance,N,,,
bank/aib_current_2016.csv,292,13/07/2016,-138.38,,personal_groceries,N,,,household spending
bank/aib_current_2016.csv,293,14/07/2016,-3333.06,,paye_prsi_usc,Y,,,
bank/aib_current_2016.csv,294,14/07/2016,-213.54,,personal_groceries,N,,,household spending
bank/aib_current_2016.csv,295,14/07/2016,-4106.76,,family_holiday,N,,,family holiday paid by the farm account
bank/aib_current_2016.csv,296,15/07/2016,-820.02,,breeding_ai,Y,D02158,,
bank/aib_current_2016.csv,297,16/07/2016,-150.00,,drawings,N,,,
bank/aib_current_2016.csv,298,18/07/2016,-1171.80,,breeding_ai,Y,D02153,,
bank/aib_current_2016.csv,299,18/07/2016,-2393.82,,fuel,Y,D02171,,
bank/aib_current_2016.csv,300,18/07/2016,-796.17,,dairy_hygiene,Y,D02225,,
bank/aib_current_2016.csv,301,18/07/2016,-2876.81,,contractors,Y,D02161,,
bank/aib_current_2016.csv,302,18/07/2016,-502.49,,repairs,Y,D02194,,
bank/aib_current_2016.csv,303,18/07/2016,-1529.39,,silage_plastic,Y,D02239,,
bank/aib_current_2016.csv,304,18/07/2016,-579.17,,vet_medicine,Y,D02116,,
bank/aib_current_2016.csv,305,19/07/2016,-199.03,,telephone,M,D02266,,
bank/aib_current_2016.csv,306,19/07/2016,-11250.51,,vat_payment,Y,,,
bank/aib_current_2016.csv,307,20/07/2016,-534.83,,repairs,Y,D02178,,
bank/aib_current_2016.csv,308,20/07/2016,-1291.20,,electricity,M,D02265,,
bank/aib_current_2016.csv,309,20/07/2016,-300.00,,wages_unrecorded,Y,,E5-overtime,overtime paid on top of net pay outside payroll
bank/aib_current_2016.csv,310,20/07/2016,-200.00,,savings,N,,,
bank/aib_current_2016.csv,311,21/07/2016,2109.68,,contracting_income,Y,D04911,,
bank/aib_current_2016.csv,312,21/07/2016,-201.09,,personal_groceries,N,,,household spending
bank/aib_current_2016.csv,313,22/07/2016,-75.60,,personal_misc,N,,,
bank/aib_current_2016.csv,314,23/07/2016,-200.00,,drawings,N,,,
bank/aib_current_2016.csv,315,25/07/2016,64777.19,,milk_receipt,Y,D00255;D00256,NETTED_LOAN_REPAYMENT,net of co-op loan instalment
bank/aib_current_2016.csv,316,26/07/2016,1500.00,,unexplained_credit,U,,E2-2016,"contracting job paid in cash, no invoice raised, no output VAT"
bank/aib_current_2016.csv,317,26/07/2016,850.00,,unexplained_credit,U,,E2-2016,"contracting job paid in cash, no invoice raised, no output VAT"
bank/aib_current_2016.csv,318,26/07/2016,-268.52,,personal_groceries,N,,,household spending
bank/aib_current_2016.csv,319,28/07/2016,-844.35,,foot_care,Y,D02241,,
bank/aib_current_2016.csv,320,28/07/2016,-1713.61,,wages_net,Y,,,
bank/aib_current_2016.csv,321,28/07/2016,-395.50,,wages_net,Y,,,
bank/aib_current_2016.csv,322,28/07/2016,-962.81,,wages_net,Y,,,
bank/aib_current_2016.csv,323,28/07/2016,-300.00,,drawings,N,,,
bank/aib_current_2016.csv,324,29/07/2016,-430.32,,dairy_hygiene,Y,D02229,,
bank/aib_current_2016.csv,325,31/07/2016,-21.00,,bank_charges,Y,,,
bank/aib_current_2016.csv,326,01/08/2016,-2175.00,,drawings,N,,,
bank/aib_current_2016.csv,327,02/08/2016,2132.89,,contracting_income,Y,D04914,,
bank/aib_current_2016.csv,328,02/08/2016,-250.00,,drawings,N,,,
bank/aib_current_2016.csv,329,02/08/2016,-300.00,,drawings,N,,,
bank/aib_current_2016.csv,330,05/08/2016,-400.00,,wages_unrecorded,N,,E6-family-wages,"son at college; no payroll, no work evidence"
bank/aib_current_2016.csv,331,05/08/2016,-540.00,,pension_personal,N,,,personal pension; relief claimed on the personal return
bank/aib_current_2016.csv,332,08/08/2016,-108.24,,software,Y,D02270,,
bank/aib_current_2016.csv,333,08/08/2016,1374.19,,contracting_income,Y,D04913,,
bank/aib_current_2016.csv,334,08/08/2016,-1218.93,,loan_repayment,Y,,,"interest 30.65, capital 1188.28"
bank/aib_current_2016.csv,335,08/08/2016,-2841.89,,loan_repayment,Y,,,"interest 1049.97, capital 1791.92"
bank/aib_current_2016.csv,336,08/08/2016,-22.29,,personal_misc,N,,,
bank/aib_current_2016.csv,337,09/08/2016,-300.00,,drawings,N,,,
bank/aib_current_2016.csv,338,12/08/2016,-410.40,,health_insurance,N,,,
bank/aib_current_2016.csv,339,14/08/2016,-200.00,,drawings,N,,,
bank/aib_current_2016.csv,340,14/08/2016,-73.66,,family_fuel,N,,,
bank/aib_current_2016.csv,341,15/08/2016,-510.59,,dairy_hygiene,Y,D02223,,
bank/aib_current_2016.csv,342,15/08/2016,-3343.10,,paye_prsi_usc,Y,,,
bank/aib_current_2016.csv,343,15/08/2016,-9759.31,,fertiliser,Y,D02105,,
bank/aib_current_2016.csv,344,15/08/2016,-1792.71,,fuel,Y,D02173,,
bank/aib_current_2016.csv,345,15/08/2016,-2429.87,,vet_medicine,Y,D02122;D02131;D02132;D02139,,
bank/aib_current_2016.csv,346,16/08/2016,8881.35,,livestock_sale,Y,D04655,,
bank/aib_current_2016.csv,347,16/08/2016,-218.79,,personal_groceries,N,,,household spending
bank/aib_current_2016.csv,348,18/08/2016,-328.35,,repairs,Y,D02214,,
bank/aib_current_2016.csv,349,18/08/2016,-1390.28,,electricity,M,D02268,,
bank/aib_current_2016.csv,350,18/08/2016,-82.98,,personal_groceries,N,,,household spending
bank/aib_current_2016.csv,351,18/08/2016,-267.84,,repairs,Y,D02210,,
bank/aib_current_2016.csv,352,19/08/2016,-200.00,,drawings,N,,,
bank/aib_current_2016.csv,353,19/08/2016,-3982.72,,contractors,Y,D02160,,
bank/aib_current_2016.csv,354,21/08/2016,-220.10,,personal_groceries,N,,,household spending
bank/aib_current_2016.csv,355,22/08/2016,-197.56,,telephone,M,D02269,,
bank/aib_current_2016.csv,356,22/08/2016,-300.00,,wages_unrecorded,Y,,E5-overtime,overtime paid on top of net pay outside payroll
bank/aib_current_2016.csv,357,22/08/2016,-111.65,,personal_groceries,N,,,household spending
bank/aib_current_2016.csv,358,22/08/2016,-200.00,,savings,N,,,
bank/aib_current_2016.csv,359,22/08/2016,-75.60,,personal_misc,N,,,
bank/aib_current_2016.csv,360,22/08/2016,-3000.00,,personal_education,N,,,
bank/aib_current_2016.csv,361,22/08/2016,-834.30,,dairy_hygiene,Y,D02226,,
bank/aib_current_2016.csv,362,24/08/2016,-248.14,,personal_groceries,N,,,household spending
bank/aib_current_2016.csv,363,24/08/2016,-339.92,,personal_groceries,N,,,household spending
bank/aib_current_2016.csv,364,24/08/2016,-1787.17,,contractors,Y,D02164,,
bank/aib_current_2016.csv,365,25/08/2016,55590.53,,milk_receipt,Y,D00257;D00258,NETTED_LOAN_REPAYMENT,net of co-op loan instalment
bank/aib_current_2016.csv,366,26/08/2016,-608.74,,repairs,Y,D02206,,
bank/aib_current_2016.csv,367,29/08/2016,1481.90,,contracting_income,Y,D04912,,
bank/aib_current_2016.csv,368,29/08/2016,-1713.61,,wages_net,Y,,,
bank/aib_current_2016.csv,369,29/08/2016,-384.89,,wages_net,Y,,,
bank/aib_current_2016.csv,370,29/08/2016,-962.81,,wages_net,Y,,,
bank/aib_current_2016.csv,371,31/08/2016,-21.00,,bank_charges,Y,,,
bank/aib_current_2016.csv,372,31/08/2016,-45000.00,,own_transfer,T,,,
bank/aib_current_2016.csv,373,01/09/2016,-2175.00,,drawings,N,,,
bank/aib_current_2016.csv,374,05/09/2016,-400.00,,wages_unrecorded,N,,E6-family-wages,"son at college; no payroll, no work evidence"
bank/aib_current_2016.csv,375,05/09/2016,-540.00,,pension_personal,N,,,personal pension; relief claimed on the personal return
bank/aib_current_2016.csv,376,05/09/2016,-1188.00,,personal_education,N,,,
bank/aib_current_2016.csv,377,06/09/2016,-108.24,,software,Y,D02273,,
bank/aib_current_2016.csv,378,08/09/2016,-1218.93,,loan_repayment,Y,,,"interest 27.28, capital 1191.65"
bank/aib_current_2016.csv,379,08/09/2016,-2841.89,,loan_repayment,Y,,,"interest 1044.89, capital 1797.00"
bank/aib_current_2016.csv,380,08/09/2016,-333.95,,personal_groceries,N,,,household spending
bank/aib_current_2016.csv,381,08/09/2016,-95.42,,family_fuel,N,,,
bank/aib_current_2016.csv,382,12/09/2016,-479.75,,repairs,Y,,MISSING_INVOICE,payment with no supplier invoice on file
bank/aib_current_2016.csv,383,12/09/2016,-410.40,,health_insurance,N,,,
bank/aib_current_2016.csv,384,13/09/2016,-118080.00,,capital_equipment,Y,D05104,,
bank/aib_current_2016.csv,385,14/09/2016,-3331.36,,paye_prsi_usc,Y,,,
bank/aib_current_2016.csv,386,14/09/2016,-300.00,,drawings,N,,,
bank/aib_current_2016.csv,387,15/09/2016,-200.00,,drawings,N,,,
bank/aib_current_2016.csv,388,16/09/2016,-226.99,,personal_groceries,N,,,household spending
bank/aib_current_2016.csv,389,19/09/2016,9661.43,,livestock_sale,Y,D04656;D04657,,
bank/aib_current_2016.csv,390,19/09/2016,-122.84,,personal_groceries,N,,,household spending
bank/aib_current_2016.csv,391,19/09/2016,-4840.60,,feed,Y,D02101,,
bank/aib_current_2016.csv,392,19/09/2016,-7093.35,,fertiliser,Y,D02107,,
bank/aib_current_2016.csv,393,19/09/2016,-3250.92,,contractors,Y,D02166,,
bank/aib_current_2016.csv,394,19/09/2016,-470.00,,repairs,Y,D02207,,
bank/aib_current_2016.csv,395,19/09/2016,-8668.23,,vat_payment,Y,,,
bank/aib_current_2016.csv,396,20/09/2016,-203.71,,telephone,M,D02272,,
bank/aib_current_2016.csv,397,20/09/2016,-200.00,,savings,N,,,
bank/aib_current_2016.csv,398,22/09/2016,-150.00,,drawings,N,,,
bank/aib_current_2016.csv,399,22/09/2016,-75.60,,personal_misc,N,,,
bank/aib_current_2016.csv,400,22/09/2016,-1896.82,,fuel,Y,D02177,,
bank/aib_current_2016.csv,401,23/09/2016,-1480.73,,electricity,M,D02271,,
bank/aib_current_2016.csv,402,23/09/2016,-840.16,,silage_plastic,Y,D02240,,
bank/aib_current_2016.csv,403,24/09/2016,-247.19,,personal_groceries,N,,,household spending
bank/aib_current_2016.csv,404,26/09/2016,52810.13,,milk_receipt,Y,D00259;D00260,NETTED_LOAN_REPAYMENT,net of co-op loan instalment
bank/aib_current_2016.csv,405,26/09/2016,1107.98,,personal_paye_income,N,,,"spouse PAYE, personal income"
bank/aib_current_2016.csv,406,27/09/2016,-441.89,,vet_medicine,Y,D02127,,
bank/aib_current_2016.csv,407,27/09/2016,-2129.46,,fuel,Y,D02175,,
bank/aib_current_2016.csv,408,28/09/2016,-673.65,,vet_medicine,Y,D02133,,
bank/aib_current_2016.csv,409,28/09/2016,1200.00,,unexplained_credit,U,,E2-2016,"contracting job paid in cash, no invoice raised, no output VAT"
bank/aib_current_2016.csv,410,28/09/2016,-1713.61,,wages_net,Y,,,
bank/aib_current_2016.csv,411,28/09/2016,-389.45,,wages_net,Y,,,
bank/aib_current_2016.csv,412,28/09/2016,28500.00,,asset_sale_proceeds,Y,,,"sale of old 100hp tractor, private sale, no invoice"
bank/aib_current_2016.csv,413,30/09/2016,-21.00,,bank_charges,Y,,,
bank/aib_current_2016.csv,414,30/09/2016,-206.46,,bank_interest,Y,,,
bank/aib_current_2016.csv,415,30/09/2016,53000.00,,own_transfer,T,,,
bank/aib_current_2016.csv,416,02/10/2016,-300.00,,drawings,N,,,
bank/aib_current_2016.csv,417,03/10/2016,-2175.00,,drawings,N,,,
bank/aib_current_2016.csv,418,04/10/2016,-4410.33,,feed,Y,D02100,,
bank/aib_current_2016.csv,419,05/10/2016,-400.00,,wages_unrecorded,N,,E6-family-wages,"son at college; no payroll, no work evidence"
bank/aib_current_2016.csv,420,05/10/2016,-540.00,,pension_personal,N,,,personal pension; relief claimed on the personal return
bank/aib_current_2016.csv,421,06/10/2016,-108.24,,software,Y,D02276,,
bank/aib_current_2016.csv,422,07/10/2016,-224.71,,personal_groceries,N,,,household spending
bank/aib_current_2016.csv,423,10/10/2016,-1218.93,,loan_repayment,Y,,,"interest 23.90, capital 1195.02"
bank/aib_current_2016.csv,424,10/10/2016,-2841.89,,loan_repayment,Y,,,"interest 1039.80, capital 1802.09"
bank/aib_current_2016.csv,425,10/10/2016,-300.00,,drawings,N,,,
bank/aib_current_2016.csv,426,10/10/2016,-318.91,,personal_groceries,N,,,household spending
bank/aib_current_2016.csv,427,12/10/2016,-134.78,,personal_groceries,N,,,household spending
bank/aib_current_2016.csv,428,12/10/2016,-410.40,,health_insurance,N,,,
bank/aib_current_2016.csv,429,13/10/2016,-200.00,,drawings,N,,,
bank/aib_current_2016.csv,430,14/10/2016,1583.52,,contracting_income,Y,D04908,,
bank/aib_current_2016.csv,431,14/10/2016,-2289.88,,paye_prsi_usc,Y,,,
bank/aib_current_2016.csv,432,14/10/2016,-24.50,,personal_misc,N,,,
bank/aib_current_2016.csv,433,15/10/2016,-71.42,,family_fuel,N,,,
bank/aib_current_2016.csv,434,17/10/2016,-91.44,,personal_groceries,N,,,household spending
bank/aib_current_2016.csv,435,17/10/2016,-195.65,,personal_groceries,N,,,household spending
bank/aib_current_2016.csv,436,18/10/2016,-874.26,,foot_care,Y,D02246,,
bank/aib_current_2016.csv,437,18/10/2016,-188.25,,telephone,M,D02275,,
bank/aib_current_2016.csv,438,18/10/2016,-1300.06,,fuel,Y,D02172,,
bank/aib_current_2016.csv,439,20/10/2016,-200.00,,savings,N,,,
bank/aib_current_2016.csv,440,21/10/2016,-1442.80,,electricity,M,D02274,,
bank/aib_current_2016.csv,441,21/10/2016,13606.02,,scheme_income,Y,,,
bank/aib_current_2016.csv,442,24/10/2016,-444.41,,vet_medicine,Y,D02120,,
bank/aib_current_2016.csv,443,24/10/2016,-75.60,,personal_misc,N,,,
bank/aib_current_2016.csv,444,24/10/2016,-7312.47,,feed,Y,D02090;D02093,,
bank/aib_current_2016.csv,445,24/10/2016,-1777.49,,repairs,Y,D02190;D02192;D02205,,
bank/aib_current_2016.csv,446,24/10/2016,-3047.64,,vet_medicine,Y,D02115;D02124;D02141;D02143;D02146,,
bank/aib_current_2016.csv,447,25/10/2016,40110.22,,milk_receipt,Y,D00261;D00262,NETTED_LOAN_REPAYMENT,net of co-op loan instalment
bank/aib_current_2016.csv,448,25/10/2016,8039.08,,livestock_sale,Y,D04652,,
bank/aib_current_2016.csv,449,25/10/2016,1107.98,,personal_paye_income,N,,,"spouse PAYE, personal income"
bank/aib_current_2016.csv,450,26/10/2016,-297.44,,personal_groceries,N,,,household spending
bank/aib_current_2016.csv,451,27/10/2016,-150.00,,drawings,N,,,
bank/aib_current_2016.csv,452,28/10/2016,-1713.61,,wages_net,Y,,,
bank/aib_current_2016.csv,453,28/10/2016,-384.83,,wages_net,Y,,,
bank/aib_current_2016.csv,454,31/10/2016,-747.77,,vet_medicine,Y,D02114,,
bank/aib_current_2016.csv,455,31/10/2016,-21.00,,bank_charges,Y,,,
bank/aib_current_2016.csv,456,31/10/2016,-12500.00,,personal_tax,N,,,"farmer income tax: personal liability, not a farm expense"
bank/aib_current_2016.csv,457,01/11/2016,-2175.00,,drawings,N,,,
bank/aib_current_2016.csv,458,03/11/2016,-210.00,,personal_groceries,N,,,household spending
bank/aib_current_2016.csv,459,04/11/2016,2400.00,,forestry_premium,X,,,exempt from income tax; not a trading receipt
bank/aib_current_2016.csv,460,06/11/2016,-328.20,,personal_groceries,N,,,household spending
bank/aib_current_2016.csv,461,07/11/2016,-108.24,,software,Y,D02279,,
bank/aib_current_2016.csv,462,07/11/2016,1070.74,,contracting_income,Y,D04910,,
bank/aib_current_2016.csv,463,07/11/2016,-400.00,,wages_unrecorded,N,,E6-family-wages,"son at college; no payroll, no work evidence"
bank/aib_current_2016.csv,464,07/11/2016,-540.00,,pension_personal,N,,,personal pension; relief claimed on the personal return
bank/aib_current_2016.csv,465,08/11/2016,-1218.93,,loan_repayment,Y,,,"interest 20.52, capital 1198.41"
bank/aib_current_2016.csv,466,08/11/2016,-2841.89,,loan_repayment,Y,,,"interest 1034.69, capital 1807.20"
bank/aib_current_2016.csv,467,09/11/2016,-250.00,,drawings,N,,,
bank/aib_current_2016.csv,468,10/11/2016,-98.03,,family_fuel,N,,,
bank/aib_current_2016.csv,469,14/11/2016,-402.25,,dairy_hygiene,Y,D02227,,
bank/aib_current_2016.csv,470,14/11/2016,-530.90,,dairy_hygiene,Y,D02231,,
bank/aib_current_2016.csv,471,14/11/2016,-2284.75,,paye_prsi_usc,Y,,,
bank/aib_current_2016.csv,472,14/11/2016,-4100.00,,paye_prsi_usc,Y,,DUP_REVENUE_DD,extra debit; refunded to ROS credit later
bank/aib_current_2016.csv,473,14/11/2016,-300.00,,drawings,N,,,
bank/aib_current_2016.csv,474,14/11/2016,-410.40,,health_insurance,N,,,
bank/aib_current_2016.csv,475,16/11/2016,-200.00,,drawings,N,,,
bank/aib_current_2016.csv,476,17/11/2016,-1590.75,,foot_care,Y,D02243;D02245,,
bank/aib_current_2016.csv,477,18/11/2016,-1321.98,,electricity,M,D02277,,
bank/aib_current_2016.csv,478,18/11/2016,-207.55,,telephone,M,D02278,,
bank/aib_current_2016.csv,479,18/11/2016,-189.24,,personal_groceries,N,,,household spending
bank/aib_current_2016.csv,480,21/11/2016,-623.23,,repairs,Y,D02195,,
bank/aib_current_2016.csv,481,21/11/2016,-400.00,,wages_unrecorded,Y,,E5-overtime,overtime paid on top of net pay outside payroll
bank/aib_current_2016.csv,482,21/11/2016,-263.89,,personal_groceries,N,,,household spending
bank/aib_current_2016.csv,483,21/11/2016,-200.00,,savings,N,,,
bank/aib_current_2016.csv,484,21/11/2016,-2060.05,,contractors,Y,D02163,,
bank/aib_current_2016.csv,485,21/11/2016,-5926.81,,contractors,Y,D02165;D02167,,
bank/aib_current_2016.csv,486,21/11/2016,-452.54,,vet_medicine,Y,D02125,,
bank/aib_current_2016.csv,487,22/11/2016,8459.35,,livestock_sale,Y,D04653;D04654,,
bank/aib_current_2016.csv,488,22/11/2016,-250.00,,drawings,N,,,
bank/aib_current_2016.csv,489,22/11/2016,-75.60,,personal_misc,N,,,
bank/aib_current_2016.csv,490,22/11/2016,-502.41,,dairy_hygiene,Y,D02233,,
bank/aib_current_2016.csv,491,22/11/2016,-630.73,,repairs,Y,D02186,,
bank/aib_current_2016.csv,492,24/11/2016,-500.95,,dairy_hygiene,Y,D02235,,
bank/aib_current_2016.csv,493,25/11/2016,26022.11,,milk_receipt,Y,D00263;D00264,NETTED_LOAN_REPAYMENT,net of co-op loan instalment
bank/aib_current_2016.csv,494,25/11/2016,1107.98,,personal_paye_income,N,,,"spouse PAYE, personal income"
bank/aib_current_2016.csv,495,26/11/2016,-16500.00,,land_rent,Y,D02287,,
bank/aib_current_2016.csv,496,27/11/2016,-630.73,,repairs,Y,D02186,DOUBLE_PAYMENT,invoice paid twice
bank/aib_current_2016.csv,497,28/11/2016,-1713.61,,wages_net,Y,,,
bank/aib_current_2016.csv,498,28/11/2016,-386.16,,wages_net,Y,,,
bank/aib_current_2016.csv,499,30/11/2016,-21.00,,bank_charges,Y,,,
bank/aib_current_2016.csv,500,01/12/2016,-2175.00,,drawings,N,,,
bank/aib_current_2016.csv,501,01/12/2016,16337.20,,vat_refund,Y,,,
bank/aib_current_2016.csv,502,03/12/2016,-200.00,,drawings,N,,,
bank/aib_current_2016.csv,503,05/12/2016,-400.00,,wages_unrecorded,N,,E6-family-wages,"son at college; no payroll, no work evidence"
bank/aib_current_2016.csv,504,05/12/2016,4535.34,,scheme_income,Y,,,
bank/aib_current_2016.csv,505,05/12/2016,-207.16,,personal_groceries,N,,,household spending
bank/aib_current_2016.csv,506,05/12/2016,-540.00,,pension_personal,N,,,personal pension; relief claimed on the personal return
bank/aib_current_2016.csv,507,06/12/2016,-108.24,,software,Y,D02282,,
bank/aib_current_2016.csv,508,07/12/2016,750.00,,scheme_income,Y,,,
bank/aib_current_2016.csv,509,08/12/2016,-1218.93,,loan_repayment,Y,,,"interest 17.12, capital 1201.80"
bank/aib_current_2016.csv,510,08/12/2016,-2841.89,,loan_repayment,Y,,,"interest 1029.57, capital 1812.32"
bank/aib_current_2016.csv,511,08/12/2016,-200.00,,drawings,N,,,
bank/aib_current_2016.csv,512,09/12/2016,-150.00,,drawings,N,,,
bank/aib_current_2016.csv,513,10/12/2016,-223.81,,personal_groceries,N,,,household spending
bank/aib_current_2016.csv,514,12/12/2016,2980.00,,scheme_income,Y,,,
bank/aib_current_2016.csv,515,12/12/2016,-410.40,,health_insurance,N,,,
bank/aib_current_2016.csv,516,12/12/2016,-1447.23,,personal_misc,N,,,
bank/aib_current_2016.csv,517,13/12/2016,-351.44,,dairy_hygiene,Y,D02222,,
bank/aib_current_2016.csv,518,13/12/2016,-86.44,,family_fuel,N,,,
bank/aib_current_2016.csv,519,14/12/2016,-598.33,,dairy_hygiene,Y,D02228,,
bank/aib_current_2016.csv,520,14/12/2016,2114.02,,contracting_income,Y,D04905,,
bank/aib_current_2016.csv,521,14/12/2016,-2286.22,,paye_prsi_usc,Y,,,
bank/aib_current_2016.csv,522,15/12/2016,-518.68,,vet_medicine,Y,D02128,,
bank/aib_current_2016.csv,523,15/12/2016,-200.00,,drawings,N,,,
bank/aib_current_2016.csv,524,15/12/2016,-3113.91,,feed,Y,D02088,,
bank/aib_current_2016.csv,525,15/12/2016,-1425.37,,repairs,Y,D02179;D02189;D02217,,
bank/aib_current_2016.csv,526,16/12/2016,-847.97,,breeding_ai,Y,D02149,,
bank/aib_current_2016.csv,527,16/12/2016,-251.96,,personal_groceries,N,,,household spending
bank/aib_current_2016.csv,528,19/12/2016,-206.11,,telephone,M,D02281,,
bank/aib_current_2016.csv,529,19/12/2016,5200.00,,scheme_income,Y,,,
bank/aib_current_2016.csv,530,19/12/2016,-1617.92,,vet_medicine,Y,D02126;D02130,,
bank/aib_current_2016.csv,531,20/12/2016,-112.46,,personal_groceries,N,,,household spending
bank/aib_current_2016.csv,532,20/12/2016,-200.00,,savings,N,,,
bank/aib_current_2016.csv,533,22/12/2016,-1468.21,,electricity,M,D02280,,
bank/aib_current_2016.csv,534,22/12/2016,-75.60,,personal_misc,N,,,
bank/aib_current_2016.csv,535,23/12/2016,-300.00,,drawings,N,,,
bank/aib_current_2016.csv,536,24/12/2016,-257.84,,personal_groceries,N,,,household spending
bank/aib_current_2016.csv,537,25/12/2016,-92.57,,personal_groceries,N,,,household spending
bank/aib_current_2016.csv,538,27/12/2016,10506.35,,milk_receipt,Y,D00265;D00266,NETTED_LOAN_REPAYMENT,net of co-op loan instalment
bank/aib_current_2016.csv,539,27/12/2016,1107.98,,personal_paye_income,N,,,"spouse PAYE, personal income"
bank/aib_current_2016.csv,540,27/12/2016,-1570.34,,foot_care,Y,D02242;D02244,,
bank/aib_current_2016.csv,541,28/12/2016,-1713.61,,wages_net,Y,,,
bank/aib_current_2016.csv,542,28/12/2016,-410.46,,wages_net,Y,,,
bank/aib_current_2016.csv,543,31/12/2016,-21.00,,bank_charges,Y,,,
bank/aib_current_2017.csv,2,02/01/2017,-3020.00,,drawings,N,,,
bank/aib_current_2017.csv,3,04/01/2017,-415.97,,dairy_hygiene,Y,D02232,,
bank/aib_current_2017.csv,4,04/01/2017,-150.00,,drawings,N,,,
bank/aib_current_2017.csv,5,05/01/2017,-400.00,,wages_unrecorded,N,,E6-family-wages,"son at college; no payroll, no work evidence"
bank/aib_current_2017.csv,6,05/01/2017,-150.00,,drawings,N,,,
bank/aib_current_2017.csv,7,05/01/2017,-550.00,,pension_personal,N,,,personal pension; relief claimed on the personal return
bank/aib_current_2017.csv,8,06/01/2017,-108.24,,software,Y,D02465,,
bank/aib_current_2017.csv,9,08/01/2017,-300.00,,drawings,N,,,
bank/aib_current_2017.csv,10,09/01/2017,-1218.67,,loan_repayment,Y,,,"interest 13.31, capital 1205.36"
bank/aib_current_2017.csv,11,09/01/2017,-2824.53,,loan_repayment,Y,,,"interest 994.31, capital 1830.23"
bank/aib_current_2017.csv,12,10/01/2017,-175.82,,personal_groceries,N,,,household spending
bank/aib_current_2017.csv,13,12/01/2017,-300.00,,drawings,N,,,
bank/aib_current_2017.csv,14,12/01/2017,-418.00,,health_insurance,N,,,
bank/aib_current_2017.csv,15,13/01/2017,-251.69,,personal_groceries,N,,,household spending
bank/aib_current_2017.csv,16,16/01/2017,-2313.18,,paye_prsi_usc,Y,,,
bank/aib_current_2017.csv,17,16/01/2017,-259.76,,personal_groceries,N,,,household spending
bank/aib_current_2017.csv,18,16/01/2017,-1913.57,,vet_medicine,Y,D02112;D02135;D02145,,
bank/aib_current_2017.csv,19,17/01/2017,-316.17,,personal_groceries,N,,,household spending
bank/aib_current_2017.csv,20,19/01/2017,-690.76,,dairy_hygiene,Y,D02451,,
bank/aib_current_2017.csv,21,19/01/2017,-199.69,,telephone,M,D02464,,
bank/aib_current_2017.csv,22,19/01/2017,-144.43,,vat_payment,Y,,,
bank/aib_current_2017.csv,23,20/01/2017,-1618.73,,electricity,M,D02463,,
bank/aib_current_2017.csv,24,20/01/2017,-200.00,,savings,N,,,
bank/aib_current_2017.csv,25,20/01/2017,-783.60,,repairs,Y,D02182;D02188,,
bank/aib_current_2017.csv,26,20/01/2017,630.73,,repairs,Y,,DOUBLE_PAYMENT_REFUND,
bank/aib_current_2017.csv,27,23/01/2017,-782.46,,vet_medicine,Y,D02345,,
bank/aib_current_2017.csv,28,23/01/2017,-77.00,,personal_misc,N,,,
bank/aib_current_2017.csv,29,23/01/2017,-5130.76,,feed,Y,D02092,,
bank/aib_current_2017.csv,30,25/01/2017,-597.72,,milk_receipt,Y,D00267;D00268,NETTED_LOAN_REPAYMENT,net of co-op loan instalment
bank/aib_current_2017.csv,31,25/01/2017,1140.90,,personal_paye_income,N,,,"spouse PAYE, personal income"
bank/aib_current_2017.csv,32,30/01/2017,-1773.23,,wages_net,Y,,,
bank/aib_current_2017.csv,33,30/01/2017,-411.99,,wages_net,Y,,,
bank/aib_current_2017.csv,34,31/01/2017,-21.70,,bank_charges,Y,,,
bank/aib_current_2017.csv,35,31/01/2017,-35395.80,,livestock_purchase,Y,D04684;D04685,,
bank/aib_current_2017.csv,36,31/01/2017,-141.55,,bank_interest,Y,,,
bank/aib_current_2017.csv,37,31/01/2017,42000.00,,own_transfer,T,,,
bank/aib_current_2017.csv,,01/02/2017,-3020.00,OMITTED_FROM_STATEMENT,drawings,N,,,
bank/aib_current_2017.csv,,02/02/2017,-833.67,OMITTED_FROM_STATEMENT,foot_care,Y,D02459,,
bank/aib_current_2017.csv,,05/02/2017,-300.00,OMITTED_FROM_STATEMENT,drawings,N,,,
bank/aib_current_2017.csv,,06/02/2017,-400.00,OMITTED_FROM_STATEMENT,wages_unrecorded,N,,E6-family-wages,"son at college; no payroll, no work evidence"
bank/aib_current_2017.csv,,06/02/2017,-550.00,OMITTED_FROM_STATEMENT,pension_personal,N,,,personal pension; relief claimed on the personal return
bank/aib_current_2017.csv,,07/02/2017,-108.24,OMITTED_FROM_STATEMENT,software,Y,D02468,,
bank/aib_current_2017.csv,,08/02/2017,-1218.67,OMITTED_FROM_STATEMENT,loan_repayment,Y,,,"interest 10.00, capital 1208.67"
bank/aib_current_2017.csv,,08/02/2017,-2824.53,OMITTED_FROM_STATEMENT,loan_repayment,Y,,,"interest 989.27, capital 1835.26"
bank/aib_current_2017.csv,,13/02/2017,-158.76,OMITTED_FROM_STATEMENT,personal_groceries,N,,,household spending
bank/aib_current_2017.csv,,13/02/2017,-418.00,OMITTED_FROM_STATEMENT,health_insurance,N,,,
bank/aib_current_2017.csv,38,14/02/2017,-2381.01,,paye_prsi_usc,Y,,,
bank/aib_current_2017.csv,39,15/02/2017,-410.46,,repairs,Y,D02412,,
bank/aib_current_2017.csv,40,16/02/2017,-300.00,,drawings,N,,,
bank/aib_current_2017.csv,41,17/02/2017,-1619.64,,electricity,M,D02466,,
bank/aib_current_2017.csv,42,17/02/2017,-91.29,,personal_groceries,N,,,household spending
bank/aib_current_2017.csv,43,20/02/2017,-747.37,,foot_care,Y,D02458,,
bank/aib_current_2017.csv,44,20/02/2017,-202.10,,telephone,M,D02467,,
bank/aib_current_2017.csv,45,20/02/2017,-300.00,,drawings,N,,,
bank/aib_current_2017.csv,46,20/02/2017,-200.00,,savings,N,,,
bank/aib_current_2017.csv,47,20/02/2017,-1460.91,,vet_medicine,Y,D02325;D02333,,
bank/aib_current_2017.csv,48,22/02/2017,-77.00,,personal_misc,N,,,
bank/aib_current_2017.csv,49,23/02/2017,-624.70,,dairy_hygiene,Y,D02443,,
bank/aib_current_2017.csv,50,24/02/2017,-223.58,,personal_groceries,N,,,household spending
bank/aib_current_2017.csv,51,26/02/2017,-250.00,,drawings,N,,,
bank/aib_current_2017.csv,52,26/02/2017,-260.85,,personal_groceries,N,,,household spending
bank/aib_current_2017.csv,53,27/02/2017,9474.62,,milk_receipt,Y,D00269;D00270,,net of co-op deductions
bank/aib_current_2017.csv,54,27/02/2017,-341.09,,repairs,Y,D02420,,
bank/aib_current_2017.csv,55,27/02/2017,-10387.20,,insurance,Y,D02499,,
bank/aib_current_2017.csv,56,27/02/2017,1140.90,,personal_paye_income,N,,,"spouse PAYE, personal income"
bank/aib_current_2017.csv,57,28/02/2017,-21.70,,bank_charges,Y,,,
bank/aib_current_2017.csv,58,28/02/2017,-1773.23,,wages_net,Y,,,
bank/aib_current_2017.csv,59,28/02/2017,-412.04,,wages_net,Y,,,
bank/aib_current_2017.csv,60,28/02/2017,-991.40,,wages_net,Y,,,
bank/aib_current_2017.csv,61,28/02/2017,-39.31,,bank_interest,Y,,,
bank/aib_current_2017.csv,62,01/03/2017,-3020.00,,drawings,N,,,
bank/aib_current_2017.csv,63,02/03/2017,4100.00,,revenue_refund,Y,,DUP_REVENUE_DD,
bank/aib_current_2017.csv,64,06/03/2017,-313.45,,repairs,Y,,MISSING_INVOICE,payment with no supplier invoice on file
bank/aib_current_2017.csv,65,06/03/2017,-108.24,,software,Y,D02471,,
bank/aib_current_2017.csv,66,06/03/2017,-400.00,,wages_unrecorded,N,,E6-family-wages,"son at college; no payroll, no work evidence"
bank/aib_current_2017.csv,67,06/03/2017,-85.09,,personal_groceries,N,,,household spending
bank/aib_current_2017.csv,68,06/03/2017,-550.00,,pension_personal,N,,,personal pension; relief claimed on the personal return
bank/aib_current_2017.csv,69,08/03/2017,-1218.67,,loan_repayment,Y,,,"interest 6.68, capital 1212.00"
bank/aib_current_2017.csv,70,08/03/2017,-2824.53,,loan_repayment,Y,,,"interest 984.23, capital 1840.31"
bank/aib_current_2017.csv,71,10/03/2017,-1058.44,,breeding_ai,Y,D02363,,
bank/aib_current_2017.csv,72,10/03/2017,-681.94,,repairs,Y,D02418,,
bank/aib_current_2017.csv,73,11/03/2017,-300.00,,drawings,N,,,
bank/aib_current_2017.csv,74,13/03/2017,-443.16,,repairs,Y,D02399,,
bank/aib_current_2017.csv,75,13/03/2017,-418.00,,health_insurance,N,,,
bank/aib_current_2017.csv,76,14/03/2017,-3459.28,,paye_prsi_usc,Y,,,
bank/aib_current_2017.csv,77,16/03/2017,-73.27,,personal_misc,N,,,
bank/aib_current_2017.csv,78,17/03/2017,-68.81,,family_fuel,N,,,
bank/aib_current_2017.csv,79,20/03/2017,-2222.51,,fuel,Y,D02385,,
bank/aib_current_2017.csv,80,20/03/2017,-529.91,,repairs,Y,D02393,,
bank/aib_current_2017.csv,81,20/03/2017,-1572.78,,electricity,M,D02469,,
bank/aib_current_2017.csv,82,20/03/2017,-200.27,,telephone,M,D02470,,
bank/aib_current_2017.csv,83,20/03/2017,-200.00,,savings,N,,,
bank/aib_current_2017.csv,84,20/03/2017,-12058.89,,feed,Y,D02297;D02304;D02305,,
bank/aib_current_2017.csv,85,20/03/2017,-474.80,,dairy_hygiene,Y,D02438,,
bank/aib_current_2017.csv,86,21/03/2017,-263.63,,repairs,Y,D02426,,
bank/aib_current_2017.csv,87,21/03/2017,1686.46,,contracting_income,Y,D04919,,
bank/aib_current_2017.csv,88,21/03/2017,-150.00,,drawings,N,,,
bank/aib_current_2017.csv,89,21/03/2017,-346.71,,personal_groceries,N,,,household spending
bank/aib_current_2017.csv,90,22/03/2017,-77.00,,personal_misc,N,,,
bank/aib_current_2017.csv,91,23/03/2017,-951.46,,vet_medicine,Y,D02320;D02335,,
bank/aib_current_2017.csv,92,24/03/2017,962.80,,livestock_sale,Y,D04663;D04664,,net of commission
bank/aib_current_2017.csv,93,25/03/2017,-300.00,,drawings,N,,,
bank/aib_current_2017.csv,94,26/03/2017,-297.41,,personal_groceries,N,,,household spending
bank/aib_current_2017.csv,95,27/03/2017,31998.03,,milk_receipt,Y,D00271;D00272,,net of co-op deductions
bank/aib_current_2017.csv,96,27/03/2017,-3734.28,,professional_fees,Y,D02500,,
bank/aib_current_2017.csv,97,27/03/2017,1140.90,,personal_paye_income,N,,,"spouse PAYE, personal income"
bank/aib_current_2017.csv,98,28/03/2017,-3259.30,,contractors,Y,D02376,,
bank/aib_current_2017.csv,99,28/03/2017,-1773.23,,wages_net,Y,,,
bank/aib_current_2017.csv,100,28/03/2017,-411.86,,wages_net,Y,,,
bank/aib_current_2017.csv,101,28/03/2017,-991.40,,wages_net,Y,,,
bank/aib_current_2017.csv,102,28/03/2017,-246.86,,personal_groceries,N,,,household spending
bank/aib_current_2017.csv,103,29/03/2017,1070.50,,livestock_sale,Y,D04665;D04666,,net of commission
bank/aib_current_2017.csv,104,31/03/2017,-21.70,,bank_charges,Y,,,
bank/aib_current_2017.csv,105,31/03/2017,-61.19,,bank_interest,Y,,,
bank/aib_current_2017.csv,106,03/04/2017,1597.19,,contracting_income,Y,D04916,,
bank/aib_current_2017.csv,107,03/04/2017,1427.24,,contracting_income,Y,D04918,,
bank/aib_current_2017.csv,108,03/04/2017,-3020.00,,drawings,N,,,
bank/aib_current_2017.csv,109,05/04/2017,-400.00,,wages_unrecorded,N,,E6-family-wages,"son at college; no payroll, no work evidence"
bank/aib_current_2017.csv,110,05/04/2017,-550.00,,pension_personal,N,,,personal pension; relief claimed on the personal return
bank/aib_current_2017.csv,111,06/04/2017,-781.78,,dairy_hygiene,Y,D02440,,
bank/aib_current_2017.csv,112,07/04/2017,-108.24,,software,Y,D02474,,
bank/aib_current_2017.csv,113,08/04/2017,-300.00,,drawings,N,,,
bank/aib_current_2017.csv,114,08/04/2017,-240.23,,personal_groceries,N,,,household spending
bank/aib_current_2017.csv,115,08/04/2017,-242.81,,personal_groceries,N,,,household spending
bank/aib_current_2017.csv,116,09/04/2017,-235.53,,personal_groceries,N,,,household spending
bank/aib_current_2017.csv,117,10/04/2017,1150.72,,livestock_sale,Y,D04667;D04668,,net of commission
bank/aib_current_2017.csv,118,10/04/2017,-1218.67,,loan_repayment,Y,,,"interest 3.34, capital 1215.33"
bank/aib_current_2017.csv,119,10/04/2017,-2824.53,,loan_repayment,Y,,,"interest 979.17, capital 1845.37"
bank/aib_current_2017.csv,120,10/04/2017,-300.00,,drawings,N,,,
bank/aib_current_2017.csv,121,11/04/2017,-604.67,,repairs,Y,D02407,,
bank/aib_current_2017.csv,122,12/04/2017,-418.00,,health_insurance,N,,,
bank/aib_current_2017.csv,123,14/04/2017,-3459.09,,paye_prsi_usc,Y,,,
bank/aib_current_2017.csv,124,14/04/2017,1002.54,,vat_refund,Y,,,
bank/aib_current_2017.csv,125,15/04/2017,-250.00,,drawings,N,,,
bank/aib_current_2017.csv,126,17/04/2017,-484.66,,breeding_ai,Y,D02356,,
bank/aib_current_2017.csv,127,17/04/2017,1149.71,,livestock_sale,Y,D04669;D04670,,net of commission
bank/aib_current_2017.csv,128,17/04/2017,-4002.57,,contractors,Y,D02367,,
bank/aib_current_2017.csv,129,19/04/2017,-222.08,,personal_groceries,N,,,household spending
bank/aib_current_2017.csv,130,20/04/2017,-1291.61,,electricity,M,D02472,,
bank/aib_current_2017.csv,131,20/04/2017,-189.10,,telephone,M,D02473,,
bank/aib_current_2017.csv,132,20/04/2017,1637.87,,contracting_income,Y,D04917,,
bank/aib_current_2017.csv,133,20/04/2017,-212.77,,personal_groceries,N,,,household spending
bank/aib_current_2017.csv,134,20/04/2017,-200.00,,savings,N,,,
bank/aib_current_2017.csv,135,20/04/2017,-589.55,,dairy_hygiene,Y,D02436,,
bank/aib_current_2017.csv,136,21/04/2017,-70.76,,family_fuel,N,,,
bank/aib_current_2017.csv,137,24/04/2017,-77.00,,personal_misc,N,,,
bank/aib_current_2017.csv,138,24/04/2017,-2885.12,,vet_medicine,Y,D02337;D02344;D02349;D02350,,
bank/aib_current_2017.csv,139,25/04/2017,65130.55,,milk_receipt,Y,D00273;D00274,,net of co-op deductions
bank/aib_current_2017.csv,140,25/04/2017,1140.90,,personal_paye_income,N,,,"spouse PAYE, personal income"
bank/aib_current_2017.csv,141,26/04/2017,-606.70,,dairy_hygiene,Y,D02448,,
bank/aib_current_2017.csv,142,28/04/2017,-1773.23,,wages_net,Y,,,
bank/aib_current_2017.csv,143,28/04/2017,-411.01,,wages_net,Y,,,
bank/aib_current_2017.csv,144,28/04/2017,-991.40,,wages_net,Y,,,
bank/aib_current_2017.csv,145,28/04/2017,-208.14,,personal_groceries,N,,,household spending
bank/aib_current_2017.csv,146,30/04/2017,-21.70,,bank_charges,Y,,,
bank/aib_current_2017.csv,147,01/05/2017,1041.22,,livestock_sale,Y,D04671;D04672,,net of commission
bank/aib_current_2017.csv,148,01/05/2017,1237.55,,contracting_income,Y,D04922,,
bank/aib_current_2017.csv,149,01/05/2017,-3020.00,,drawings,N,,,
bank/aib_current_2017.csv,150,03/05/2017,-207.64,,personal_groceries,N,,,household spending
bank/aib_current_2017.csv,151,03/05/2017,-142.46,,personal_groceries,N,,,household spending
bank/aib_current_2017.csv,152,05/05/2017,-517.17,,repairs,Y,D02414,,
bank/aib_current_2017.csv,153,05/05/2017,-400.00,,wages_unrecorded,N,,E6-family-wages,"son at college; no payroll, no work evidence"
bank/aib_current_2017.csv,154,05/05/2017,-550.00,,pension_personal,N,,,personal pension; relief claimed on the personal return
bank/aib_current_2017.csv,155,06/05/2017,-150.00,,drawings,N,,,
bank/aib_current_2017.csv,156,08/05/2017,-324.25,,repairs,Y,D02416,,
bank/aib_current_2017.csv,157,08/05/2017,-411.85,,repairs,Y,D02419,,
bank/aib_current_2017.csv,158,08/05/2017,-108.24,,software,Y,D02477,,
bank/aib_current_2017.csv,159,08/05/2017,-2824.53,,loan_repayment,Y,,,"interest 974.09, capital 1850.44"
bank/aib_current_2017.csv,160,08/05/2017,-1320.00,,family_car_running,N,,,
bank/aib_current_2017.csv,161,09/05/2017,923.47,,livestock_sale,Y,D04673;D04674,,net of commission
bank/aib_current_2017.csv,162,09/05/2017,-200.00,,drawings,N,,,
bank/aib_current_2017.csv,163,11/05/2017,-943.34,,fuel,Y,D02378,,
bank/aib_current_2017.csv,164,12/05/2017,-194.67,,personal_groceries,N,,,household spending
bank/aib_current_2017.csv,165,12/05/2017,-418.00,,health_insurance,N,,,
bank/aib_current_2017.csv,166,13/05/2017,-150.00,,drawings,N,,,
bank/aib_current_2017.csv,167,14/05/2017,-95.19,,family_fuel,N,,,
bank/aib_current_2017.csv,168,15/05/2017,-567.25,,vet_medicine,Y,D02329,,
bank/aib_current_2017.csv,169,15/05/2017,-812.34,,vet_medicine,Y,D02348,,
bank/aib_current_2017.csv,170,15/05/2017,-3458.15,,paye_prsi_usc,Y,,,
bank/aib_current_2017.csv,171,16/05/2017,-1095.07,,breeding_ai,Y,D02359,,
bank/aib_current_2017.csv,172,17/05/2017,-522.42,,repairs,Y,D02395,,
bank/aib_current_2017.csv,173,18/05/2017,-184.28,,telephone,M,D02476,,
bank/aib_current_2017.csv,174,18/05/2017,2504.46,,contracting_income,Y,D04925,,
bank/aib_current_2017.csv,175,19/05/2017,-5011.86,,vet_medicine,Y,D02312;D02322;D02328;D02332;D02343;D02352;D02354,,
bank/aib_current_2017.csv,176,19/05/2017,-13606.28,,vat_payment,Y,,,
bank/aib_current_2017.csv,177,20/05/2017,-290.05,,personal_groceries,N,,,household spending
bank/aib_current_2017.csv,178,22/05/2017,-1564.29,,electricity,M,D02475,,
bank/aib_current_2017.csv,179,22/05/2017,1082.61,,livestock_sale,Y,D04675;D04676,,net of commission
bank/aib_current_2017.csv,180,22/05/2017,-200.00,,savings,N,,,
bank/aib_current_2017.csv,181,22/05/2017,-77.00,,personal_misc,N,,,
bank/aib_current_2017.csv,182,22/05/2017,-833.19,,breeding_ai,Y,D02357,,
bank/aib_current_2017.csv,183,22/05/2017,-774.84,,dairy_hygiene,Y,D02435,,
bank/aib_current_2017.csv,184,22/05/2017,-339.50,,repairs,Y,D02429,WRONG_REF,
bank/aib_current_2017.csv,185,25/05/2017,90985.07,,milk_receipt,Y,D00275;D00276,,net of co-op deductions
bank/aib_current_2017.csv,186,25/05/2017,1140.90,,personal_paye_income,N,,,"spouse PAYE, personal income"
bank/aib_current_2017.csv,187,26/05/2017,-289.30,,repairs,Y,D02430,,
bank/aib_current_2017.csv,188,28/05/2017,-173.89,,personal_groceries,N,,,household spending
bank/aib_current_2017.csv,189,29/05/2017,-1773.23,,wages_net,Y,,,
bank/aib_current_2017.csv,190,29/05/2017,-424.69,,wages_net,Y,,,
bank/aib_current_2017.csv,191,29/05/2017,-991.40,,wages_net,Y,,,
bank/aib_current_2017.csv,192,29/05/2017,-27060.00,,capital_equipment,Y,D05106,,
bank/aib_current_2017.csv,193,29/05/2017,-256.97,,repairs,Y,D05153,GBP_INVOICE,includes foreign exchange fee
bank/aib_current_2017.csv,194,30/05/2017,-682.00,,utilities,M,D02502,,
bank/aib_current_2017.csv,195,31/05/2017,-732.26,,dairy_hygiene,Y,D02444,,
bank/aib_current_2017.csv,196,31/05/2017,-1209.51,,silage_plastic,Y,D02454,,
bank/aib_current_2017.csv,197,31/05/2017,-21.70,,bank_charges,Y,,,
bank/aib_current_2017.csv,198,01/06/2017,939.37,,livestock_sale,Y,D04677;D04678,,net of commission
bank/aib_current_2017.csv,199,01/06/2017,-3020.00,,drawings,N,,,
bank/aib_current_2017.csv,200,05/06/2017,-400.00,,wages_unrecorded,N,,E6-family-wages,"son at college; no payroll, no work evidence"
bank/aib_current_2017.csv,201,05/06/2017,-550.00,,pension_personal,N,,,personal pension; relief claimed on the personal return
bank/aib_current_2017.csv,202,06/06/2017,-108.24,,software,Y,D02480,,
bank/aib_current_2017.csv,203,08/06/2017,-2824.53,,loan_repayment,Y,,,"interest 969.00, capital 1855.53"
bank/aib_current_2017.csv,204,08/06/2017,-300.00,,drawings,N,,,
bank/aib_current_2017.csv,205,09/06/2017,-274.96,,personal_groceries,N,,,household spending
bank/aib_current_2017.csv,206,09/06/2017,-78.18,,family_fuel,N,,,
bank/aib_current_2017.csv,207,10/06/2017,-250.00,,drawings,N,,,
bank/aib_current_2017.csv,208,12/06/2017,-1124.55,,breeding_ai,Y,D02360,,
bank/aib_current_2017.csv,209,12/06/2017,-2764.88,,contractors,Y,D02366,,
bank/aib_current_2017.csv,210,12/06/2017,-418.00,,health_insurance,N,,,
bank/aib_current_2017.csv,211,14/06/2017,-3473.31,,paye_prsi_usc,Y,,,
bank/aib_current_2017.csv,212,16/06/2017,-150.00,,drawings,N,,,
bank/aib_current_2017.csv,213,16/06/2017,-6115.47,,contractors,Y,D02369;D02372,,
bank/aib_current_2017.csv,214,19/06/2017,-191.60,,telephone,M,D02479,,
bank/aib_current_2017.csv,215,19/06/2017,-801.10,,breeding_ai,Y,D02365,,
bank/aib_current_2017.csv,216,20/06/2017,-200.00,,savings,N,,,
bank/aib_current_2017.csv,217,20/06/2017,-1623.60,,vet_medicine,Y,D02319;D02336;D02347,,
bank/aib_current_2017.csv,218,21/06/2017,-717.08,,dairy_hygiene,Y,D02441,,
bank/aib_current_2017.csv,219,22/06/2017,-1372.49,,electricity,M,D02478,,
bank/aib_current_2017.csv,220,22/06/2017,-77.00,,personal_misc,N,,,
bank/aib_current_2017.csv,221,23/06/2017,-440.84,,repairs,Y,D02432,,
bank/aib_current_2017.csv,222,24/06/2017,-129.98,,personal_misc,N,,,
bank/aib_current_2017.csv,223,25/06/2017,-180.27,,personal_groceries,N,,,household spending
bank/aib_current_2017.csv,224,26/06/2017,100149.55,,milk_receipt,Y,D00277;D00278,,net of co-op deductions
bank/aib_current_2017.csv,225,26/06/2017,1140.90,,personal_paye_income,N,,,"spouse PAYE, personal income"
bank/aib_current_2017.csv,226,26/06/2017,-200.00,,drawings,N,,,
bank/aib_current_2017.csv,227,26/06/2017,-212.81,,personal_groceries,N,,,household spending
bank/aib_current_2017.csv,228,27/06/2017,-1136.16,,breeding_ai,Y,D02361,,
bank/aib_current_2017.csv,229,27/06/2017,-128.19,,personal_groceries,N,,,household spending
bank/aib_current_2017.csv,230,28/06/2017,-523.07,,repairs,Y,D02408,,
bank/aib_current_2017.csv,231,28/06/2017,-1773.23,,wages_net,Y,,,
bank/aib_current_2017.csv,232,28/06/2017,-414.38,,wages_net,Y,,,
bank/aib_current_2017.csv,233,28/06/2017,-991.40,,wages_net,Y,,,
bank/aib_current_2017.csv,234,28/06/2017,-122.07,,personal_groceries,N,,,household spending
bank/aib_current_2017.csv,235,30/06/2017,-21.70,,bank_charges,Y,,,
bank/aib_current_2017.csv,236,30/06/2017,-665.00,,bank_charges,Y,,,
bank/aib_current_2017.csv,237,30/06/2017,-90000.00,,own_transfer,T,,,
bank/aib_current_2017.csv,238,03/07/2017,-3020.00,,drawings,N,,,
bank/aib_current_2017.csv,239,05/07/2017,-400.00,,wages_unrecorded,N,,E6-family-wages,"son at college; no payroll, no work evidence"
bank/aib_current_2017.csv,240,05/07/2017,-550.00,,pension_personal,N,,,personal pension; relief claimed on the personal return
bank/aib_current_2017.csv,241,06/07/2017,1061.53,,contracting_income,Y,D04924,,
bank/aib_current_2017.csv,242,07/07/2017,-957.62,,breeding_ai,Y,D02362,,
bank/aib_current_2017.csv,243,07/07/2017,-96.59,,personal_groceries,N,,,household spending
bank/aib_current_2017.csv,244,07/07/2017,-71.47,,personal_misc,N,,,
bank/aib_current_2017.csv,245,10/07/2017,-1680.24,,fuel,Y,D02382,,
bank/aib_current_2017.csv,246,10/07/2017,-727.30,,silage_plastic,Y,D02452,,
bank/aib_current_2017.csv,247,10/07/2017,-108.24,,software,Y,D02483,,
bank/aib_current_2017.csv,248,10/07/2017,-2824.53,,loan_repayment,Y,,,"interest 963.90, capital 1860.63"
bank/aib_current_2017.csv,249,12/07/2017,-786.20,,vet_medicine,Y,D02327,,
bank/aib_current_2017.csv,250,12/07/2017,-418.00,,health_insurance,N,,,
bank/aib_current_2017.csv,251,13/07/2017,-250.00,,drawings,N,,,
bank/aib_current_2017.csv,252,13/07/2017,-186.87,,personal_groceries,N,,,household spending
bank/aib_current_2017.csv,253,14/07/2017,-3461.87,,paye_prsi_usc,Y,,,
bank/aib_current_2017.csv,254,14/07/2017,-3662.55,,family_holiday,N,,,family holiday paid by the farm account
bank/aib_current_2017.csv,255,15/07/2017,-300.00,,drawings,N,,,
bank/aib_current_2017.csv,256,17/07/2017,-187.48,,personal_groceries,N,,,household spending
bank/aib_current_2017.csv,257,17/07/2017,-7591.53,,fertiliser,Y,D02309,,
bank/aib_current_2017.csv,258,17/07/2017,-1491.22,,fuel,Y,D02384,,
bank/aib_current_2017.csv,259,17/07/2017,-2426.77,,contractors,Y,D02373,,
bank/aib_current_2017.csv,260,17/07/2017,-984.26,,repairs,Y,D02391;D02431,,
bank/aib_current_2017.csv,261,17/07/2017,-887.24,,silage_plastic,Y,D02455,,
bank/aib_current_2017.csv,262,17/07/2017,-1371.36,,vet_medicine,Y,D02318;D02346;D02353,,
bank/aib_current_2017.csv,263,18/07/2017,-628.85,,dairy_hygiene,Y,D02437,,
bank/aib_current_2017.csv,264,18/07/2017,-342.52,,dairy_hygiene,Y,D02449,,
bank/aib_current_2017.csv,265,18/07/2017,-200.00,,drawings,N,,,
bank/aib_current_2017.csv,266,18/07/2017,-665.33,,breeding_ai,Y,D02358,,
bank/aib_current_2017.csv,267,19/07/2017,-181.73,,telephone,M,D02482,,
bank/aib_current_2017.csv,268,19/07/2017,-10301.01,,vat_payment,Y,,,
bank/aib_current_2017.csv,269,20/07/2017,-1217.70,,professional_fees,Y,D02501,,
bank/aib_current_2017.csv,270,20/07/2017,1713.35,,contracting_income,Y,D04920,,
bank/aib_current_2017.csv,271,20/07/2017,-450.00,,wages_unrecorded,Y,,E5-overtime,overtime paid on top of net pay outside payroll
bank/aib_current_2017.csv,272,20/07/2017,-200.00,,drawings,N,,,
bank/aib_current_2017.csv,273,20/07/2017,-200.00,,savings,N,,,
bank/aib_current_2017.csv,274,21/07/2017,-3212.32,,contractors,Y,D02371,,
bank/aib_current_2017.csv,275,24/07/2017,-1366.10,,electricity,M,D02481,,
bank/aib_current_2017.csv,276,24/07/2017,-77.00,,personal_misc,N,,,
bank/aib_current_2017.csv,277,24/07/2017,-770.44,,dairy_hygiene,Y,D02442,,
bank/aib_current_2017.csv,278,25/07/2017,93359.34,,milk_receipt,Y,D00279;D00280,,net of co-op deductions
bank/aib_current_2017.csv,279,27/07/2017,-174.89,,personal_groceries,N,,,household spending
bank/aib_current_2017.csv,280,28/07/2017,-1773.23,,wages_net,Y,,,
bank/aib_current_2017.csv,281,28/07/2017,-421.92,,wages_net,Y,,,
bank/aib_current_2017.csv,282,28/07/2017,-991.40,,wages_net,Y,,,
bank/aib_current_2017.csv,283,31/07/2017,-21.70,,bank_charges,Y,,,
bank/aib_current_2017.csv,284,31/07/2017,-39000.00,,own_transfer,T,,,
bank/aib_current_2017.csv,285,01/08/2017,-994.49,,foot_care,Y,D02456,,
bank/aib_current_2017.csv,286,01/08/2017,-3020.00,,drawings,N,,,
bank/aib_current_2017.csv,287,01/08/2017,-150.00,,drawings,N,,,
bank/aib_current_2017.csv,288,05/08/2017,-175.68,,personal_groceries,N,,,household spending
bank/aib_current_2017.csv,289,05/08/2017,-248.68,,personal_groceries,N,,,household spending
bank/aib_current_2017.csv,290,06/08/2017,-270.76,,personal_groceries,N,,,household spending
bank/aib_current_2017.csv,291,07/08/2017,-108.24,,software,Y,D02486,,
bank/aib_current_2017.csv,292,07/08/2017,1559.96,,contracting_income,Y,D04921,,
bank/aib_current_2017.csv,293,07/08/2017,-400.00,,wages_unrecorded,N,,E6-family-wages,"son at college; no payroll, no work evidence"
bank/aib_current_2017.csv,294,07/08/2017,-550.00,,pension_personal,N,,,personal pension; relief claimed on the personal return
bank/aib_current_2017.csv,295,08/08/2017,-2824.53,,loan_repayment,Y,,,"interest 958.78, capital 1865.75"
bank/aib_current_2017.csv,296,14/08/2017,-373.98,,repairs,Y,D02425,,
bank/aib_current_2017.csv,297,14/08/2017,-3470.25,,paye_prsi_usc,Y,,,
bank/aib_current_2017.csv,298,14/08/2017,-418.00,,health_insurance,N,,,
bank/aib_current_2017.csv,299,15/08/2017,-882.84,,foot_care,Y,D02457,,
bank/aib_current_2017.csv,300,15/08/2017,-3103.07,,contractors,Y,D02374,,
bank/aib_current_2017.csv,301,16/08/2017,-1069.53,,vet_medicine,Y,D02323;D02351,,
bank/aib_current_2017.csv,302,17/08/2017,-104.46,,family_fuel,N,,,
bank/aib_current_2017.csv,303,18/08/2017,-1515.26,,silage_plastic,Y,D02453,,
bank/aib_current_2017.csv,304,21/08/2017,-198.15,,telephone,M,D02485,,
bank/aib_current_2017.csv,305,21/08/2017,-300.00,,wages_unrecorded,Y,,E5-overtime,overtime paid on top of net pay outside payroll
bank/aib_current_2017.csv,306,21/08/2017,-200.00,,savings,N,,,
bank/aib_current_2017.csv,307,21/08/2017,-4035.24,,contractors,Y,D02368,,
bank/aib_current_2017.csv,308,22/08/2017,-1414.13,,electricity,M,D02484,,
bank/aib_current_2017.csv,309,22/08/2017,-200.00,,drawings,N,,,
bank/aib_current_2017.csv,310,22/08/2017,-77.00,,personal_misc,N,,,
bank/aib_current_2017.csv,311,22/08/2017,-3000.00,,personal_education,N,,,
bank/aib_current_2017.csv,312,23/08/2017,-5154.24,,fertiliser,Y,D02307,,
bank/aib_current_2017.csv,313,24/08/2017,14000.00,,capital_receipt,Y,,,road-widening strip
bank/aib_current_2017.csv,314,25/08/2017,83154.36,,milk_receipt,Y,D00281;D00282,,net of co-op deductions
bank/aib_current_2017.csv,315,25/08/2017,-615.43,,repairs,Y,D02417,,
bank/aib_current_2017.csv,316,26/08/2017,-250.00,,drawings,N,,,
bank/aib_current_2017.csv,317,26/08/2017,-200.00,,drawings,N,,,
bank/aib_current_2017.csv,318,26/08/2017,-200.00,,drawings,N,,,
bank/aib_current_2017.csv,319,28/08/2017,-2172.50,,fuel,Y,D02379,,
bank/aib_current_2017.csv,320,28/08/2017,1681.80,,contracting_income,Y,D04915,,
bank/aib_current_2017.csv,321,28/08/2017,-1773.23,,wages_net,Y,,,
bank/aib_current_2017.csv,322,28/08/2017,-416.69,,wages_net,Y,,,
bank/aib_current_2017.csv,323,28/08/2017,-991.40,,wages_net,Y,,,
bank/aib_current_2017.csv,324,28/08/2017,-108.49,,personal_groceries,N,,,household spending
bank/aib_current_2017.csv,325,31/08/2017,-563.13,,repairs,Y,D02389,,
bank/aib_current_2017.csv,326,31/08/2017,-21.70,,bank_charges,Y,,,
bank/aib_current_2017.csv,327,31/08/2017,-59000.00,,own_transfer,T,,,
bank/aib_current_2017.csv,328,01/09/2017,-619.87,,breeding_ai,Y,D02355,,
bank/aib_current_2017.csv,329,01/09/2017,-3020.00,,drawings,N,,,
bank/aib_current_2017.csv,330,01/09/2017,-300.00,,drawings,N,,,
bank/aib_current_2017.csv,331,04/09/2017,-128.54,,fallen_animals,Y,D04661,,
bank/aib_current_2017.csv,332,05/09/2017,-590.67,,dairy_hygiene,Y,D02447,,
bank/aib_current_2017.csv,333,05/09/2017,-400.00,,wages_unrecorded,N,,E6-family-wages,"son at college; no payroll, no work evidence"
bank/aib_current_2017.csv,334,05/09/2017,-228.34,,personal_groceries,N,,,household spending
bank/aib_current_2017.csv,335,05/09/2017,-550.00,,pension_personal,N,,,personal pension; relief claimed on the personal return
bank/aib_current_2017.csv,336,05/09/2017,-1210.00,,personal_education,N,,,
bank/aib_current_2017.csv,337,07/09/2017,-108.24,,software,Y,D02489,,
bank/aib_current_2017.csv,338,08/09/2017,-2824.53,,loan_repayment,Y,,,"interest 953.65, capital 1870.88"
bank/aib_current_2017.csv,339,11/09/2017,-1566.15,,fuel,Y,D02381,,
bank/aib_current_2017.csv,340,11/09/2017,-434.23,,repairs,Y,D02423,,
bank/aib_current_2017.csv,341,11/09/2017,-189.42,,fallen_animals,Y,D04660,,
bank/aib_current_2017.csv,342,12/09/2017,-91.48,,personal_misc,N,,,
bank/aib_current_2017.csv,343,12/09/2017,-418.00,,health_insurance,N,,,
bank/aib_current_2017.csv,344,13/09/2017,-218.69,,personal_groceries,N,,,household spending
bank/aib_current_2017.csv,345,13/09/2017,-319.01,,repairs,Y,D05154,GBP_INVOICE,includes foreign exchange fee
bank/aib_current_2017.csv,346,14/09/2017,-669.10,,repairs,Y,D02403,,
bank/aib_current_2017.csv,347,14/09/2017,-3464.45,,paye_prsi_usc,Y,,,
bank/aib_current_2017.csv,348,15/09/2017,-239.49,,personal_groceries,N,,,household spending
bank/aib_current_2017.csv,349,15/09/2017,-1813.44,,vet_medicine,Y,D02321;D02326;D02330,,
bank/aib_current_2017.csv,350,18/09/2017,-418.96,,repairs,Y,D02406,,
bank/aib_current_2017.csv,351,18/09/2017,-561.61,,repairs,Y,D02422,,
bank/aib_current_2017.csv,352,18/09/2017,-1504.51,,electricity,M,D02487,,
bank/aib_current_2017.csv,353,18/09/2017,-150.00,,drawings,N,,,
bank/aib_current_2017.csv,354,18/09/2017,-2351.86,,feed,Y,D02299,,
bank/aib_current_2017.csv,355,19/09/2017,-210.10,,telephone,M,D02488,,
bank/aib_current_2017.csv,356,19/09/2017,-150.00,,drawings,N,,,
bank/aib_current_2017.csv,357,19/09/2017,-2250.22,,fuel,Y,D02383,,
bank/aib_current_2017.csv,358,19/09/2017,-1596.92,,contractors,Y,D02375,,
bank/aib_current_2017.csv,359,19/09/2017,-13919.64,,vat_payment,Y,,,
bank/aib_current_2017.csv,360,20/09/2017,-584.23,,repairs,Y,D02413,,
bank/aib_current_2017.csv,361,20/09/2017,-200.00,,savings,N,,,
bank/aib_current_2017.csv,362,20/09/2017,-945.60,,repairs,Y,D02396;D02411,,
bank/aib_current_2017.csv,363,21/09/2017,-638.85,,repairs,Y,D02392,,
bank/aib_current_2017.csv,364,22/09/2017,-252.41,,personal_groceries,N,,,household spending
bank/aib_current_2017.csv,365,22/09/2017,-77.00,,personal_misc,N,,,
bank/aib_current_2017.csv,366,24/09/2017,-246.94,,personal_groceries,N,,,household spending
bank/aib_current_2017.csv,367,25/09/2017,72478.42,,milk_receipt,Y,D00283;D00284,,net of co-op deductions
bank/aib_current_2017.csv,368,25/09/2017,1140.90,,personal_paye_income,N,,,"spouse PAYE, personal income"
bank/aib_current_2017.csv,369,25/09/2017,-300.00,,drawings,N,,,
bank/aib_current_2017.csv,370,26/09/2017,-767.08,,vet_medicine,Y,D02324,,
bank/aib_current_2017.csv,371,26/09/2017,-689.93,,repairs,Y,D02405,,
bank/aib_current_2017.csv,372,27/09/2017,-21565.00,,capital_equipment,Y,D05107,,stage payment
bank/aib_current_2017.csv,373,28/09/2017,-1773.23,,wages_net,Y,,,
bank/aib_current_2017.csv,374,28/09/2017,-400.64,,wages_net,Y,,,
bank/aib_current_2017.csv,375,28/09/2017,-300.00,,drawings,N,,,
bank/aib_current_2017.csv,376,30/09/2017,-21.70,,bank_charges,Y,,,
bank/aib_current_2017.csv,377,02/10/2017,-3020.00,,drawings,N,,,
bank/aib_current_2017.csv,378,03/10/2017,-300.00,,drawings,N,,,
bank/aib_current_2017.csv,379,05/10/2017,13627.09,,livestock_sale,Y,D04679;D04680,,
bank/aib_current_2017.csv,380,05/10/2017,-400.00,,wages_unrecorded,N,,E6-family-wages,"son at college; no payroll, no work evidence"
bank/aib_current_2017.csv,381,05/10/2017,-550.00,,pension_personal,N,,,personal pension; relief claimed on the personal return
bank/aib_current_2017.csv,382,06/10/2017,-278.17,,personal_groceries,N,,,household spending
bank/aib_current_2017.csv,383,07/10/2017,-217.57,,personal_groceries,N,,,household spending
bank/aib_current_2017.csv,384,09/10/2017,-108.24,,software,Y,D02492,,
bank/aib_current_2017.csv,385,09/10/2017,-2824.53,,loan_repayment,Y,,,"interest 948.51, capital 1876.03"
bank/aib_current_2017.csv,386,10/10/2017,-167.82,,personal_groceries,N,,,household spending
bank/aib_current_2017.csv,387,10/10/2017,-240.43,,personal_groceries,N,,,household spending
bank/aib_current_2017.csv,388,12/10/2017,-150.00,,drawings,N,,,
bank/aib_current_2017.csv,389,12/10/2017,-418.00,,health_insurance,N,,,
bank/aib_current_2017.csv,390,15/10/2017,-150.00,,drawings,N,,,
bank/aib_current_2017.csv,391,16/10/2017,-796.02,,dairy_hygiene,Y,D02434,,
bank/aib_current_2017.csv,392,16/10/2017,1720.21,,contracting_income,Y,D04923,,
bank/aib_current_2017.csv,393,16/10/2017,-2368.43,,paye_prsi_usc,Y,,,
bank/aib_current_2017.csv,394,16/10/2017,-150.00,,drawings,N,,,
bank/aib_current_2017.csv,395,16/10/2017,-874.21,,vet_medicine,Y,D02331,,
bank/aib_current_2017.csv,396,17/10/2017,-302.95,,dairy_hygiene,Y,D02445,,
bank/aib_current_2017.csv,397,18/10/2017,-1701.52,,electricity,M,D02490,,
bank/aib_current_2017.csv,398,18/10/2017,-199.05,,telephone,M,D02491,,
bank/aib_current_2017.csv,399,20/10/2017,-200.00,,savings,N,,,
bank/aib_current_2017.csv,400,20/10/2017,-1174.00,,fuel,Y,D02380,,
bank/aib_current_2017.csv,401,23/10/2017,13928.10,,scheme_income,Y,,,
bank/aib_current_2017.csv,402,23/10/2017,-300.00,,drawings,N,,,
bank/aib_current_2017.csv,403,23/10/2017,-77.00,,personal_misc,N,,,
bank/aib_current_2017.csv,404,24/10/2017,-225.77,,personal_groceries,N,,,household spending
bank/aib_current_2017.csv,405,24/10/2017,-1587.58,,repairs,Y,D02388;D02394;D02409,,
bank/aib_current_2017.csv,406,25/10/2017,54744.51,,milk_receipt,Y,D00285;D00286,,net of co-op deductions
bank/aib_current_2017.csv,407,25/10/2017,1140.90,,personal_paye_income,N,,,"spouse PAYE, personal income"
bank/aib_current_2017.csv,408,30/10/2017,15100.36,,livestock_sale,Y,D04681;D04682,,
bank/aib_current_2017.csv,409,30/10/2017,-1773.23,,wages_net,Y,,,
bank/aib_current_2017.csv,410,30/10/2017,-419.05,,wages_net,Y,,,
bank/aib_current_2017.csv,411,31/10/2017,-21.70,,bank_charges,Y,,,
bank/aib_current_2017.csv,412,31/10/2017,-25900.00,,personal_tax,N,,,"farmer income tax: personal liability, not a farm expense"
bank/aib_current_2017.csv,413,31/10/2017,-55000.00,,own_transfer,T,,,
bank/aib_current_2017.csv,414,01/11/2017,-535.51,,repairs,Y,D02428,,
bank/aib_current_2017.csv,415,01/11/2017,-3020.00,,drawings,N,,,
bank/aib_current_2017.csv,416,01/11/2017,-200.00,,drawings,N,,,
bank/aib_current_2017.csv,417,01/11/2017,-84.36,,personal_groceries,N,,,household spending
bank/aib_current_2017.csv,418,02/11/2017,-235.26,,personal_groceries,N,,,household spending
bank/aib_current_2017.csv,419,06/11/2017,15749.42,,livestock_sale,Y,D04683,,
bank/aib_current_2017.csv,420,06/11/2017,-400.00,,wages_unrecorded,N,,E6-family-wages,"son at college; no payroll, no work evidence"
bank/aib_current_2017.csv,421,06/11/2017,2400.00,,forestry_premium,X,,,exempt from income tax; not a trading receipt
bank/aib_current_2017.csv,422,06/11/2017,-21565.00,,capital_equipment,Y,D05107,,stage payment
bank/aib_current_2017.csv,423,06/11/2017,-550.00,,pension_personal,N,,,personal pension; relief claimed on the personal return
bank/aib_current_2017.csv,424,08/11/2017,-108.24,,software,Y,D02495,,
bank/aib_current_2017.csv,425,08/11/2017,-2824.53,,loan_repayment,Y,,,"interest 943.35, capital 1881.18"
bank/aib_current_2017.csv,426,08/11/2017,-164.07,,personal_groceries,N,,,household spending
bank/aib_current_2017.csv,427,10/11/2017,-150.00,,drawings,N,,,
bank/aib_current_2017.csv,428,13/11/2017,-163.97,,personal_groceries,N,,,household spending
bank/aib_current_2017.csv,429,13/11/2017,-418.00,,health_insurance,N,,,
bank/aib_current_2017.csv,430,14/11/2017,-2388.86,,paye_prsi_usc,Y,,,
bank/aib_current_2017.csv,431,15/11/2017,-703.70,,vet_medicine,Y,D02341,,
bank/aib_current_2017.csv,432,15/11/2017,-652.52,,repairs,Y,D02397,,
bank/aib_current_2017.csv,433,16/11/2017,-1695.43,,fuel,Y,D02387,,
bank/aib_current_2017.csv,434,16/11/2017,-10372.89,,feed,Y,D02291;D02292;D02303,,
bank/aib_current_2017.csv,435,16/11/2017,-5672.01,,contractors,Y,D02370;D02377,,
bank/aib_current_2017.csv,436,17/11/2017,-1589.36,,electricity,M,D02493,,
bank/aib_current_2017.csv,437,17/11/2017,-150.00,,drawings,N,,,
bank/aib_current_2017.csv,438,20/11/2017,-328.16,,repairs,Y,D02402,,
bank/aib_current_2017.csv,439,20/11/2017,-206.46,,telephone,M,D02494,,
bank/aib_current_2017.csv,440,20/11/2017,-450.00,,wages_unrecorded,Y,,E5-overtime,overtime paid on top of net pay outside payroll
bank/aib_current_2017.csv,441,20/11/2017,-200.00,,savings,N,,,
bank/aib_current_2017.csv,442,20/11/2017,-734.06,,foot_care,Y,D02462,,
bank/aib_current_2017.csv,443,20/11/2017,-1803.86,,repairs,Y,D02390;D02410;D02421;D02427,,
bank/aib_current_2017.csv,444,20/11/2017,-3790.35,,vat_payment,Y,,,
bank/aib_current_2017.csv,445,21/11/2017,-1793.71,,vet_medicine,Y,D02317;D02338;D02340,,
bank/aib_current_2017.csv,446,22/11/2017,-17600.00,,land_rent,Y,D02503,,
bank/aib_current_2017.csv,447,22/11/2017,-153.84,,personal_groceries,N,,,household spending
bank/aib_current_2017.csv,448,22/11/2017,-77.00,,personal_misc,N,,,
bank/aib_current_2017.csv,449,27/11/2017,36079.00,,milk_receipt,Y,D00287;D00288,,net of co-op deductions
bank/aib_current_2017.csv,450,27/11/2017,-351.13,,repairs,Y,D02404,,
bank/aib_current_2017.csv,451,27/11/2017,1140.90,,personal_paye_income,N,,,"spouse PAYE, personal income"
bank/aib_current_2017.csv,452,28/11/2017,-1773.23,,wages_net,Y,,,
bank/aib_current_2017.csv,453,28/11/2017,-424.74,,wages_net,Y,,,
bank/aib_current_2017.csv,454,30/11/2017,-21.70,,bank_charges,Y,,,
bank/aib_current_2017.csv,455,30/11/2017,-216.48,,fallen_animals,Y,D04662,,
bank/aib_current_2017.csv,456,01/12/2017,-3020.00,,drawings,N,,,
bank/aib_current_2017.csv,457,02/12/2017,-250.00,,drawings,N,,,
bank/aib_current_2017.csv,458,04/12/2017,-598.81,,vet_medicine,Y,D02334,,
bank/aib_current_2017.csv,459,04/12/2017,-499.26,,repairs,Y,D02424,,
bank/aib_current_2017.csv,460,05/12/2017,-661.08,,repairs,Y,D02415,,
bank/aib_current_2017.csv,461,05/12/2017,-400.00,,wages_unrecorded,N,,E6-family-wages,"son at college; no payroll, no work evidence"
bank/aib_current_2017.csv,462,05/12/2017,4642.71,,scheme_income,Y,,,
bank/aib_current_2017.csv,463,05/12/2017,-550.00,,pension_personal,N,,,personal pension; relief claimed on the personal return
bank/aib_current_2017.csv,464,06/12/2017,-250.00,,drawings,N,,,
bank/aib_current_2017.csv,465,06/12/2017,-295.86,,personal_groceries,N,,,household spending
bank/aib_current_2017.csv,466,07/12/2017,-770.04,,foot_care,Y,D02461,,
bank/aib_current_2017.csv,467,07/12/2017,750.00,,scheme_income,Y,,,
bank/aib_current_2017.csv,468,08/12/2017,-108.24,,software,Y,D02498,,
bank/aib_current_2017.csv,469,08/12/2017,-2824.53,,loan_repayment,Y,,,"interest 938.18, capital 1886.36"
bank/aib_current_2017.csv,470,08/12/2017,-219.96,,personal_groceries,N,,,household spending
bank/aib_current_2017.csv,471,10/12/2017,-250.00,,drawings,N,,,
bank/aib_current_2017.csv,472,11/12/2017,-1678.68,,personal_misc,N,,,
bank/aib_current_2017.csv,473,12/12/2017,-853.02,,breeding_ai,Y,D02364,,
bank/aib_current_2017.csv,474,12/12/2017,2988.00,,scheme_income,Y,,,
bank/aib_current_2017.csv,475,12/12/2017,-418.00,,health_insurance,N,,,
bank/aib_current_2017.csv,476,13/12/2017,-203.50,,personal_groceries,N,,,household spending
bank/aib_current_2017.csv,477,14/12/2017,-504.36,,dairy_hygiene,Y,D02450,,
bank/aib_current_2017.csv,478,14/12/2017,-2395.15,,paye_prsi_usc,Y,,,
bank/aib_current_2017.csv,479,16/12/2017,-143.53,,personal_groceries,N,,,household spending
bank/aib_current_2017.csv,480,18/12/2017,-577.26,,repairs,Y,D02400,,
bank/aib_current_2017.csv,481,18/12/2017,-1515.61,,electricity,M,D02496,,
bank/aib_current_2017.csv,482,18/12/2017,-11453.83,,feed,Y,D02289;D02300;D02301,,
bank/aib_current_2017.csv,483,18/12/2017,-6725.70,,fertiliser,Y,D02308,,
bank/aib_current_2017.csv,484,18/12/2017,-753.56,,dairy_hygiene,Y,D02439,,
bank/aib_current_2017.csv,485,18/12/2017,-1545.61,,vet_medicine,Y,D02314;D02316,,
bank/aib_current_2017.csv,486,19/12/2017,-1597.96,,fuel,Y,D02386,,
bank/aib_current_2017.csv,487,19/12/2017,-181.78,,telephone,M,D02497,,
bank/aib_current_2017.csv,488,19/12/2017,5200.00,,scheme_income,Y,,,
bank/aib_current_2017.csv,489,20/12/2017,-200.00,,savings,N,,,
bank/aib_current_2017.csv,490,20/12/2017,-1031.36,,foot_care,Y,D02460,,
bank/aib_current_2017.csv,491,22/12/2017,-77.00,,personal_misc,N,,,
bank/aib_current_2017.csv,492,22/12/2017,-879.40,,repairs,Y,D02398;D02401,,
bank/aib_current_2017.csv,493,27/12/2017,16569.13,,milk_receipt,Y,D00289;D00290,,net of co-op deductions
bank/aib_current_2017.csv,494,27/12/2017,1140.90,,personal_paye_income,N,,,"spouse PAYE, personal income"
bank/aib_current_2017.csv,495,28/12/2017,-1773.23,,wages_net,Y,,,
bank/aib_current_2017.csv,496,28/12/2017,-406.62,,wages_net,Y,,,
bank/aib_current_2017.csv,497,29/12/2017,-35.53,,bank_interest,Y,,,
bank/aib_current_2017.csv,498,31/12/2017,-21.70,,bank_charges,Y,,,
bank/aib_current_2018.csv,2,01/01/2018,-103.91,,family_fuel,N,,,
bank/aib_current_2018.csv,3,02/01/2018,-3140.00,,drawings,N,,,
bank/aib_current_2018.csv,4,04/01/2018,-4373.83,,feed,Y,D02293,,
bank/aib_current_2018.csv,5,05/01/2018,-400.00,,wages_unrecorded,N,,E6-family-wages,"son at college; no payroll, no work evidence"
bank/aib_current_2018.csv,6,05/01/2018,-560.00,,pension_personal,N,,,personal pension; relief claimed on the personal return
bank/aib_current_2018.csv,7,07/01/2018,-191.17,,personal_groceries,N,,,household spending
bank/aib_current_2018.csv,8,08/01/2018,-659.69,,dairy_hygiene,Y,D02446,,
bank/aib_current_2018.csv,9,08/01/2018,-108.24,,software,Y,D02693,,
bank/aib_current_2018.csv,10,08/01/2018,-2824.53,,loan_repayment,Y,,,"interest 932.99, capital 1891.55"
bank/aib_current_2018.csv,11,08/01/2018,-300.00,,drawings,N,,,
bank/aib_current_2018.csv,12,09/01/2018,-300.00,,drawings,N,,,
bank/aib_current_2018.csv,13,10/01/2018,-2322.39,,fuel,Y,D02612,,
bank/aib_current_2018.csv,14,10/01/2018,-202.84,,personal_groceries,N,,,household spending
bank/aib_current_2018.csv,15,11/01/2018,-192.86,,fallen_animals,Y,D04687,,
bank/aib_current_2018.csv,16,11/01/2018,-307.09,,personal_groceries,N,,,household spending
bank/aib_current_2018.csv,17,12/01/2018,-425.60,,health_insurance,N,,,
bank/aib_current_2018.csv,18,13/01/2018,-250.00,,drawings,N,,,
bank/aib_current_2018.csv,19,15/01/2018,-383.32,,repairs,Y,D02625,,
bank/aib_current_2018.csv,20,15/01/2018,-2375.07,,paye_prsi_usc,Y,,,
bank/aib_current_2018.csv,21,17/01/2018,-2883.40,,vet_medicine,Y,D02313;D02315;D02339;D02342,,
bank/aib_current_2018.csv,22,19/01/2018,-217.30,,telephone,M,D02692,,
bank/aib_current_2018.csv,23,22/01/2018,-1469.26,,electricity,M,D02691,,
bank/aib_current_2018.csv,24,22/01/2018,-200.00,,savings,N,,,
bank/aib_current_2018.csv,25,22/01/2018,-78.40,,personal_misc,N,,,
bank/aib_current_2018.csv,26,22/01/2018,-2775.98,,feed,Y,D02302,,
bank/aib_current_2018.csv,27,23/01/2018,-171.91,,personal_groceries,N,,,household spending
bank/aib_current_2018.csv,28,24/01/2018,-200.00,,drawings,N,,,
bank/aib_current_2018.csv,29,25/01/2018,3027.86,,milk_receipt,Y,D00291;D00292,,net of co-op deductions
bank/aib_current_2018.csv,30,25/01/2018,1174.82,,personal_paye_income,N,,,"spouse PAYE, personal income"
bank/aib_current_2018.csv,31,27/01/2018,-150.57,,personal_misc,N,,,
bank/aib_current_2018.csv,32,28/01/2018,-300.00,,drawings,N,,,
bank/aib_current_2018.csv,33,29/01/2018,-1834.93,,wages_net,Y,,,
bank/aib_current_2018.csv,34,29/01/2018,-422.06,,wages_net,Y,,,
bank/aib_current_2018.csv,35,31/01/2018,-22.40,,bank_charges,Y,,,
bank/aib_current_2018.csv,36,31/01/2018,-171.28,,bank_interest,Y,,,
bank/aib_current_2018.csv,37,31/01/2018,47000.00,,own_transfer,T,,,
bank/aib_current_2018.csv,38,01/02/2018,-3140.00,,drawings,N,,,
bank/aib_current_2018.csv,39,02/02/2018,-300.00,,drawings,N,,,
bank/aib_current_2018.csv,40,02/02/2018,1684.88,,vat_refund,Y,,,
bank/aib_current_2018.csv,41,05/02/2018,-400.00,,wages_unrecorded,N,,E6-family-wages,"son at college; no payroll, no work evidence"
bank/aib_current_2018.csv,42,05/02/2018,-560.00,,pension_personal,N,,,personal pension; relief claimed on the personal return
bank/aib_current_2018.csv,43,06/02/2018,-108.24,,software,Y,D02696,,
bank/aib_current_2018.csv,44,07/02/2018,-195.78,,personal_groceries,N,,,household spending
bank/aib_current_2018.csv,45,08/02/2018,-2824.53,,loan_repayment,Y,,,"interest 927.79, capital 1896.75"
bank/aib_current_2018.csv,46,09/02/2018,-2444.45,,fuel,Y,D02608,,
bank/aib_current_2018.csv,47,09/02/2018,-222.57,,personal_groceries,N,,,household spending
bank/aib_current_2018.csv,48,12/02/2018,-804.67,,foot_care,Y,D02687,,
bank/aib_current_2018.csv,49,12/02/2018,-172.47,,personal_groceries,N,,,household spending
bank/aib_current_2018.csv,50,12/02/2018,-425.60,,health_insurance,N,,,
bank/aib_current_2018.csv,51,13/02/2018,-93.96,,family_fuel,N,,,
bank/aib_current_2018.csv,52,14/02/2018,-2460.65,,paye_prsi_usc,Y,,,
bank/aib_current_2018.csv,53,15/02/2018,-200.00,,drawings,N,,,
bank/aib_current_2018.csv,54,15/02/2018,-172.15,,personal_groceries,N,,,household spending
bank/aib_current_2018.csv,55,19/02/2018,-160.61,,personal_groceries,N,,,household spending
bank/aib_current_2018.csv,56,20/02/2018,-476.23,,repairs,Y,D02648,,
bank/aib_current_2018.csv,57,20/02/2018,-536.97,,repairs,Y,D02660,,
bank/aib_current_2018.csv,58,20/02/2018,-200.03,,telephone,M,D02695,,
bank/aib_current_2018.csv,59,20/02/2018,-200.00,,savings,N,,,
bank/aib_current_2018.csv,60,22/02/2018,-1566.77,,electricity,M,D02694,,
bank/aib_current_2018.csv,61,22/02/2018,-103.98,,personal_misc,N,,,
bank/aib_current_2018.csv,62,22/02/2018,-78.40,,personal_misc,N,,,
bank/aib_current_2018.csv,63,22/02/2018,-521.82,,repairs,Y,D02622,,
bank/aib_current_2018.csv,64,23/02/2018,-668.84,,dairy_hygiene,Y,D02675,,
bank/aib_current_2018.csv,65,23/02/2018,-3767.15,,feed,Y,D02526,,
bank/aib_current_2018.csv,66,23/02/2018,-683.70,,dairy_hygiene,Y,D02671,,
bank/aib_current_2018.csv,67,24/02/2018,-300.00,,drawings,N,,,
bank/aib_current_2018.csv,68,26/02/2018,8768.27,,milk_receipt,Y,D00293;D00294,,net of co-op deductions
bank/aib_current_2018.csv,69,26/02/2018,1174.82,,personal_paye_income,N,,,"spouse PAYE, personal income"
bank/aib_current_2018.csv,70,26/02/2018,-200.00,,drawings,N,,,
bank/aib_current_2018.csv,71,26/02/2018,-2999.96,,vet_medicine,Y,D02552;D02558;D02564;D02572,,
bank/aib_current_2018.csv,72,28/02/2018,-10749.12,,insurance,Y,D02727,,
bank/aib_current_2018.csv,73,28/02/2018,-22.40,,bank_charges,Y,,,
bank/aib_current_2018.csv,74,28/02/2018,-1834.93,,wages_net,Y,,,
bank/aib_current_2018.csv,75,28/02/2018,-437.67,,wages_net,Y,,,
bank/aib_current_2018.csv,76,28/02/2018,-1020.82,,wages_net,Y,,,
bank/aib_current_2018.csv,77,28/02/2018,-80.35,,bank_interest,Y,,,
bank/aib_current_2018.csv,78,01/03/2018,-3140.00,,drawings,N,,,
bank/aib_current_2018.csv,79,02/03/2018,-241.32,,personal_groceries,N,,,household spending
bank/aib_current_2018.csv,80,03/03/2018,-105.48,,family_fuel,N,,,
bank/aib_current_2018.csv,81,05/03/2018,-641.67,,repairs,Y,D02650,,
bank/aib_current_2018.csv,82,05/03/2018,-400.00,,wages_unrecorded,N,,E6-family-wages,"son at college; no payroll, no work evidence"
bank/aib_current_2018.csv,83,05/03/2018,-560.00,,pension_personal,N,,,personal pension; relief claimed on the personal return
bank/aib_current_2018.csv,84,07/03/2018,-1977.85,,fuel,Y,D02603,,
bank/aib_current_2018.csv,85,07/03/2018,-108.24,,software,Y,D02699,,
bank/aib_current_2018.csv,86,07/03/2018,-200.00,,drawings,N,,,
bank/aib_current_2018.csv,87,08/03/2018,-2824.53,,loan_repayment,Y,,,"interest 922.57, capital 1901.96"
bank/aib_current_2018.csv,88,08/03/2018,-214.37,,personal_groceries,N,,,household spending
bank/aib_current_2018.csv,89,12/03/2018,-200.18,,personal_groceries,N,,,household spending
bank/aib_current_2018.csv,90,12/03/2018,-425.60,,health_insurance,N,,,
bank/aib_current_2018.csv,91,14/03/2018,-373.50,,repairs,Y,D02647,,
bank/aib_current_2018.csv,92,14/03/2018,-3588.87,,paye_prsi_usc,Y,,,
bank/aib_current_2018.csv,93,14/03/2018,-250.00,,drawings,N,,,
bank/aib_current_2018.csv,94,14/03/2018,-267.98,,personal_groceries,N,,,household spending
bank/aib_current_2018.csv,95,16/03/2018,-207.57,,personal_groceries,N,,,household spending
bank/aib_current_2018.csv,96,17/03/2018,-250.00,,drawings,N,,,
bank/aib_current_2018.csv,97,19/03/2018,-480.02,,repairs,Y,D02627,,
bank/aib_current_2018.csv,98,19/03/2018,-483.24,,repairs,Y,D02649,,
bank/aib_current_2018.csv,99,19/03/2018,-179.91,,telephone,M,D02698,,
bank/aib_current_2018.csv,100,19/03/2018,-18528.27,,feed,Y,D02504;D02508;D02519;D02520,,
bank/aib_current_2018.csv,101,19/03/2018,-609.85,,repairs,Y,D02651,,
bank/aib_current_2018.csv,102,19/03/2018,-790.17,,vat_payment,Y,,,
bank/aib_current_2018.csv,103,20/03/2018,-200.00,,savings,N,,,
bank/aib_current_2018.csv,104,21/03/2018,-211.23,,personal_groceries,N,,,household spending
bank/aib_current_2018.csv,105,21/03/2018,-2325.22,,vet_medicine,Y,D02537;D02551;D02569;D02575,,
bank/aib_current_2018.csv,106,22/03/2018,-1373.53,,electricity,M,D02697,,
bank/aib_current_2018.csv,107,22/03/2018,-78.40,,personal_misc,N,,,
bank/aib_current_2018.csv,108,23/03/2018,-1558.13,,fuel,Y,D02605,,
bank/aib_current_2018.csv,109,23/03/2018,1996.02,,livestock_sale,Y,D04688;D04689,,net of commission
bank/aib_current_2018.csv,110,26/03/2018,28747.95,,milk_receipt,Y,D00295;D00296,,net of co-op deductions
bank/aib_current_2018.csv,111,26/03/2018,1174.82,,personal_paye_income,N,,,"spouse PAYE, personal income"
bank/aib_current_2018.csv,112,26/03/2018,-815.81,,dairy_hygiene,Y,D02663,,
bank/aib_current_2018.csv,113,27/03/2018,-521.83,,dairy_hygiene,Y,D02674,,
bank/aib_current_2018.csv,114,27/03/2018,-150.00,,drawings,N,,,
bank/aib_current_2018.csv,115,28/03/2018,-1834.93,,wages_net,Y,,,
bank/aib_current_2018.csv,116,28/03/2018,-428.08,,wages_net,Y,,,
bank/aib_current_2018.csv,117,28/03/2018,-1020.82,,wages_net,Y,,,
bank/aib_current_2018.csv,118,30/03/2018,-162.65,,bank_interest,Y,,,
bank/aib_current_2018.csv,119,30/03/2018,46000.00,,own_transfer,T,,,
bank/aib_current_2018.csv,120,31/03/2018,-22.40,,bank_charges,Y,,,
bank/aib_current_2018.csv,121,02/04/2018,-686.48,,dairy_hygiene,Y,D02664,,
bank/aib_current_2018.csv,122,02/04/2018,-3802.18,,professional_fees,Y,D02728,,
bank/aib_current_2018.csv,123,02/04/2018,-3140.00,,drawings,N,,,
bank/aib_current_2018.csv,124,02/04/2018,-327.19,,personal_groceries,N,,,household spending
bank/aib_current_2018.csv,125,02/04/2018,-286.42,,personal_groceries,N,,,household spending
bank/aib_current_2018.csv,126,03/04/2018,1890.81,,livestock_sale,Y,D04690;D04691,,net of commission
bank/aib_current_2018.csv,127,05/04/2018,-400.00,,wages_unrecorded,N,,E6-family-wages,"son at college; no payroll, no work evidence"
bank/aib_current_2018.csv,128,05/04/2018,-560.00,,pension_personal,N,,,personal pension; relief claimed on the personal return
bank/aib_current_2018.csv,129,06/04/2018,-280.67,,repairs,Y,D02626,,
bank/aib_current_2018.csv,130,09/04/2018,-108.24,,software,Y,D02702,,
bank/aib_current_2018.csv,131,09/04/2018,-2824.53,,loan_repayment,Y,,,"interest 917.34, capital 1907.19"
bank/aib_current_2018.csv,132,09/04/2018,-150.00,,drawings,N,,,
bank/aib_current_2018.csv,133,12/04/2018,-2712.68,,contractors,Y,D02596,,
bank/aib_current_2018.csv,134,12/04/2018,-452.60,,repairs,Y,D02620,,
bank/aib_current_2018.csv,135,12/04/2018,-291.69,,personal_groceries,N,,,household spending
bank/aib_current_2018.csv,136,12/04/2018,-425.60,,health_insurance,N,,,
bank/aib_current_2018.csv,137,16/04/2018,1391.12,,contracting_income,Y,D04926,,
bank/aib_current_2018.csv,138,16/04/2018,-3578.21,,paye_prsi_usc,Y,,,
bank/aib_current_2018.csv,139,16/04/2018,-14091.55,,feed,Y,D02506;D02509;D02513;D02527,,
bank/aib_current_2018.csv,140,17/04/2018,2015.34,,livestock_sale,Y,D04692;D04693,,net of commission
bank/aib_current_2018.csv,141,17/04/2018,-3315.15,,vet_medicine,Y,D02541;D02557;D02562;D02573;D02576,,
bank/aib_current_2018.csv,142,19/04/2018,-1764.20,,electricity,M,D02700,,
bank/aib_current_2018.csv,143,19/04/2018,-886.81,,repairs,Y,D02643;D02656,,
bank/aib_current_2018.csv,144,20/04/2018,-184.08,,telephone,M,D02701,,
bank/aib_current_2018.csv,145,20/04/2018,-241.73,,personal_groceries,N,,,household spending
bank/aib_current_2018.csv,146,20/04/2018,-200.00,,savings,N,,,
bank/aib_current_2018.csv,147,22/04/2018,-300.00,,drawings,N,,,
bank/aib_current_2018.csv,148,23/04/2018,-659.38,,breeding_ai,Y,D02580,,
bank/aib_current_2018.csv,149,23/04/2018,-78.40,,personal_misc,N,,,
bank/aib_current_2018.csv,150,23/04/2018,-450.35,,dairy_hygiene,Y,D02672,,
bank/aib_current_2018.csv,151,23/04/2018,-3799.68,,contractors,Y,D02593,,
bank/aib_current_2018.csv,152,23/04/2018,-3112.67,,contractors,Y,D02591,,
bank/aib_current_2018.csv,153,25/04/2018,57668.11,,milk_receipt,Y,D00297;D00298,,net of co-op deductions
bank/aib_current_2018.csv,154,25/04/2018,1856.32,,livestock_sale,Y,D04694;D04695,,net of commission
bank/aib_current_2018.csv,155,25/04/2018,1174.82,,personal_paye_income,N,,,"spouse PAYE, personal income"
bank/aib_current_2018.csv,156,25/04/2018,-150.00,,drawings,N,,,
bank/aib_current_2018.csv,157,26/04/2018,-90.12,,personal_groceries,N,,,household spending
bank/aib_current_2018.csv,158,27/04/2018,1879.76,,contracting_income,Y,D04934,,
bank/aib_current_2018.csv,159,30/04/2018,-692.28,,repairs,Y,D02629,,
bank/aib_current_2018.csv,160,30/04/2018,-664.04,,repairs,Y,D02641,,
bank/aib_current_2018.csv,161,30/04/2018,-22.40,,bank_charges,Y,,,
bank/aib_current_2018.csv,162,30/04/2018,2296.40,,contracting_income,Y,D04933,,
bank/aib_current_2018.csv,163,30/04/2018,-1834.93,,wages_net,Y,,,
bank/aib_current_2018.csv,164,30/04/2018,-434.32,,wages_net,Y,,,
bank/aib_current_2018.csv,165,30/04/2018,-1020.82,,wages_net,Y,,,
bank/aib_current_2018.csv,166,01/05/2018,1200.00,,unexplained_credit,U,,E1-2018,cash lodgement with no source; probably part of the dealer cash
bank/aib_current_2018.csv,167,01/05/2018,-3140.00,,drawings,N,,,
bank/aib_current_2018.csv,168,07/05/2018,-108.24,,software,Y,D02705,,
bank/aib_current_2018.csv,169,07/05/2018,1764.10,,contracting_income,Y,D04929,,
bank/aib_current_2018.csv,170,07/05/2018,-400.00,,wages_unrecorded,N,,E6-family-wages,"son at college; no payroll, no work evidence"
bank/aib_current_2018.csv,171,07/05/2018,-560.00,,pension_personal,N,,,personal pension; relief claimed on the personal return
bank/aib_current_2018.csv,172,08/05/2018,-2824.53,,loan_repayment,Y,,,"interest 912.09, capital 1912.44"
bank/aib_current_2018.csv,173,08/05/2018,-1344.00,,family_car_running,N,,,
bank/aib_current_2018.csv,174,09/05/2018,200000.00,,loan_drawdown,Y,,,not income
bank/aib_current_2018.csv,175,09/05/2018,-138.86,,personal_groceries,N,,,household spending
bank/aib_current_2018.csv,176,10/05/2018,-250.00,,drawings,N,,,
bank/aib_current_2018.csv,177,10/05/2018,-150.00,,drawings,N,,,
bank/aib_current_2018.csv,178,11/05/2018,1899.42,,livestock_sale,Y,D04696;D04697,,net of commission
bank/aib_current_2018.csv,179,14/05/2018,-391.47,,vet_medicine,Y,D02544,,
bank/aib_current_2018.csv,180,14/05/2018,-604.39,,breeding_ai,Y,D02581,,
bank/aib_current_2018.csv,181,14/05/2018,-405.42,,repairs,Y,D02628,,
bank/aib_current_2018.csv,182,14/05/2018,-546.24,,repairs,Y,D02642,,
bank/aib_current_2018.csv,183,14/05/2018,-547.68,,repairs,Y,D02653,,
bank/aib_current_2018.csv,184,14/05/2018,-3585.14,,paye_prsi_usc,Y,,,
bank/aib_current_2018.csv,185,14/05/2018,-235000.00,,land_purchase,Y,,,"25 acres purchase price, no VAT"
bank/aib_current_2018.csv,186,14/05/2018,-2350.00,,stamp_duty,Y,,,"capital, part of the cost of land"
bank/aib_current_2018.csv,187,14/05/2018,-425.60,,health_insurance,N,,,
bank/aib_current_2018.csv,188,15/05/2018,-854.20,,breeding_ai,Y,D02589,,
bank/aib_current_2018.csv,189,17/05/2018,-342.38,,repairs,Y,D02639,,
bank/aib_current_2018.csv,190,17/05/2018,-3518.84,,vet_medicine,Y,D02536;D02539;D02546;D02561;D02563,,
bank/aib_current_2018.csv,191,18/05/2018,-1825.44,,contractors,Y,D02594,,
bank/aib_current_2018.csv,192,18/05/2018,-1757.82,,electricity,M,D02703,,
bank/aib_current_2018.csv,193,20/05/2018,-121.59,,personal_groceries,N,,,household spending
bank/aib_current_2018.csv,194,21/05/2018,-195.93,,telephone,M,D02704,,
bank/aib_current_2018.csv,195,21/05/2018,1585.80,,contracting_income,Y,D04936,,
bank/aib_current_2018.csv,196,21/05/2018,-4674.00,,professional_fees,Y,D05108,,
bank/aib_current_2018.csv,197,21/05/2018,-200.00,,savings,N,,,
bank/aib_current_2018.csv,198,22/05/2018,-1063.21,,breeding_ai,Y,D02585,,
bank/aib_current_2018.csv,199,22/05/2018,-125.15,,personal_groceries,N,,,household spending
bank/aib_current_2018.csv,200,22/05/2018,-78.40,,personal_misc,N,,,
bank/aib_current_2018.csv,201,24/05/2018,-250.00,,drawings,N,,,
bank/aib_current_2018.csv,202,24/05/2018,-150.00,,drawings,N,,,
bank/aib_current_2018.csv,203,25/05/2018,83522.77,,milk_receipt,Y,D00299;D00300,,net of co-op deductions
bank/aib_current_2018.csv,204,25/05/2018,1965.52,,livestock_sale,Y,D04698;D04699,,net of commission
bank/aib_current_2018.csv,205,25/05/2018,1174.82,,personal_paye_income,N,,,"spouse PAYE, personal income"
bank/aib_current_2018.csv,206,27/05/2018,-200.00,,drawings,N,,,
bank/aib_current_2018.csv,207,28/05/2018,-694.40,,utilities,M,D02730,,
bank/aib_current_2018.csv,208,28/05/2018,-1834.93,,wages_net,Y,,,
bank/aib_current_2018.csv,209,28/05/2018,-412.09,,wages_net,Y,,,
bank/aib_current_2018.csv,210,28/05/2018,-1020.82,,wages_net,Y,,,
bank/aib_current_2018.csv,211,28/05/2018,-160.18,,personal_groceries,N,,,household spending
bank/aib_current_2018.csv,212,28/05/2018,-101.25,,family_fuel,N,,,
bank/aib_current_2018.csv,213,30/05/2018,2612.61,,contracting_income,Y,D04927,,
bank/aib_current_2018.csv,214,31/05/2018,-22.40,,bank_charges,Y,,,
bank/aib_current_2018.csv,215,31/05/2018,-48.50,,bank_charges,Y,,,
bank/aib_current_2018.csv,216,31/05/2018,-48.50,,bank_charges,Y,,BANK_ERROR,
bank/aib_current_2018.csv,217,01/06/2018,-3140.00,,drawings,N,,,
bank/aib_current_2018.csv,218,03/06/2018,-225.80,,personal_groceries,N,,,household spending
bank/aib_current_2018.csv,219,04/06/2018,-406.75,,repairs,Y,D02621,,
bank/aib_current_2018.csv,220,05/06/2018,-400.00,,wages_unrecorded,N,,E6-family-wages,"son at college; no payroll, no work evidence"
bank/aib_current_2018.csv,221,05/06/2018,-560.00,,pension_personal,N,,,personal pension; relief claimed on the personal return
bank/aib_current_2018.csv,222,06/06/2018,-867.05,,breeding_ai,Y,D02583,,
bank/aib_current_2018.csv,223,06/06/2018,-108.24,,software,Y,D02708,,
bank/aib_current_2018.csv,224,08/06/2018,-2824.53,,loan_repayment,Y,,,"interest 906.84, capital 1917.70"
bank/aib_current_2018.csv,225,08/06/2018,-1139.47,,loan_repayment,Y,,,"interest 550.00, capital 589.47"
bank/aib_current_2018.csv,226,12/06/2018,-425.60,,health_insurance,N,,,
bank/aib_current_2018.csv,227,13/06/2018,-114.47,,personal_misc,N,,,
bank/aib_current_2018.csv,228,14/06/2018,2400.00,,unexplained_credit,U,,E2-2018,"contracting job paid in cash, no invoice raised, no output VAT"
bank/aib_current_2018.csv,229,14/06/2018,-3560.47,,paye_prsi_usc,Y,,,
bank/aib_current_2018.csv,230,15/06/2018,-2615.30,,feed,Y,D02516,,
bank/aib_current_2018.csv,231,17/06/2018,-150.00,,drawings,N,,,
bank/aib_current_2018.csv,232,18/06/2018,-1005.52,,breeding_ai,Y,D02590,,
bank/aib_current_2018.csv,233,18/06/2018,-632.01,,breeding_ai,Y,D02587,,
bank/aib_current_2018.csv,234,18/06/2018,-1560.01,,repairs,Y,D02634;D02636;D02638,,
bank/aib_current_2018.csv,235,18/06/2018,-1163.67,,silage_plastic,Y,D02680,,
bank/aib_current_2018.csv,236,19/06/2018,-1546.99,,electricity,M,D02706,,
bank/aib_current_2018.csv,237,19/06/2018,-190.92,,telephone,M,D02707,,
bank/aib_current_2018.csv,238,20/06/2018,-200.00,,savings,N,,,
bank/aib_current_2018.csv,239,20/06/2018,48.50,,bank_charges,Y,,BANK_ERROR,
bank/aib_current_2018.csv,240,21/06/2018,-382.60,,dairy_hygiene,Y,D02678,,
bank/aib_current_2018.csv,241,21/06/2018,-250.00,,drawings,N,,,
bank/aib_current_2018.csv,242,21/06/2018,-3602.17,,contractors,Y,D02601,,
bank/aib_current_2018.csv,243,21/06/2018,-1731.24,,contractors,Y,D02602,,
bank/aib_current_2018.csv,244,22/06/2018,-80.10,,family_fuel,N,,,
bank/aib_current_2018.csv,245,22/06/2018,-78.40,,personal_misc,N,,,
bank/aib_current_2018.csv,246,23/06/2018,-133.30,,personal_groceries,N,,,household spending
bank/aib_current_2018.csv,247,24/06/2018,-258.99,,personal_groceries,N,,,household spending
bank/aib_current_2018.csv,248,25/06/2018,88107.14,,milk_receipt,Y,D00301;D00302,,net of co-op deductions
bank/aib_current_2018.csv,249,25/06/2018,1174.82,,personal_paye_income,N,,,"spouse PAYE, personal income"
bank/aib_current_2018.csv,250,25/06/2018,-300.00,,drawings,N,,,
bank/aib_current_2018.csv,251,25/06/2018,-200.00,,drawings,N,,,
bank/aib_current_2018.csv,252,25/06/2018,-209.19,,personal_groceries,N,,,household spending
bank/aib_current_2018.csv,253,25/06/2018,-895.33,,vet_medicine,Y,D02547;D02567,,
bank/aib_current_2018.csv,254,26/06/2018,-719.69,,vet_medicine,Y,D02566,,
bank/aib_current_2018.csv,255,27/06/2018,-3985.05,,contractors,Y,D02597,,
bank/aib_current_2018.csv,256,28/06/2018,-1834.93,,wages_net,Y,,,
bank/aib_current_2018.csv,257,28/06/2018,-426.97,,wages_net,Y,,,
bank/aib_current_2018.csv,258,28/06/2018,-1020.82,,wages_net,Y,,,
bank/aib_current_2018.csv,259,29/06/2018,-71000.00,,own_transfer,T,,,
bank/aib_current_2018.csv,260,30/06/2018,-22.40,,bank_charges,Y,,,
bank/aib_current_2018.csv,261,30/06/2018,-680.00,,bank_charges,Y,,,
bank/aib_current_2018.csv,262,01/07/2018,-289.67,,personal_groceries,N,,,household spending
bank/aib_current_2018.csv,263,02/07/2018,-3140.00,,drawings,N,,,
bank/aib_current_2018.csv,264,02/07/2018,-63.20,,revenue_interest,Y,,LATE_VAT,
bank/aib_current_2018.csv,265,02/07/2018,-9572.70,,vat_payment,Y,,,
bank/aib_current_2018.csv,266,05/07/2018,-400.00,,wages_unrecorded,N,,E6-family-wages,"son at college; no payroll, no work evidence"
bank/aib_current_2018.csv,267,05/07/2018,-331.68,,personal_groceries,N,,,household spending
bank/aib_current_2018.csv,268,05/07/2018,-560.00,,pension_personal,N,,,personal pension; relief claimed on the personal return
bank/aib_current_2018.csv,269,06/07/2018,-1239.84,,professional_fees,Y,D02729,,
bank/aib_current_2018.csv,270,09/07/2018,-6858.29,,fertiliser,Y,D02534,,
bank/aib_current_2018.csv,271,09/07/2018,-108.24,,software,Y,D02711,,
bank/aib_current_2018.csv,272,09/07/2018,-2824.53,,loan_repayment,Y,,,"interest 901.56, capital 1922.97"
bank/aib_current_2018.csv,273,09/07/2018,-1139.47,,loan_repayment,Y,,,"interest 548.38, capital 591.09"
bank/aib_current_2018.csv,274,12/07/2018,-425.60,,health_insurance,N,,,
bank/aib_current_2018.csv,275,14/07/2018,-201.90,,personal_groceries,N,,,household spending
bank/aib_current_2018.csv,276,15/07/2018,-250.00,,drawings,N,,,
bank/aib_current_2018.csv,277,15/07/2018,-300.00,,drawings,N,,,
bank/aib_current_2018.csv,278,16/07/2018,850.00,,unexplained_credit,U,,E2-2018,"contracting job paid in cash, no invoice raised, no output VAT"
bank/aib_current_2018.csv,279,16/07/2018,-3576.97,,paye_prsi_usc,Y,,,
bank/aib_current_2018.csv,280,16/07/2018,-4436.14,,family_holiday,N,,,family holiday paid by the farm account
bank/aib_current_2018.csv,281,16/07/2018,-1481.70,,repairs,Y,D02615;D02618;D02661,,
bank/aib_current_2018.csv,282,16/07/2018,-1471.53,,vet_medicine,Y,D02540;D02568,,
bank/aib_current_2018.csv,283,18/07/2018,-776.72,,breeding_ai,Y,D02586,,
bank/aib_current_2018.csv,284,18/07/2018,-192.43,,telephone,M,D02710,,
bank/aib_current_2018.csv,285,19/07/2018,-702.16,,silage_plastic,Y,D02683,,
bank/aib_current_2018.csv,286,19/07/2018,-11582.05,,vat_payment,Y,,,
bank/aib_current_2018.csv,287,20/07/2018,-400.00,,wages_unrecorded,Y,,E5-overtime,overtime paid on top of net pay outside payroll
bank/aib_current_2018.csv,288,20/07/2018,-200.00,,savings,N,,,
bank/aib_current_2018.csv,289,22/07/2018,-300.00,,drawings,N,,,
bank/aib_current_2018.csv,290,23/07/2018,-478.91,,breeding_ai,Y,D02582,,
bank/aib_current_2018.csv,291,23/07/2018,-1370.09,,electricity,M,D02709,,
bank/aib_current_2018.csv,292,23/07/2018,-250.00,,drawings,N,,,
bank/aib_current_2018.csv,293,23/07/2018,-78.40,,personal_misc,N,,,
bank/aib_current_2018.csv,294,23/07/2018,-909.17,,breeding_ai,Y,D02588,,
bank/aib_current_2018.csv,295,23/07/2018,-450.06,,dairy_hygiene,Y,D02668,,
bank/aib_current_2018.csv,296,24/07/2018,-244.30,,personal_groceries,N,,,household spending
bank/aib_current_2018.csv,297,25/07/2018,79732.60,,milk_receipt,Y,D00303;D00304,,net of co-op deductions
bank/aib_current_2018.csv,298,26/07/2018,-627.93,,dairy_hygiene,Y,D02665,,
bank/aib_current_2018.csv,299,27/07/2018,-562.22,,repairs,Y,D02623,,
bank/aib_current_2018.csv,300,27/07/2018,-300.00,,drawings,N,,,
bank/aib_current_2018.csv,301,28/07/2018,-198.45,,personal_groceries,N,,,household spending
bank/aib_current_2018.csv,302,30/07/2018,-1834.93,,wages_net,Y,,,
bank/aib_current_2018.csv,303,30/07/2018,-431.07,,wages_net,Y,,,
bank/aib_current_2018.csv,304,30/07/2018,-1020.82,,wages_net,Y,,,
bank/aib_current_2018.csv,305,31/07/2018,-22.40,,bank_charges,Y,,,
bank/aib_current_2018.csv,306,01/08/2018,-3140.00,,drawings,N,,,
bank/aib_current_2018.csv,307,01/08/2018,-240.97,,personal_groceries,N,,,household spending
bank/aib_current_2018.csv,308,06/08/2018,-400.00,,wages_unrecorded,N,,E6-family-wages,"son at college; no payroll, no work evidence"
bank/aib_current_2018.csv,309,06/08/2018,-122.34,,personal_groceries,N,,,household spending
bank/aib_current_2018.csv,310,06/08/2018,-560.00,,pension_personal,N,,,personal pension; relief claimed on the personal return
bank/aib_current_2018.csv,311,07/08/2018,-150.00,,drawings,N,,,
bank/aib_current_2018.csv,312,08/08/2018,-108.24,,software,Y,D02714,,
bank/aib_current_2018.csv,313,08/08/2018,-2824.53,,loan_repayment,Y,,,"interest 896.27, capital 1928.26"
bank/aib_current_2018.csv,314,08/08/2018,-1139.47,,loan_repayment,Y,,,"interest 546.75, capital 592.72"
bank/aib_current_2018.csv,315,09/08/2018,-502.33,,breeding_ai,Y,D02584,,
bank/aib_current_2018.csv,316,09/08/2018,-542.43,,repairs,Y,D02635,,
bank/aib_current_2018.csv,317,10/08/2018,-95.73,,family_fuel,N,,,
bank/aib_current_2018.csv,318,11/08/2018,-300.00,,drawings,N,,,
bank/aib_current_2018.csv,319,13/08/2018,-425.60,,health_insurance,N,,,
bank/aib_current_2018.csv,320,14/08/2018,-3581.54,,paye_prsi_usc,Y,,,
bank/aib_current_2018.csv,321,14/08/2018,-313.22,,personal_groceries,N,,,household spending
bank/aib_current_2018.csv,322,15/08/2018,-250.00,,drawings,N,,,
bank/aib_current_2018.csv,323,16/08/2018,1477.13,,contracting_income,Y,D04930,,
bank/aib_current_2018.csv,324,16/08/2018,-3950.14,,contractors,Y,D02595;D02598,,
bank/aib_current_2018.csv,325,17/08/2018,1500.00,,unexplained_credit,U,,E2-2018,"contracting job paid in cash, no invoice raised, no output VAT"
bank/aib_current_2018.csv,326,17/08/2018,-112.66,,personal_groceries,N,,,household spending
bank/aib_current_2018.csv,327,17/08/2018,-701.12,,foot_care,Y,D02689,,
bank/aib_current_2018.csv,328,20/08/2018,-208.44,,telephone,M,D02713,,
bank/aib_current_2018.csv,329,20/08/2018,-350.00,,wages_unrecorded,Y,,E5-overtime,overtime paid on top of net pay outside payroll
bank/aib_current_2018.csv,330,20/08/2018,-200.00,,savings,N,,,
bank/aib_current_2018.csv,331,20/08/2018,-1504.83,,vet_medicine,Y,D02553;D02571,,
bank/aib_current_2018.csv,332,21/08/2018,-271.42,,personal_groceries,N,,,household spending
bank/aib_current_2018.csv,333,22/08/2018,-1601.18,,electricity,M,D02712,,
bank/aib_current_2018.csv,334,22/08/2018,-78.40,,personal_misc,N,,,
bank/aib_current_2018.csv,335,22/08/2018,-3000.00,,personal_education,N,,,
bank/aib_current_2018.csv,336,23/08/2018,-522.98,,repairs,Y,D02633,,
bank/aib_current_2018.csv,337,27/08/2018,70237.03,,milk_receipt,Y,D00305;D00306,,net of co-op deductions
bank/aib_current_2018.csv,338,28/08/2018,-1834.93,,wages_net,Y,,,
bank/aib_current_2018.csv,339,28/08/2018,-411.34,,wages_net,Y,,,
bank/aib_current_2018.csv,340,28/08/2018,-1020.82,,wages_net,Y,,,
bank/aib_current_2018.csv,341,31/08/2018,-22.40,,bank_charges,Y,,,
bank/aib_current_2018.csv,342,31/08/2018,-61000.00,,own_transfer,T,,,
bank/aib_current_2018.csv,343,03/09/2018,-1111.37,,fuel,Y,D02606,,
bank/aib_current_2018.csv,344,03/09/2018,-3140.00,,drawings,N,,,
bank/aib_current_2018.csv,345,04/09/2018,-289.20,,repairs,Y,D02644,,
bank/aib_current_2018.csv,346,04/09/2018,-237.34,,personal_groceries,N,,,household spending
bank/aib_current_2018.csv,347,05/09/2018,-400.00,,wages_unrecorded,N,,E6-family-wages,"son at college; no payroll, no work evidence"
bank/aib_current_2018.csv,348,05/09/2018,-250.00,,drawings,N,,,
bank/aib_current_2018.csv,349,05/09/2018,-560.00,,pension_personal,N,,,personal pension; relief claimed on the personal return
bank/aib_current_2018.csv,350,05/09/2018,-1232.00,,personal_education,N,,,
bank/aib_current_2018.csv,351,07/09/2018,-108.24,,software,Y,D02717,,
bank/aib_current_2018.csv,352,07/09/2018,-150.00,,drawings,N,,,
bank/aib_current_2018.csv,353,10/09/2018,-2824.53,,loan_repayment,Y,,,"interest 890.97, capital 1933.56"
bank/aib_current_2018.csv,354,10/09/2018,-1139.47,,loan_repayment,Y,,,"interest 545.12, capital 594.35"
bank/aib_current_2018.csv,355,11/09/2018,-713.26,,vet_medicine,Y,,MISSING_INVOICE,payment with no supplier invoice on file
bank/aib_current_2018.csv,356,11/09/2018,-456.38,,repairs,Y,D02645,,
bank/aib_current_2018.csv,357,12/09/2018,-425.60,,health_insurance,N,,,
bank/aib_current_2018.csv,358,13/09/2018,-2440.11,,fuel,Y,D02607,,
bank/aib_current_2018.csv,359,14/09/2018,-3559.64,,paye_prsi_usc,Y,,,
bank/aib_current_2018.csv,360,17/09/2018,-2308.12,,vet_medicine,Y,D02542;D02565;D02570,,
bank/aib_current_2018.csv,361,18/09/2018,-197.44,,telephone,M,D02716,,
bank/aib_current_2018.csv,362,18/09/2018,-250.00,,drawings,N,,,
bank/aib_current_2018.csv,363,19/09/2018,-11499.85,,vat_payment,Y,,,
bank/aib_current_2018.csv,364,20/09/2018,-200.00,,savings,N,,,
bank/aib_current_2018.csv,365,21/09/2018,-6184.57,,contractors,Y,D02592;D02599,,
bank/aib_current_2018.csv,366,21/09/2018,-1048.22,,silage_plastic,Y,D02681,,
bank/aib_current_2018.csv,367,23/09/2018,-136.49,,personal_groceries,N,,,household spending
bank/aib_current_2018.csv,368,24/09/2018,-1817.17,,electricity,M,D02715,,
bank/aib_current_2018.csv,369,24/09/2018,-78.40,,personal_misc,N,,,
bank/aib_current_2018.csv,370,24/09/2018,-1124.56,,repairs,Y,D02637;D02646;D02655,,
bank/aib_current_2018.csv,371,24/09/2018,-499.03,,repairs,Y,D05156,GBP_INVOICE,includes foreign exchange fee
bank/aib_current_2018.csv,372,25/09/2018,64911.10,,milk_receipt,Y,D00307;D00308,,net of co-op deductions
bank/aib_current_2018.csv,373,25/09/2018,2400.00,,unexplained_credit,U,,E2-2018,"contracting job paid in cash, no invoice raised, no output VAT"
bank/aib_current_2018.csv,374,25/09/2018,1174.82,,personal_paye_income,N,,,"spouse PAYE, personal income"
bank/aib_current_2018.csv,375,26/09/2018,15753.29,,livestock_sale,Y,D04700;D04701,,
bank/aib_current_2018.csv,376,28/09/2018,-1834.93,,wages_net,Y,,,
bank/aib_current_2018.csv,377,28/09/2018,-416.85,,wages_net,Y,,,
bank/aib_current_2018.csv,378,28/09/2018,-285.77,,personal_groceries,N,,,household spending
bank/aib_current_2018.csv,379,28/09/2018,-229.71,,personal_groceries,N,,,household spending
bank/aib_current_2018.csv,380,28/09/2018,-37000.00,,own_transfer,T,,,
bank/aib_current_2018.csv,381,30/09/2018,-22.40,,bank_charges,Y,,,
bank/aib_current_2018.csv,382,01/10/2018,1787.42,,contracting_income,Y,D04932,,
bank/aib_current_2018.csv,383,01/10/2018,-3140.00,,drawings,N,,,
bank/aib_current_2018.csv,384,01/10/2018,-163.48,,personal_groceries,N,,,household spending
bank/aib_current_2018.csv,385,04/10/2018,-431.41,,dairy_hygiene,Y,D02667,,
bank/aib_current_2018.csv,386,05/10/2018,-381.66,,repairs,Y,D02614,,
bank/aib_current_2018.csv,387,05/10/2018,-400.00,,wages_unrecorded,N,,E6-family-wages,"son at college; no payroll, no work evidence"
bank/aib_current_2018.csv,388,05/10/2018,-150.00,,drawings,N,,,
bank/aib_current_2018.csv,389,05/10/2018,-166.14,,personal_groceries,N,,,household spending
bank/aib_current_2018.csv,390,05/10/2018,-560.00,,pension_personal,N,,,personal pension; relief claimed on the personal return
bank/aib_current_2018.csv,391,07/10/2018,-250.00,,drawings,N,,,
bank/aib_current_2018.csv,392,08/10/2018,-586.96,,repairs,Y,D02631,,
bank/aib_current_2018.csv,393,08/10/2018,-108.24,,software,Y,D02720,,
bank/aib_current_2018.csv,394,08/10/2018,-2824.53,,loan_repayment,Y,,,"interest 885.65, capital 1938.88"
bank/aib_current_2018.csv,395,08/10/2018,-1139.47,,loan_repayment,Y,,,"interest 543.49, capital 595.98"
bank/aib_current_2018.csv,396,08/10/2018,-210.89,,personal_groceries,N,,,household spending
bank/aib_current_2018.csv,397,12/10/2018,-620.66,,dairy_hygiene,Y,D02666,,
bank/aib_current_2018.csv,398,12/10/2018,-226.11,,personal_groceries,N,,,household spending
bank/aib_current_2018.csv,399,12/10/2018,-425.60,,health_insurance,N,,,
bank/aib_current_2018.csv,400,15/10/2018,-2454.89,,paye_prsi_usc,Y,,,
bank/aib_current_2018.csv,401,17/10/2018,-747.88,,dairy_hygiene,Y,D02673,,
bank/aib_current_2018.csv,402,17/10/2018,-1649.72,,electricity,M,D02718,,
bank/aib_current_2018.csv,403,17/10/2018,-592.32,,repairs,Y,D02632,,
bank/aib_current_2018.csv,404,18/10/2018,2020.14,,contracting_income,Y,D04937,,
bank/aib_current_2018.csv,405,18/10/2018,-1039.13,,fuel,Y,D02604,,
bank/aib_current_2018.csv,406,18/10/2018,-878.53,,silage_plastic,Y,D02682,,
bank/aib_current_2018.csv,407,18/10/2018,-2388.74,,vet_medicine,Y,D02555;D02559;D02578,,
bank/aib_current_2018.csv,408,19/10/2018,-1897.45,,fuel,Y,D02610,,
bank/aib_current_2018.csv,409,19/10/2018,-416.23,,repairs,Y,D02624,,
bank/aib_current_2018.csv,410,19/10/2018,-195.08,,telephone,M,D02719,,
bank/aib_current_2018.csv,411,22/10/2018,13936.17,,scheme_income,Y,,,
bank/aib_current_2018.csv,412,22/10/2018,-150.00,,drawings,N,,,
bank/aib_current_2018.csv,413,22/10/2018,-200.00,,savings,N,,,
bank/aib_current_2018.csv,414,22/10/2018,-78.40,,personal_misc,N,,,
bank/aib_current_2018.csv,415,23/10/2018,25011.81,,livestock_sale,Y,D04707;D04708,,
bank/aib_current_2018.csv,416,25/10/2018,51266.93,,milk_receipt,Y,D00309;D00310,,net of co-op deductions
bank/aib_current_2018.csv,417,25/10/2018,1174.82,,personal_paye_income,N,,,"spouse PAYE, personal income"
bank/aib_current_2018.csv,418,25/10/2018,2400.00,,scheme_income,Y,,,
bank/aib_current_2018.csv,419,25/10/2018,-94.80,,family_fuel,N,,,
bank/aib_current_2018.csv,420,26/10/2018,15124.21,,livestock_sale,Y,D04703,,
bank/aib_current_2018.csv,421,26/10/2018,-167.55,,personal_groceries,N,,,household spending
bank/aib_current_2018.csv,422,29/10/2018,-275.02,,repairs,Y,D02617,,
bank/aib_current_2018.csv,423,29/10/2018,14900.26,,livestock_sale,Y,D04702,,
bank/aib_current_2018.csv,424,29/10/2018,15827.01,,livestock_sale,Y,D04706,,
bank/aib_current_2018.csv,425,29/10/2018,-1834.93,,wages_net,Y,,,
bank/aib_current_2018.csv,426,29/10/2018,-410.74,,wages_net,Y,,,
bank/aib_current_2018.csv,427,29/10/2018,-790.95,,repairs,Y,D05155,GBP_INVOICE,includes foreign exchange fee
bank/aib_current_2018.csv,428,31/10/2018,-22.40,,bank_charges,Y,,,
bank/aib_current_2018.csv,429,31/10/2018,-26800.00,,personal_tax,N,,,"farmer income tax: personal liability, not a farm expense"
bank/aib_current_2018.csv,430,31/10/2018,-89000.00,,own_transfer,T,,,
bank/aib_current_2018.csv,431,01/11/2018,16925.86,,livestock_sale,Y,D04704;D04705,,
bank/aib_current_2018.csv,432,01/11/2018,-3140.00,,drawings,N,,,
bank/aib_current_2018.csv,433,04/11/2018,-194.71,,personal_groceries,N,,,household spending
bank/aib_current_2018.csv,434,05/11/2018,-558.20,,dairy_hygiene,Y,D02676,,
bank/aib_current_2018.csv,435,05/11/2018,-735.24,,foot_care,Y,D02686,,
bank/aib_current_2018.csv,436,05/11/2018,-400.00,,wages_unrecorded,N,,E6-family-wages,"son at college; no payroll, no work evidence"
bank/aib_current_2018.csv,437,05/11/2018,2400.00,,forestry_premium,X,,,exempt from income tax; not a trading receipt
bank/aib_current_2018.csv,438,05/11/2018,-560.00,,pension_personal,N,,,personal pension; relief claimed on the personal return
bank/aib_current_2018.csv,439,07/11/2018,-108.24,,software,Y,D02723,,
bank/aib_current_2018.csv,440,08/11/2018,-2824.53,,loan_repayment,Y,,,"interest 880.32, capital 1944.21"
bank/aib_current_2018.csv,441,08/11/2018,-1139.47,,loan_repayment,Y,,,"interest 541.85, capital 597.62"
bank/aib_current_2018.csv,442,10/11/2018,-79.44,,personal_misc,N,,,
bank/aib_current_2018.csv,443,11/11/2018,-250.00,,drawings,N,,,
bank/aib_current_2018.csv,444,12/11/2018,-425.60,,health_insurance,N,,,
bank/aib_current_2018.csv,445,14/11/2018,-2448.10,,paye_prsi_usc,Y,,,
bank/aib_current_2018.csv,446,15/11/2018,-2098.32,,contractors,Y,D02600,,
bank/aib_current_2018.csv,447,16/11/2018,-2665.43,,vet_medicine,Y,D02538;D02548;D02556;D02574,,
bank/aib_current_2018.csv,448,19/11/2018,-3907.12,,feed,Y,D02522,,
bank/aib_current_2018.csv,449,19/11/2018,-961.84,,vet_medicine,Y,D02579,,
bank/aib_current_2018.csv,450,19/11/2018,-194.64,,telephone,M,D02722,,
bank/aib_current_2018.csv,451,19/11/2018,-200.00,,drawings,N,,,
bank/aib_current_2018.csv,452,19/11/2018,-10661.43,,vat_payment,Y,,,
bank/aib_current_2018.csv,453,20/11/2018,-549.11,,foot_care,Y,D02685,,
bank/aib_current_2018.csv,454,20/11/2018,-350.00,,wages_unrecorded,Y,,E5-overtime,overtime paid on top of net pay outside payroll
bank/aib_current_2018.csv,455,20/11/2018,-200.00,,savings,N,,,
bank/aib_current_2018.csv,456,20/11/2018,-745.68,,foot_care,Y,D02690,,
bank/aib_current_2018.csv,457,21/11/2018,-433.96,,repairs,Y,D02652,,
bank/aib_current_2018.csv,458,22/11/2018,-23100.00,,land_rent,Y,D02731,,
bank/aib_current_2018.csv,459,22/11/2018,-78.40,,personal_misc,N,,,
bank/aib_current_2018.csv,460,23/11/2018,-1652.57,,fuel,Y,D02611,,
bank/aib_current_2018.csv,461,23/11/2018,-651.19,,dairy_hygiene,Y,D02679,,
bank/aib_current_2018.csv,462,23/11/2018,-1445.79,,electricity,M,D02721,,
bank/aib_current_2018.csv,463,23/11/2018,-106.53,,personal_groceries,N,,,household spending
bank/aib_current_2018.csv,464,23/11/2018,-2322.98,,fuel,Y,D02609,,
bank/aib_current_2018.csv,465,24/11/2018,-172.81,,personal_groceries,N,,,household spending
bank/aib_current_2018.csv,466,25/11/2018,-130.22,,personal_groceries,N,,,household spending
bank/aib_current_2018.csv,467,26/11/2018,31040.39,,milk_receipt,Y,D00311;D00312,,net of co-op deductions
bank/aib_current_2018.csv,468,26/11/2018,1174.82,,personal_paye_income,N,,,"spouse PAYE, personal income"
bank/aib_current_2018.csv,469,26/11/2018,-5142.39,,feed,Y,D02507,,
bank/aib_current_2018.csv,470,27/11/2018,-250.00,,drawings,N,,,
bank/aib_current_2018.csv,471,28/11/2018,-1834.93,,wages_net,Y,,,
bank/aib_current_2018.csv,472,28/11/2018,-422.96,,wages_net,Y,,,
bank/aib_current_2018.csv,473,30/11/2018,-22.40,,bank_charges,Y,,,
bank/aib_current_2018.csv,474,02/12/2018,-178.77,,personal_groceries,N,,,household spending
bank/aib_current_2018.csv,475,03/12/2018,-3140.00,,drawings,N,,,
bank/aib_current_2018.csv,476,03/12/2018,-150.00,,drawings,N,,,
bank/aib_current_2018.csv,477,05/12/2018,-400.00,,wages_unrecorded,N,,E6-family-wages,"son at college; no payroll, no work evidence"
bank/aib_current_2018.csv,478,05/12/2018,4645.40,,scheme_income,Y,,,
bank/aib_current_2018.csv,479,05/12/2018,-560.00,,pension_personal,N,,,personal pension; relief claimed on the personal return
bank/aib_current_2018.csv,480,07/12/2018,750.00,,scheme_income,Y,,,
bank/aib_current_2018.csv,481,09/12/2018,-302.81,,personal_groceries,N,,,household spending
bank/aib_current_2018.csv,482,10/12/2018,-399.28,,repairs,Y,D02658,,
bank/aib_current_2018.csv,483,10/12/2018,-711.57,,dairy_hygiene,Y,D02677,,
bank/aib_current_2018.csv,484,10/12/2018,-108.24,,software,Y,D02726,,
bank/aib_current_2018.csv,485,10/12/2018,1445.13,,contracting_income,Y,D04931,,
bank/aib_current_2018.csv,486,10/12/2018,-2824.53,,loan_repayment,Y,,,"interest 874.98, capital 1949.56"
bank/aib_current_2018.csv,487,10/12/2018,-1139.47,,loan_repayment,Y,,,"interest 540.21, capital 599.26"
bank/aib_current_2018.csv,488,10/12/2018,-1032.76,,personal_misc,N,,,
bank/aib_current_2018.csv,489,11/12/2018,-192.86,,fallen_animals,Y,D04686,,
bank/aib_current_2018.csv,490,12/12/2018,2996.00,,scheme_income,Y,,,
bank/aib_current_2018.csv,491,12/12/2018,-425.60,,health_insurance,N,,,
bank/aib_current_2018.csv,492,13/12/2018,-773.15,,foot_care,Y,D02684,,
bank/aib_current_2018.csv,493,13/12/2018,-1063.86,,foot_care,Y,D02688,,
bank/aib_current_2018.csv,494,14/12/2018,-2461.64,,paye_prsi_usc,Y,,,
bank/aib_current_2018.csv,495,14/12/2018,-150.00,,drawings,N,,,
bank/aib_current_2018.csv,496,15/12/2018,-292.15,,personal_groceries,N,,,household spending
bank/aib_current_2018.csv,497,17/12/2018,-103.96,,family_fuel,N,,,
bank/aib_current_2018.csv,498,17/12/2018,-547.42,,dairy_hygiene,Y,D02662,,
bank/aib_current_2018.csv,499,18/12/2018,-1774.79,,electricity,M,D02724,,
bank/aib_current_2018.csv,500,18/12/2018,-230.54,,personal_groceries,N,,,household spending
bank/aib_current_2018.csv,501,18/12/2018,-1861.64,,vet_medicine,Y,D02545;D02549;D02577,,
bank/aib_current_2018.csv,502,19/12/2018,5200.00,,scheme_income,Y,,,
bank/aib_current_2018.csv,503,20/12/2018,-718.44,,vet_medicine,Y,D02554,,
bank/aib_current_2018.csv,504,20/12/2018,-216.38,,telephone,M,D02725,,
bank/aib_current_2018.csv,505,20/12/2018,-200.00,,savings,N,,,
bank/aib_current_2018.csv,506,21/12/2018,-250.00,,drawings,N,,,
bank/aib_current_2018.csv,507,21/12/2018,-130.97,,personal_groceries,N,,,household spending
bank/aib_current_2018.csv,508,21/12/2018,-5411.32,,feed,Y,D02505,,
bank/aib_current_2018.csv,509,21/12/2018,-943.05,,repairs,Y,D02616;D02657,,
bank/aib_current_2018.csv,510,24/12/2018,-78.40,,personal_misc,N,,,
bank/aib_current_2018.csv,511,25/12/2018,-198.11,,personal_groceries,N,,,household spending
bank/aib_current_2018.csv,512,26/12/2018,-300.00,,drawings,N,,,
bank/aib_current_2018.csv,513,26/12/2018,-250.00,,drawings,N,,,
bank/aib_current_2018.csv,514,27/12/2018,14512.74,,milk_receipt,Y,D00313;D00314,,net of co-op deductions
bank/aib_current_2018.csv,515,27/12/2018,1174.82,,personal_paye_income,N,,,"spouse PAYE, personal income"
bank/aib_current_2018.csv,516,28/12/2018,-1834.93,,wages_net,Y,,,
bank/aib_current_2018.csv,517,28/12/2018,-423.75,,wages_net,Y,,,
bank/aib_current_2018.csv,518,31/12/2018,-22.40,,bank_charges,Y,,,
bank/aib_current_2019.csv,2,02/01/2019,-297.14,,repairs,Y,D02659,,
bank/aib_current_2019.csv,3,02/01/2019,-3260.00,,drawings,N,,,
bank/aib_current_2019.csv,4,02/01/2019,-76.50,,family_fuel,N,,,
bank/aib_current_2019.csv,5,06/01/2019,-200.00,,drawings,N,,,
bank/aib_current_2019.csv,6,07/01/2019,-400.00,,wages_unrecorded,N,,E6-family-wages,"son at college; no payroll, no work evidence"
bank/aib_current_2019.csv,7,07/01/2019,-145.79,,personal_groceries,N,,,household spending
bank/aib_current_2019.csv,8,07/01/2019,-565.00,,pension_personal,N,,,personal pension; relief claimed on the personal return
bank/aib_current_2019.csv,9,08/01/2019,-260.26,,repairs,Y,D02640,,
bank/aib_current_2019.csv,10,08/01/2019,-108.24,,software,Y,D02916,,
bank/aib_current_2019.csv,11,08/01/2019,-2824.53,,loan_repayment,Y,,,"interest 869.61, capital 1954.92"
bank/aib_current_2019.csv,12,08/01/2019,-1139.47,,loan_repayment,Y,,,"interest 538.56, capital 600.91"
bank/aib_current_2019.csv,13,10/01/2019,-235.08,,personal_groceries,N,,,household spending
bank/aib_current_2019.csv,14,11/01/2019,-624.83,,repairs,Y,D02619,,
bank/aib_current_2019.csv,15,11/01/2019,-180.32,,personal_groceries,N,,,household spending
bank/aib_current_2019.csv,16,13/01/2019,-250.00,,drawings,N,,,
bank/aib_current_2019.csv,17,14/01/2019,-2462.53,,paye_prsi_usc,Y,,,
bank/aib_current_2019.csv,18,14/01/2019,-429.40,,health_insurance,N,,,
bank/aib_current_2019.csv,19,15/01/2019,-200.00,,drawings,N,,,
bank/aib_current_2019.csv,20,18/01/2019,-206.18,,telephone,M,D02915,,
bank/aib_current_2019.csv,21,21/01/2019,-1718.58,,electricity,M,D02914,,
bank/aib_current_2019.csv,22,21/01/2019,-200.00,,savings,N,,,
bank/aib_current_2019.csv,23,21/01/2019,-1376.98,,fuel,Y,D02613,,
bank/aib_current_2019.csv,24,21/01/2019,-885.63,,dairy_hygiene,Y,D02669;D02670,,
bank/aib_current_2019.csv,25,21/01/2019,-1209.65,,repairs,Y,D02630;D02654,,
bank/aib_current_2019.csv,26,21/01/2019,-1802.40,,vet_medicine,Y,D02543;D02550,,
bank/aib_current_2019.csv,27,22/01/2019,-79.10,,personal_misc,N,,,
bank/aib_current_2019.csv,28,24/01/2019,-268.32,,personal_groceries,N,,,household spending
bank/aib_current_2019.csv,29,24/01/2019,-2519.68,,feed,Y,D02523,,
bank/aib_current_2019.csv,30,25/01/2019,2811.79,,milk_receipt,Y,D00315;D00316,,net of co-op deductions
bank/aib_current_2019.csv,31,25/01/2019,1209.76,,personal_paye_income,N,,,"spouse PAYE, personal income"
bank/aib_current_2019.csv,32,25/01/2019,-200.00,,drawings,N,,,
bank/aib_current_2019.csv,33,28/01/2019,-1898.79,,wages_net,Y,,,
bank/aib_current_2019.csv,34,28/01/2019,-452.44,,wages_net,Y,,,
bank/aib_current_2019.csv,35,28/01/2019,1217.80,,personal_paye_income,N,,,"son PAYE as a contractor employee, personal"
bank/aib_current_2019.csv,36,31/01/2019,-23.10,,bank_charges,Y,,,
bank/aib_current_2019.csv,37,31/01/2019,-43.95,,bank_interest,Y,,,
bank/aib_current_2019.csv,38,01/02/2019,-3260.00,,drawings,N,,,
bank/aib_current_2019.csv,39,01/02/2019,-311.25,,personal_groceries,N,,,household spending
bank/aib_current_2019.csv,40,01/02/2019,1411.62,,vat_refund,Y,,,
bank/aib_current_2019.csv,41,03/02/2019,-88.07,,family_fuel,N,,,
bank/aib_current_2019.csv,42,05/02/2019,-400.00,,wages_unrecorded,N,,E6-family-wages,"son at college; no payroll, no work evidence"
bank/aib_current_2019.csv,43,05/02/2019,-565.00,,pension_personal,N,,,personal pension; relief claimed on the personal return
bank/aib_current_2019.csv,44,05/02/2019,-316.88,,repairs,Y,D05158,GBP_INVOICE,includes foreign exchange fee
bank/aib_current_2019.csv,45,07/02/2019,-1102.55,,foot_care,Y,D02912,,
bank/aib_current_2019.csv,46,07/02/2019,-108.24,,software,Y,D02919,,
bank/aib_current_2019.csv,47,07/02/2019,-200.00,,drawings,N,,,
bank/aib_current_2019.csv,48,08/02/2019,-2824.53,,loan_repayment,Y,,,"interest 864.24, capital 1960.30"
bank/aib_current_2019.csv,49,08/02/2019,-1139.47,,loan_repayment,Y,,,"interest 536.91, capital 602.56"
bank/aib_current_2019.csv,50,12/02/2019,-200.00,,drawings,N,,,
bank/aib_current_2019.csv,51,12/02/2019,-112.74,,personal_groceries,N,,,household spending
bank/aib_current_2019.csv,52,12/02/2019,-429.40,,health_insurance,N,,,
bank/aib_current_2019.csv,53,14/02/2019,-2565.22,,paye_prsi_usc,Y,,,
bank/aib_current_2019.csv,54,15/02/2019,-2087.68,,dairy_hygiene,Y,D02885;D02894;D02902,,
bank/aib_current_2019.csv,55,17/02/2019,-200.00,,drawings,N,,,
bank/aib_current_2019.csv,56,17/02/2019,-153.19,,personal_groceries,N,,,household spending
bank/aib_current_2019.csv,57,18/02/2019,-348.43,,repairs,Y,D02870,,
bank/aib_current_2019.csv,58,18/02/2019,-1216.30,,repairs,Y,D02848;D02874,,
bank/aib_current_2019.csv,59,19/02/2019,-2612.44,,vet_medicine,Y,D02764;D02771;D02795,,
bank/aib_current_2019.csv,60,20/02/2019,-1781.10,,electricity,M,D02917,,
bank/aib_current_2019.csv,61,20/02/2019,-194.56,,telephone,M,D02918,,
bank/aib_current_2019.csv,62,20/02/2019,-200.00,,savings,N,,,
bank/aib_current_2019.csv,63,20/02/2019,-4437.55,,feed,Y,D02732;D02738,,
bank/aib_current_2019.csv,64,22/02/2019,-79.10,,personal_misc,N,,,
bank/aib_current_2019.csv,65,23/02/2019,-192.27,,personal_groceries,N,,,household spending
bank/aib_current_2019.csv,66,24/02/2019,-253.63,,personal_groceries,N,,,household spending
bank/aib_current_2019.csv,67,25/02/2019,8761.53,,milk_receipt,Y,D00317;D00318,,net of co-op deductions
bank/aib_current_2019.csv,68,25/02/2019,-10768.84,,insurance,Y,D02950,,
bank/aib_current_2019.csv,69,25/02/2019,1209.76,,personal_paye_income,N,,,"spouse PAYE, personal income"
bank/aib_current_2019.csv,70,26/02/2019,-431.90,,repairs,Y,D02877,,
bank/aib_current_2019.csv,71,28/02/2019,-23.10,,bank_charges,Y,,,
bank/aib_current_2019.csv,72,28/02/2019,-1898.79,,wages_net,Y,,,
bank/aib_current_2019.csv,73,28/02/2019,-443.06,,wages_net,Y,,,
bank/aib_current_2019.csv,74,28/02/2019,-1051.14,,wages_net,Y,,,
bank/aib_current_2019.csv,75,28/02/2019,1217.80,,personal_paye_income,N,,,"son PAYE as a contractor employee, personal"
bank/aib_current_2019.csv,76,28/02/2019,-197.77,,bank_interest,Y,,,
bank/aib_current_2019.csv,77,28/02/2019,53000.00,,own_transfer,T,,,
bank/aib_current_2019.csv,78,01/03/2019,-3260.00,,drawings,N,,,
bank/aib_current_2019.csv,79,04/03/2019,-200.00,,drawings,N,,,
bank/aib_current_2019.csv,80,05/03/2019,-400.00,,wages_unrecorded,N,,E6-family-wages,"son at college; no payroll, no work evidence"
bank/aib_current_2019.csv,81,05/03/2019,-565.00,,pension_personal,N,,,personal pension; relief claimed on the personal return
bank/aib_current_2019.csv,82,05/03/2019,-565.00,EXPORT_DUPLICATE,pension_personal,N,,DUP_ROW,duplicate of previous row
bank/aib_current_2019.csv,83,06/03/2019,-108.24,,software,Y,D02922,,
bank/aib_current_2019.csv,84,06/03/2019,-52.36,,personal_misc,N,,,
bank/aib_current_2019.csv,85,08/03/2019,18900.00,,tb_compensation,Y,,,15 reactors removed
bank/aib_current_2019.csv,86,08/03/2019,-2824.53,,loan_repayment,Y,,,"interest 858.85, capital 1965.69"
bank/aib_current_2019.csv,87,08/03/2019,-1139.47,,loan_repayment,Y,,,"interest 535.25, capital 604.22"
bank/aib_current_2019.csv,88,09/03/2019,-300.00,,drawings,N,,,
bank/aib_current_2019.csv,89,11/03/2019,-200.00,,drawings,N,,,
bank/aib_current_2019.csv,90,12/03/2019,-200.00,,drawings,N,,,
bank/aib_current_2019.csv,91,12/03/2019,-250.00,,drawings,N,,,
bank/aib_current_2019.csv,92,12/03/2019,-429.40,,health_insurance,N,,,
bank/aib_current_2019.csv,93,14/03/2019,-3699.34,,paye_prsi_usc,Y,,,
bank/aib_current_2019.csv,94,14/03/2019,-20295.00,,capital_equipment,Y,D05109,,
bank/aib_current_2019.csv,95,14/03/2019,-291.37,,personal_groceries,N,,,household spending
bank/aib_current_2019.csv,96,14/03/2019,-105.18,,personal_groceries,N,,,household spending
bank/aib_current_2019.csv,97,18/03/2019,-679.46,,vet_medicine,Y,D02761,,
bank/aib_current_2019.csv,98,19/03/2019,-215.91,,telephone,M,D02921,,
bank/aib_current_2019.csv,99,19/03/2019,-1336.42,,vat_payment,Y,,,
bank/aib_current_2019.csv,100,20/03/2019,-200.00,,savings,N,,,
bank/aib_current_2019.csv,101,20/03/2019,-10250.91,,feed,Y,D02734;D02735;D02741,,
bank/aib_current_2019.csv,102,21/03/2019,1501.40,,livestock_sale,Y,D04712;D04713,,net of commission
bank/aib_current_2019.csv,103,22/03/2019,-1877.60,,electricity,M,D02920,,
bank/aib_current_2019.csv,104,22/03/2019,-79.10,,personal_misc,N,,,
bank/aib_current_2019.csv,105,22/03/2019,-1485.38,,vet_medicine,Y,D02767;D02772,,
bank/aib_current_2019.csv,106,23/03/2019,-220.70,,personal_groceries,N,,,household spending
bank/aib_current_2019.csv,107,25/03/2019,31282.33,,milk_receipt,Y,D00319;D00320,,net of co-op deductions
bank/aib_current_2019.csv,108,25/03/2019,1209.76,,personal_paye_income,N,,,"spouse PAYE, personal income"
bank/aib_current_2019.csv,109,25/03/2019,-2083.83,,contractors,Y,D02820,,
bank/aib_current_2019.csv,110,26/03/2019,-537.58,,vet_medicine,Y,D02768,,
bank/aib_current_2019.csv,111,28/03/2019,-1898.79,,wages_net,Y,,,
bank/aib_current_2019.csv,112,28/03/2019,-429.33,,wages_net,Y,,,
bank/aib_current_2019.csv,113,28/03/2019,-1051.14,,wages_net,Y,,,
bank/aib_current_2019.csv,114,28/03/2019,1217.80,,personal_paye_income,N,,,"son PAYE as a contractor employee, personal"
bank/aib_current_2019.csv,115,28/03/2019,-276.81,,personal_groceries,N,,,household spending
bank/aib_current_2019.csv,116,29/03/2019,-752.86,,breeding_ai,Y,D02810,,
bank/aib_current_2019.csv,117,29/03/2019,-634.20,,repairs,Y,D02845,,
bank/aib_current_2019.csv,118,31/03/2019,-23.10,,bank_charges,Y,,,
bank/aib_current_2019.csv,119,01/04/2019,-3836.12,,professional_fees,Y,D02951,,
bank/aib_current_2019.csv,120,01/04/2019,1272.77,,livestock_sale,Y,D04714;D04715,,net of commission
bank/aib_current_2019.csv,121,01/04/2019,-3260.00,,drawings,N,,,
bank/aib_current_2019.csv,122,05/04/2019,-400.00,,wages_unrecorded,N,,E6-family-wages,"son at college; no payroll, no work evidence"
bank/aib_current_2019.csv,123,05/04/2019,-250.00,,drawings,N,,,
bank/aib_current_2019.csv,124,05/04/2019,-565.00,,pension_personal,N,,,personal pension; relief claimed on the personal return
bank/aib_current_2019.csv,125,06/04/2019,-150.00,,drawings,N,,,
bank/aib_current_2019.csv,126,08/04/2019,-367.62,,repairs,Y,D02857,,
bank/aib_current_2019.csv,127,08/04/2019,-108.24,,software,Y,D02925,,
bank/aib_current_2019.csv,128,08/04/2019,-2824.53,,loan_repayment,Y,,,"interest 853.44, capital 1971.09"
bank/aib_current_2019.csv,129,08/04/2019,-1139.47,,loan_repayment,Y,,,"interest 533.59, capital 605.88"
bank/aib_current_2019.csv,130,09/04/2019,-250.00,,drawings,N,,,
bank/aib_current_2019.csv,131,12/04/2019,1519.93,,livestock_sale,Y,D04716;D04717,,net of commission
bank/aib_current_2019.csv,132,12/04/2019,-106.43,,family_fuel,N,,,
bank/aib_current_2019.csv,133,12/04/2019,-429.40,,health_insurance,N,,,
bank/aib_current_2019.csv,134,15/04/2019,1481.45,,contracting_income,Y,D04943,,
bank/aib_current_2019.csv,135,15/04/2019,-3684.08,,paye_prsi_usc,Y,,,
bank/aib_current_2019.csv,136,15/04/2019,-200.00,,drawings,N,,,
bank/aib_current_2019.csv,137,15/04/2019,-200.00,,drawings,N,,,
bank/aib_current_2019.csv,138,17/04/2019,-2239.39,,contractors,Y,D02814,TRANSPOSED_DIGITS,paid 2239.39 against invoice 2293.39
bank/aib_current_2019.csv,139,18/04/2019,-1438.26,,electricity,M,D02923,,
bank/aib_current_2019.csv,140,18/04/2019,-196.96,,telephone,M,D02924,,
bank/aib_current_2019.csv,141,19/04/2019,-2170.33,,vet_medicine,Y,D02770;D02781;D02791;D02794,,
bank/aib_current_2019.csv,142,22/04/2019,1619.26,,livestock_sale,Y,D04718;D04719,,net of commission
bank/aib_current_2019.csv,143,22/04/2019,-200.00,,savings,N,,,
bank/aib_current_2019.csv,144,22/04/2019,-79.10,,personal_misc,N,,,
bank/aib_current_2019.csv,145,22/04/2019,-3678.93,,feed,Y,D02739,,
bank/aib_current_2019.csv,146,22/04/2019,-1303.94,,dairy_hygiene,Y,D02889;D02898,,
bank/aib_current_2019.csv,147,22/04/2019,-295.46,,repairs,Y,D02876,,
bank/aib_current_2019.csv,148,25/04/2019,62655.01,,milk_receipt,Y,D00321;D00322,,net of co-op deductions
bank/aib_current_2019.csv,149,25/04/2019,1209.76,,personal_paye_income,N,,,"spouse PAYE, personal income"
bank/aib_current_2019.csv,150,25/04/2019,-248.05,,personal_groceries,N,,,household spending
bank/aib_current_2019.csv,151,25/04/2019,-129.24,,personal_groceries,N,,,household spending
bank/aib_current_2019.csv,152,28/04/2019,-237.62,,personal_groceries,N,,,household spending
bank/aib_current_2019.csv,153,28/04/2019,-112.54,,personal_groceries,N,,,household spending
bank/aib_current_2019.csv,154,29/04/2019,-390.88,,repairs,Y,D02846,,
bank/aib_current_2019.csv,155,29/04/2019,1311.90,,livestock_sale,Y,D04720;D04721,,net of commission
bank/aib_current_2019.csv,156,29/04/2019,-1898.79,,wages_net,Y,,,
bank/aib_current_2019.csv,157,29/04/2019,-449.08,,wages_net,Y,,,
bank/aib_current_2019.csv,158,29/04/2019,-1051.14,,wages_net,Y,,,
bank/aib_current_2019.csv,159,29/04/2019,1217.80,,personal_paye_income,N,,,"son PAYE as a contractor employee, personal"
bank/aib_current_2019.csv,160,30/04/2019,-23.10,,bank_charges,Y,,,
bank/aib_current_2019.csv,161,01/05/2019,-3260.00,,drawings,N,,,
bank/aib_current_2019.csv,162,01/05/2019,-214.94,,personal_groceries,N,,,household spending
bank/aib_current_2019.csv,163,02/05/2019,-300.00,,drawings,N,,,
bank/aib_current_2019.csv,164,03/05/2019,-1089.52,,breeding_ai,Y,D02807,,
bank/aib_current_2019.csv,165,06/05/2019,-400.00,,wages_unrecorded,N,,E6-family-wages,"son at college; no payroll, no work evidence"
bank/aib_current_2019.csv,166,06/05/2019,-300.00,,drawings,N,,,
bank/aib_current_2019.csv,167,06/05/2019,-565.00,,pension_personal,N,,,personal pension; relief claimed on the personal return
bank/aib_current_2019.csv,168,07/05/2019,-800.26,,vet_medicine,Y,D02800,,
bank/aib_current_2019.csv,169,08/05/2019,-108.24,,software,Y,D02928,,
bank/aib_current_2019.csv,170,08/05/2019,-2824.53,,loan_repayment,Y,,,"interest 848.02, capital 1976.51"
bank/aib_current_2019.csv,171,08/05/2019,-1139.47,,loan_repayment,Y,,,"interest 531.92, capital 607.55"
bank/aib_current_2019.csv,172,08/05/2019,-150.00,,drawings,N,,,
bank/aib_current_2019.csv,173,08/05/2019,-1356.00,,family_car_running,N,,,
bank/aib_current_2019.csv,174,09/05/2019,-224.67,,personal_groceries,N,,,household spending
bank/aib_current_2019.csv,175,13/05/2019,-429.40,,health_insurance,N,,,
bank/aib_current_2019.csv,176,14/05/2019,-404.46,,dairy_hygiene,Y,D02891,,
bank/aib_current_2019.csv,177,14/05/2019,-3705.99,,paye_prsi_usc,Y,,,
bank/aib_current_2019.csv,178,15/05/2019,-200.00,,drawings,N,,,
bank/aib_current_2019.csv,179,15/05/2019,-129.21,,personal_groceries,N,,,household spending
bank/aib_current_2019.csv,180,16/05/2019,-924.68,,fuel,Y,D02836,,
bank/aib_current_2019.csv,181,16/05/2019,-18.59,,personal_misc,N,,,
bank/aib_current_2019.csv,182,17/05/2019,-2076.72,,vet_medicine,Y,D02763;D02785;D02797,,
bank/aib_current_2019.csv,183,18/05/2019,-233.20,,personal_groceries,N,,,household spending
bank/aib_current_2019.csv,184,20/05/2019,-1855.28,,electricity,M,D02926,,
bank/aib_current_2019.csv,185,20/05/2019,-189.60,,telephone,M,D02927,,
bank/aib_current_2019.csv,186,20/05/2019,1490.27,,livestock_sale,Y,D04722;D04723,,net of commission
bank/aib_current_2019.csv,187,20/05/2019,1396.57,,contracting_income,Y,D04949,,
bank/aib_current_2019.csv,188,20/05/2019,-200.00,,savings,N,,,
bank/aib_current_2019.csv,189,20/05/2019,-1624.85,,breeding_ai,Y,D02808;D02811,,
bank/aib_current_2019.csv,190,20/05/2019,-3065.43,,fuel,Y,D02825;D02826,,
bank/aib_current_2019.csv,191,20/05/2019,-10178.87,,vat_payment,Y,,,
bank/aib_current_2019.csv,192,21/05/2019,-1107.13,,repairs,Y,D02862;D02871,,
bank/aib_current_2019.csv,193,22/05/2019,-79.10,,personal_misc,N,,,
bank/aib_current_2019.csv,194,24/05/2019,-308.62,,personal_groceries,N,,,household spending
bank/aib_current_2019.csv,195,27/05/2019,89042.00,,milk_receipt,Y,D00323;D00324,,net of co-op deductions
bank/aib_current_2019.csv,196,27/05/2019,-1200.71,,silage_plastic,Y,D02905,,
bank/aib_current_2019.csv,197,27/05/2019,1209.76,,personal_paye_income,N,,,"spouse PAYE, personal income"
bank/aib_current_2019.csv,198,28/05/2019,-1898.79,,wages_net,Y,,,
bank/aib_current_2019.csv,199,28/05/2019,-447.87,,wages_net,Y,,,
bank/aib_current_2019.csv,200,28/05/2019,-1051.14,,wages_net,Y,,,
bank/aib_current_2019.csv,201,28/05/2019,1217.80,,personal_paye_income,N,,,"son PAYE as a contractor employee, personal"
bank/aib_current_2019.csv,202,30/05/2019,-1525.63,,silage_plastic,Y,D02904,,
bank/aib_current_2019.csv,203,30/05/2019,1251.49,,livestock_sale,Y,D04724;D04725,,net of commission
bank/aib_current_2019.csv,204,31/05/2019,-23.10,,bank_charges,Y,,,
bank/aib_current_2019.csv,205,31/05/2019,-64000.00,,own_transfer,T,,,
bank/aib_current_2019.csv,206,03/06/2019,-482.63,,repairs,Y,D02865,,
bank/aib_current_2019.csv,207,03/06/2019,-3260.00,,drawings,N,,,
bank/aib_current_2019.csv,208,04/06/2019,-1423.23,,fuel,Y,D02828,,
bank/aib_current_2019.csv,209,04/06/2019,-501.90,,repairs,Y,D05157,GBP_INVOICE,includes foreign exchange fee
bank/aib_current_2019.csv,210,05/06/2019,-400.00,,wages_unrecorded,N,,E6-family-wages,"son at college; no payroll, no work evidence"
bank/aib_current_2019.csv,211,05/06/2019,-565.00,,pension_personal,N,,,personal pension; relief claimed on the personal return
bank/aib_current_2019.csv,212,06/06/2019,-108.24,,software,Y,D02931,,
bank/aib_current_2019.csv,213,06/06/2019,-700.60,,utilities,M,D02953,,
bank/aib_current_2019.csv,214,10/06/2019,-785.04,,vet_medicine,Y,D02792,,
bank/aib_current_2019.csv,215,10/06/2019,-2824.53,,loan_repayment,Y,,,"interest 842.59, capital 1981.95"
bank/aib_current_2019.csv,216,10/06/2019,-1139.47,,loan_repayment,Y,,,"interest 530.25, capital 609.22"
bank/aib_current_2019.csv,217,10/06/2019,-150.00,,drawings,N,,,
bank/aib_current_2019.csv,218,11/06/2019,-1150.29,,fuel,Y,D02829,,
bank/aib_current_2019.csv,219,11/06/2019,-189.88,,personal_groceries,N,,,household spending
bank/aib_current_2019.csv,220,11/06/2019,-188.45,,personal_groceries,N,,,household spending
bank/aib_current_2019.csv,221,12/06/2019,-429.40,,health_insurance,N,,,
bank/aib_current_2019.csv,222,14/06/2019,-3704.66,,paye_prsi_usc,Y,,,
bank/aib_current_2019.csv,223,15/06/2019,-250.00,,drawings,N,,,
bank/aib_current_2019.csv,224,17/06/2019,-262.01,,repairs,Y,D02879,,
bank/aib_current_2019.csv,225,17/06/2019,-249.05,,personal_groceries,N,,,household spending
bank/aib_current_2019.csv,226,17/06/2019,-1041.60,,breeding_ai,Y,D02802,,
bank/aib_current_2019.csv,227,18/06/2019,-428.35,,repairs,Y,D02878,,
bank/aib_current_2019.csv,228,18/06/2019,-4120.39,,vet_medicine,Y,D02765;D02775;D02780;D02786;D02787;D02798,,
bank/aib_current_2019.csv,229,19/06/2019,-445.68,,vet_medicine,Y,D02759,,
bank/aib_current_2019.csv,230,19/06/2019,-2387.20,,fuel,Y,D02835,,
bank/aib_current_2019.csv,231,19/06/2019,-1629.56,,electricity,M,D02929,,
bank/aib_current_2019.csv,232,20/06/2019,-200.53,,telephone,M,D02930,,
bank/aib_current_2019.csv,233,20/06/2019,-200.00,,savings,N,,,
bank/aib_current_2019.csv,234,22/06/2019,-150.00,,drawings,N,,,
bank/aib_current_2019.csv,235,24/06/2019,-5200.00,,family_holiday,N,D05123,E11-holiday,
bank/aib_current_2019.csv,236,24/06/2019,-150.00,,drawings,N,,,
bank/aib_current_2019.csv,237,24/06/2019,-137.08,,personal_groceries,N,,,household spending
bank/aib_current_2019.csv,238,24/06/2019,-79.10,,personal_misc,N,,,
bank/aib_current_2019.csv,239,24/06/2019,-2274.95,,fuel,Y,D02831,,
bank/aib_current_2019.csv,240,24/06/2019,-7652.04,,contractors,Y,D02815;D02817;D02822,,
bank/aib_current_2019.csv,241,24/06/2019,-302.75,,repairs,Y,D02843,,
bank/aib_current_2019.csv,242,25/06/2019,91538.65,,milk_receipt,Y,D00325;D00326,,net of co-op deductions
bank/aib_current_2019.csv,243,25/06/2019,-520.47,,dairy_hygiene,Y,D02895,,
bank/aib_current_2019.csv,244,25/06/2019,1209.76,,personal_paye_income,N,,,"spouse PAYE, personal income"
bank/aib_current_2019.csv,245,26/06/2019,-1166.20,,breeding_ai,Y,D02812,,
bank/aib_current_2019.csv,246,26/06/2019,-214.75,,personal_groceries,N,,,household spending
bank/aib_current_2019.csv,247,28/06/2019,1572.68,,contracting_income,Y,D04944,,
bank/aib_current_2019.csv,248,28/06/2019,-1898.79,,wages_net,Y,,,
bank/aib_current_2019.csv,249,28/06/2019,-426.24,,wages_net,Y,,,
bank/aib_current_2019.csv,250,28/06/2019,-1051.14,,wages_net,Y,,,
bank/aib_current_2019.csv,251,28/06/2019,1217.80,,personal_paye_income,N,,,"son PAYE as a contractor employee, personal"
bank/aib_current_2019.csv,252,28/06/2019,-44000.00,,own_transfer,T,,,
bank/aib_current_2019.csv,253,30/06/2019,-23.10,,bank_charges,Y,,,
bank/aib_current_2019.csv,254,30/06/2019,-695.00,,bank_charges,Y,,,
bank/aib_current_2019.csv,255,01/07/2019,-358.75,,repairs,Y,D02867,,
bank/aib_current_2019.csv,256,01/07/2019,-3260.00,,drawings,N,,,
bank/aib_current_2019.csv,257,01/07/2019,-200.00,,drawings,N,,,
bank/aib_current_2019.csv,258,03/07/2019,-200.00,,drawings,N,,,
bank/aib_current_2019.csv,259,05/07/2019,-1250.91,,professional_fees,Y,D02952,,
bank/aib_current_2019.csv,260,05/07/2019,-400.00,,wages_unrecorded,N,,E6-family-wages,"son at college; no payroll, no work evidence"
bank/aib_current_2019.csv,261,05/07/2019,-565.00,,pension_personal,N,,,personal pension; relief claimed on the personal return
bank/aib_current_2019.csv,262,06/07/2019,-154.79,,personal_groceries,N,,,household spending
bank/aib_current_2019.csv,263,08/07/2019,-108.24,,software,Y,D02934,,
bank/aib_current_2019.csv,264,08/07/2019,1691.25,,contracting_income,Y,D04945,,
bank/aib_current_2019.csv,265,08/07/2019,-2824.53,,loan_repayment,Y,,,"interest 837.14, capital 1987.40"
bank/aib_current_2019.csv,266,08/07/2019,-1139.47,,loan_repayment,Y,,,"interest 528.58, capital 610.90"
bank/aib_current_2019.csv,267,10/07/2019,-672.58,,repairs,Y,D02840,,
bank/aib_current_2019.csv,268,10/07/2019,-441.08,,repairs,Y,D02850,,
bank/aib_current_2019.csv,269,10/07/2019,-286.55,,personal_groceries,N,,,household spending
bank/aib_current_2019.csv,270,11/07/2019,-96.42,,personal_groceries,N,,,household spending
bank/aib_current_2019.csv,271,12/07/2019,-429.40,,health_insurance,N,,,
bank/aib_current_2019.csv,272,14/07/2019,-300.00,,drawings,N,,,
bank/aib_current_2019.csv,273,15/07/2019,-3680.66,,paye_prsi_usc,Y,,,
bank/aib_current_2019.csv,274,15/07/2019,-4494.30,,family_holiday,N,,,family holiday paid by the farm account
bank/aib_current_2019.csv,275,16/07/2019,-2670.55,,contractors,Y,D02818,,
bank/aib_current_2019.csv,276,18/07/2019,-185.30,,telephone,M,D02933,,
bank/aib_current_2019.csv,277,18/07/2019,-5464.12,,fertiliser,Y,D02757,,
bank/aib_current_2019.csv,278,18/07/2019,-3298.33,,contractors,Y,D02824,,
bank/aib_current_2019.csv,279,19/07/2019,-1822.37,,electricity,M,D02932,,
bank/aib_current_2019.csv,280,19/07/2019,-1255.09,,repairs,Y,D02841;D02859;D02880,,
bank/aib_current_2019.csv,281,19/07/2019,-12603.83,,vat_payment,Y,,,
bank/aib_current_2019.csv,282,20/07/2019,-257.19,,personal_groceries,N,,,household spending
bank/aib_current_2019.csv,283,22/07/2019,-582.42,,repairs,Y,D02872,,
bank/aib_current_2019.csv,284,22/07/2019,-300.00,,wages_unrecorded,Y,,E5-overtime,overtime paid on top of net pay outside payroll
bank/aib_current_2019.csv,285,22/07/2019,-200.00,,savings,N,,,
bank/aib_current_2019.csv,286,22/07/2019,-79.10,,personal_misc,N,,,
bank/aib_current_2019.csv,287,23/07/2019,-1124.53,,breeding_ai,Y,D02809,,
bank/aib_current_2019.csv,288,23/07/2019,-1847.39,,fuel,Y,D02830,,
bank/aib_current_2019.csv,289,23/07/2019,-300.00,,drawings,N,,,
bank/aib_current_2019.csv,290,23/07/2019,-1947.63,,breeding_ai,Y,D02804;D02805,,
bank/aib_current_2019.csv,291,24/07/2019,-765.20,,silage_plastic,Y,D02906,,
bank/aib_current_2019.csv,292,25/07/2019,81681.00,,milk_receipt,Y,D00327;D00328,,net of co-op deductions
bank/aib_current_2019.csv,293,29/07/2019,-1898.79,,wages_net,Y,,,
bank/aib_current_2019.csv,294,29/07/2019,-431.41,,wages_net,Y,,,
bank/aib_current_2019.csv,295,29/07/2019,-1051.14,,wages_net,Y,,,
bank/aib_current_2019.csv,296,29/07/2019,1217.80,,personal_paye_income,N,,,"son PAYE as a contractor employee, personal"
bank/aib_current_2019.csv,297,29/07/2019,-14514.00,,capital_equipment,Y,D05110,,
bank/aib_current_2019.csv,298,30/07/2019,-1065.86,,foot_care,Y,D02909,,
bank/aib_current_2019.csv,299,31/07/2019,-483.87,,repairs,Y,D02837,,
bank/aib_current_2019.csv,300,31/07/2019,-23.10,,bank_charges,Y,,,
bank/aib_current_2019.csv,301,01/08/2019,-3260.00,,drawings,N,,,
bank/aib_current_2019.csv,302,01/08/2019,-200.00,,drawings,N,,,
bank/aib_current_2019.csv,303,05/08/2019,-400.00,,wages_unrecorded,N,,E6-family-wages,"son at college; no payroll, no work evidence"
bank/aib_current_2019.csv,304,05/08/2019,-250.00,,drawings,N,,,
bank/aib_current_2019.csv,305,05/08/2019,-565.00,,pension_personal,N,,,personal pension; relief claimed on the personal return
bank/aib_current_2019.csv,306,07/08/2019,-108.24,,software,Y,D02937,,
bank/aib_current_2019.csv,307,08/08/2019,-2824.53,,loan_repayment,Y,,,"interest 831.67, capital 1992.86"
bank/aib_current_2019.csv,308,08/08/2019,-1139.47,,loan_repayment,Y,,,"interest 526.90, capital 612.58"
bank/aib_current_2019.csv,309,08/08/2019,-64.33,,personal_misc,N,,,
bank/aib_current_2019.csv,310,09/08/2019,1349.52,,contracting_income,Y,D04939,,
bank/aib_current_2019.csv,311,09/08/2019,-161.90,,personal_groceries,N,,,household spending
bank/aib_current_2019.csv,312,12/08/2019,-429.40,,health_insurance,N,,,
bank/aib_current_2019.csv,313,14/08/2019,-3686.39,,paye_prsi_usc,Y,,,
bank/aib_current_2019.csv,314,14/08/2019,-300.00,,drawings,N,,,
bank/aib_current_2019.csv,315,15/08/2019,1240.97,,contracting_income,Y,D04942,,
bank/aib_current_2019.csv,316,15/08/2019,-4046.88,,contractors,Y,D02813,,
bank/aib_current_2019.csv,317,16/08/2019,-300.00,,drawings,N,,,
bank/aib_current_2019.csv,318,16/08/2019,-1936.72,,vet_medicine,Y,D02766;D02784;D02801,,
bank/aib_current_2019.csv,319,17/08/2019,-284.54,,personal_groceries,N,,,household spending
bank/aib_current_2019.csv,320,17/08/2019,-160.65,,personal_groceries,N,,,household spending
bank/aib_current_2019.csv,321,19/08/2019,-217.56,,telephone,M,D02936,,
bank/aib_current_2019.csv,322,19/08/2019,-871.33,,breeding_ai,Y,D02806,,
bank/aib_current_2019.csv,323,19/08/2019,-4599.03,,feed,Y,D02742,,
bank/aib_current_2019.csv,324,19/08/2019,-1880.87,,fuel,Y,D02834,,
bank/aib_current_2019.csv,325,19/08/2019,-350.32,,repairs,Y,D02875,,
bank/aib_current_2019.csv,326,20/08/2019,-350.00,,wages_unrecorded,Y,,E5-overtime,overtime paid on top of net pay outside payroll
bank/aib_current_2019.csv,327,20/08/2019,-200.00,,savings,N,,,
bank/aib_current_2019.csv,328,21/08/2019,-691.80,,foot_care,Y,D02911,,
bank/aib_current_2019.csv,329,22/08/2019,-174.68,,personal_groceries,N,,,household spending
bank/aib_current_2019.csv,330,22/08/2019,-79.10,,personal_misc,N,,,
bank/aib_current_2019.csv,331,22/08/2019,-3000.00,,personal_education,N,,,
bank/aib_current_2019.csv,332,23/08/2019,-1726.31,,electricity,M,D02935,,
bank/aib_current_2019.csv,333,23/08/2019,-233.42,,personal_groceries,N,,,household spending
bank/aib_current_2019.csv,334,26/08/2019,76117.03,,milk_receipt,Y,D00329;D00330,,net of co-op deductions
bank/aib_current_2019.csv,335,26/08/2019,-3315.03,,contractors,Y,D02816,,
bank/aib_current_2019.csv,336,26/08/2019,-1741.82,,silage_plastic,Y,D02903,,
bank/aib_current_2019.csv,337,28/08/2019,-1898.79,,wages_net,Y,,,
bank/aib_current_2019.csv,338,28/08/2019,-446.70,,wages_net,Y,,,
bank/aib_current_2019.csv,339,28/08/2019,-1051.14,,wages_net,Y,,,
bank/aib_current_2019.csv,340,28/08/2019,1217.80,,personal_paye_income,N,,,"son PAYE as a contractor employee, personal"
bank/aib_current_2019.csv,341,28/08/2019,-150.00,,drawings,N,,,
bank/aib_current_2019.csv,342,30/08/2019,-46000.00,,own_transfer,T,,,
bank/aib_current_2019.csv,343,31/08/2019,-23.10,,bank_charges,Y,,,
bank/aib_current_2019.csv,344,01/09/2019,-250.00,,drawings,N,,,
bank/aib_current_2019.csv,345,01/09/2019,-3315.03,,contractors,Y,D02816,DOUBLE_PAYMENT,invoice paid twice
bank/aib_current_2019.csv,346,02/09/2019,-152.89,,fallen_animals,Y,D04711,,
bank/aib_current_2019.csv,347,02/09/2019,-3260.00,,drawings,N,,,
bank/aib_current_2019.csv,348,03/09/2019,-220.34,,personal_groceries,N,,,household spending
bank/aib_current_2019.csv,349,04/09/2019,-150.00,,drawings,N,,,
bank/aib_current_2019.csv,350,05/09/2019,-400.00,,wages_unrecorded,N,,E6-family-wages,"son at college; no payroll, no work evidence"
bank/aib_current_2019.csv,351,05/09/2019,-24.46,,personal_misc,N,,,
bank/aib_current_2019.csv,352,05/09/2019,-565.00,,pension_personal,N,,,personal pension; relief claimed on the personal return
bank/aib_current_2019.csv,353,05/09/2019,-1243.00,,personal_education,N,,,
bank/aib_current_2019.csv,354,06/09/2019,-247.80,,personal_groceries,N,,,household spending
bank/aib_current_2019.csv,355,07/09/2019,-230.64,,personal_groceries,N,,,household spending
bank/aib_current_2019.csv,356,09/09/2019,-108.24,,software,Y,D02940,,
bank/aib_current_2019.csv,357,09/09/2019,1983.03,,contracting_income,Y,D04950,,
bank/aib_current_2019.csv,358,09/09/2019,-2824.53,,loan_repayment,Y,,,"interest 826.19, capital 1998.34"
bank/aib_current_2019.csv,359,09/09/2019,-1139.47,,loan_repayment,Y,,,"interest 525.21, capital 614.26"
bank/aib_current_2019.csv,360,09/09/2019,-151.55,,personal_groceries,N,,,household spending
bank/aib_current_2019.csv,361,11/09/2019,-733.52,,breeding_ai,Y,D02803,,
bank/aib_current_2019.csv,362,12/09/2019,-429.40,,health_insurance,N,,,
bank/aib_current_2019.csv,363,13/09/2019,-250.00,,drawings,N,,,
bank/aib_current_2019.csv,364,15/09/2019,-109.76,,personal_groceries,N,,,household spending
bank/aib_current_2019.csv,365,16/09/2019,-3703.35,,paye_prsi_usc,Y,,,
bank/aib_current_2019.csv,366,16/09/2019,-1504.77,,dairy_hygiene,Y,D02888;D02900,,
bank/aib_current_2019.csv,367,16/09/2019,-2186.62,,contractors,Y,D02821,,
bank/aib_current_2019.csv,368,17/09/2019,-1694.27,,electricity,M,D02938,,
bank/aib_current_2019.csv,369,17/09/2019,-1264.02,,fuel,Y,D02833,,
bank/aib_current_2019.csv,370,18/09/2019,-2479.29,,vet_medicine,Y,D02758;D02774;D02789,,
bank/aib_current_2019.csv,371,19/09/2019,-188.12,,telephone,M,D02939,,
bank/aib_current_2019.csv,372,19/09/2019,1481.54,,contracting_income,Y,D04940,,
bank/aib_current_2019.csv,373,19/09/2019,-300.00,,drawings,N,,,
bank/aib_current_2019.csv,374,19/09/2019,-9082.07,,fertiliser,Y,D02751,,
bank/aib_current_2019.csv,375,19/09/2019,-7145.75,,vat_payment,Y,,,
bank/aib_current_2019.csv,376,20/09/2019,-64.35,,family_fuel,N,,,
bank/aib_current_2019.csv,377,20/09/2019,-200.00,,savings,N,,,
bank/aib_current_2019.csv,378,21/09/2019,-272.03,,personal_groceries,N,,,household spending
bank/aib_current_2019.csv,379,23/09/2019,-695.29,,dairy_hygiene,Y,D02897,,
bank/aib_current_2019.csv,380,23/09/2019,1455.55,,contracting_income,Y,D04938,,
bank/aib_current_2019.csv,381,23/09/2019,-79.10,,personal_misc,N,,,
bank/aib_current_2019.csv,382,23/09/2019,-3022.47,,contractors,Y,D02823,,
bank/aib_current_2019.csv,383,23/09/2019,-372.30,,repairs,Y,D02861,,
bank/aib_current_2019.csv,384,25/09/2019,68387.79,,milk_receipt,Y,D00331;D00332,,net of co-op deductions
bank/aib_current_2019.csv,385,25/09/2019,1209.76,,personal_paye_income,N,,,"spouse PAYE, personal income"
bank/aib_current_2019.csv,386,27/09/2019,-555.12,,vet_medicine,Y,D02793,,
bank/aib_current_2019.csv,387,30/09/2019,-23.10,,bank_charges,Y,,,
bank/aib_current_2019.csv,388,30/09/2019,-1898.79,,wages_net,Y,,,
bank/aib_current_2019.csv,389,30/09/2019,-447.52,,wages_net,Y,,,
bank/aib_current_2019.csv,390,30/09/2019,1217.80,,personal_paye_income,N,,,"son PAYE as a contractor employee, personal"
bank/aib_current_2019.csv,391,01/10/2019,-734.41,,dairy_hygiene,Y,D02901,,
bank/aib_current_2019.csv,392,01/10/2019,-3260.00,,drawings,N,,,
bank/aib_current_2019.csv,393,01/10/2019,-166.12,,personal_groceries,N,,,household spending
bank/aib_current_2019.csv,394,03/10/2019,937.44,,contracting_income,Y,D04947,,
bank/aib_current_2019.csv,395,04/10/2019,11145.83,,livestock_sale,Y,D04727,,
bank/aib_current_2019.csv,396,05/10/2019,-150.00,,drawings,N,,,
bank/aib_current_2019.csv,397,07/10/2019,-108.24,,software,Y,D02943,,
bank/aib_current_2019.csv,398,07/10/2019,-400.00,,wages_unrecorded,N,,E6-family-wages,"son at college; no payroll, no work evidence"
bank/aib_current_2019.csv,399,07/10/2019,-565.00,,pension_personal,N,,,personal pension; relief claimed on the personal return
bank/aib_current_2019.csv,400,08/10/2019,-194.59,,fallen_animals,Y,D04709,,
bank/aib_current_2019.csv,401,08/10/2019,-2824.53,,loan_repayment,Y,,,"interest 820.69, capital 2003.84"
bank/aib_current_2019.csv,402,08/10/2019,-1139.47,,loan_repayment,Y,,,"interest 523.52, capital 615.95"
bank/aib_current_2019.csv,403,08/10/2019,-150.00,,drawings,N,,,
bank/aib_current_2019.csv,404,09/10/2019,-4144.18,,feed,Y,D02748,,
bank/aib_current_2019.csv,405,12/10/2019,-150.00,,drawings,N,,,
bank/aib_current_2019.csv,406,12/10/2019,-333.58,,personal_groceries,N,,,household spending
bank/aib_current_2019.csv,407,14/10/2019,10952.16,,livestock_sale,Y,D04728,,
bank/aib_current_2019.csv,408,14/10/2019,-2559.77,,paye_prsi_usc,Y,,,
bank/aib_current_2019.csv,409,14/10/2019,-429.40,,health_insurance,N,,,
bank/aib_current_2019.csv,410,15/10/2019,-150.00,,drawings,N,,,
bank/aib_current_2019.csv,411,15/10/2019,-191.53,,personal_groceries,N,,,household spending
bank/aib_current_2019.csv,412,15/10/2019,-3852.91,,feed,Y,D02745,,
bank/aib_current_2019.csv,413,17/10/2019,-1437.25,,electricity,M,D02941,,
bank/aib_current_2019.csv,414,17/10/2019,-41205.00,,capital_equipment,Y,D05111,,
bank/aib_current_2019.csv,415,17/10/2019,-200.94,,personal_groceries,N,,,household spending
bank/aib_current_2019.csv,416,17/10/2019,-1704.90,,repairs,Y,D02842;D02863;D02873,,
bank/aib_current_2019.csv,417,18/10/2019,-728.96,,dairy_hygiene,Y,D02893,,
bank/aib_current_2019.csv,418,18/10/2019,-217.00,,telephone,M,D02942,,
bank/aib_current_2019.csv,419,19/10/2019,-342.91,,personal_groceries,N,,,household spending
bank/aib_current_2019.csv,420,21/10/2019,13700.34,,scheme_income,Y,,,
bank/aib_current_2019.csv,421,21/10/2019,-200.00,,savings,N,,,
bank/aib_current_2019.csv,422,21/10/2019,-502.66,,dairy_hygiene,Y,D02896,,
bank/aib_current_2019.csv,423,21/10/2019,-2296.21,,contractors,Y,D02819,,
bank/aib_current_2019.csv,424,22/10/2019,-780.82,,dairy_hygiene,Y,D02886,,
bank/aib_current_2019.csv,425,22/10/2019,-79.10,,personal_misc,N,,,
bank/aib_current_2019.csv,426,22/10/2019,-1801.60,,vet_medicine,Y,D02776;D02796;D02799,,
bank/aib_current_2019.csv,427,23/10/2019,-223.25,,personal_groceries,N,,,household spending
bank/aib_current_2019.csv,428,25/10/2019,50802.20,,milk_receipt,Y,D00333;D00334,,net of co-op deductions
bank/aib_current_2019.csv,429,25/10/2019,1209.76,,personal_paye_income,N,,,"spouse PAYE, personal income"
bank/aib_current_2019.csv,430,25/10/2019,-250.00,,drawings,N,,,
bank/aib_current_2019.csv,431,25/10/2019,3315.03,,contractors,Y,,DOUBLE_PAYMENT_REFUND,
bank/aib_current_2019.csv,432,28/10/2019,-765.58,,vet_medicine,Y,D02760,,
bank/aib_current_2019.csv,433,28/10/2019,-1044.42,,fuel,Y,D02827,,
bank/aib_current_2019.csv,434,28/10/2019,-1016.87,,foot_care,Y,D02908,,
bank/aib_current_2019.csv,435,28/10/2019,-1153.68,,foot_care,Y,D02910,,
bank/aib_current_2019.csv,436,28/10/2019,-836.78,,foot_care,Y,D02913,,
bank/aib_current_2019.csv,437,28/10/2019,-1898.79,,wages_net,Y,,,
bank/aib_current_2019.csv,438,28/10/2019,-444.01,,wages_net,Y,,,
bank/aib_current_2019.csv,439,28/10/2019,1217.80,,personal_paye_income,N,,,"son PAYE as a contractor employee, personal"
bank/aib_current_2019.csv,440,31/10/2019,-23.10,,bank_charges,Y,,,
bank/aib_current_2019.csv,441,31/10/2019,-27700.00,,personal_tax,N,,,"farmer income tax: personal liability, not a farm expense"
bank/aib_current_2019.csv,442,01/11/2019,-3260.00,,drawings,N,,,
bank/aib_current_2019.csv,443,04/11/2019,2149.15,,contracting_income,Y,D04951,,
bank/aib_current_2019.csv,444,04/11/2019,2400.00,,forestry_premium,X,,,exempt from income tax; not a trading receipt
bank/aib_current_2019.csv,445,05/11/2019,-400.00,,wages_unrecorded,N,,E6-family-wages,"son at college; no payroll, no work evidence"
bank/aib_current_2019.csv,446,05/11/2019,-150.00,,drawings,N,,,
bank/aib_current_2019.csv,447,05/11/2019,-135.68,,personal_groceries,N,,,household spending
bank/aib_current_2019.csv,448,05/11/2019,-565.00,,pension_personal,N,,,personal pension; relief claimed on the personal return
bank/aib_current_2019.csv,449,06/11/2019,-454.36,,repairs,Y,,MISSING_INVOICE,payment with no supplier invoice on file
bank/aib_current_2019.csv,450,06/11/2019,-300.00,,drawings,N,,,
bank/aib_current_2019.csv,451,07/11/2019,-108.24,,software,Y,D02946,,
bank/aib_current_2019.csv,452,08/11/2019,-2824.53,,loan_repayment,Y,,,"interest 815.18, capital 2009.35"
bank/aib_current_2019.csv,453,08/11/2019,-1139.47,,loan_repayment,Y,,,"interest 521.83, capital 617.64"
bank/aib_current_2019.csv,454,09/11/2019,-215.40,,personal_groceries,N,,,household spending
bank/aib_current_2019.csv,455,10/11/2019,-218.12,,personal_groceries,N,,,household spending
bank/aib_current_2019.csv,456,11/11/2019,-731.79,,vet_medicine,Y,D02773,,
bank/aib_current_2019.csv,457,11/11/2019,-347.44,,repairs,Y,D02860,,
bank/aib_current_2019.csv,458,11/11/2019,-243.47,,personal_groceries,N,,,household spending
bank/aib_current_2019.csv,459,12/11/2019,-645.33,,repairs,Y,D02838,,
bank/aib_current_2019.csv,460,12/11/2019,12192.33,,livestock_sale,Y,D04729;D04730,,
bank/aib_current_2019.csv,461,12/11/2019,-429.40,,health_insurance,N,,,
bank/aib_current_2019.csv,462,13/11/2019,-328.04,,repairs,Y,D02854,,
bank/aib_current_2019.csv,463,14/11/2019,-2555.88,,paye_prsi_usc,Y,,,
bank/aib_current_2019.csv,464,15/11/2019,-155.08,,personal_misc,N,,,
bank/aib_current_2019.csv,465,15/11/2019,-1364.29,,repairs,Y,D02839;D02847;D02852,,
bank/aib_current_2019.csv,466,18/11/2019,-385.13,,vet_medicine,Y,D02778,,
bank/aib_current_2019.csv,467,18/11/2019,-7514.02,,feed,Y,D02733;D02749,,
bank/aib_current_2019.csv,468,18/11/2019,-6035.33,,fertiliser,Y,D02753,,
bank/aib_current_2019.csv,469,19/11/2019,-975.11,,dairy_hygiene,Y,D02890;D02892,,
bank/aib_current_2019.csv,470,20/11/2019,-185.72,,telephone,M,D02945,,
bank/aib_current_2019.csv,471,20/11/2019,-350.00,,wages_unrecorded,Y,,E5-overtime,overtime paid on top of net pay outside payroll
bank/aib_current_2019.csv,472,20/11/2019,-150.00,,drawings,N,,,
bank/aib_current_2019.csv,473,20/11/2019,-200.00,,savings,N,,,
bank/aib_current_2019.csv,474,21/11/2019,-1512.93,,electricity,M,D02944,,
bank/aib_current_2019.csv,475,21/11/2019,-253.29,,personal_groceries,N,,,household spending
bank/aib_current_2019.csv,476,22/11/2019,-79.10,,personal_misc,N,,,
bank/aib_current_2019.csv,477,23/11/2019,-23800.00,,land_rent,Y,D02954,,
bank/aib_current_2019.csv,478,24/11/2019,-250.00,,drawings,N,,,
bank/aib_current_2019.csv,479,25/11/2019,34163.08,,milk_receipt,Y,D00335;D00336,,net of co-op deductions
bank/aib_current_2019.csv,480,25/11/2019,1649.96,,contracting_income,Y,D04946,,
bank/aib_current_2019.csv,481,25/11/2019,1209.76,,personal_paye_income,N,,,"spouse PAYE, personal income"
bank/aib_current_2019.csv,482,25/11/2019,-1049.41,,fuel,Y,D02832,,
bank/aib_current_2019.csv,483,25/11/2019,-2150.52,,vet_medicine,Y,D02769;D02782;D02788,,
bank/aib_current_2019.csv,484,28/11/2019,-1898.79,,wages_net,Y,,,
bank/aib_current_2019.csv,485,28/11/2019,-445.35,,wages_net,Y,,,
bank/aib_current_2019.csv,486,28/11/2019,1217.80,,personal_paye_income,N,,,"son PAYE as a contractor employee, personal"
bank/aib_current_2019.csv,487,30/11/2019,-23.10,,bank_charges,Y,,,
bank/aib_current_2019.csv,488,30/11/2019,-23.10,EXPORT_DUPLICATE,bank_charges,Y,,DUP_ROW,duplicate of previous row
bank/aib_current_2019.csv,489,01/12/2019,-300.98,,personal_groceries,N,,,household spending
bank/aib_current_2019.csv,490,02/12/2019,-675.34,,repairs,Y,D02853,,
bank/aib_current_2019.csv,491,02/12/2019,-3260.00,,drawings,N,,,
bank/aib_current_2019.csv,492,02/12/2019,-150.00,,drawings,N,,,
bank/aib_current_2019.csv,493,02/12/2019,1036.84,,vat_refund,Y,,,
bank/aib_current_2019.csv,494,03/12/2019,-166.35,,personal_groceries,N,,,household spending
bank/aib_current_2019.csv,495,05/12/2019,-400.00,,wages_unrecorded,N,,E6-family-wages,"son at college; no payroll, no work evidence"
bank/aib_current_2019.csv,496,05/12/2019,4566.79,,scheme_income,Y,,,
bank/aib_current_2019.csv,497,05/12/2019,-565.00,,pension_personal,N,,,personal pension; relief claimed on the personal return
bank/aib_current_2019.csv,498,06/12/2019,-364.13,,repairs,Y,D02844,,
bank/aib_current_2019.csv,499,06/12/2019,-221.96,,personal_groceries,N,,,household spending
bank/aib_current_2019.csv,500,09/12/2019,-823.04,,foot_care,Y,D02907,,
bank/aib_current_2019.csv,501,09/12/2019,-108.24,,software,Y,D02949,,
bank/aib_current_2019.csv,502,09/12/2019,12506.08,,livestock_sale,Y,D04726,,
bank/aib_current_2019.csv,503,09/12/2019,750.00,,scheme_income,Y,,,
bank/aib_current_2019.csv,504,09/12/2019,-2824.53,,loan_repayment,Y,,,"interest 809.66, capital 2014.88"
bank/aib_current_2019.csv,505,09/12/2019,-1139.47,,loan_repayment,Y,,,"interest 520.13, capital 619.34"
bank/aib_current_2019.csv,506,10/12/2019,-1377.00,,personal_misc,N,,,
bank/aib_current_2019.csv,507,11/12/2019,-200.00,,drawings,N,,,
bank/aib_current_2019.csv,508,12/12/2019,3004.00,,scheme_income,Y,,,
bank/aib_current_2019.csv,509,12/12/2019,-429.40,,health_insurance,N,,,
bank/aib_current_2019.csv,510,14/12/2019,-136.01,,personal_groceries,N,,,household spending
bank/aib_current_2019.csv,511,16/12/2019,-2557.35,,paye_prsi_usc,Y,,,
bank/aib_current_2019.csv,512,16/12/2019,-250.00,,drawings,N,,,
bank/aib_current_2019.csv,513,16/12/2019,-1736.57,,vet_medicine,Y,D02762;D02777;D02790,,
bank/aib_current_2019.csv,514,18/12/2019,-187.65,,telephone,M,D02948,,
bank/aib_current_2019.csv,515,18/12/2019,1637.24,,contracting_income,Y,D04948,,
bank/aib_current_2019.csv,516,19/12/2019,5200.00,,scheme_income,Y,,,
bank/aib_current_2019.csv,517,19/12/2019,-300.00,,drawings,N,,,
bank/aib_current_2019.csv,518,19/12/2019,-123.91,,personal_groceries,N,,,household spending
bank/aib_current_2019.csv,519,19/12/2019,-48.31,,personal_misc,N,,,
bank/aib_current_2019.csv,520,20/12/2019,-1532.66,,electricity,M,D02947,,
bank/aib_current_2019.csv,521,20/12/2019,-200.00,,savings,N,,,
bank/aib_current_2019.csv,522,23/12/2019,-79.10,,personal_misc,N,,,
bank/aib_current_2019.csv,523,24/12/2019,-1855.82,,repairs,Y,D02855;D02866;D02868;D02882,,
bank/aib_current_2019.csv,524,26/12/2019,-150.00,,drawings,N,,,
bank/aib_current_2019.csv,525,27/12/2019,16027.70,,milk_receipt,Y,D00337;D00338,,net of co-op deductions
bank/aib_current_2019.csv,526,27/12/2019,1209.76,,personal_paye_income,N,,,"spouse PAYE, personal income"
bank/aib_current_2019.csv,527,30/12/2019,-502.60,,repairs,Y,D02856,,
bank/aib_current_2019.csv,528,30/12/2019,-1898.79,,wages_net,Y,,,
bank/aib_current_2019.csv,529,30/12/2019,-449.22,,wages_net,Y,,,
bank/aib_current_2019.csv,530,30/12/2019,1217.80,,personal_paye_income,N,,,"son PAYE as a contractor employee, personal"
bank/aib_current_2019.csv,531,31/12/2019,-800.43,,dairy_hygiene,Y,D02887,,
bank/aib_current_2019.csv,532,31/12/2019,-23.10,,bank_charges,Y,,,
bank/aib_current_2020.csv,2,02/01/2020,-576.35,,repairs,Y,D02851,,
bank/aib_current_2020.csv,3,02/01/2020,-3380.00,,drawings,N,,,
bank/aib_current_2020.csv,4,03/01/2020,-300.00,,drawings,N,,,
bank/aib_current_2020.csv,5,06/01/2020,-108.24,,software,Y,D03137,,
bank/aib_current_2020.csv,6,06/01/2020,-150.00,,drawings,N,,,
bank/aib_current_2020.csv,7,06/01/2020,-139.92,,personal_groceries,N,,,household spending
bank/aib_current_2020.csv,8,06/01/2020,-565.00,,pension_personal,N,,,personal pension; relief claimed on the personal return
bank/aib_current_2020.csv,9,07/01/2020,1933.29,,contracting_income,Y,D04941,,
bank/aib_current_2020.csv,10,08/01/2020,-2824.53,,loan_repayment,Y,,,"interest 804.12, capital 2020.42"
bank/aib_current_2020.csv,11,08/01/2020,-1139.47,,loan_repayment,Y,,,"interest 518.43, capital 621.04"
bank/aib_current_2020.csv,12,08/01/2020,-179.52,,personal_groceries,N,,,household spending
bank/aib_current_2020.csv,13,08/01/2020,-97.73,,family_fuel,N,,,
bank/aib_current_2020.csv,14,11/01/2020,-296.75,,personal_groceries,N,,,household spending
bank/aib_current_2020.csv,15,13/01/2020,-429.40,,health_insurance,N,,,
bank/aib_current_2020.csv,16,14/01/2020,-222.38,,fallen_animals,Y,D04710,,
bank/aib_current_2020.csv,17,14/01/2020,-2561.62,,paye_prsi_usc,Y,,,
bank/aib_current_2020.csv,18,16/01/2020,-200.00,,drawings,N,,,
bank/aib_current_2020.csv,19,17/01/2020,-2073.75,,repairs,Y,D02849;D02864;D02883;D02884,,
bank/aib_current_2020.csv,20,18/01/2020,-300.00,,drawings,N,,,
bank/aib_current_2020.csv,21,18/01/2020,-112.11,,personal_groceries,N,,,household spending
bank/aib_current_2020.csv,22,20/01/2020,-371.57,,dairy_hygiene,Y,D02899,,
bank/aib_current_2020.csv,23,20/01/2020,-438.75,,dairy_hygiene,Y,D03105,,
bank/aib_current_2020.csv,24,20/01/2020,-1837.08,,electricity,M,D03135,,
bank/aib_current_2020.csv,25,20/01/2020,-204.86,,telephone,M,D03136,,
bank/aib_current_2020.csv,26,20/01/2020,-200.00,,savings,N,,,
bank/aib_current_2020.csv,27,20/01/2020,-3604.19,,feed,Y,D02736,,
bank/aib_current_2020.csv,28,20/01/2020,-1504.77,,vet_medicine,Y,D02779;D02783,,
bank/aib_current_2020.csv,29,20/01/2020,-799.33,,vat_payment,Y,,,
bank/aib_current_2020.csv,30,22/01/2020,-79.10,,personal_misc,N,,,
bank/aib_current_2020.csv,31,23/01/2020,-622.40,,repairs,Y,D02869,,
bank/aib_current_2020.csv,32,23/01/2020,-256.21,,repairs,Y,D02881,,
bank/aib_current_2020.csv,33,27/01/2020,2917.15,,milk_receipt,Y,D00339;D00340,,net of co-op deductions
bank/aib_current_2020.csv,34,27/01/2020,1245.74,,personal_paye_income,N,,,"spouse PAYE, personal income"
bank/aib_current_2020.csv,35,28/01/2020,-1964.88,,wages_net,Y,,,
bank/aib_current_2020.csv,36,28/01/2020,-457.22,,wages_net,Y,,,
bank/aib_current_2020.csv,37,28/01/2020,1266.10,,personal_paye_income,N,,,"son PAYE as a contractor employee, personal"
bank/aib_current_2020.csv,38,31/01/2020,-807.42,,foot_care,Y,D03132,,
bank/aib_current_2020.csv,39,31/01/2020,-23.80,,bank_charges,Y,,,
bank/aib_current_2020.csv,40,02/02/2020,-312.04,,personal_groceries,N,,,household spending
bank/aib_current_2020.csv,41,03/02/2020,-3380.00,,drawings,N,,,
bank/aib_current_2020.csv,42,04/02/2020,-899.79,,vet_medicine,Y,D02997,,
bank/aib_current_2020.csv,43,05/02/2020,-565.00,,pension_personal,N,,,personal pension; relief claimed on the personal return
bank/aib_current_2020.csv,44,06/02/2020,-108.24,,software,Y,D03140,,
bank/aib_current_2020.csv,45,07/02/2020,-250.00,,drawings,N,,,
bank/aib_current_2020.csv,46,08/02/2020,-275.59,,personal_groceries,N,,,household spending
bank/aib_current_2020.csv,47,08/02/2020,-249.39,,personal_groceries,N,,,household spending
bank/aib_current_2020.csv,48,10/02/2020,-2824.53,,loan_repayment,Y,,,"interest 798.56, capital 2025.97"
bank/aib_current_2020.csv,49,10/02/2020,-1139.47,,loan_repayment,Y,,,"interest 516.72, capital 622.75"
bank/aib_current_2020.csv,50,11/02/2020,13400.00,,capital_grant,Y,,E9-dupclaim,40% LESS grant
bank/aib_current_2020.csv,51,12/02/2020,-429.40,,health_insurance,N,,,
bank/aib_current_2020.csv,52,13/02/2020,-10965.46,,insurance,Y,D03171,,
bank/aib_current_2020.csv,53,13/02/2020,-250.00,,drawings,N,,,
bank/aib_current_2020.csv,54,14/02/2020,-2643.86,,paye_prsi_usc,Y,,,
bank/aib_current_2020.csv,55,18/02/2020,-150.00,,drawings,N,,,
bank/aib_current_2020.csv,56,19/02/2020,-189.89,,telephone,M,D03139,,
bank/aib_current_2020.csv,57,19/02/2020,-73.39,,family_fuel,N,,,
bank/aib_current_2020.csv,58,20/02/2020,-200.00,,savings,N,,,
bank/aib_current_2020.csv,59,21/02/2020,-3929.70,,feed,Y,D02962,,
bank/aib_current_2020.csv,60,24/02/2020,-1828.67,,electricity,M,D03138,,
bank/aib_current_2020.csv,61,24/02/2020,-214.28,,personal_groceries,N,,,household spending
bank/aib_current_2020.csv,62,24/02/2020,-130.12,,personal_misc,N,,,
bank/aib_current_2020.csv,63,24/02/2020,-79.10,,personal_misc,N,,,
bank/aib_current_2020.csv,64,24/02/2020,-5479.36,,feed,Y,D02956,,
bank/aib_current_2020.csv,65,24/02/2020,-1233.02,,fuel,Y,D03049,,
bank/aib_current_2020.csv,66,24/02/2020,-1218.21,,vet_medicine,Y,D03019;D03022,,
bank/aib_current_2020.csv,67,25/02/2020,9663.93,,milk_receipt,Y,D00341;D00342,,net of co-op deductions
bank/aib_current_2020.csv,68,25/02/2020,1245.74,,personal_paye_income,N,,,"spouse PAYE, personal income"
bank/aib_current_2020.csv,69,28/02/2020,-1964.88,,wages_net,Y,,,
bank/aib_current_2020.csv,70,28/02/2020,-444.03,,wages_net,Y,,,
bank/aib_current_2020.csv,71,28/02/2020,-1082.35,,wages_net,Y,,,
bank/aib_current_2020.csv,72,28/02/2020,1266.10,,personal_paye_income,N,,,"son PAYE as a contractor employee, personal"
bank/aib_current_2020.csv,73,29/02/2020,-23.80,,bank_charges,Y,,,
bank/aib_current_2020.csv,74,02/03/2020,-3380.00,,drawings,N,,,
bank/aib_current_2020.csv,75,04/03/2020,-300.00,,drawings,N,,,
bank/aib_current_2020.csv,76,04/03/2020,-286.53,,personal_groceries,N,,,household spending
bank/aib_current_2020.csv,77,05/03/2020,-565.00,,pension_personal,N,,,personal pension; relief claimed on the personal return
bank/aib_current_2020.csv,78,06/03/2020,-380.09,,repairs,Y,D03103,,
bank/aib_current_2020.csv,79,09/03/2020,-108.24,,software,Y,D03143,,
bank/aib_current_2020.csv,80,09/03/2020,-2824.53,,loan_repayment,Y,,,"interest 792.99, capital 2031.54"
bank/aib_current_2020.csv,81,09/03/2020,-1139.47,,loan_repayment,Y,,,"interest 515.01, capital 624.47"
bank/aib_current_2020.csv,82,12/03/2020,-429.40,,health_insurance,N,,,
bank/aib_current_2020.csv,83,13/03/2020,-255.97,,personal_groceries,N,,,household spending
bank/aib_current_2020.csv,84,16/03/2020,-3808.39,,paye_prsi_usc,Y,,,
bank/aib_current_2020.csv,85,16/03/2020,-2298.79,,repairs,Y,D03056;D03072;D03078;D03079;D03080,,
bank/aib_current_2020.csv,86,17/03/2020,-244.49,,personal_groceries,N,,,household spending
bank/aib_current_2020.csv,87,18/03/2020,-5183.94,,fertiliser,Y,D02976,,
bank/aib_current_2020.csv,88,18/03/2020,-1458.44,,vet_medicine,Y,D02992;D03000,,
bank/aib_current_2020.csv,89,19/03/2020,-205.18,,telephone,M,D03142,,
bank/aib_current_2020.csv,90,20/03/2020,-200.00,,savings,N,,,
bank/aib_current_2020.csv,91,22/03/2020,-200.00,,drawings,N,,,
bank/aib_current_2020.csv,92,23/03/2020,-1490.24,,electricity,M,D03141,,
bank/aib_current_2020.csv,93,23/03/2020,-3836.12,,professional_fees,Y,D03172,,
bank/aib_current_2020.csv,94,23/03/2020,1203.87,,livestock_sale,Y,D04734;D04735,,net of commission
bank/aib_current_2020.csv,95,23/03/2020,-79.10,,personal_misc,N,,,
bank/aib_current_2020.csv,96,23/03/2020,-696.43,,dairy_hygiene,Y,D03111,,
bank/aib_current_2020.csv,97,24/03/2020,1091.59,,contracting_income,Y,D04960,,
bank/aib_current_2020.csv,98,24/03/2020,-300.00,,drawings,N,,,
bank/aib_current_2020.csv,99,25/03/2020,31662.67,,milk_receipt,Y,D00343;D00344,,net of co-op deductions
bank/aib_current_2020.csv,100,25/03/2020,-643.01,,repairs,Y,D03075,,
bank/aib_current_2020.csv,101,25/03/2020,1245.74,,personal_paye_income,N,,,"spouse PAYE, personal income"
bank/aib_current_2020.csv,102,25/03/2020,-177.34,,personal_groceries,N,,,household spending
bank/aib_current_2020.csv,103,26/03/2020,-433.29,,repairs,Y,D03064,,
bank/aib_current_2020.csv,104,27/03/2020,-644.70,,repairs,Y,D03066,,
bank/aib_current_2020.csv,105,30/03/2020,-1835.78,,contractors,Y,D03042,,
bank/aib_current_2020.csv,106,30/03/2020,1167.34,,livestock_sale,Y,D04736;D04737,,net of commission
bank/aib_current_2020.csv,107,30/03/2020,-1964.88,,wages_net,Y,,,
bank/aib_current_2020.csv,108,30/03/2020,-460.93,,wages_net,Y,,,
bank/aib_current_2020.csv,109,30/03/2020,-1082.35,,wages_net,Y,,,
bank/aib_current_2020.csv,110,30/03/2020,1266.10,,personal_paye_income,N,,,"son PAYE as a contractor employee, personal"
bank/aib_current_2020.csv,111,31/03/2020,-23.80,,bank_charges,Y,,,
bank/aib_current_2020.csv,112,01/04/2020,-3380.00,,drawings,N,,,
bank/aib_current_2020.csv,113,02/04/2020,-250.00,,drawings,N,,,
bank/aib_current_2020.csv,114,03/04/2020,-96.13,,personal_groceries,N,,,household spending
bank/aib_current_2020.csv,115,04/04/2020,-250.00,,drawings,N,,,
bank/aib_current_2020.csv,116,04/04/2020,-70.69,,family_fuel,N,,,
bank/aib_current_2020.csv,117,06/04/2020,-108.24,,software,Y,D03146,,
bank/aib_current_2020.csv,118,06/04/2020,-565.00,,pension_personal,N,,,personal pension; relief claimed on the personal return
bank/aib_current_2020.csv,119,08/04/2020,-447.18,,vet_medicine,Y,D03023,,
bank/aib_current_2020.csv,120,08/04/2020,-2824.53,,loan_repayment,Y,,,"interest 787.40, capital 2037.13"
bank/aib_current_2020.csv,121,08/04/2020,-1139.47,,loan_repayment,Y,,,"interest 513.29, capital 626.18"
bank/aib_current_2020.csv,122,10/04/2020,1102.42,,livestock_sale,Y,D04738;D04739,,net of commission
bank/aib_current_2020.csv,123,10/04/2020,-300.00,,drawings,N,,,
bank/aib_current_2020.csv,124,10/04/2020,-150.00,,drawings,N,,,
bank/aib_current_2020.csv,125,12/04/2020,-139.88,,personal_groceries,N,,,household spending
bank/aib_current_2020.csv,126,13/04/2020,-429.40,,health_insurance,N,,,
bank/aib_current_2020.csv,127,13/04/2020,821.83,,vat_refund,Y,,,
bank/aib_current_2020.csv,128,14/04/2020,1192.23,,livestock_sale,Y,D04740;D04741,,net of commission
bank/aib_current_2020.csv,129,14/04/2020,-3827.15,,paye_prsi_usc,Y,,,
bank/aib_current_2020.csv,130,16/04/2020,-556.14,,dairy_hygiene,Y,D03114,,
bank/aib_current_2020.csv,131,17/04/2020,-1835.53,,electricity,M,D03144,,
bank/aib_current_2020.csv,132,17/04/2020,-1252.06,,repairs,Y,D03057;D03090,,
bank/aib_current_2020.csv,133,19/04/2020,-300.00,,drawings,N,,,
bank/aib_current_2020.csv,134,20/04/2020,-797.03,,dairy_hygiene,Y,D03116,,
bank/aib_current_2020.csv,135,20/04/2020,-220.80,,telephone,M,D03145,,
bank/aib_current_2020.csv,136,20/04/2020,-217.39,,personal_groceries,N,,,household spending
bank/aib_current_2020.csv,137,20/04/2020,-200.00,,savings,N,,,
bank/aib_current_2020.csv,138,21/04/2020,-531.29,,vet_medicine,Y,D03001,,
bank/aib_current_2020.csv,139,22/04/2020,-79.10,,personal_misc,N,,,
bank/aib_current_2020.csv,140,22/04/2020,-1359.41,,dairy_hygiene,Y,D03110;D03118,,
bank/aib_current_2020.csv,141,22/04/2020,-3106.69,,contractors,Y,D03038,,
bank/aib_current_2020.csv,142,23/04/2020,1775.64,,contracting_income,Y,D04956,,
bank/aib_current_2020.csv,143,24/04/2020,-9670.67,,feed,Y,D02957;D02966;D02968,,
bank/aib_current_2020.csv,144,24/04/2020,-7883.52,,fertiliser,Y,D02975,,
bank/aib_current_2020.csv,145,24/04/2020,-3338.24,,vet_medicine,Y,D02993;D02994;D03015;D03017;D03018,,
bank/aib_current_2020.csv,146,27/04/2020,63851.99,,milk_receipt,Y,D00345;D00346,,net of co-op deductions
bank/aib_current_2020.csv,147,27/04/2020,-811.41,,breeding_ai,Y,D03028,,
bank/aib_current_2020.csv,148,27/04/2020,1178.81,,livestock_sale,Y,D04742;D04743,,net of commission
bank/aib_current_2020.csv,149,27/04/2020,1245.74,,personal_paye_income,N,,,"spouse PAYE, personal income"
bank/aib_current_2020.csv,150,27/04/2020,-124.83,,personal_groceries,N,,,household spending
bank/aib_current_2020.csv,151,28/04/2020,-472.69,,dairy_hygiene,Y,D03119,,
bank/aib_current_2020.csv,152,28/04/2020,-1964.88,,wages_net,Y,,,
bank/aib_current_2020.csv,153,28/04/2020,-439.38,,wages_net,Y,,,
bank/aib_current_2020.csv,154,28/04/2020,-1082.35,,wages_net,Y,,,
bank/aib_current_2020.csv,155,28/04/2020,1266.10,,personal_paye_income,N,,,"son PAYE as a contractor employee, personal"
bank/aib_current_2020.csv,156,30/04/2020,-624.73,,breeding_ai,Y,D03032,,
bank/aib_current_2020.csv,157,30/04/2020,-23.80,,bank_charges,Y,,,
bank/aib_current_2020.csv,158,01/05/2020,-835.40,,breeding_ai,Y,D03029,,
bank/aib_current_2020.csv,159,01/05/2020,-518.15,,breeding_ai,Y,D03034,,
bank/aib_current_2020.csv,160,01/05/2020,-3380.00,,drawings,N,,,
bank/aib_current_2020.csv,161,03/05/2020,-233.12,,personal_groceries,N,,,household spending
bank/aib_current_2020.csv,162,03/05/2020,-254.07,,personal_groceries,N,,,household spending
bank/aib_current_2020.csv,163,04/05/2020,-159.29,,personal_groceries,N,,,household spending
bank/aib_current_2020.csv,164,04/05/2020,-159.99,,personal_groceries,N,,,household spending
bank/aib_current_2020.csv,165,05/05/2020,-200.00,,drawings,N,,,
bank/aib_current_2020.csv,166,05/05/2020,-250.00,,drawings,N,,,
bank/aib_current_2020.csv,167,05/05/2020,-565.00,,pension_personal,N,,,personal pension; relief claimed on the personal return
bank/aib_current_2020.csv,168,08/05/2020,-1047.52,,breeding_ai,Y,D03025,,
bank/aib_current_2020.csv,169,08/05/2020,-108.24,,software,Y,D03149,,
bank/aib_current_2020.csv,170,08/05/2020,1035.81,,livestock_sale,Y,D04744;D04745,,net of commission
bank/aib_current_2020.csv,171,08/05/2020,-71340.00,,capital_equipment,Y,D05112,,
bank/aib_current_2020.csv,172,08/05/2020,-2824.53,,loan_repayment,Y,,,"interest 781.80, capital 2042.73"
bank/aib_current_2020.csv,173,08/05/2020,-1139.47,,loan_repayment,Y,,,"interest 511.57, capital 627.90"
bank/aib_current_2020.csv,174,08/05/2020,-1356.00,,family_car_running,N,,,
bank/aib_current_2020.csv,175,08/05/2020,-412.30,,personal_groceries,N,D05134,E14-vat-grocery,receipt filed in the farm VAT folder
bank/aib_current_2020.csv,176,09/05/2020,-300.00,,drawings,N,,,
bank/aib_current_2020.csv,177,11/05/2020,1859.70,,contracting_income,Y,D04952,,
bank/aib_current_2020.csv,178,11/05/2020,1425.39,,contracting_income,Y,D04963,,
bank/aib_current_2020.csv,179,11/05/2020,-237.60,,personal_groceries,N,,,household spending
bank/aib_current_2020.csv,180,12/05/2020,-638.21,,repairs,Y,D03058,,
bank/aib_current_2020.csv,181,12/05/2020,-429.40,,health_insurance,N,,,
bank/aib_current_2020.csv,182,14/05/2020,-3803.24,,paye_prsi_usc,Y,,,
bank/aib_current_2020.csv,183,15/05/2020,-200.52,,personal_groceries,N,,,household spending
bank/aib_current_2020.csv,184,15/05/2020,-792.80,,breeding_ai,Y,D03033,,
bank/aib_current_2020.csv,185,16/05/2020,-150.00,,drawings,N,,,
bank/aib_current_2020.csv,186,18/05/2020,-805.61,,vet_medicine,Y,D02979,,
bank/aib_current_2020.csv,187,18/05/2020,-2794.88,,contractors,Y,D03035,,
bank/aib_current_2020.csv,188,18/05/2020,-1470.00,,vet_medicine,Y,D03004;D03010,,
bank/aib_current_2020.csv,189,19/05/2020,-634.18,,dairy_hygiene,Y,D03107,,
bank/aib_current_2020.csv,190,19/05/2020,-4297.61,,feed,Y,D02964,,
bank/aib_current_2020.csv,191,20/05/2020,-190.93,,telephone,M,D03148,,
bank/aib_current_2020.csv,192,20/05/2020,-200.00,,savings,N,,,
bank/aib_current_2020.csv,193,20/05/2020,-638.21,,repairs,Y,D03058,DOUBLE_PAYMENT,invoice paid twice
bank/aib_current_2020.csv,194,21/05/2020,1217.03,,livestock_sale,Y,D04746;D04747,,net of commission
bank/aib_current_2020.csv,195,21/05/2020,2232.33,,contracting_income,Y,D04964,,
bank/aib_current_2020.csv,196,22/05/2020,-1532.51,,electricity,M,D03147,,
bank/aib_current_2020.csv,197,22/05/2020,-79.10,,personal_misc,N,,,
bank/aib_current_2020.csv,198,25/05/2020,85738.30,,milk_receipt,Y,D00347;D00348,,net of co-op deductions
bank/aib_current_2020.csv,199,25/05/2020,-495.97,,vet_medicine,Y,D03006,,
bank/aib_current_2020.csv,200,25/05/2020,1245.74,,personal_paye_income,N,,,"spouse PAYE, personal income"
bank/aib_current_2020.csv,201,25/05/2020,-690.82,,repairs,Y,D03088,,
bank/aib_current_2020.csv,202,26/05/2020,-1051.70,,breeding_ai,Y,D03027,,
bank/aib_current_2020.csv,203,28/05/2020,1363.01,,contracting_income,Y,D04968,,
bank/aib_current_2020.csv,204,28/05/2020,-1964.88,,wages_net,Y,,,
bank/aib_current_2020.csv,205,28/05/2020,-467.73,,wages_net,Y,,,
bank/aib_current_2020.csv,206,28/05/2020,-1082.35,,wages_net,Y,,,
bank/aib_current_2020.csv,207,28/05/2020,1266.10,,personal_paye_income,N,,,"son PAYE as a contractor employee, personal"
bank/aib_current_2020.csv,208,31/05/2020,-23.80,,bank_charges,Y,,,
bank/aib_current_2020.csv,209,01/06/2020,-194.59,,fallen_animals,Y,D04733,,
bank/aib_current_2020.csv,210,01/06/2020,-3380.00,,drawings,N,,,
bank/aib_current_2020.csv,211,03/06/2020,-2716.51,,contractors,Y,D03046,,
bank/aib_current_2020.csv,212,03/06/2020,973.37,,livestock_sale,Y,D04748;D04749,,net of commission
bank/aib_current_2020.csv,213,03/06/2020,-249.55,,personal_groceries,N,,,household spending
bank/aib_current_2020.csv,214,04/06/2020,-64.65,,family_fuel,N,,,
bank/aib_current_2020.csv,215,05/06/2020,-194.59,,fallen_animals,Y,D04732,,
bank/aib_current_2020.csv,216,05/06/2020,-200.00,,drawings,N,,,
bank/aib_current_2020.csv,217,05/06/2020,-565.00,,pension_personal,N,,,personal pension; relief claimed on the personal return
bank/aib_current_2020.csv,218,08/06/2020,-311.28,,dairy_hygiene,Y,D03123,,
bank/aib_current_2020.csv,219,08/06/2020,-108.24,,software,Y,D03152,,
bank/aib_current_2020.csv,220,08/06/2020,-2824.53,,loan_repayment,Y,,,"interest 776.18, capital 2048.35"
bank/aib_current_2020.csv,221,08/06/2020,-1139.47,,loan_repayment,Y,,,"interest 509.84, capital 629.63"
bank/aib_current_2020.csv,222,08/06/2020,-300.00,,drawings,N,,,
bank/aib_current_2020.csv,223,08/06/2020,-150.00,,drawings,N,,,
bank/aib_current_2020.csv,224,09/06/2020,-527.14,,dairy_hygiene,Y,D03120,,
bank/aib_current_2020.csv,225,11/06/2020,-429.60,,repairs,Y,,MISSING_INVOICE,payment with no supplier invoice on file
bank/aib_current_2020.csv,226,12/06/2020,-700.60,,utilities,M,D03174,,
bank/aib_current_2020.csv,227,12/06/2020,-429.40,,health_insurance,N,,,
bank/aib_current_2020.csv,228,14/06/2020,-150.00,,drawings,N,,,
bank/aib_current_2020.csv,229,15/06/2020,-696.50,,vet_medicine,Y,D02981,,
bank/aib_current_2020.csv,230,15/06/2020,-3834.70,,paye_prsi_usc,Y,,,
bank/aib_current_2020.csv,231,15/06/2020,-250.00,,drawings,N,,,
bank/aib_current_2020.csv,232,16/06/2020,-1245.79,,repairs,Y,D03063;D03069;D03070,,
bank/aib_current_2020.csv,233,16/06/2020,-1402.12,,vet_medicine,Y,D02995;D03013;D03020,,
bank/aib_current_2020.csv,234,17/06/2020,-617.36,,dairy_hygiene,Y,D03121,,
bank/aib_current_2020.csv,235,17/06/2020,669.67,,vat_refund,Y,,,
bank/aib_current_2020.csv,236,18/06/2020,-1877.43,,electricity,M,D03150,,
bank/aib_current_2020.csv,237,19/06/2020,-214.22,,telephone,M,D03151,,
bank/aib_current_2020.csv,238,19/06/2020,-213.09,,personal_groceries,N,,,household spending
bank/aib_current_2020.csv,239,19/06/2020,-135.20,,personal_groceries,N,,,household spending
bank/aib_current_2020.csv,240,19/06/2020,-2638.24,,contractors,Y,D03039,,
bank/aib_current_2020.csv,241,22/06/2020,3100.00,,unexplained_credit,U,,E2-2020,"contracting job paid in cash, no invoice raised, no output VAT"
bank/aib_current_2020.csv,242,22/06/2020,1613.19,,contracting_income,Y,D04953,,
bank/aib_current_2020.csv,243,22/06/2020,-342.93,,personal_groceries,N,,,household spending
bank/aib_current_2020.csv,244,22/06/2020,-200.00,,savings,N,,,
bank/aib_current_2020.csv,245,22/06/2020,-79.10,,personal_misc,N,,,
bank/aib_current_2020.csv,246,22/06/2020,-1804.57,,breeding_ai,Y,D03024;D03031,,
bank/aib_current_2020.csv,247,22/06/2020,-6065.08,,fertiliser,Y,D02974,,
bank/aib_current_2020.csv,248,23/06/2020,-1185.10,,breeding_ai,Y,D03026,,
bank/aib_current_2020.csv,249,23/06/2020,-1349.67,,silage_plastic,Y,D03124,,
bank/aib_current_2020.csv,250,24/06/2020,-1316.25,,fuel,Y,D03052,,
bank/aib_current_2020.csv,251,24/06/2020,-251.09,,personal_groceries,N,,,household spending
bank/aib_current_2020.csv,252,25/06/2020,95003.27,,milk_receipt,Y,D00349;D00350,,net of co-op deductions
bank/aib_current_2020.csv,253,25/06/2020,2011.54,,contracting_income,Y,D04958,,
bank/aib_current_2020.csv,254,25/06/2020,1245.74,,personal_paye_income,N,,,"spouse PAYE, personal income"
bank/aib_current_2020.csv,255,26/06/2020,-254.57,,personal_groceries,N,,,household spending
bank/aib_current_2020.csv,256,29/06/2020,-1964.88,,wages_net,Y,,,
bank/aib_current_2020.csv,257,29/06/2020,-449.61,,wages_net,Y,,,
bank/aib_current_2020.csv,258,29/06/2020,-1082.35,,wages_net,Y,,,
bank/aib_current_2020.csv,259,29/06/2020,1266.10,,personal_paye_income,N,,,"son PAYE as a contractor employee, personal"
bank/aib_current_2020.csv,260,29/06/2020,638.21,,repairs,Y,,DOUBLE_PAYMENT_REFUND,
bank/aib_current_2020.csv,261,30/06/2020,-23.80,,bank_charges,Y,,,
bank/aib_current_2020.csv,262,30/06/2020,-710.00,,bank_charges,Y,,,
bank/aib_current_2020.csv,263,30/06/2020,-54000.00,,own_transfer,T,,,
bank/aib_current_2020.csv,264,01/07/2020,-3380.00,,drawings,N,,,
bank/aib_current_2020.csv,265,02/07/2020,-1250.91,,professional_fees,Y,D03173,,
bank/aib_current_2020.csv,266,06/07/2020,-108.24,,software,Y,D03155,,
bank/aib_current_2020.csv,267,06/07/2020,-147.79,,personal_groceries,N,,,household spending
bank/aib_current_2020.csv,268,06/07/2020,-565.00,,pension_personal,N,,,personal pension; relief claimed on the personal return
bank/aib_current_2020.csv,269,08/07/2020,-2824.53,,loan_repayment,Y,,,"interest 770.55, capital 2053.98"
bank/aib_current_2020.csv,270,08/07/2020,-1139.47,,loan_repayment,Y,,,"interest 508.11, capital 631.36"
bank/aib_current_2020.csv,271,08/07/2020,-140.16,,personal_groceries,N,,,household spending
bank/aib_current_2020.csv,272,09/07/2020,-234.98,,personal_groceries,N,,,household spending
bank/aib_current_2020.csv,273,10/07/2020,-4475.30,,contractors,Y,D03044,,
bank/aib_current_2020.csv,274,11/07/2020,-260.59,,personal_groceries,N,,,household spending
bank/aib_current_2020.csv,275,11/07/2020,-334.94,,personal_groceries,N,,,household spending
bank/aib_current_2020.csv,276,13/07/2020,1013.58,,contracting_income,Y,D04957,,
bank/aib_current_2020.csv,277,13/07/2020,-200.00,,drawings,N,,,
bank/aib_current_2020.csv,278,13/07/2020,-429.40,,health_insurance,N,,,
bank/aib_current_2020.csv,279,14/07/2020,-560.70,,repairs,Y,D03076,,
bank/aib_current_2020.csv,280,14/07/2020,-3814.57,,paye_prsi_usc,Y,,,
bank/aib_current_2020.csv,281,14/07/2020,-4080.74,,family_holiday,N,,,family holiday paid by the farm account
bank/aib_current_2020.csv,282,15/07/2020,-607.10,,repairs,Y,D03082,,
bank/aib_current_2020.csv,283,16/07/2020,-7407.68,,contractors,Y,D03036;D03037,,
bank/aib_current_2020.csv,284,17/07/2020,-1512.58,,electricity,M,D03153,,
bank/aib_current_2020.csv,285,17/07/2020,-1765.97,,silage_plastic,Y,D03126,,
bank/aib_current_2020.csv,286,18/07/2020,-250.00,,drawings,N,,,
bank/aib_current_2020.csv,287,20/07/2020,-211.38,,telephone,M,D03154,,
bank/aib_current_2020.csv,288,20/07/2020,8132.13,,livestock_sale,Y,D04751,,
bank/aib_current_2020.csv,289,20/07/2020,2039.42,,contracting_income,Y,D04961,,
bank/aib_current_2020.csv,290,20/07/2020,-350.00,,wages_unrecorded,Y,,E5-overtime,overtime paid on top of net pay outside payroll
bank/aib_current_2020.csv,291,20/07/2020,-250.00,,drawings,N,,,
bank/aib_current_2020.csv,292,20/07/2020,-200.00,,savings,N,,,
bank/aib_current_2020.csv,293,20/07/2020,-2846.80,,fuel,Y,D03048;D03053,,
bank/aib_current_2020.csv,294,20/07/2020,-15691.57,,vat_payment,Y,,,
bank/aib_current_2020.csv,295,21/07/2020,-1496.86,,vet_medicine,Y,D02983;D03003,,
bank/aib_current_2020.csv,296,22/07/2020,-280.67,,personal_groceries,N,,,household spending
bank/aib_current_2020.csv,297,22/07/2020,-79.10,,personal_misc,N,,,
bank/aib_current_2020.csv,298,23/07/2020,-150.00,,drawings,N,,,
bank/aib_current_2020.csv,299,23/07/2020,-1641.01,,repairs,Y,D03084;D03101;D03104,,
bank/aib_current_2020.csv,300,27/07/2020,91070.31,,milk_receipt,Y,D00351;D00352,,net of co-op deductions
bank/aib_current_2020.csv,301,27/07/2020,8504.16,,livestock_sale,Y,D04755,,
bank/aib_current_2020.csv,302,28/07/2020,-1964.88,,wages_net,Y,,,
bank/aib_current_2020.csv,303,28/07/2020,-457.66,,wages_net,Y,,,
bank/aib_current_2020.csv,304,28/07/2020,-1082.35,,wages_net,Y,,,
bank/aib_current_2020.csv,305,28/07/2020,1266.10,,personal_paye_income,N,,,"son PAYE as a contractor employee, personal"
bank/aib_current_2020.csv,306,29/07/2020,-323.48,,repairs,Y,D03081,,
bank/aib_current_2020.csv,307,31/07/2020,-23.80,,bank_charges,Y,,,
bank/aib_current_2020.csv,308,31/07/2020,-49000.00,,own_transfer,T,,,
bank/aib_current_2020.csv,309,03/08/2020,2304.97,,contracting_income,Y,D04955,,
bank/aib_current_2020.csv,310,03/08/2020,-3380.00,,drawings,N,,,
bank/aib_current_2020.csv,311,04/08/2020,-250.00,,drawings,N,,,
bank/aib_current_2020.csv,312,05/08/2020,-358.48,,personal_groceries,N,,,household spending
bank/aib_current_2020.csv,313,05/08/2020,-565.00,,pension_personal,N,,,personal pension; relief claimed on the personal return
bank/aib_current_2020.csv,314,07/08/2020,-108.24,,software,Y,D03158,,
bank/aib_current_2020.csv,315,10/08/2020,-899.68,,foot_care,Y,D03131,,
bank/aib_current_2020.csv,316,10/08/2020,-2824.53,,loan_repayment,Y,,,"interest 764.90, capital 2059.63"
bank/aib_current_2020.csv,317,10/08/2020,-1139.47,,loan_repayment,Y,,,"interest 506.37, capital 633.10"
bank/aib_current_2020.csv,318,10/08/2020,-76.13,,family_fuel,N,,,
bank/aib_current_2020.csv,319,11/08/2020,-252.08,,personal_groceries,N,,,household spending
bank/aib_current_2020.csv,320,12/08/2020,-939.46,,breeding_ai,Y,D03030,,
bank/aib_current_2020.csv,321,12/08/2020,-250.00,,drawings,N,,,
bank/aib_current_2020.csv,322,12/08/2020,-429.40,,health_insurance,N,,,
bank/aib_current_2020.csv,323,13/08/2020,-427.50,,repairs,Y,D03062,,
bank/aib_current_2020.csv,324,14/08/2020,-585.60,,repairs,Y,D03097,,
bank/aib_current_2020.csv,325,14/08/2020,-3823.52,,paye_prsi_usc,Y,,,
bank/aib_current_2020.csv,326,15/08/2020,-200.00,,drawings,N,,,
bank/aib_current_2020.csv,327,16/08/2020,-215.94,,personal_groceries,N,,,household spending
bank/aib_current_2020.csv,328,17/08/2020,7256.37,,livestock_sale,Y,D04750,,
bank/aib_current_2020.csv,329,17/08/2020,-21525.00,,capital_equipment,Y,D05113,,
bank/aib_current_2020.csv,330,18/08/2020,-321.63,,dairy_hygiene,Y,D03106,,
bank/aib_current_2020.csv,331,20/08/2020,-1668.30,,electricity,M,D03156,,
bank/aib_current_2020.csv,332,20/08/2020,-214.89,,telephone,M,D03157,,
bank/aib_current_2020.csv,333,20/08/2020,1539.68,,contracting_income,Y,D04966,,
bank/aib_current_2020.csv,334,20/08/2020,-400.00,,wages_unrecorded,Y,,E5-overtime,overtime paid on top of net pay outside payroll
bank/aib_current_2020.csv,335,20/08/2020,-200.00,,savings,N,,,
bank/aib_current_2020.csv,336,21/08/2020,-1800.84,,silage_plastic,Y,D03125,,
bank/aib_current_2020.csv,337,21/08/2020,-200.00,,drawings,N,,,
bank/aib_current_2020.csv,338,22/08/2020,-271.72,,personal_groceries,N,,,household spending
bank/aib_current_2020.csv,339,24/08/2020,-79.10,,personal_misc,N,,,
bank/aib_current_2020.csv,340,24/08/2020,-3000.00,,personal_education,N,,,
bank/aib_current_2020.csv,341,24/08/2020,-701.17,,foot_care,Y,D03129,,
bank/aib_current_2020.csv,342,24/08/2020,-454.78,,repairs,Y,D03073,,
bank/aib_current_2020.csv,343,24/08/2020,-788.27,,silage_plastic,Y,D03127,,
bank/aib_current_2020.csv,344,25/08/2020,77623.87,,milk_receipt,Y,D00353;D00354,,net of co-op deductions
bank/aib_current_2020.csv,345,26/08/2020,-259.46,,repairs,Y,D03096,,
bank/aib_current_2020.csv,346,28/08/2020,-512.05,,dairy_hygiene,Y,D03112,,
bank/aib_current_2020.csv,347,28/08/2020,-1964.88,,wages_net,Y,,,
bank/aib_current_2020.csv,348,28/08/2020,-468.67,,wages_net,Y,,,
bank/aib_current_2020.csv,349,28/08/2020,-1082.35,,wages_net,Y,,,
bank/aib_current_2020.csv,350,28/08/2020,1266.10,,personal_paye_income,N,,,"son PAYE as a contractor employee, personal"
bank/aib_current_2020.csv,351,28/08/2020,-250.00,,drawings,N,,,
bank/aib_current_2020.csv,352,31/08/2020,-23.80,,bank_charges,Y,,,
bank/aib_current_2020.csv,353,31/08/2020,-37000.00,,own_transfer,T,,,
bank/aib_current_2020.csv,354,01/09/2020,7758.53,,livestock_sale,Y,D04752,,
bank/aib_current_2020.csv,355,01/09/2020,-3380.00,,drawings,N,,,
bank/aib_current_2020.csv,356,03/09/2020,-108.98,,personal_groceries,N,,,household spending
bank/aib_current_2020.csv,357,05/09/2020,-200.00,,drawings,N,,,
bank/aib_current_2020.csv,358,07/09/2020,-106.48,,software,Y,D03161,,
bank/aib_current_2020.csv,359,07/09/2020,-141.22,,personal_groceries,N,,,household spending
bank/aib_current_2020.csv,360,07/09/2020,-565.00,,pension_personal,N,,,personal pension; relief claimed on the personal return
bank/aib_current_2020.csv,361,07/09/2020,-1243.00,,personal_education,N,,,
bank/aib_current_2020.csv,362,08/09/2020,-2824.53,,loan_repayment,Y,,,"interest 759.24, capital 2065.30"
bank/aib_current_2020.csv,363,08/09/2020,-1139.47,,loan_repayment,Y,,,"interest 504.63, capital 634.84"
bank/aib_current_2020.csv,364,09/09/2020,-177.21,,personal_groceries,N,,,household spending
bank/aib_current_2020.csv,365,10/09/2020,-200.00,,drawings,N,,,
bank/aib_current_2020.csv,366,13/09/2020,-200.00,,drawings,N,,,
bank/aib_current_2020.csv,367,13/09/2020,-300.00,,drawings,N,,,
bank/aib_current_2020.csv,368,14/09/2020,-3835.74,,paye_prsi_usc,Y,,,
bank/aib_current_2020.csv,369,14/09/2020,-429.40,,health_insurance,N,,,
bank/aib_current_2020.csv,370,15/09/2020,-301.51,,dairy_hygiene,Y,D03113,,
bank/aib_current_2020.csv,371,17/09/2020,13400.00,,capital_grant,Y,,E9-dupclaim,same invoice claimed again
bank/aib_current_2020.csv,372,17/09/2020,-2311.11,,vet_medicine,Y,D02980;D02991;D03005,,
bank/aib_current_2020.csv,373,18/09/2020,-206.87,,telephone,M,D03160,,
bank/aib_current_2020.csv,374,21/09/2020,1500.00,,unexplained_credit,U,,E2-2020,"contracting job paid in cash, no invoice raised, no output VAT"
bank/aib_current_2020.csv,375,21/09/2020,-200.00,,savings,N,,,
bank/aib_current_2020.csv,376,21/09/2020,-1347.78,,fuel,Y,D03055,,
bank/aib_current_2020.csv,377,21/09/2020,-4342.98,,contractors,Y,D03043,,
bank/aib_current_2020.csv,378,21/09/2020,-11692.81,,vat_payment,Y,,,
bank/aib_current_2020.csv,379,22/09/2020,-277.43,,repairs,Y,D03100,,
bank/aib_current_2020.csv,380,22/09/2020,-1750.06,,electricity,M,D03159,,
bank/aib_current_2020.csv,381,22/09/2020,-300.00,,drawings,N,,,
bank/aib_current_2020.csv,382,22/09/2020,-232.07,,personal_groceries,N,,,household spending
bank/aib_current_2020.csv,383,22/09/2020,-79.27,,family_fuel,N,,,
bank/aib_current_2020.csv,384,22/09/2020,-79.10,,personal_misc,N,,,
bank/aib_current_2020.csv,385,25/09/2020,72556.65,,milk_receipt,Y,D00355;D00356,,net of co-op deductions
bank/aib_current_2020.csv,386,25/09/2020,1245.74,,personal_paye_income,N,,,"spouse PAYE, personal income"
bank/aib_current_2020.csv,387,25/09/2020,-191.35,,personal_groceries,N,,,household spending
bank/aib_current_2020.csv,388,26/09/2020,-246.81,,personal_groceries,N,,,household spending
bank/aib_current_2020.csv,389,28/09/2020,-666.31,,vet_medicine,Y,D03014,,
bank/aib_current_2020.csv,390,28/09/2020,-648.22,,repairs,Y,D03099,,
bank/aib_current_2020.csv,391,28/09/2020,-1964.88,,wages_net,Y,,,
bank/aib_current_2020.csv,392,28/09/2020,-444.13,,wages_net,Y,,,
bank/aib_current_2020.csv,393,28/09/2020,1266.10,,personal_paye_income,N,,,"son PAYE as a contractor employee, personal"
bank/aib_current_2020.csv,394,29/09/2020,2099.60,,contracting_income,Y,D04959,,
bank/aib_current_2020.csv,395,30/09/2020,-23.80,,bank_charges,Y,,,
bank/aib_current_2020.csv,396,30/09/2020,-58000.00,,own_transfer,T,,,
bank/aib_current_2020.csv,397,01/10/2020,-3380.00,,drawings,N,,,
bank/aib_current_2020.csv,398,05/10/2020,-565.00,,pension_personal,N,,,personal pension; relief claimed on the personal return
bank/aib_current_2020.csv,399,06/10/2020,-257.72,,personal_groceries,N,,,household spending
bank/aib_current_2020.csv,400,07/10/2020,-106.48,,software,Y,D03164,,
bank/aib_current_2020.csv,401,08/10/2020,-2824.53,,loan_repayment,Y,,,"interest 753.56, capital 2070.98"
bank/aib_current_2020.csv,402,08/10/2020,-1139.47,,loan_repayment,Y,,,"interest 502.88, capital 636.59"
bank/aib_current_2020.csv,403,11/10/2020,-223.19,,personal_groceries,N,,,household spending
bank/aib_current_2020.csv,404,12/10/2020,-477.80,,dairy_hygiene,Y,D03109,,
bank/aib_current_2020.csv,405,12/10/2020,-429.40,,health_insurance,N,,,
bank/aib_current_2020.csv,406,14/10/2020,-2629.37,,paye_prsi_usc,Y,,,
bank/aib_current_2020.csv,407,14/10/2020,-150.00,,drawings,N,,,
bank/aib_current_2020.csv,408,14/10/2020,-204.87,,personal_groceries,N,,,household spending
bank/aib_current_2020.csv,409,16/10/2020,-4284.75,,vet_medicine,Y,D02984;D02986;D02989;D02996;D03008;D03011,,
bank/aib_current_2020.csv,410,19/10/2020,-1153.16,,repairs,Y,D03086;D03089;D03091,,
bank/aib_current_2020.csv,411,20/10/2020,-1484.85,,electricity,M,D03162,,
bank/aib_current_2020.csv,412,20/10/2020,-195.56,,telephone,M,D03163,,
bank/aib_current_2020.csv,413,20/10/2020,1021.93,,contracting_income,Y,D04967,,
bank/aib_current_2020.csv,414,20/10/2020,-200.00,,savings,N,,,
bank/aib_current_2020.csv,415,21/10/2020,13865.82,,scheme_income,Y,,,
bank/aib_current_2020.csv,416,22/10/2020,-79.10,,personal_misc,N,,,
bank/aib_current_2020.csv,417,22/10/2020,-5500.36,,contractors,Y,D03040;D03041,,
bank/aib_current_2020.csv,418,23/10/2020,-404.16,,dairy_hygiene,Y,D03122,,
bank/aib_current_2020.csv,419,24/10/2020,-18.05,,personal_misc,N,,,
bank/aib_current_2020.csv,420,25/10/2020,-300.00,,drawings,N,,,
bank/aib_current_2020.csv,421,26/10/2020,53967.60,,milk_receipt,Y,D00357;D00358,,net of co-op deductions
bank/aib_current_2020.csv,422,26/10/2020,-319.27,,repairs,Y,D03071,,
bank/aib_current_2020.csv,423,26/10/2020,-975.11,,foot_care,Y,D03130,,
bank/aib_current_2020.csv,424,26/10/2020,1245.74,,personal_paye_income,N,,,"spouse PAYE, personal income"
bank/aib_current_2020.csv,425,26/10/2020,-300.00,,drawings,N,,,
bank/aib_current_2020.csv,426,26/10/2020,-219.02,,personal_groceries,N,,,household spending
bank/aib_current_2020.csv,427,27/10/2020,-655.32,,repairs,Y,D03067,,
bank/aib_current_2020.csv,428,27/10/2020,-435.84,,repairs,Y,D03093,,
bank/aib_current_2020.csv,429,27/10/2020,-263.55,,personal_groceries,N,,,household spending
bank/aib_current_2020.csv,430,27/10/2020,-281.10,,personal_groceries,N,,,household spending
bank/aib_current_2020.csv,431,28/10/2020,-1964.88,,wages_net,Y,,,
bank/aib_current_2020.csv,432,28/10/2020,-462.94,,wages_net,Y,,,
bank/aib_current_2020.csv,433,28/10/2020,1266.10,,personal_paye_income,N,,,"son PAYE as a contractor employee, personal"
bank/aib_current_2020.csv,434,30/10/2020,-268.93,,repairs,Y,D03068,,
bank/aib_current_2020.csv,435,30/10/2020,-39000.00,,own_transfer,T,,,
bank/aib_current_2020.csv,436,31/10/2020,-23.80,,bank_charges,Y,,,
bank/aib_current_2020.csv,437,02/11/2020,-1577.23,,fuel,Y,D03051,,
bank/aib_current_2020.csv,438,02/11/2020,-711.89,,foot_care,Y,D03134,,
bank/aib_current_2020.csv,439,02/11/2020,-3380.00,,drawings,N,,,
bank/aib_current_2020.csv,440,02/11/2020,-28600.00,,personal_tax,N,,,"farmer income tax: personal liability, not a farm expense"
bank/aib_current_2020.csv,441,04/11/2020,2400.00,,forestry_premium,X,,,exempt from income tax; not a trading receipt
bank/aib_current_2020.csv,442,04/11/2020,-150.00,,drawings,N,,,
bank/aib_current_2020.csv,443,05/11/2020,-89.89,,personal_groceries,N,,,household spending
bank/aib_current_2020.csv,444,05/11/2020,-565.00,,pension_personal,N,,,personal pension; relief claimed on the personal return
bank/aib_current_2020.csv,445,09/11/2020,-1511.51,,fuel,Y,D03050,,
bank/aib_current_2020.csv,446,09/11/2020,-106.48,,software,Y,D03167,,
bank/aib_current_2020.csv,447,09/11/2020,7044.29,,livestock_sale,Y,D04756;D04757,,
bank/aib_current_2020.csv,448,09/11/2020,-2824.53,,loan_repayment,Y,,,"interest 747.86, capital 2076.67"
bank/aib_current_2020.csv,449,09/11/2020,-1139.47,,loan_repayment,Y,,,"interest 501.13, capital 638.34"
bank/aib_current_2020.csv,450,10/11/2020,-581.37,,dairy_hygiene,Y,D03115,,
bank/aib_current_2020.csv,451,11/11/2020,-150.00,,drawings,N,,,
bank/aib_current_2020.csv,452,12/11/2020,-429.40,,health_insurance,N,,,
bank/aib_current_2020.csv,453,16/11/2020,-483.94,,foot_care,Y,D03133,,
bank/aib_current_2020.csv,454,16/11/2020,-2650.22,,paye_prsi_usc,Y,,,
bank/aib_current_2020.csv,455,16/11/2020,-118.76,,personal_groceries,N,,,household spending
bank/aib_current_2020.csv,456,17/11/2020,-3075.96,,contractors,Y,D03045,,
bank/aib_current_2020.csv,457,17/11/2020,-1896.17,,electricity,M,D03165,,
bank/aib_current_2020.csv,458,17/11/2020,-2374.30,,vet_medicine,Y,D02982;D02988;D03007;D03021,,
bank/aib_current_2020.csv,459,18/11/2020,-1146.08,,foot_care,Y,D03128,,
bank/aib_current_2020.csv,460,18/11/2020,-255.95,,personal_groceries,N,,,household spending
bank/aib_current_2020.csv,461,18/11/2020,-3810.01,,feed,Y,D02965,,
bank/aib_current_2020.csv,462,19/11/2020,-189.30,,telephone,M,D03166,,
bank/aib_current_2020.csv,463,19/11/2020,-660.52,,repairs,Y,D03061;D03102,,
bank/aib_current_2020.csv,464,19/11/2020,-6213.91,,vat_payment,Y,,,
bank/aib_current_2020.csv,465,20/11/2020,-350.00,,wages_unrecorded,Y,,E5-overtime,overtime paid on top of net pay outside payroll
bank/aib_current_2020.csv,466,20/11/2020,-150.00,,drawings,N,,,
bank/aib_current_2020.csv,467,20/11/2020,-162.73,,personal_groceries,N,,,household spending
bank/aib_current_2020.csv,468,20/11/2020,-86.13,,personal_misc,N,,,
bank/aib_current_2020.csv,469,20/11/2020,-200.00,,savings,N,,,
bank/aib_current_2020.csv,470,23/11/2020,-520.68,,dairy_hygiene,Y,D03108,,
bank/aib_current_2020.csv,471,23/11/2020,7181.99,,livestock_sale,Y,D04753;D04754,,
bank/aib_current_2020.csv,472,23/11/2020,-200.00,,drawings,N,,,
bank/aib_current_2020.csv,473,23/11/2020,-250.00,,drawings,N,,,
bank/aib_current_2020.csv,474,23/11/2020,-79.10,,personal_misc,N,,,
bank/aib_current_2020.csv,475,25/11/2020,35063.61,,milk_receipt,Y,D00359;D00360,,net of co-op deductions
bank/aib_current_2020.csv,476,25/11/2020,-23800.00,,land_rent,Y,D03175,,
bank/aib_current_2020.csv,477,25/11/2020,1245.74,,personal_paye_income,N,,,"spouse PAYE, personal income"
bank/aib_current_2020.csv,478,26/11/2020,-1317.81,,fuel,Y,D03054,,
bank/aib_current_2020.csv,479,26/11/2020,-103.51,,family_fuel,N,,,
bank/aib_current_2020.csv,480,28/11/2020,-252.79,,personal_groceries,N,,,household spending
bank/aib_current_2020.csv,481,30/11/2020,-23.80,,bank_charges,Y,,,
bank/aib_current_2020.csv,482,30/11/2020,-1964.88,,wages_net,Y,,,
bank/aib_current_2020.csv,483,30/11/2020,-463.50,,wages_net,Y,,,
bank/aib_current_2020.csv,484,30/11/2020,1266.10,,personal_paye_income,N,,,"son PAYE as a contractor employee, personal"
bank/aib_current_2020.csv,485,30/11/2020,-25.44,,bank_interest,Y,,,
bank/aib_current_2020.csv,486,01/12/2020,2105.96,,contracting_income,Y,D04965,,
bank/aib_current_2020.csv,487,01/12/2020,-3380.00,,drawings,N,,,
bank/aib_current_2020.csv,488,03/12/2020,-2421.55,,fuel,Y,D03047,,
bank/aib_current_2020.csv,489,03/12/2020,-154.51,,personal_groceries,N,,,household spending
bank/aib_current_2020.csv,490,05/12/2020,-340.23,,personal_groceries,N,,,household spending
bank/aib_current_2020.csv,491,07/12/2020,-459.35,,repairs,Y,D03092,,
bank/aib_current_2020.csv,492,07/12/2020,-106.48,,software,Y,D03170,,
bank/aib_current_2020.csv,493,07/12/2020,4621.95,,scheme_income,Y,,,
bank/aib_current_2020.csv,494,07/12/2020,-565.00,,pension_personal,N,,,personal pension; relief claimed on the personal return
bank/aib_current_2020.csv,495,08/12/2020,-2824.53,,loan_repayment,Y,,,"interest 742.15, capital 2082.38"
bank/aib_current_2020.csv,496,08/12/2020,-1139.47,,loan_repayment,Y,,,"interest 499.38, capital 640.09"
bank/aib_current_2020.csv,497,09/12/2020,-254.73,,personal_groceries,N,,,household spending
bank/aib_current_2020.csv,498,10/12/2020,-363.46,,repairs,Y,D03087,,
bank/aib_current_2020.csv,499,10/12/2020,-175.14,,personal_groceries,N,,,household spending
bank/aib_current_2020.csv,500,10/12/2020,-1250.52,,personal_misc,N,,,
bank/aib_current_2020.csv,501,11/12/2020,-448.75,,repairs,Y,D03095,,
bank/aib_current_2020.csv,502,12/12/2020,-250.00,,drawings,N,,,
bank/aib_current_2020.csv,503,14/12/2020,-2650.84,,paye_prsi_usc,Y,,,
bank/aib_current_2020.csv,504,14/12/2020,3012.00,,scheme_income,Y,,,
bank/aib_current_2020.csv,505,14/12/2020,-429.40,,health_insurance,N,,,
bank/aib_current_2020.csv,506,15/12/2020,-150.40,,fallen_animals,Y,D04731,,
bank/aib_current_2020.csv,507,15/12/2020,-1239.98,,vet_medicine,Y,D02987;D02998;D03016,,
bank/aib_current_2020.csv,508,16/12/2020,-3572.66,,feed,Y,D02960,,
bank/aib_current_2020.csv,509,17/12/2020,-1002.59,,repairs,Y,D03065;D03085,,
bank/aib_current_2020.csv,510,18/12/2020,-460.89,,repairs,Y,D03074,,
bank/aib_current_2020.csv,511,18/12/2020,-1620.68,,electricity,M,D03168,,
bank/aib_current_2020.csv,512,21/12/2020,-636.59,,repairs,Y,D03094,,
bank/aib_current_2020.csv,513,21/12/2020,-210.53,,telephone,M,D03169,,
bank/aib_current_2020.csv,514,21/12/2020,5200.00,,scheme_income,Y,,,
bank/aib_current_2020.csv,515,21/12/2020,-200.00,,savings,N,,,
bank/aib_current_2020.csv,516,22/12/2020,-250.00,,drawings,N,,,
bank/aib_current_2020.csv,517,22/12/2020,-79.10,,personal_misc,N,,,
bank/aib_current_2020.csv,518,23/12/2020,-142.19,,personal_groceries,N,,,household spending
bank/aib_current_2020.csv,519,23/12/2020,-430.01,,dairy_hygiene,Y,D03117,,
bank/aib_current_2020.csv,520,24/12/2020,-300.00,,drawings,N,,,
bank/aib_current_2020.csv,521,28/12/2020,15642.19,,milk_receipt,Y,D00361;D00362,,net of co-op deductions
bank/aib_current_2020.csv,522,28/12/2020,-254.75,,repairs,Y,D03077,,
bank/aib_current_2020.csv,523,28/12/2020,-1964.88,,wages_net,Y,,,
bank/aib_current_2020.csv,524,28/12/2020,-452.44,,wages_net,Y,,,
bank/aib_current_2020.csv,525,28/12/2020,1245.74,,personal_paye_income,N,,,"spouse PAYE, personal income"
bank/aib_current_2020.csv,526,28/12/2020,1266.10,,personal_paye_income,N,,,"son PAYE as a contractor employee, personal"
bank/aib_current_2020.csv,527,29/12/2020,-689.97,,vet_medicine,Y,D03012,,
bank/aib_current_2020.csv,528,31/12/2020,-23.80,,bank_charges,Y,,,
bank/aib_current_2020.csv,529,31/12/2020,-14.09,,bank_interest,Y,,,
bank/aib_current_2021.csv,2,22/12/2020,-250.00,OVERLAP_COPY,drawings,N,,OVERLAP,
bank/aib_current_2021.csv,3,22/12/2020,-79.10,OVERLAP_COPY,personal_misc,N,,OVERLAP,
bank/aib_current_2021.csv,4,23/12/2020,-142.19,OVERLAP_COPY,personal_groceries,N,,OVERLAP,
bank/aib_current_2021.csv,5,23/12/2020,-430.01,OVERLAP_COPY,dairy_hygiene,Y,D03117,OVERLAP,
bank/aib_current_2021.csv,6,24/12/2020,-300.00,OVERLAP_COPY,drawings,N,,OVERLAP,
bank/aib_current_2021.csv,7,28/12/2020,15642.19,OVERLAP_COPY,milk_receipt,Y,D00361;D00362,OVERLAP,
bank/aib_current_2021.csv,8,28/12/2020,-254.75,OVERLAP_COPY,repairs,Y,D03077,OVERLAP,
bank/aib_current_2021.csv,9,28/12/2020,-1964.88,OVERLAP_COPY,wages_net,Y,,OVERLAP,
bank/aib_current_2021.csv,10,28/12/2020,-452.44,OVERLAP_COPY,wages_net,Y,,OVERLAP,
bank/aib_current_2021.csv,11,28/12/2020,1245.74,OVERLAP_COPY,personal_paye_income,N,,OVERLAP,
bank/aib_current_2021.csv,12,28/12/2020,1266.10,OVERLAP_COPY,personal_paye_income,N,,OVERLAP,
bank/aib_current_2021.csv,13,29/12/2020,-689.97,OVERLAP_COPY,vet_medicine,Y,D03012,OVERLAP,
bank/aib_current_2021.csv,14,31/12/2020,-23.80,OVERLAP_COPY,bank_charges,Y,,OVERLAP,
bank/aib_current_2021.csv,15,31/12/2020,-14.09,OVERLAP_COPY,bank_interest,Y,,OVERLAP,
bank/aib_current_2021.csv,16,04/01/2021,-3500.00,,drawings,N,,,
bank/aib_current_2021.csv,17,05/01/2021,-580.00,,pension_personal,N,,,personal pension; relief claimed on the personal return
bank/aib_current_2021.csv,18,06/01/2021,-106.48,,software,Y,D03374,,
bank/aib_current_2021.csv,19,07/01/2021,-331.40,,personal_groceries,N,,,household spending
bank/aib_current_2021.csv,20,08/01/2021,-2812.17,,loan_repayment,Y,,,"interest 714.11, capital 2098.06"
bank/aib_current_2021.csv,21,08/01/2021,-1130.49,,loan_repayment,Y,,,"interest 482.54, capital 647.95"
bank/aib_current_2021.csv,22,08/01/2021,-162.85,,personal_groceries,N,,,household spending
bank/aib_current_2021.csv,23,09/01/2021,-200.00,,drawings,N,,,
bank/aib_current_2021.csv,24,09/01/2021,-84.05,,family_fuel,N,,,
bank/aib_current_2021.csv,25,12/01/2021,-440.80,,health_insurance,N,,,
bank/aib_current_2021.csv,26,14/01/2021,-2638.58,,paye_prsi_usc,Y,,,
bank/aib_current_2021.csv,27,15/01/2021,-3818.93,,feed,Y,D02969,,
bank/aib_current_2021.csv,28,18/01/2021,-420.69,,vet_medicine,Y,D02999,,
bank/aib_current_2021.csv,29,18/01/2021,-192.97,,personal_groceries,N,,,household spending
bank/aib_current_2021.csv,30,19/01/2021,-488.76,,repairs,Y,D03098,,
bank/aib_current_2021.csv,31,19/01/2021,-1879.39,,electricity,M,D03372,,
bank/aib_current_2021.csv,32,19/01/2021,-199.04,,telephone,M,D03373,,
bank/aib_current_2021.csv,33,19/01/2021,-1633.53,,vet_medicine,Y,D02990;D03002;D03009,,
bank/aib_current_2021.csv,34,20/01/2021,-491.86,,repairs,Y,D03083,,
bank/aib_current_2021.csv,35,20/01/2021,-200.00,,savings,N,,,
bank/aib_current_2021.csv,36,21/01/2021,-300.00,,drawings,N,,,
bank/aib_current_2021.csv,37,22/01/2021,-81.20,,personal_misc,N,,,
bank/aib_current_2021.csv,38,25/01/2021,2937.37,,milk_receipt,Y,D00363;D00364,,net of co-op deductions
bank/aib_current_2021.csv,39,25/01/2021,-689.76,,vet_medicine,Y,D02985,,
bank/aib_current_2021.csv,40,25/01/2021,-493.90,,dairy_hygiene,Y,D03352,,
bank/aib_current_2021.csv,41,25/01/2021,1282.80,,personal_paye_income,N,,,"spouse PAYE, personal income"
bank/aib_current_2021.csv,42,25/01/2021,-599.66,,repairs,Y,D03059,,
bank/aib_current_2021.csv,43,26/01/2021,-290.64,,personal_groceries,N,,,household spending
bank/aib_current_2021.csv,44,28/01/2021,-2033.29,,wages_net,Y,,,
bank/aib_current_2021.csv,45,28/01/2021,-475.19,,wages_net,Y,,,
bank/aib_current_2021.csv,46,28/01/2021,1316.35,,personal_paye_income,N,,,"son PAYE as a contractor employee, personal"
bank/aib_current_2021.csv,47,28/01/2021,-200.00,,drawings,N,,,
bank/aib_current_2021.csv,48,29/01/2021,-119.95,,bank_interest,Y,,,
bank/aib_current_2021.csv,49,31/01/2021,-24.50,,bank_charges,Y,,,
bank/aib_current_2021.csv,50,01/02/2021,-492.08,,repairs,Y,D03297,,
bank/aib_current_2021.csv,51,01/02/2021,-3500.00,,drawings,N,,,
bank/aib_current_2021.csv,52,01/02/2021,-210.39,,personal_groceries,N,,,household spending
bank/aib_current_2021.csv,53,05/02/2021,-506.59,,repairs,Y,D03317,,
bank/aib_current_2021.csv,54,05/02/2021,-250.00,,drawings,N,,,
bank/aib_current_2021.csv,55,05/02/2021,-580.00,,pension_personal,N,,,personal pension; relief claimed on the personal return
bank/aib_current_2021.csv,56,06/02/2021,-214.14,,personal_groceries,N,,,household spending
bank/aib_current_2021.csv,57,08/02/2021,-106.48,,software,Y,D03377,,
bank/aib_current_2021.csv,58,08/02/2021,-2812.17,,loan_repayment,Y,,,"interest 708.51, capital 2103.66"
bank/aib_current_2021.csv,59,08/02/2021,-1130.49,,loan_repayment,Y,,,"interest 480.81, capital 649.68"
bank/aib_current_2021.csv,60,09/02/2021,-178.65,,personal_groceries,N,,,household spending
bank/aib_current_2021.csv,61,10/02/2021,-341.68,,dairy_hygiene,Y,D03358,,
bank/aib_current_2021.csv,62,10/02/2021,-186.32,,personal_groceries,N,,,household spending
bank/aib_current_2021.csv,63,10/02/2021,144.47,,vat_refund,Y,,,
bank/aib_current_2021.csv,64,12/02/2021,-440.80,,health_insurance,N,,,
bank/aib_current_2021.csv,65,13/02/2021,-250.00,,drawings,N,,,
bank/aib_current_2021.csv,66,13/02/2021,-162.55,,personal_groceries,N,,,household spending
bank/aib_current_2021.csv,67,15/02/2021,-2739.70,,paye_prsi_usc,Y,,,
bank/aib_current_2021.csv,68,18/02/2021,-43.69,,personal_misc,N,,,
bank/aib_current_2021.csv,69,18/02/2021,-777.52,,vet_medicine,Y,D03216;D03232,,
bank/aib_current_2021.csv,70,19/02/2021,-206.74,,telephone,M,D03376,,
bank/aib_current_2021.csv,71,20/02/2021,-200.00,,drawings,N,,,
bank/aib_current_2021.csv,72,22/02/2021,-1716.87,,electricity,M,D03375,,
bank/aib_current_2021.csv,73,22/02/2021,-200.00,,savings,N,,,
bank/aib_current_2021.csv,74,22/02/2021,-81.20,,personal_misc,N,,,
bank/aib_current_2021.csv,75,23/02/2021,-200.00,,drawings,N,,,
bank/aib_current_2021.csv,76,23/02/2021,-1071.01,,repairs,Y,D03299;D03319,,
bank/aib_current_2021.csv,77,24/02/2021,-7679.38,,feed,Y,D03185;D03186,,
bank/aib_current_2021.csv,78,25/02/2021,8802.37,,milk_receipt,Y,D00365;D00366,,net of co-op deductions
bank/aib_current_2021.csv,79,25/02/2021,-11292.00,,insurance,Y,D03408,,
bank/aib_current_2021.csv,80,25/02/2021,1282.80,,personal_paye_income,N,,,"spouse PAYE, personal income"
bank/aib_current_2021.csv,81,25/02/2021,-197.35,,personal_groceries,N,,,household spending
bank/aib_current_2021.csv,82,26/02/2021,-533.02,,vet_medicine,Y,D03219,,
bank/aib_current_2021.csv,83,26/02/2021,-264.18,,bank_interest,Y,,,
bank/aib_current_2021.csv,84,26/02/2021,67000.00,,own_transfer,T,,,
bank/aib_current_2021.csv,85,28/02/2021,-24.50,,bank_charges,Y,,,
bank/aib_current_2021.csv,86,28/02/2021,-250.00,,drawings,N,,,
bank/aib_current_2021.csv,87,01/03/2021,-692.02,,repairs,Y,D03295,,
bank/aib_current_2021.csv,88,01/03/2021,-2033.29,,wages_net,Y,,,
bank/aib_current_2021.csv,89,01/03/2021,-458.01,,wages_net,Y,,,
bank/aib_current_2021.csv,90,01/03/2021,-1114.52,,wages_net,Y,,,
bank/aib_current_2021.csv,91,01/03/2021,1316.35,,personal_paye_income,N,,,"son PAYE as a contractor employee, personal"
bank/aib_current_2021.csv,92,01/03/2021,-3500.00,,drawings,N,,,
bank/aib_current_2021.csv,93,03/03/2021,-156.57,,personal_groceries,N,,,household spending
bank/aib_current_2021.csv,94,04/03/2021,-485.65,,vet_medicine,Y,D03214,,
bank/aib_current_2021.csv,95,05/03/2021,-580.00,,pension_personal,N,,,personal pension; relief claimed on the personal return
bank/aib_current_2021.csv,96,07/03/2021,-176.96,,personal_groceries,N,,,household spending
bank/aib_current_2021.csv,97,08/03/2021,-108.24,,software,Y,D03380,,
bank/aib_current_2021.csv,98,08/03/2021,-2812.17,,loan_repayment,Y,,,"interest 702.91, capital 2109.27"
bank/aib_current_2021.csv,99,08/03/2021,-1130.49,,loan_repayment,Y,,,"interest 479.08, capital 651.41"
bank/aib_current_2021.csv,100,08/03/2021,-250.00,,drawings,N,,,
bank/aib_current_2021.csv,101,12/03/2021,-440.80,,health_insurance,N,,,
bank/aib_current_2021.csv,102,14/03/2021,-241.93,,personal_groceries,N,,,household spending
bank/aib_current_2021.csv,103,15/03/2021,-3935.46,,paye_prsi_usc,Y,,,
bank/aib_current_2021.csv,104,15/03/2021,-150.00,,drawings,N,,,
bank/aib_current_2021.csv,105,15/03/2021,-1144.42,,repairs,Y,D03311;D03325;D03329,,
bank/aib_current_2021.csv,106,16/03/2021,-8343.98,,feed,Y,D03179;D03181;D03193,,
bank/aib_current_2021.csv,107,18/03/2021,-216.81,,telephone,M,D03379,,
bank/aib_current_2021.csv,108,18/03/2021,-286.12,,personal_groceries,N,,,household spending
bank/aib_current_2021.csv,109,18/03/2021,-431.36,,dairy_hygiene,Y,D03359,,
bank/aib_current_2021.csv,110,19/03/2021,-2013.64,,electricity,M,D03378,,
bank/aib_current_2021.csv,111,19/03/2021,2229.54,,livestock_sale,Y,D04760;D04761,,net of commission
bank/aib_current_2021.csv,112,19/03/2021,-1436.33,,vat_payment,Y,,,
bank/aib_current_2021.csv,113,22/03/2021,-3309.22,,contractors,Y,D03273,,
bank/aib_current_2021.csv,114,22/03/2021,-200.00,,drawings,N,,,
bank/aib_current_2021.csv,115,22/03/2021,-200.00,,savings,N,,,
bank/aib_current_2021.csv,116,22/03/2021,-81.20,,personal_misc,N,,,
bank/aib_current_2021.csv,117,22/03/2021,-2393.71,,vet_medicine,Y,D03208;D03222;D03246,,
bank/aib_current_2021.csv,118,24/03/2021,-69.51,,family_fuel,N,,,
bank/aib_current_2021.csv,119,25/03/2021,30160.93,,milk_receipt,Y,D00367;D00368,,net of co-op deductions
bank/aib_current_2021.csv,120,25/03/2021,-613.97,,repairs,Y,D03304,,
bank/aib_current_2021.csv,121,25/03/2021,1282.80,,personal_paye_income,N,,,"spouse PAYE, personal income"
bank/aib_current_2021.csv,122,29/03/2021,-2307.91,,feed,Y,D03182,,
bank/aib_current_2021.csv,123,29/03/2021,-836.61,,dairy_hygiene,Y,D03353,,
bank/aib_current_2021.csv,124,29/03/2021,-2033.29,,wages_net,Y,,,
bank/aib_current_2021.csv,125,29/03/2021,-460.38,,wages_net,Y,,,
bank/aib_current_2021.csv,126,29/03/2021,-1114.52,,wages_net,Y,,,
bank/aib_current_2021.csv,127,29/03/2021,1316.35,,personal_paye_income,N,,,"son PAYE as a contractor employee, personal"
bank/aib_current_2021.csv,128,29/03/2021,-38130.00,,capital_equipment,Y,D05114,,
bank/aib_current_2021.csv,129,30/03/2021,-585.89,,repairs,Y,D03336,,
bank/aib_current_2021.csv,130,31/03/2021,-24.50,,bank_charges,Y,,,
bank/aib_current_2021.csv,131,31/03/2021,2316.43,,livestock_sale,Y,D04762;D04763,,net of commission
bank/aib_current_2021.csv,132,31/03/2021,-158.49,,bank_interest,Y,,,
bank/aib_current_2021.csv,133,31/03/2021,46000.00,,own_transfer,T,,,
bank/aib_current_2021.csv,134,01/04/2021,-3937.97,,professional_fees,Y,D03409,,
bank/aib_current_2021.csv,135,01/04/2021,-3500.00,,drawings,N,,,
bank/aib_current_2021.csv,136,01/04/2021,-200.00,,drawings,N,,,
bank/aib_current_2021.csv,137,01/04/2021,-230.49,,personal_groceries,N,,,household spending
bank/aib_current_2021.csv,138,02/04/2021,-150.00,,drawings,N,,,
bank/aib_current_2021.csv,139,05/04/2021,-453.23,,repairs,Y,D03305,,
bank/aib_current_2021.csv,140,05/04/2021,-661.26,,repairs,Y,D03316,,
bank/aib_current_2021.csv,141,05/04/2021,-705.12,,dairy_hygiene,Y,D03341,,
bank/aib_current_2021.csv,142,05/04/2021,-580.00,,pension_personal,N,,,personal pension; relief claimed on the personal return
bank/aib_current_2021.csv,143,07/04/2021,-228.29,,fallen_animals,Y,D04759,,
bank/aib_current_2021.csv,144,07/04/2021,-98.66,,personal_groceries,N,,,household spending
bank/aib_current_2021.csv,145,08/04/2021,-108.24,,software,Y,D03383,,
bank/aib_current_2021.csv,146,08/04/2021,-2812.17,,loan_repayment,Y,,,"interest 697.28, capital 2114.89"
bank/aib_current_2021.csv,147,08/04/2021,-1130.49,,loan_repayment,Y,,,"interest 477.34, capital 653.15"
bank/aib_current_2021.csv,148,11/04/2021,-79.78,,family_fuel,N,,,
bank/aib_current_2021.csv,149,12/04/2021,-585.49,,vet_medicine,Y,D03220,,
bank/aib_current_2021.csv,150,12/04/2021,-1191.74,,fuel,Y,D03282,,
bank/aib_current_2021.csv,151,12/04/2021,-479.85,,repairs,Y,D03335,,
bank/aib_current_2021.csv,152,12/04/2021,-440.80,,health_insurance,N,,,
bank/aib_current_2021.csv,153,13/04/2021,-292.16,,personal_groceries,N,,,household spending
bank/aib_current_2021.csv,154,14/04/2021,-3938.11,,paye_prsi_usc,Y,,,
bank/aib_current_2021.csv,155,15/04/2021,2759.98,,livestock_sale,Y,D04764;D04765,,net of commission
bank/aib_current_2021.csv,156,20/04/2021,-221.13,,telephone,M,D03382,,
bank/aib_current_2021.csv,157,20/04/2021,-150.00,,drawings,N,,,
bank/aib_current_2021.csv,158,20/04/2021,-200.00,,savings,N,,,
bank/aib_current_2021.csv,159,20/04/2021,-4885.17,,feed,Y,D03189,,
bank/aib_current_2021.csv,160,20/04/2021,-1639.71,,fuel,Y,D03283,,
bank/aib_current_2021.csv,161,21/04/2021,-1553.91,,electricity,M,D03381,,
bank/aib_current_2021.csv,162,22/04/2021,-680.39,,dairy_hygiene,Y,D03351,,
bank/aib_current_2021.csv,163,22/04/2021,-150.00,,drawings,N,,,
bank/aib_current_2021.csv,164,22/04/2021,-200.22,,personal_groceries,N,,,household spending
bank/aib_current_2021.csv,165,22/04/2021,-81.20,,personal_misc,N,,,
bank/aib_current_2021.csv,166,23/04/2021,-509.44,,repairs,Y,D03326,,
bank/aib_current_2021.csv,167,23/04/2021,-759.39,,vet_medicine,Y,D03241,,
bank/aib_current_2021.csv,168,26/04/2021,65985.14,,milk_receipt,Y,D00369;D00370,,net of co-op deductions
bank/aib_current_2021.csv,169,26/04/2021,-535.42,,repairs,Y,D03328,,
bank/aib_current_2021.csv,170,26/04/2021,1282.80,,personal_paye_income,N,,,"spouse PAYE, personal income"
bank/aib_current_2021.csv,171,27/04/2021,-426.81,,vet_medicine,Y,D03229,,
bank/aib_current_2021.csv,172,27/04/2021,2782.86,,livestock_sale,Y,D04766;D04767,,net of commission
bank/aib_current_2021.csv,173,27/04/2021,-218.51,,personal_groceries,N,,,household spending
bank/aib_current_2021.csv,174,28/04/2021,-2033.29,,wages_net,Y,,,
bank/aib_current_2021.csv,175,28/04/2021,-478.33,,wages_net,Y,,,
bank/aib_current_2021.csv,176,28/04/2021,-1114.52,,wages_net,Y,,,
bank/aib_current_2021.csv,177,28/04/2021,1316.35,,personal_paye_income,N,,,"son PAYE as a contractor employee, personal"
bank/aib_current_2021.csv,178,29/04/2021,-519.80,,vet_medicine,Y,D03212,,
bank/aib_current_2021.csv,179,30/04/2021,-24.50,,bank_charges,Y,,,
bank/aib_current_2021.csv,180,03/05/2021,-6784.84,,fertiliser,Y,D03206,,
bank/aib_current_2021.csv,181,03/05/2021,-793.92,,breeding_ai,Y,D03266,,
bank/aib_current_2021.csv,182,03/05/2021,-3500.00,,drawings,N,,,
bank/aib_current_2021.csv,183,05/05/2021,-968.39,,breeding_ai,Y,D03264,,
bank/aib_current_2021.csv,184,05/05/2021,-580.00,,pension_personal,N,,,personal pension; relief claimed on the personal return
bank/aib_current_2021.csv,185,06/05/2021,-108.24,,software,Y,D03386,,
bank/aib_current_2021.csv,186,09/05/2021,-300.00,,drawings,N,,,
bank/aib_current_2021.csv,187,09/05/2021,-300.00,,drawings,N,,,
bank/aib_current_2021.csv,188,09/05/2021,-104.08,,family_fuel,N,,,
bank/aib_current_2021.csv,189,10/05/2021,-2812.17,,loan_repayment,Y,,,"interest 691.64, capital 2120.53"
bank/aib_current_2021.csv,190,10/05/2021,-1130.49,,loan_repayment,Y,,,"interest 475.60, capital 654.89"
bank/aib_current_2021.csv,191,10/05/2021,-1392.00,,family_car_running,N,,,
bank/aib_current_2021.csv,192,11/05/2021,-782.30,,vet_medicine,Y,D03224,,
bank/aib_current_2021.csv,193,11/05/2021,-602.98,,dairy_hygiene,Y,D03355,,
bank/aib_current_2021.csv,194,12/05/2021,-440.80,,health_insurance,N,,,
bank/aib_current_2021.csv,195,13/05/2021,-3677.23,,contractors,Y,D03269,,
bank/aib_current_2021.csv,196,13/05/2021,-671.43,,repairs,Y,D03303,,
bank/aib_current_2021.csv,197,14/05/2021,-803.29,,breeding_ai,Y,D03256,,
bank/aib_current_2021.csv,198,14/05/2021,2290.09,,livestock_sale,Y,D04768;D04769,,net of commission
bank/aib_current_2021.csv,199,14/05/2021,-3958.03,,paye_prsi_usc,Y,,,
bank/aib_current_2021.csv,200,14/05/2021,-250.00,,drawings,N,,,
bank/aib_current_2021.csv,201,16/05/2021,-251.48,,personal_groceries,N,,,household spending
bank/aib_current_2021.csv,202,17/05/2021,-9439.14,,feed,Y,D03177;D03180;D03194,,
bank/aib_current_2021.csv,203,17/05/2021,-469.64,,dairy_hygiene,Y,D03346,,
bank/aib_current_2021.csv,204,17/05/2021,-4337.02,,contractors,Y,D03268;D03276,,
bank/aib_current_2021.csv,205,18/05/2021,-253.36,,personal_groceries,N,,,household spending
bank/aib_current_2021.csv,206,19/05/2021,-1825.31,,electricity,M,D03384,,
bank/aib_current_2021.csv,207,19/05/2021,-2161.10,,contractors,Y,D03267,,
bank/aib_current_2021.csv,208,19/05/2021,-4062.65,,vat_payment,Y,,,
bank/aib_current_2021.csv,209,20/05/2021,-188.20,,telephone,M,D03385,,
bank/aib_current_2021.csv,210,20/05/2021,-200.00,,savings,N,,,
bank/aib_current_2021.csv,211,21/05/2021,-262.70,,personal_groceries,N,,,household spending
bank/aib_current_2021.csv,212,21/05/2021,-2664.94,,vet_medicine,Y,D03209;D03210;D03228;D03244,,
bank/aib_current_2021.csv,213,22/05/2021,-135.55,,personal_groceries,N,,,household spending
bank/aib_current_2021.csv,214,24/05/2021,2104.07,,livestock_sale,Y,D04770;D04771,,net of commission
bank/aib_current_2021.csv,215,24/05/2021,1430.93,,contracting_income,Y,D04974,,
bank/aib_current_2021.csv,216,24/05/2021,-81.20,,personal_misc,N,,,
bank/aib_current_2021.csv,217,24/05/2021,-1526.93,,breeding_ai,Y,D03261;D03263,,
bank/aib_current_2021.csv,218,24/05/2021,-1184.50,,repairs,Y,D03312;D03338,,
bank/aib_current_2021.csv,219,25/05/2021,98049.17,,milk_receipt,Y,D00371;D00372,,net of co-op deductions
bank/aib_current_2021.csv,220,25/05/2021,1282.80,,personal_paye_income,N,,,"spouse PAYE, personal income"
bank/aib_current_2021.csv,221,26/05/2021,-169.49,,personal_groceries,N,,,household spending
bank/aib_current_2021.csv,222,27/05/2021,-223.04,,personal_groceries,N,,,household spending
bank/aib_current_2021.csv,223,28/05/2021,-2033.29,,wages_net,Y,,,
bank/aib_current_2021.csv,224,28/05/2021,-484.85,,wages_net,Y,,,
bank/aib_current_2021.csv,225,28/05/2021,-1114.52,,wages_net,Y,,,
bank/aib_current_2021.csv,226,28/05/2021,1316.35,,personal_paye_income,N,,,"son PAYE as a contractor employee, personal"
bank/aib_current_2021.csv,227,31/05/2021,-719.20,,utilities,M,D03411,,
bank/aib_current_2021.csv,228,31/05/2021,-24.50,,bank_charges,Y,,,
bank/aib_current_2021.csv,229,31/05/2021,-58000.00,,own_transfer,T,,,
bank/aib_current_2021.csv,230,01/06/2021,-3500.00,,drawings,N,,,
bank/aib_current_2021.csv,231,01/06/2021,-253.15,,personal_groceries,N,,,household spending
bank/aib_current_2021.csv,232,02/06/2021,-88.43,,family_fuel,N,,,
bank/aib_current_2021.csv,233,03/06/2021,1620.30,,contracting_income,Y,D04971,,
bank/aib_current_2021.csv,234,03/06/2021,-150.00,,drawings,N,,,
bank/aib_current_2021.csv,235,04/06/2021,-2161.19,,contractors,Y,D03270,,
bank/aib_current_2021.csv,236,04/06/2021,-88.35,,personal_groceries,N,,,household spending
bank/aib_current_2021.csv,237,07/06/2021,-953.96,,vet_medicine,Y,D03242,,
bank/aib_current_2021.csv,238,07/06/2021,-777.27,,breeding_ai,Y,,MISSING_INVOICE,payment with no supplier invoice on file
bank/aib_current_2021.csv,239,07/06/2021,-108.24,,software,Y,D03389,,
bank/aib_current_2021.csv,240,07/06/2021,-580.00,,pension_personal,N,,,personal pension; relief claimed on the personal return
bank/aib_current_2021.csv,241,08/06/2021,-602.22,,vet_medicine,Y,D03211,,
bank/aib_current_2021.csv,242,08/06/2021,-2812.17,,loan_repayment,Y,,,"interest 685.99, capital 2126.19"
bank/aib_current_2021.csv,243,08/06/2021,-1130.49,,loan_repayment,Y,,,"interest 473.85, capital 656.64"
bank/aib_current_2021.csv,244,09/06/2021,-434.76,,repairs,Y,D03296,,
bank/aib_current_2021.csv,245,09/06/2021,-250.00,,drawings,N,,,
bank/aib_current_2021.csv,246,09/06/2021,-200.00,,drawings,N,,,
bank/aib_current_2021.csv,247,14/06/2021,1426.46,,contracting_income,Y,D04970,,
bank/aib_current_2021.csv,248,14/06/2021,2279.01,,contracting_income,Y,D04975,,
bank/aib_current_2021.csv,249,14/06/2021,-3965.25,,paye_prsi_usc,Y,,,
bank/aib_current_2021.csv,250,14/06/2021,-440.80,,health_insurance,N,,,
bank/aib_current_2021.csv,251,15/06/2021,-199.06,,personal_groceries,N,,,household spending
bank/aib_current_2021.csv,252,15/06/2021,-3792.00,,contractors,Y,D03278,,
bank/aib_current_2021.csv,253,16/06/2021,-1782.90,,dairy_hygiene,Y,D03342;D03343;D03349,,
bank/aib_current_2021.csv,254,17/06/2021,-200.00,,drawings,N,,,
bank/aib_current_2021.csv,255,18/06/2021,-562.91,,repairs,Y,D03302,,
bank/aib_current_2021.csv,256,18/06/2021,-221.41,,telephone,M,D03388,,
bank/aib_current_2021.csv,257,21/06/2021,-315.78,,repairs,Y,,MISSING_INVOICE,payment with no supplier invoice on file
bank/aib_current_2021.csv,258,21/06/2021,2606.37,,contracting_income,Y,D04969,,
bank/aib_current_2021.csv,259,21/06/2021,-250.00,,drawings,N,,,
bank/aib_current_2021.csv,260,21/06/2021,-200.00,,savings,N,,,
bank/aib_current_2021.csv,261,21/06/2021,-1853.01,,breeding_ai,Y,D03257;D03262,,
bank/aib_current_2021.csv,262,21/06/2021,-3553.39,,fuel,Y,D03285;D03287,,
bank/aib_current_2021.csv,263,21/06/2021,-2133.64,,vet_medicine,Y,D03238;D03247;D03253,,
bank/aib_current_2021.csv,264,22/06/2021,-195.91,,personal_groceries,N,,,household spending
bank/aib_current_2021.csv,265,22/06/2021,-81.20,,personal_misc,N,,,
bank/aib_current_2021.csv,266,23/06/2021,-1860.21,,electricity,M,D03387,,
bank/aib_current_2021.csv,267,23/06/2021,2540.83,,contracting_income,Y,D04972,,
bank/aib_current_2021.csv,268,24/06/2021,-2502.24,,contractors,Y,D03272,,
bank/aib_current_2021.csv,269,24/06/2021,-205.22,,personal_groceries,N,,,household spending
bank/aib_current_2021.csv,270,25/06/2021,106625.57,,milk_receipt,Y,D00373;D00374,,net of co-op deductions
bank/aib_current_2021.csv,271,25/06/2021,1282.80,,personal_paye_income,N,,,"spouse PAYE, personal income"
bank/aib_current_2021.csv,272,25/06/2021,-317.06,,personal_groceries,N,,,household spending
bank/aib_current_2021.csv,273,28/06/2021,-2033.29,,wages_net,Y,,,
bank/aib_current_2021.csv,274,28/06/2021,-462.22,,wages_net,Y,,,
bank/aib_current_2021.csv,275,28/06/2021,-1114.52,,wages_net,Y,,,
bank/aib_current_2021.csv,276,28/06/2021,1316.35,,personal_paye_income,N,,,"son PAYE as a contractor employee, personal"
bank/aib_current_2021.csv,277,30/06/2021,-1845.46,,fuel,Y,D03280,,
bank/aib_current_2021.csv,278,30/06/2021,-1839.60,,fuel,Y,D03290,,
bank/aib_current_2021.csv,279,30/06/2021,-24.50,,bank_charges,Y,,,
bank/aib_current_2021.csv,280,30/06/2021,-725.00,,bank_charges,Y,,,
bank/aib_current_2021.csv,281,30/06/2021,-73000.00,,own_transfer,T,,,
bank/aib_current_2021.csv,282,01/07/2021,-3500.00,,drawings,N,,,
bank/aib_current_2021.csv,283,02/07/2021,-999.46,,breeding_ai,Y,D03258,,
bank/aib_current_2021.csv,284,05/07/2021,-677.31,,repairs,Y,D03339,,
bank/aib_current_2021.csv,285,05/07/2021,-1344.46,,silage_plastic,Y,D03362,,
bank/aib_current_2021.csv,286,05/07/2021,-1284.12,,professional_fees,Y,D03410,,
bank/aib_current_2021.csv,287,05/07/2021,-580.00,,pension_personal,N,,,personal pension; relief claimed on the personal return
bank/aib_current_2021.csv,288,07/07/2021,-365.96,,repairs,Y,D03300,,
bank/aib_current_2021.csv,289,07/07/2021,-108.24,,software,Y,D03392,,
bank/aib_current_2021.csv,290,08/07/2021,1291.80,,contracting_income,Y,D04979,,
bank/aib_current_2021.csv,291,08/07/2021,-2812.17,,loan_repayment,Y,,,"interest 680.32, capital 2131.86"
bank/aib_current_2021.csv,292,08/07/2021,-1130.49,,loan_repayment,Y,,,"interest 472.10, capital 658.39"
bank/aib_current_2021.csv,293,08/07/2021,-250.00,,drawings,N,,,
bank/aib_current_2021.csv,294,12/07/2021,-4067.05,,contractors,Y,D03274,,
bank/aib_current_2021.csv,295,12/07/2021,-654.90,,repairs,Y,D03333,,
bank/aib_current_2021.csv,296,12/07/2021,1216.05,,contracting_income,Y,D04976,,
bank/aib_current_2021.csv,297,12/07/2021,2402.01,,contracting_income,Y,D04978,,
bank/aib_current_2021.csv,298,12/07/2021,-319.28,,personal_groceries,N,,,household spending
bank/aib_current_2021.csv,299,12/07/2021,-440.80,,health_insurance,N,,,
bank/aib_current_2021.csv,300,14/07/2021,-3940.15,,paye_prsi_usc,Y,,,
bank/aib_current_2021.csv,301,14/07/2021,-217.74,,personal_groceries,N,,,household spending
bank/aib_current_2021.csv,302,14/07/2021,-147.80,,personal_groceries,N,,,household spending
bank/aib_current_2021.csv,303,14/07/2021,-4222.10,,family_holiday,N,,,family holiday paid by the farm account
bank/aib_current_2021.csv,304,15/07/2021,-3533.43,,fuel,Y,D03284;D03289,,
bank/aib_current_2021.csv,305,16/07/2021,-1124.04,,silage_plastic,Y,D03364,,
bank/aib_current_2021.csv,306,19/07/2021,-862.51,,vet_medicine,Y,D03240,,
bank/aib_current_2021.csv,307,19/07/2021,-1125.81,,breeding_ai,Y,D03259,,
bank/aib_current_2021.csv,308,19/07/2021,-298.10,,repairs,Y,D03340,,
bank/aib_current_2021.csv,309,19/07/2021,-747.91,,foot_care,Y,D03369,,
bank/aib_current_2021.csv,310,19/07/2021,10058.04,,livestock_sale,Y,D04775;D04776,,
bank/aib_current_2021.csv,311,19/07/2021,-17170.24,,vat_payment,Y,,,
bank/aib_current_2021.csv,312,20/07/2021,-217.14,,telephone,M,D03391,,
bank/aib_current_2021.csv,313,20/07/2021,-450.00,,wages_unrecorded,Y,,E5-overtime,overtime paid on top of net pay outside payroll
bank/aib_current_2021.csv,314,20/07/2021,-72.31,,family_fuel,N,,,
bank/aib_current_2021.csv,315,20/07/2021,-200.00,,savings,N,,,
bank/aib_current_2021.csv,316,22/07/2021,-81.20,,personal_misc,N,,,
bank/aib_current_2021.csv,317,22/07/2021,-429.84,,repairs,Y,D03323,,
bank/aib_current_2021.csv,318,23/07/2021,-1891.39,,electricity,M,D03390,,
bank/aib_current_2021.csv,319,23/07/2021,-201.72,,personal_groceries,N,,,household spending
bank/aib_current_2021.csv,320,25/07/2021,-300.00,,drawings,N,,,
bank/aib_current_2021.csv,321,26/07/2021,107701.11,,milk_receipt,Y,D00375;D00376,,net of co-op deductions
bank/aib_current_2021.csv,322,26/07/2021,-837.00,,breeding_ai,Y,D03265,,
bank/aib_current_2021.csv,323,26/07/2021,-1112.35,,vet_medicine,Y,D03235;D03239,,
bank/aib_current_2021.csv,324,27/07/2021,-250.00,,drawings,N,,,
bank/aib_current_2021.csv,325,28/07/2021,-2033.29,,wages_net,Y,,,
bank/aib_current_2021.csv,326,28/07/2021,-464.05,,wages_net,Y,,,
bank/aib_current_2021.csv,327,28/07/2021,-1114.52,,wages_net,Y,,,
bank/aib_current_2021.csv,328,28/07/2021,1316.35,,personal_paye_income,N,,,"son PAYE as a contractor employee, personal"
bank/aib_current_2021.csv,329,30/07/2021,-62000.00,,own_transfer,T,,,
bank/aib_current_2021.csv,330,31/07/2021,-24.50,,bank_charges,Y,,,
bank/aib_current_2021.csv,331,02/08/2021,9061.51,,livestock_sale,Y,D04772,,
bank/aib_current_2021.csv,332,02/08/2021,-3500.00,,drawings,N,,,
bank/aib_current_2021.csv,333,04/08/2021,-678.63,,repairs,Y,,MISSING_INVOICE,payment with no supplier invoice on file
bank/aib_current_2021.csv,334,04/08/2021,-861.80,,foot_care,Y,D03371,,
bank/aib_current_2021.csv,335,04/08/2021,1009.61,,contracting_income,Y,D04977,,
bank/aib_current_2021.csv,336,05/08/2021,-580.00,,pension_personal,N,,,personal pension; relief claimed on the personal return
bank/aib_current_2021.csv,337,07/08/2021,-150.00,,drawings,N,,,
bank/aib_current_2021.csv,338,07/08/2021,-74.09,,family_fuel,N,,,
bank/aib_current_2021.csv,339,09/08/2021,-491.23,,vet_medicine,Y,D03236,,
bank/aib_current_2021.csv,340,09/08/2021,-855.21,,vet_medicine,Y,D03237,,
bank/aib_current_2021.csv,341,09/08/2021,-1229.34,,foot_care,Y,D03366,,
bank/aib_current_2021.csv,342,09/08/2021,-108.24,,software,Y,D03395,,
bank/aib_current_2021.csv,343,09/08/2021,-2812.17,,loan_repayment,Y,,,"interest 674.63, capital 2137.54"
bank/aib_current_2021.csv,344,09/08/2021,-1130.49,,loan_repayment,Y,,,"interest 470.35, capital 660.14"
bank/aib_current_2021.csv,345,09/08/2021,-232.00,,personal_groceries,N,,,household spending
bank/aib_current_2021.csv,346,11/08/2021,-314.63,,repairs,Y,D03301,,
bank/aib_current_2021.csv,347,11/08/2021,-300.00,,drawings,N,,,
bank/aib_current_2021.csv,348,11/08/2021,-264.70,,personal_groceries,N,,,household spending
bank/aib_current_2021.csv,349,12/08/2021,-440.80,,health_insurance,N,,,
bank/aib_current_2021.csv,350,13/08/2021,-113.10,,personal_misc,N,,,
bank/aib_current_2021.csv,351,16/08/2021,-3942.18,,paye_prsi_usc,Y,,,
bank/aib_current_2021.csv,352,20/08/2021,-209.76,,telephone,M,D03394,,
bank/aib_current_2021.csv,353,20/08/2021,-350.00,,wages_unrecorded,Y,,E5-overtime,overtime paid on top of net pay outside payroll
bank/aib_current_2021.csv,354,20/08/2021,-300.00,,drawings,N,,,
bank/aib_current_2021.csv,355,20/08/2021,-200.00,,savings,N,,,
bank/aib_current_2021.csv,356,20/08/2021,-2012.38,,silage_plastic,Y,D03361;D03363,,
bank/aib_current_2021.csv,357,21/08/2021,-173.12,,personal_groceries,N,,,household spending
bank/aib_current_2021.csv,358,23/08/2021,-1960.71,,electricity,M,D03393,,
bank/aib_current_2021.csv,359,23/08/2021,-200.00,,drawings,N,,,
bank/aib_current_2021.csv,360,23/08/2021,-306.95,,personal_groceries,N,,,household spending
bank/aib_current_2021.csv,361,23/08/2021,-81.20,,personal_misc,N,,,
bank/aib_current_2021.csv,362,23/08/2021,-3000.00,,personal_education,N,,,
bank/aib_current_2021.csv,363,23/08/2021,-2406.48,,contractors,Y,D03277,,
bank/aib_current_2021.csv,364,23/08/2021,-331.05,,repairs,Y,D03324,,
bank/aib_current_2021.csv,365,23/08/2021,-1525.01,,vet_medicine,Y,D03226;D03234,,
bank/aib_current_2021.csv,366,24/08/2021,-300.00,,drawings,N,,,
bank/aib_current_2021.csv,367,24/08/2021,-1164.95,,foot_care,Y,D03365,,
bank/aib_current_2021.csv,368,24/08/2021,-340.57,,dairy_hygiene,Y,D03357,,
bank/aib_current_2021.csv,369,25/08/2021,102535.42,,milk_receipt,Y,D00377;D00378,,net of co-op deductions
bank/aib_current_2021.csv,370,30/08/2021,-671.41,,repairs,Y,D03310,,
bank/aib_current_2021.csv,371,30/08/2021,9289.22,,livestock_sale,Y,D04777;D04778,,
bank/aib_current_2021.csv,372,30/08/2021,2089.48,,contracting_income,Y,D04985,,
bank/aib_current_2021.csv,373,30/08/2021,1144.66,,contracting_income,Y,D04986,,
bank/aib_current_2021.csv,374,30/08/2021,-2033.29,,wages_net,Y,,,
bank/aib_current_2021.csv,375,30/08/2021,-470.81,,wages_net,Y,,,
bank/aib_current_2021.csv,376,30/08/2021,-1114.52,,wages_net,Y,,,
bank/aib_current_2021.csv,377,30/08/2021,1316.35,,personal_paye_income,N,,,"son PAYE as a contractor employee, personal"
bank/aib_current_2021.csv,378,31/08/2021,-24.50,,bank_charges,Y,,,
bank/aib_current_2021.csv,379,31/08/2021,-89000.00,,own_transfer,T,,,
bank/aib_current_2021.csv,380,01/09/2021,-3500.00,,drawings,N,,,
bank/aib_current_2021.csv,381,01/09/2021,-294.91,,personal_groceries,N,,,household spending
bank/aib_current_2021.csv,382,04/09/2021,-261.80,,personal_groceries,N,,,household spending
bank/aib_current_2021.csv,383,06/09/2021,-872.16,,vet_medicine,Y,D03251,,
bank/aib_current_2021.csv,384,06/09/2021,-91.98,,personal_misc,N,,,
bank/aib_current_2021.csv,385,06/09/2021,-580.00,,pension_personal,N,,,personal pension; relief claimed on the personal return
bank/aib_current_2021.csv,386,06/09/2021,-1276.00,,personal_education,N,,,
bank/aib_current_2021.csv,387,07/09/2021,-108.24,,software,Y,D03398,,
bank/aib_current_2021.csv,388,08/09/2021,-2812.17,,loan_repayment,Y,,,"interest 668.93, capital 2143.24"
bank/aib_current_2021.csv,389,08/09/2021,-1130.49,,loan_repayment,Y,,,"interest 468.59, capital 661.90"
bank/aib_current_2021.csv,390,11/09/2021,-150.00,,drawings,N,,,
bank/aib_current_2021.csv,391,11/09/2021,-150.00,,drawings,N,,,
bank/aib_current_2021.csv,392,13/09/2021,-393.64,,repairs,Y,D03331,,
bank/aib_current_2021.csv,393,13/09/2021,-413.14,,dairy_hygiene,Y,D03350,,
bank/aib_current_2021.csv,394,13/09/2021,973.14,,contracting_income,Y,D04982,,
bank/aib_current_2021.csv,395,13/09/2021,-440.80,,health_insurance,N,,,
bank/aib_current_2021.csv,396,14/09/2021,-3949.68,,paye_prsi_usc,Y,,,
bank/aib_current_2021.csv,397,14/09/2021,-218.58,,personal_groceries,N,,,household spending
bank/aib_current_2021.csv,398,15/09/2021,-904.11,,vet_medicine,Y,D03225,,
bank/aib_current_2021.csv,399,15/09/2021,-2514.26,,fuel,Y,D03281,,
bank/aib_current_2021.csv,400,15/09/2021,-518.21,,dairy_hygiene,Y,D03347,,
bank/aib_current_2021.csv,401,15/09/2021,-141.14,,personal_groceries,N,,,household spending
bank/aib_current_2021.csv,402,17/09/2021,-806.82,,dairy_hygiene,Y,D03344;D03356,,
bank/aib_current_2021.csv,403,17/09/2021,-1661.39,,repairs,Y,D03291;D03294;D03298;D03309,,
bank/aib_current_2021.csv,404,18/09/2021,-141.97,,personal_groceries,N,,,household spending
bank/aib_current_2021.csv,405,20/09/2021,-1940.00,,electricity,M,D03396,,
bank/aib_current_2021.csv,406,20/09/2021,-197.10,,telephone,M,D03397,,
bank/aib_current_2021.csv,407,20/09/2021,-200.00,,savings,N,,,
bank/aib_current_2021.csv,408,20/09/2021,-1039.94,,breeding_ai,Y,D03255,,
bank/aib_current_2021.csv,409,20/09/2021,-2727.48,,contractors,Y,D03279,,
bank/aib_current_2021.csv,410,20/09/2021,-18076.83,,vat_payment,Y,,,
bank/aib_current_2021.csv,411,21/09/2021,1732.97,,contracting_income,Y,D04983,,
bank/aib_current_2021.csv,412,21/09/2021,2410.09,,contracting_income,Y,D04984,,
bank/aib_current_2021.csv,413,21/09/2021,-1830.50,,vet_medicine,Y,D03215;D03250;D03252,,
bank/aib_current_2021.csv,414,22/09/2021,-659.33,,silage_plastic,Y,D03360,,
bank/aib_current_2021.csv,415,22/09/2021,-81.20,,personal_misc,N,,,
bank/aib_current_2021.csv,416,22/09/2021,-2182.75,,fuel,Y,D03288,,
bank/aib_current_2021.csv,417,22/09/2021,-4010.74,,contractors,Y,D03275,,
bank/aib_current_2021.csv,418,27/09/2021,89057.86,,milk_receipt,Y,D00379;D00380,,net of co-op deductions
bank/aib_current_2021.csv,419,27/09/2021,1282.80,,personal_paye_income,N,,,"spouse PAYE, personal income"
bank/aib_current_2021.csv,420,27/09/2021,-200.00,,drawings,N,,,
bank/aib_current_2021.csv,421,28/09/2021,-2033.29,,wages_net,Y,,,
bank/aib_current_2021.csv,422,28/09/2021,-472.85,,wages_net,Y,,,
bank/aib_current_2021.csv,423,28/09/2021,1316.35,,personal_paye_income,N,,,"son PAYE as a contractor employee, personal"
bank/aib_current_2021.csv,424,29/09/2021,-665.38,,vet_medicine,Y,D03245,,
bank/aib_current_2021.csv,425,30/09/2021,-333.32,,repairs,Y,D03332,,
bank/aib_current_2021.csv,426,30/09/2021,-24.50,,bank_charges,Y,,,
bank/aib_current_2021.csv,427,30/09/2021,-37000.00,,own_transfer,T,,,
bank/aib_current_2021.csv,428,01/10/2021,-3500.00,,drawings,N,,,
bank/aib_current_2021.csv,429,02/10/2021,-203.13,,personal_groceries,N,,,household spending
bank/aib_current_2021.csv,430,04/10/2021,-628.20,,repairs,Y,D03322,,
bank/aib_current_2021.csv,431,05/10/2021,-580.00,,pension_personal,N,,,personal pension; relief claimed on the personal return
bank/aib_current_2021.csv,432,07/10/2021,-574.90,,repairs,Y,D03308,,
bank/aib_current_2021.csv,433,07/10/2021,-108.24,,software,Y,D03401,,
bank/aib_current_2021.csv,434,08/10/2021,-2812.17,,loan_repayment,Y,,,"interest 663.22, capital 2148.96"
bank/aib_current_2021.csv,435,08/10/2021,-1130.49,,loan_repayment,Y,,,"interest 466.82, capital 663.67"
bank/aib_current_2021.csv,436,08/10/2021,-200.00,,drawings,N,,,
bank/aib_current_2021.csv,437,08/10/2021,-250.00,,drawings,N,,,
bank/aib_current_2021.csv,438,09/10/2021,-200.00,,drawings,N,,,
bank/aib_current_2021.csv,439,09/10/2021,-190.64,,personal_groceries,N,,,household spending
bank/aib_current_2021.csv,440,12/10/2021,-440.80,,health_insurance,N,,,
bank/aib_current_2021.csv,441,14/10/2021,-2737.12,,paye_prsi_usc,Y,,,
bank/aib_current_2021.csv,442,15/10/2021,10837.16,,livestock_sale,Y,D04773,,
bank/aib_current_2021.csv,443,16/10/2021,-201.89,,personal_groceries,N,,,household spending
bank/aib_current_2021.csv,444,17/10/2021,-200.00,,drawings,N,,,
bank/aib_current_2021.csv,445,18/10/2021,-342.27,,repairs,Y,D03292,,
bank/aib_current_2021.csv,446,18/10/2021,1469.19,,contracting_income,Y,D04980,,
bank/aib_current_2021.csv,447,19/10/2021,-225.27,,telephone,M,D03400,,
bank/aib_current_2021.csv,448,20/10/2021,-200.00,,savings,N,,,
bank/aib_current_2021.csv,449,21/10/2021,13857.03,,scheme_income,Y,,,
bank/aib_current_2021.csv,450,21/10/2021,-188.81,,personal_groceries,N,,,household spending
bank/aib_current_2021.csv,451,21/10/2021,-280.33,,repairs,Y,D03320,,
bank/aib_current_2021.csv,452,22/10/2021,-81.20,,personal_misc,N,,,
bank/aib_current_2021.csv,453,23/10/2021,-200.00,,drawings,N,,,
bank/aib_current_2021.csv,454,23/10/2021,-65.57,,family_fuel,N,,,
bank/aib_current_2021.csv,455,25/10/2021,75443.01,,milk_receipt,Y,D00381;D00382,,net of co-op deductions
bank/aib_current_2021.csv,456,25/10/2021,-1686.71,,electricity,M,D03399,,
bank/aib_current_2021.csv,457,25/10/2021,1138.68,,contracting_income,Y,D04973,,
bank/aib_current_2021.csv,458,25/10/2021,1282.80,,personal_paye_income,N,,,"spouse PAYE, personal income"
bank/aib_current_2021.csv,459,25/10/2021,-17835.00,,capital_equipment,Y,D05115,,
bank/aib_current_2021.csv,460,25/10/2021,-502.02,,vet_medicine,Y,D03230,,
bank/aib_current_2021.csv,461,26/10/2021,-679.61,,repairs,Y,D03330,,
bank/aib_current_2021.csv,462,28/10/2021,-2033.29,,wages_net,Y,,,
bank/aib_current_2021.csv,463,28/10/2021,-463.57,,wages_net,Y,,,
bank/aib_current_2021.csv,464,28/10/2021,1316.35,,personal_paye_income,N,,,"son PAYE as a contractor employee, personal"
bank/aib_current_2021.csv,465,29/10/2021,-67000.00,,own_transfer,T,,,
bank/aib_current_2021.csv,466,31/10/2021,-24.50,,bank_charges,Y,,,
bank/aib_current_2021.csv,467,01/11/2021,-3500.00,,drawings,N,,,
bank/aib_current_2021.csv,468,01/11/2021,-246.28,,personal_groceries,N,,,household spending
bank/aib_current_2021.csv,469,01/11/2021,-29500.00,,personal_tax,N,,,"farmer income tax: personal liability, not a farm expense"
bank/aib_current_2021.csv,470,03/11/2021,-429.95,,repairs,Y,D03307,,
bank/aib_current_2021.csv,471,03/11/2021,-121.17,,personal_groceries,N,,,household spending
bank/aib_current_2021.csv,472,04/11/2021,2400.00,,forestry_premium,X,,,exempt from income tax; not a trading receipt
bank/aib_current_2021.csv,473,05/11/2021,-580.00,,pension_personal,N,,,personal pension; relief claimed on the personal return
bank/aib_current_2021.csv,474,08/11/2021,-108.24,,software,Y,D03404,,
bank/aib_current_2021.csv,475,08/11/2021,-2812.17,,loan_repayment,Y,,,"interest 657.49, capital 2154.69"
bank/aib_current_2021.csv,476,08/11/2021,-1130.49,,loan_repayment,Y,,,"interest 465.05, capital 665.44"
bank/aib_current_2021.csv,477,08/11/2021,-200.00,,drawings,N,,,
bank/aib_current_2021.csv,478,10/11/2021,-135.55,,fallen_animals,Y,D04758,,
bank/aib_current_2021.csv,479,11/11/2021,-250.00,,drawings,N,,,
bank/aib_current_2021.csv,480,11/11/2021,-114.61,,personal_groceries,N,,,household spending
bank/aib_current_2021.csv,481,12/11/2021,-440.80,,health_insurance,N,,,
bank/aib_current_2021.csv,482,14/11/2021,-261.32,,personal_groceries,N,,,household spending
bank/aib_current_2021.csv,483,15/11/2021,-1148.68,,foot_care,Y,D03370,,
bank/aib_current_2021.csv,484,15/11/2021,-2726.80,,paye_prsi_usc,Y,,,
bank/aib_current_2021.csv,485,15/11/2021,-1966.76,,vet_medicine,Y,D03217;D03223;D03227;D03249,,
bank/aib_current_2021.csv,486,16/11/2021,-320.98,,repairs,Y,D03318,,
bank/aib_current_2021.csv,487,17/11/2021,-568.88,,vet_medicine,Y,D03213,WRONG_REF,
bank/aib_current_2021.csv,488,19/11/2021,1089.10,,contracting_income,Y,D04981,,
bank/aib_current_2021.csv,489,19/11/2021,-1048.46,,repairs,Y,D03314;D03321,,
bank/aib_current_2021.csv,490,19/11/2021,-9208.56,,vat_payment,Y,,,
bank/aib_current_2021.csv,491,20/11/2021,-24500.00,,land_rent,Y,D03412,,
bank/aib_current_2021.csv,492,22/11/2021,-557.57,,dairy_hygiene,Y,D03348,,
bank/aib_current_2021.csv,493,22/11/2021,-1879.42,,electricity,M,D03402,,
bank/aib_current_2021.csv,494,22/11/2021,-221.60,,telephone,M,D03403,,
bank/aib_current_2021.csv,495,22/11/2021,-400.00,,wages_unrecorded,Y,,E5-overtime,overtime paid on top of net pay outside payroll
bank/aib_current_2021.csv,496,22/11/2021,-200.00,,drawings,N,,,
bank/aib_current_2021.csv,497,22/11/2021,-200.00,,savings,N,,,
bank/aib_current_2021.csv,498,22/11/2021,-81.20,,personal_misc,N,,,
bank/aib_current_2021.csv,499,22/11/2021,-12818.21,,feed,Y,D03192;D03195;D03196,,
bank/aib_current_2021.csv,500,25/11/2021,50860.80,,milk_receipt,Y,D00383;D00384,,net of co-op deductions
bank/aib_current_2021.csv,501,25/11/2021,1282.80,,personal_paye_income,N,,,"spouse PAYE, personal income"
bank/aib_current_2021.csv,502,27/11/2021,-250.00,,drawings,N,,,
bank/aib_current_2021.csv,503,29/11/2021,10070.92,,livestock_sale,Y,D04774,,
bank/aib_current_2021.csv,504,29/11/2021,10420.67,,livestock_sale,Y,D04779,,
bank/aib_current_2021.csv,505,29/11/2021,-2033.29,,wages_net,Y,,,
bank/aib_current_2021.csv,506,29/11/2021,-473.50,,wages_net,Y,,,
bank/aib_current_2021.csv,507,29/11/2021,1316.35,,personal_paye_income,N,,,"son PAYE as a contractor employee, personal"
bank/aib_current_2021.csv,508,30/11/2021,-24.50,,bank_charges,Y,,,
bank/aib_current_2021.csv,509,01/12/2021,-3500.00,,drawings,N,,,
bank/aib_current_2021.csv,510,01/12/2021,-230.08,,personal_groceries,N,,,household spending
bank/aib_current_2021.csv,511,02/12/2021,-864.75,,vet_medicine,Y,D03248,,
bank/aib_current_2021.csv,512,02/12/2021,-182.95,,personal_groceries,N,,,household spending
bank/aib_current_2021.csv,513,04/12/2021,-139.82,,personal_groceries,N,,,household spending
bank/aib_current_2021.csv,514,06/12/2021,-491.77,,repairs,Y,D03293,,
bank/aib_current_2021.csv,515,06/12/2021,-702.98,,foot_care,Y,D03367,,
bank/aib_current_2021.csv,516,06/12/2021,4619.02,,scheme_income,Y,,,
bank/aib_current_2021.csv,517,06/12/2021,-580.00,,pension_personal,N,,,personal pension; relief claimed on the personal return
bank/aib_current_2021.csv,518,08/12/2021,-108.24,,software,Y,D03407,,
bank/aib_current_2021.csv,519,08/12/2021,-2812.17,,loan_repayment,Y,,,"interest 651.74, capital 2160.43"
bank/aib_current_2021.csv,520,08/12/2021,-1130.49,,loan_repayment,Y,,,"interest 463.28, capital 667.21"
bank/aib_current_2021.csv,521,08/12/2021,-295.85,,personal_groceries,N,,,household spending
bank/aib_current_2021.csv,522,10/12/2021,-1279.81,,personal_misc,N,,,
bank/aib_current_2021.csv,523,12/12/2021,-300.00,,drawings,N,,,
bank/aib_current_2021.csv,524,13/12/2021,3020.00,,scheme_income,Y,,,
bank/aib_current_2021.csv,525,13/12/2021,-440.80,,health_insurance,N,,,
bank/aib_current_2021.csv,526,14/12/2021,-2737.83,,paye_prsi_usc,Y,,,
bank/aib_current_2021.csv,527,15/12/2021,-319.78,,repairs,Y,D03313,,
bank/aib_current_2021.csv,528,16/12/2021,-598.10,,vet_medicine,Y,D03218,,
bank/aib_current_2021.csv,529,16/12/2021,-189.30,,personal_groceries,N,,,household spending
bank/aib_current_2021.csv,530,20/12/2021,-2035.60,,electricity,M,D03405,,
bank/aib_current_2021.csv,531,20/12/2021,-191.31,,telephone,M,D03406,,
bank/aib_current_2021.csv,532,20/12/2021,5200.00,,scheme_income,Y,,,
bank/aib_current_2021.csv,533,20/12/2021,-229.52,,personal_groceries,N,,,household spending
bank/aib_current_2021.csv,534,20/12/2021,-200.00,,savings,N,,,
bank/aib_current_2021.csv,535,20/12/2021,-599.91,,foot_care,Y,D03368,,
bank/aib_current_2021.csv,536,20/12/2021,-1049.78,,dairy_hygiene,Y,D03345;D03354,,
bank/aib_current_2021.csv,537,20/12/2021,-2797.90,,contractors,Y,D03271,,
bank/aib_current_2021.csv,538,22/12/2021,-81.20,,personal_misc,N,,,
bank/aib_current_2021.csv,539,23/12/2021,-2205.42,,fuel,Y,D03286,,
bank/aib_current_2021.csv,540,23/12/2021,-916.52,,vet_medicine,Y,D03233,,
bank/aib_current_2021.csv,541,24/12/2021,-200.00,,drawings,N,,,
bank/aib_current_2021.csv,542,27/12/2021,23205.94,,milk_receipt,Y,D00385;D00386,,net of co-op deductions
bank/aib_current_2021.csv,543,27/12/2021,1282.80,,personal_paye_income,N,,,"spouse PAYE, personal income"
bank/aib_current_2021.csv,544,28/12/2021,-2033.29,,wages_net,Y,,,
bank/aib_current_2021.csv,545,28/12/2021,-473.37,,wages_net,Y,,,
bank/aib_current_2021.csv,546,28/12/2021,1316.35,,personal_paye_income,N,,,"son PAYE as a contractor employee, personal"
bank/aib_current_2021.csv,547,28/12/2021,-300.00,,drawings,N,,,
bank/aib_current_2021.csv,548,28/12/2021,-84.50,,family_fuel,N,,,
bank/aib_current_2021.csv,549,30/12/2021,-271.76,,repairs,Y,D03315,,
bank/aib_current_2021.csv,550,30/12/2021,-36320.00,,fertiliser,Y,D05132,E13-cutoff,
bank/aib_current_2021.csv,551,31/12/2021,-24.50,,bank_charges,Y,,,
bank/aib_current_2021.csv,552,31/12/2021,-82.29,,bank_interest,Y,,,
bank/aib_current_2022.csv,2,02/01/2022,-300.00,,drawings,N,,,
bank/aib_current_2022.csv,3,03/01/2022,-3620.00,,drawings,N,,,
bank/aib_current_2022.csv,4,04/01/2022,-151.20,,personal_groceries,N,,,household spending
bank/aib_current_2022.csv,5,05/01/2022,-630.00,,pension_personal,N,,,personal pension; relief claimed on the personal return
bank/aib_current_2022.csv,6,06/01/2022,-108.24,,software,Y,D03640,,
bank/aib_current_2022.csv,7,07/01/2022,-186.99,,personal_groceries,N,,,household spending
bank/aib_current_2022.csv,8,10/01/2022,-2958.40,,loan_repayment,Y,,,"interest 908.41, capital 2049.99"
bank/aib_current_2022.csv,9,10/01/2022,-1244.14,,loan_repayment,Y,,,"interest 648.98, capital 595.16"
bank/aib_current_2022.csv,10,11/01/2022,-250.00,,drawings,N,,,
bank/aib_current_2022.csv,11,12/01/2022,-478.80,,health_insurance,N,,,
bank/aib_current_2022.csv,12,13/01/2022,-696.06,,repairs,Y,D03337,,
bank/aib_current_2022.csv,13,14/01/2022,-2737.70,,paye_prsi_usc,Y,,,
bank/aib_current_2022.csv,14,15/01/2022,-345.78,,personal_groceries,N,,,household spending
bank/aib_current_2022.csv,15,17/01/2022,-90.85,,family_fuel,N,,,
bank/aib_current_2022.csv,16,18/01/2022,-196.30,,telephone,M,D03639,,
bank/aib_current_2022.csv,17,18/01/2022,-270.61,,personal_groceries,N,,,household spending
bank/aib_current_2022.csv,18,19/01/2022,-3115.30,,electricity,M,D03638,,
bank/aib_current_2022.csv,19,20/01/2022,-200.00,,savings,N,,,
bank/aib_current_2022.csv,20,20/01/2022,-2006.55,,vet_medicine,Y,D03221;D03231;D03243;D03254,,
bank/aib_current_2022.csv,21,21/01/2022,-585.10,,repairs,Y,D03334,,
bank/aib_current_2022.csv,22,24/01/2022,3745.50,,contracting_income,Y,D04987,E3-2021,
bank/aib_current_2022.csv,23,24/01/2022,-88.20,,personal_misc,N,,,
bank/aib_current_2022.csv,24,25/01/2022,4924.85,,milk_receipt,Y,D00387;D00388,,net of co-op deductions
bank/aib_current_2022.csv,25,25/01/2022,1320.98,,personal_paye_income,N,,,"spouse PAYE, personal income"
bank/aib_current_2022.csv,26,25/01/2022,-140.11,,personal_groceries,N,,,household spending
bank/aib_current_2022.csv,27,27/01/2022,-300.00,,drawings,N,,,
bank/aib_current_2022.csv,28,27/01/2022,-291.30,,personal_groceries,N,,,household spending
bank/aib_current_2022.csv,29,28/01/2022,-2104.11,,wages_net,Y,,,
bank/aib_current_2022.csv,30,28/01/2022,-481.35,,wages_net,Y,,,
bank/aib_current_2022.csv,31,28/01/2022,1368.59,,personal_paye_income,N,,,"son PAYE as a contractor employee, personal"
bank/aib_current_2022.csv,32,31/01/2022,-25.20,,bank_charges,Y,,,
bank/aib_current_2022.csv,33,31/01/2022,3054.03,,vat_refund,Y,,,
bank/aib_current_2022.csv,34,31/01/2022,-181.78,,bank_interest,Y,,,
bank/aib_current_2022.csv,35,31/01/2022,40000.00,,own_transfer,T,,,
bank/aib_current_2022.csv,36,01/02/2022,-3620.00,,drawings,N,,,
bank/aib_current_2022.csv,37,02/02/2022,-621.11,,repairs,Y,D03575,,
bank/aib_current_2022.csv,38,02/02/2022,-272.83,,personal_groceries,N,,,household spending
bank/aib_current_2022.csv,39,07/02/2022,-108.24,,software,Y,D03643,,
bank/aib_current_2022.csv,40,07/02/2022,-148.66,,personal_groceries,N,,,household spending
bank/aib_current_2022.csv,41,07/02/2022,-630.00,,pension_personal,N,,,personal pension; relief claimed on the personal return
bank/aib_current_2022.csv,42,08/02/2022,-261.06,,repairs,Y,D03574,,
bank/aib_current_2022.csv,43,08/02/2022,-2958.40,,loan_repayment,Y,,,"interest 900.72, capital 2057.68"
bank/aib_current_2022.csv,44,08/02/2022,-1244.14,,loan_repayment,Y,,,"interest 646.75, capital 597.39"
bank/aib_current_2022.csv,45,09/02/2022,-362.35,,personal_groceries,N,,,household spending
bank/aib_current_2022.csv,46,13/02/2022,-150.00,,drawings,N,,,
bank/aib_current_2022.csv,47,14/02/2022,-2825.09,,paye_prsi_usc,Y,,,
bank/aib_current_2022.csv,48,14/02/2022,-478.80,,health_insurance,N,,,
bank/aib_current_2022.csv,49,15/02/2022,-300.00,,drawings,N,,,
bank/aib_current_2022.csv,50,15/02/2022,-94.70,,personal_groceries,N,,,household spending
bank/aib_current_2022.csv,51,15/02/2022,-6971.23,,feed,Y,D03419;D03442,,
bank/aib_current_2022.csv,52,15/02/2022,-1008.65,,dairy_hygiene,Y,D03615;D03624,,
bank/aib_current_2022.csv,53,15/02/2022,-3106.48,,vet_medicine,Y,D03479;D03496;D03497;D03503;D03504,,
bank/aib_current_2022.csv,54,16/02/2022,-881.71,,vet_medicine,Y,D03477,,
bank/aib_current_2022.csv,55,17/02/2022,-232.55,,personal_groceries,N,,,household spending
bank/aib_current_2022.csv,56,20/02/2022,-150.00,,drawings,N,,,
bank/aib_current_2022.csv,57,21/02/2022,-2826.38,,electricity,M,D03641,,
bank/aib_current_2022.csv,58,21/02/2022,-199.91,,telephone,M,D03642,,
bank/aib_current_2022.csv,59,21/02/2022,-200.00,,savings,N,,,
bank/aib_current_2022.csv,60,21/02/2022,-1546.21,,fuel,Y,D03537,,
bank/aib_current_2022.csv,61,21/02/2022,-823.15,,foot_care,Y,D03633,,
bank/aib_current_2022.csv,62,21/02/2022,-757.54,,repairs,Y,D03586;D03589,,
bank/aib_current_2022.csv,63,22/02/2022,-11869.68,,insurance,Y,D03674,,
bank/aib_current_2022.csv,64,22/02/2022,-88.20,,personal_misc,N,,,
bank/aib_current_2022.csv,65,24/02/2022,-200.00,,drawings,N,,,
bank/aib_current_2022.csv,66,25/02/2022,13420.07,,milk_receipt,Y,D00389;D00390,,net of co-op deductions
bank/aib_current_2022.csv,67,25/02/2022,-594.41,,foot_care,Y,D03635,,
bank/aib_current_2022.csv,68,25/02/2022,1320.98,,personal_paye_income,N,,,"spouse PAYE, personal income"
bank/aib_current_2022.csv,69,25/02/2022,-300.00,,drawings,N,,,
bank/aib_current_2022.csv,70,25/02/2022,-140.67,,personal_misc,N,,,
bank/aib_current_2022.csv,71,28/02/2022,-585.92,,repairs,Y,D03597,,
bank/aib_current_2022.csv,72,28/02/2022,-726.95,,dairy_hygiene,Y,D03607,,
bank/aib_current_2022.csv,73,28/02/2022,-784.94,,foot_care,Y,D03632,,
bank/aib_current_2022.csv,74,28/02/2022,-25.20,,bank_charges,Y,,,
bank/aib_current_2022.csv,75,28/02/2022,-2104.11,,wages_net,Y,,,
bank/aib_current_2022.csv,76,28/02/2022,-491.79,,wages_net,Y,,,
bank/aib_current_2022.csv,77,28/02/2022,-1147.64,,wages_net,Y,,,
bank/aib_current_2022.csv,78,28/02/2022,1368.59,,personal_paye_income,N,,,"son PAYE as a contractor employee, personal"
bank/aib_current_2022.csv,79,28/02/2022,-152.64,,bank_interest,Y,,,
bank/aib_current_2022.csv,80,01/03/2022,-3620.00,,drawings,N,,,
bank/aib_current_2022.csv,81,04/03/2022,-200.00,,drawings,N,,,
bank/aib_current_2022.csv,82,04/03/2022,-80.67,,family_fuel,N,,,
bank/aib_current_2022.csv,83,07/03/2022,-566.65,,repairs,Y,D03603,,
bank/aib_current_2022.csv,84,07/03/2022,-108.24,,software,Y,D03646,,
bank/aib_current_2022.csv,85,07/03/2022,-630.00,,pension_personal,N,,,personal pension; relief claimed on the personal return
bank/aib_current_2022.csv,86,08/03/2022,-2958.40,,loan_repayment,Y,,,"interest 893.00, capital 2065.39"
bank/aib_current_2022.csv,87,08/03/2022,-1244.14,,loan_repayment,Y,,,"interest 644.51, capital 599.63"
bank/aib_current_2022.csv,88,09/03/2022,-4723.52,,fertiliser,Y,D03453,,
bank/aib_current_2022.csv,89,09/03/2022,9400.00,,insurance_claim,Y,,,storm damage
bank/aib_current_2022.csv,90,11/03/2022,-3365.58,,feed,Y,D03427,,
bank/aib_current_2022.csv,91,11/03/2022,-541.99,,repairs,Y,D03554,,
bank/aib_current_2022.csv,92,12/03/2022,-269.14,,personal_groceries,N,,,household spending
bank/aib_current_2022.csv,93,14/03/2022,-4088.25,,paye_prsi_usc,Y,,,
bank/aib_current_2022.csv,94,14/03/2022,-478.80,,health_insurance,N,,,
bank/aib_current_2022.csv,95,15/03/2022,-250.00,,drawings,N,,,
bank/aib_current_2022.csv,96,15/03/2022,-7491.36,,feed,Y,D03416;D03432,,
bank/aib_current_2022.csv,97,18/03/2022,-2747.30,,electricity,M,D03644,,
bank/aib_current_2022.csv,98,18/03/2022,5003.95,,livestock_sale,Y,D04783;D04784,,net of commission
bank/aib_current_2022.csv,99,21/03/2022,-204.12,,telephone,M,D03645,,
bank/aib_current_2022.csv,100,21/03/2022,-150.00,,drawings,N,,,
bank/aib_current_2022.csv,101,21/03/2022,-200.00,,savings,N,,,
bank/aib_current_2022.csv,102,21/03/2022,-2864.02,,vat_payment,Y,,,
bank/aib_current_2022.csv,103,22/03/2022,-88.20,,personal_misc,N,,,
bank/aib_current_2022.csv,104,22/03/2022,-806.58,,repairs,Y,D03553;D03591,,
bank/aib_current_2022.csv,105,24/03/2022,-245.02,,personal_groceries,N,,,household spending
bank/aib_current_2022.csv,106,24/03/2022,-2696.86,,contractors,Y,D03528,,
bank/aib_current_2022.csv,107,24/03/2022,-2271.56,,vet_medicine,Y,D03464;D03468;D03490;D03498,,
bank/aib_current_2022.csv,108,25/03/2022,45790.94,,milk_receipt,Y,D00391;D00392,,net of co-op deductions
bank/aib_current_2022.csv,109,25/03/2022,-4277.45,,professional_fees,Y,D03675,,
bank/aib_current_2022.csv,110,25/03/2022,1320.98,,personal_paye_income,N,,,"spouse PAYE, personal income"
bank/aib_current_2022.csv,111,25/03/2022,-173.51,,personal_groceries,N,,,household spending
bank/aib_current_2022.csv,112,26/03/2022,-50.60,,personal_misc,N,,,
bank/aib_current_2022.csv,113,27/03/2022,-165.41,,personal_groceries,N,,,household spending
bank/aib_current_2022.csv,114,28/03/2022,-674.78,,vet_medicine,Y,D03469,,
bank/aib_current_2022.csv,115,28/03/2022,-2104.11,,wages_net,Y,,,
bank/aib_current_2022.csv,116,28/03/2022,-490.50,,wages_net,Y,,,
bank/aib_current_2022.csv,117,28/03/2022,-1147.64,,wages_net,Y,,,
bank/aib_current_2022.csv,118,28/03/2022,1368.59,,personal_paye_income,N,,,"son PAYE as a contractor employee, personal"
bank/aib_current_2022.csv,119,28/03/2022,-200.00,,drawings,N,,,
bank/aib_current_2022.csv,120,31/03/2022,-4241.88,,contractors,Y,D03530,,
bank/aib_current_2022.csv,121,31/03/2022,-25.20,,bank_charges,Y,,,
bank/aib_current_2022.csv,122,31/03/2022,-107.82,,bank_interest,Y,,,
bank/aib_current_2022.csv,123,01/04/2022,-3620.00,,drawings,N,,,
bank/aib_current_2022.csv,124,04/04/2022,-300.00,,drawings,N,,,
bank/aib_current_2022.csv,125,04/04/2022,-268.88,,personal_groceries,N,,,household spending
bank/aib_current_2022.csv,126,05/04/2022,-549.31,,vet_medicine,Y,D03480,,
bank/aib_current_2022.csv,127,05/04/2022,-630.00,,pension_personal,N,,,personal pension; relief claimed on the personal return
bank/aib_current_2022.csv,128,06/04/2022,-2830.47,,contractors,Y,D03529,,
bank/aib_current_2022.csv,129,07/04/2022,-108.24,,software,Y,D03649,,
bank/aib_current_2022.csv,130,07/04/2022,-300.00,,drawings,N,,,
bank/aib_current_2022.csv,131,08/04/2022,4303.31,,livestock_sale,Y,D04785;D04786,,net of commission
bank/aib_current_2022.csv,132,08/04/2022,-2958.40,,loan_repayment,Y,,,"interest 885.26, capital 2073.14"
bank/aib_current_2022.csv,133,08/04/2022,-1244.14,,loan_repayment,Y,,,"interest 642.26, capital 601.88"
bank/aib_current_2022.csv,134,11/04/2022,-566.56,,repairs,Y,D03552,,
bank/aib_current_2022.csv,135,12/04/2022,-257.88,,personal_groceries,N,,,household spending
bank/aib_current_2022.csv,136,12/04/2022,-136.51,,personal_groceries,N,,,household spending
bank/aib_current_2022.csv,137,12/04/2022,-478.80,,health_insurance,N,,,
bank/aib_current_2022.csv,138,13/04/2022,-817.61,,dairy_hygiene,Y,D03611,,
bank/aib_current_2022.csv,139,13/04/2022,-96.79,,family_fuel,N,,,
bank/aib_current_2022.csv,140,14/04/2022,-4086.84,,paye_prsi_usc,Y,,,
bank/aib_current_2022.csv,141,18/04/2022,-1134.42,,breeding_ai,Y,D03510,,
bank/aib_current_2022.csv,142,18/04/2022,-528.16,,repairs,Y,D03556,,
bank/aib_current_2022.csv,143,18/04/2022,-387.65,,personal_groceries,N,,,household spending
bank/aib_current_2022.csv,144,18/04/2022,-5091.01,,feed,Y,D03430,,
bank/aib_current_2022.csv,145,19/04/2022,-3071.78,,electricity,M,D03647,,
bank/aib_current_2022.csv,146,20/04/2022,-216.04,,telephone,M,D03648,,
bank/aib_current_2022.csv,147,20/04/2022,4694.34,,livestock_sale,Y,D04787;D04788,,net of commission
bank/aib_current_2022.csv,148,20/04/2022,-44280.00,,capital_equipment,Y,D05116,,
bank/aib_current_2022.csv,149,20/04/2022,-200.00,,savings,N,,,
bank/aib_current_2022.csv,150,21/04/2022,-989.77,,breeding_ai,Y,D03518,,
bank/aib_current_2022.csv,151,22/04/2022,-88.20,,personal_misc,N,,,
bank/aib_current_2022.csv,152,22/04/2022,-9490.33,,fertiliser,Y,D03446,,
bank/aib_current_2022.csv,153,23/04/2022,-180.36,,personal_groceries,N,,,household spending
bank/aib_current_2022.csv,154,25/04/2022,95812.95,,milk_receipt,Y,D00393;D00394,,net of co-op deductions
bank/aib_current_2022.csv,155,25/04/2022,-930.20,,vet_medicine,Y,D03486,,
bank/aib_current_2022.csv,156,25/04/2022,-700.85,,breeding_ai,Y,D03511,,
bank/aib_current_2022.csv,157,25/04/2022,-510.76,,breeding_ai,Y,D03512,,
bank/aib_current_2022.csv,158,25/04/2022,-493.73,,repairs,Y,D03579,,
bank/aib_current_2022.csv,159,25/04/2022,-548.40,,dairy_hygiene,Y,D03605,,
bank/aib_current_2022.csv,160,25/04/2022,1320.98,,personal_paye_income,N,,,"spouse PAYE, personal income"
bank/aib_current_2022.csv,161,25/04/2022,-1297.83,,repairs,Y,D03595;D03598;D03600,,
bank/aib_current_2022.csv,162,25/04/2022,-4776.28,,vet_medicine,Y,D03463;D03487;D03488;D03489;D03495;D03499;D03508,,
bank/aib_current_2022.csv,163,27/04/2022,-179.09,,personal_groceries,N,,,household spending
bank/aib_current_2022.csv,164,28/04/2022,-2104.11,,wages_net,Y,,,
bank/aib_current_2022.csv,165,28/04/2022,-493.47,,wages_net,Y,,,
bank/aib_current_2022.csv,166,28/04/2022,-1147.64,,wages_net,Y,,,
bank/aib_current_2022.csv,167,28/04/2022,1368.59,,personal_paye_income,N,,,"son PAYE as a contractor employee, personal"
bank/aib_current_2022.csv,168,28/04/2022,-150.00,,drawings,N,,,
bank/aib_current_2022.csv,169,29/04/2022,-42.80,,bank_interest,Y,,,
bank/aib_current_2022.csv,170,30/04/2022,-25.20,,bank_charges,Y,,,
bank/aib_current_2022.csv,171,02/05/2022,-3620.00,,drawings,N,,,
bank/aib_current_2022.csv,172,03/05/2022,-563.40,,vet_medicine,Y,D03478,,
bank/aib_current_2022.csv,173,04/05/2022,4861.83,,livestock_sale,Y,D04789;D04790,,net of commission
bank/aib_current_2022.csv,174,05/05/2022,-630.00,,pension_personal,N,,,personal pension; relief claimed on the personal return
bank/aib_current_2022.csv,175,09/05/2022,-108.24,,software,Y,D03652,,
bank/aib_current_2022.csv,176,09/05/2022,-2958.40,,loan_repayment,Y,,,"interest 877.48, capital 2080.91"
bank/aib_current_2022.csv,177,09/05/2022,-1244.14,,loan_repayment,Y,,,"interest 640.00, capital 604.14"
bank/aib_current_2022.csv,178,09/05/2022,-1512.00,,family_car_running,N,,,
bank/aib_current_2022.csv,179,10/05/2022,-300.00,,drawings,N,,,
bank/aib_current_2022.csv,180,11/05/2022,-245.09,,personal_groceries,N,,,household spending
bank/aib_current_2022.csv,181,12/05/2022,-150.00,,drawings,N,,,
bank/aib_current_2022.csv,182,12/05/2022,-478.80,,health_insurance,N,,,
bank/aib_current_2022.csv,183,15/05/2022,-128.13,,personal_groceries,N,,,household spending
bank/aib_current_2022.csv,184,16/05/2022,-281.60,,repairs,Y,D03590,,
bank/aib_current_2022.csv,185,16/05/2022,2400.00,,unexplained_credit,U,,E2-2022,"contracting job paid in cash, no invoice raised, no output VAT"
bank/aib_current_2022.csv,186,16/05/2022,-4090.14,,paye_prsi_usc,Y,,,
bank/aib_current_2022.csv,187,16/05/2022,-4767.91,,fertiliser,Y,D03452,,
bank/aib_current_2022.csv,188,16/05/2022,-2273.78,,fuel,Y,D03544,,
bank/aib_current_2022.csv,189,16/05/2022,-338.09,,dairy_hygiene,Y,D03608,,
bank/aib_current_2022.csv,190,16/05/2022,-4367.03,,contractors,Y,D03521,,
bank/aib_current_2022.csv,191,17/05/2022,-6057.70,,fertiliser,Y,D03450,,
bank/aib_current_2022.csv,192,18/05/2022,-3084.71,,electricity,M,D03650,,
bank/aib_current_2022.csv,193,18/05/2022,-230.51,,telephone,M,D03651,,
bank/aib_current_2022.csv,194,19/05/2022,-324.20,,personal_groceries,N,,,household spending
bank/aib_current_2022.csv,195,19/05/2022,-630.61,,breeding_ai,Y,D03517,,
bank/aib_current_2022.csv,196,19/05/2022,-381.39,,repairs,Y,D03566,,
bank/aib_current_2022.csv,197,19/05/2022,-8847.35,,vat_payment,Y,,,
bank/aib_current_2022.csv,198,20/05/2022,-200.00,,savings,N,,,
bank/aib_current_2022.csv,199,23/05/2022,4397.77,,livestock_sale,Y,D04791;D04792,,net of commission
bank/aib_current_2022.csv,200,23/05/2022,1262.10,,contracting_income,Y,D04994,,
bank/aib_current_2022.csv,201,23/05/2022,-88.20,,personal_misc,N,,,
bank/aib_current_2022.csv,202,25/05/2022,137482.18,,milk_receipt,Y,D00395;D00396,,net of co-op deductions
bank/aib_current_2022.csv,203,25/05/2022,1320.98,,personal_paye_income,N,,,"spouse PAYE, personal income"
bank/aib_current_2022.csv,204,26/05/2022,-781.20,,utilities,M,D03677,,
bank/aib_current_2022.csv,205,26/05/2022,-167.76,,personal_groceries,N,,,household spending
bank/aib_current_2022.csv,206,27/05/2022,-300.00,,drawings,N,,,
bank/aib_current_2022.csv,207,28/05/2022,-230.64,,personal_groceries,N,,,household spending
bank/aib_current_2022.csv,208,30/05/2022,-3650.35,,contractors,Y,D03522,,
bank/aib_current_2022.csv,209,30/05/2022,1200.00,,unexplained_credit,U,,E2-2022,"contracting job paid in cash, no invoice raised, no output VAT"
bank/aib_current_2022.csv,210,30/05/2022,1623.95,,contracting_income,Y,D04997,,
bank/aib_current_2022.csv,211,30/05/2022,-2104.11,,wages_net,Y,,,
bank/aib_current_2022.csv,212,30/05/2022,-481.17,,wages_net,Y,,,
bank/aib_current_2022.csv,213,30/05/2022,-1147.64,,wages_net,Y,,,
bank/aib_current_2022.csv,214,30/05/2022,1368.59,,personal_paye_income,N,,,"son PAYE as a contractor employee, personal"
bank/aib_current_2022.csv,215,31/05/2022,-25.20,,bank_charges,Y,,,
bank/aib_current_2022.csv,216,31/05/2022,-58000.00,,own_transfer,T,,,
bank/aib_current_2022.csv,217,01/06/2022,-730.48,,dairy_hygiene,Y,D03609,,
bank/aib_current_2022.csv,218,01/06/2022,-3620.00,,drawings,N,,,
bank/aib_current_2022.csv,219,01/06/2022,-200.00,,drawings,N,,,
bank/aib_current_2022.csv,220,03/06/2022,-159.02,,personal_groceries,N,,,household spending
bank/aib_current_2022.csv,221,06/06/2022,-108.24,,software,Y,D03655,,
bank/aib_current_2022.csv,222,06/06/2022,1009.30,,contracting_income,Y,D05008,,
bank/aib_current_2022.csv,223,06/06/2022,-630.00,,pension_personal,N,,,personal pension; relief claimed on the personal return
bank/aib_current_2022.csv,224,08/06/2022,-578.31,,breeding_ai,Y,D03515,,
bank/aib_current_2022.csv,225,08/06/2022,-2958.40,,loan_repayment,Y,,,"interest 869.68, capital 2088.72"
bank/aib_current_2022.csv,226,08/06/2022,-1244.14,,loan_repayment,Y,,,"interest 637.74, capital 606.41"
bank/aib_current_2022.csv,227,08/06/2022,-250.00,,drawings,N,,,
bank/aib_current_2022.csv,228,13/06/2022,-762.29,,dairy_hygiene,Y,D03612,,
bank/aib_current_2022.csv,229,13/06/2022,-263.66,,personal_groceries,N,,,household spending
bank/aib_current_2022.csv,230,13/06/2022,-478.80,,health_insurance,N,,,
bank/aib_current_2022.csv,231,14/06/2022,-4076.48,,paye_prsi_usc,Y,,,
bank/aib_current_2022.csv,232,15/06/2022,-360.32,,repairs,Y,D03565,,
bank/aib_current_2022.csv,233,16/06/2022,-550.27,,repairs,Y,D03555,,
bank/aib_current_2022.csv,234,16/06/2022,-260.69,,repairs,Y,D03588,,
bank/aib_current_2022.csv,235,16/06/2022,-238.53,,personal_groceries,N,,,household spending
bank/aib_current_2022.csv,236,17/06/2022,-1685.44,,breeding_ai,Y,D03509;D03514,,
bank/aib_current_2022.csv,237,17/06/2022,-4738.94,,fuel,Y,D03538;D03540,,
bank/aib_current_2022.csv,238,17/06/2022,-1249.02,,silage_plastic,Y,D03629,,
bank/aib_current_2022.csv,239,18/06/2022,-150.00,,drawings,N,,,
bank/aib_current_2022.csv,240,20/06/2022,-226.30,,telephone,M,D03654,,
bank/aib_current_2022.csv,241,20/06/2022,-200.00,,savings,N,,,
bank/aib_current_2022.csv,242,20/06/2022,-14570.17,,fertiliser,Y,D03444;D03456,,
bank/aib_current_2022.csv,243,20/06/2022,-1594.38,,dairy_hygiene,Y,D03610;D03617;D03622,,
bank/aib_current_2022.csv,244,21/06/2022,-2930.46,,electricity,M,D03653,,
bank/aib_current_2022.csv,245,21/06/2022,-305.64,,repairs,Y,D03558,,
bank/aib_current_2022.csv,246,22/06/2022,-88.20,,personal_misc,N,,,
bank/aib_current_2022.csv,247,23/06/2022,-216.97,,fallen_animals,Y,D04781,,
bank/aib_current_2022.csv,248,23/06/2022,1274.74,,contracting_income,Y,D05006,,
bank/aib_current_2022.csv,249,24/06/2022,-150.00,,drawings,N,,,
bank/aib_current_2022.csv,250,24/06/2022,-4391.07,,contractors,Y,D03526,,
bank/aib_current_2022.csv,251,24/06/2022,-862.93,,vet_medicine,Y,D03484,TRANSPOSED_DIGITS,paid 862.93 against invoice 826.93
bank/aib_current_2022.csv,252,25/06/2022,-240.54,,personal_groceries,N,,,household spending
bank/aib_current_2022.csv,253,27/06/2022,155500.90,,milk_receipt,Y,D00397;D00398,,net of co-op deductions
bank/aib_current_2022.csv,254,27/06/2022,1320.98,,personal_paye_income,N,,,"spouse PAYE, personal income"
bank/aib_current_2022.csv,255,27/06/2022,-116.65,,personal_groceries,N,,,household spending
bank/aib_current_2022.csv,256,28/06/2022,-2104.11,,wages_net,Y,,,
bank/aib_current_2022.csv,257,28/06/2022,-473.65,,wages_net,Y,,,
bank/aib_current_2022.csv,258,28/06/2022,-1147.64,,wages_net,Y,,,
bank/aib_current_2022.csv,259,28/06/2022,1368.59,,personal_paye_income,N,,,"son PAYE as a contractor employee, personal"
bank/aib_current_2022.csv,260,28/06/2022,-162.71,,personal_groceries,N,,,household spending
bank/aib_current_2022.csv,261,29/06/2022,-1892.91,,fuel,Y,D03539,,
bank/aib_current_2022.csv,262,30/06/2022,-25.20,,bank_charges,Y,,,
bank/aib_current_2022.csv,263,30/06/2022,-740.00,,bank_charges,Y,,,
bank/aib_current_2022.csv,264,30/06/2022,2119.35,,contracting_income,Y,D04992,,
bank/aib_current_2022.csv,265,30/06/2022,-104000.00,,own_transfer,T,,,
bank/aib_current_2022.csv,266,01/07/2022,-303.61,,repairs,Y,D03568,,
bank/aib_current_2022.csv,267,01/07/2022,-3620.00,,drawings,N,,,
bank/aib_current_2022.csv,268,01/07/2022,-96.36,,personal_groceries,N,,,household spending
bank/aib_current_2022.csv,269,04/07/2022,-351.07,,vet_medicine,Y,D03459,,
bank/aib_current_2022.csv,270,04/07/2022,-108.02,,personal_groceries,N,,,household spending
bank/aib_current_2022.csv,271,05/07/2022,2600.42,,contracting_income,Y,D04995,,
bank/aib_current_2022.csv,272,05/07/2022,-250.00,,drawings,N,,,
bank/aib_current_2022.csv,273,05/07/2022,-99.77,,family_fuel,N,,,
bank/aib_current_2022.csv,274,05/07/2022,-630.00,,pension_personal,N,,,personal pension; relief claimed on the personal return
bank/aib_current_2022.csv,275,06/07/2022,-502.49,,repairs,Y,D03594,,
bank/aib_current_2022.csv,276,06/07/2022,1627.60,,contracting_income,Y,D04996,,
bank/aib_current_2022.csv,277,06/07/2022,-259.86,,personal_groceries,N,,,household spending
bank/aib_current_2022.csv,278,07/07/2022,-108.24,,software,Y,D03658,,
bank/aib_current_2022.csv,279,07/07/2022,1207.48,,contracting_income,Y,D04990,,
bank/aib_current_2022.csv,280,07/07/2022,1786.00,,contracting_income,Y,D04998,,
bank/aib_current_2022.csv,281,08/07/2022,-2958.40,,loan_repayment,Y,,,"interest 861.85, capital 2096.55"
bank/aib_current_2022.csv,282,08/07/2022,-1244.14,,loan_repayment,Y,,,"interest 635.46, capital 608.68"
bank/aib_current_2022.csv,283,08/07/2022,-150.00,,drawings,N,,,
bank/aib_current_2022.csv,284,09/07/2022,-200.00,,drawings,N,,,
bank/aib_current_2022.csv,285,09/07/2022,-200.00,,drawings,N,,,
bank/aib_current_2022.csv,286,11/07/2022,-462.28,,dairy_hygiene,Y,D03619,,
bank/aib_current_2022.csv,287,12/07/2022,-478.80,,health_insurance,N,,,
bank/aib_current_2022.csv,288,14/07/2022,21588.09,,livestock_sale,Y,D04798,,
bank/aib_current_2022.csv,289,14/07/2022,-4068.13,,paye_prsi_usc,Y,,,
bank/aib_current_2022.csv,290,14/07/2022,-4172.09,,family_holiday,N,,,family holiday paid by the farm account
bank/aib_current_2022.csv,291,15/07/2022,-1394.82,,professional_fees,Y,D03676,,
bank/aib_current_2022.csv,292,15/07/2022,-323.12,,personal_groceries,N,,,household spending
bank/aib_current_2022.csv,293,18/07/2022,-2674.57,,electricity,M,D03656,,
bank/aib_current_2022.csv,294,18/07/2022,2400.00,,unexplained_credit,U,,E2-2022,"contracting job paid in cash, no invoice raised, no output VAT"
bank/aib_current_2022.csv,295,19/07/2022,-207.01,,telephone,M,D03657,,
bank/aib_current_2022.csv,296,19/07/2022,-4185.19,,contractors,Y,D03531,,
bank/aib_current_2022.csv,297,19/07/2022,-24891.38,,vat_payment,Y,,,
bank/aib_current_2022.csv,298,20/07/2022,19080.29,,livestock_sale,Y,D04794;D04795,,
bank/aib_current_2022.csv,299,20/07/2022,-200.00,,savings,N,,,
bank/aib_current_2022.csv,300,20/07/2022,-2971.56,,fuel,Y,D03542;D03543,,
bank/aib_current_2022.csv,301,20/07/2022,-1386.69,,silage_plastic,Y,D03626,,
bank/aib_current_2022.csv,302,21/07/2022,-553.19,,breeding_ai,Y,D03513,,
bank/aib_current_2022.csv,303,21/07/2022,-2392.60,,repairs,Y,D03562;D03569;D03570;D03572;D03584,,
bank/aib_current_2022.csv,304,22/07/2022,-88.20,,personal_misc,N,,,
bank/aib_current_2022.csv,305,22/07/2022,-7941.82,,fertiliser,Y,D03454,,
bank/aib_current_2022.csv,306,24/07/2022,-300.00,,drawings,N,,,
bank/aib_current_2022.csv,307,25/07/2022,150590.59,,milk_receipt,Y,D00399;D00400,,net of co-op deductions
bank/aib_current_2022.csv,308,25/07/2022,1436.29,,contracting_income,Y,D05000,,
bank/aib_current_2022.csv,309,25/07/2022,-461.88,,dairy_hygiene,Y,D03621,,
bank/aib_current_2022.csv,310,25/07/2022,-4483.23,,vet_medicine,Y,D03461;D03473;D03474;D03483;D03485;D03493,,
bank/aib_current_2022.csv,311,26/07/2022,1590.61,,contracting_income,Y,D05001,,
bank/aib_current_2022.csv,312,26/07/2022,-281.88,,personal_groceries,N,,,household spending
bank/aib_current_2022.csv,313,26/07/2022,-314.61,,personal_groceries,N,,,household spending
bank/aib_current_2022.csv,314,28/07/2022,1055.99,,contracting_income,Y,D04999,,
bank/aib_current_2022.csv,315,28/07/2022,-2104.11,,wages_net,Y,,,
bank/aib_current_2022.csv,316,28/07/2022,-482.73,,wages_net,Y,,,
bank/aib_current_2022.csv,317,28/07/2022,-1147.64,,wages_net,Y,,,
bank/aib_current_2022.csv,318,28/07/2022,1368.59,,personal_paye_income,N,,,"son PAYE as a contractor employee, personal"
bank/aib_current_2022.csv,319,29/07/2022,-128000.00,,own_transfer,T,,,
bank/aib_current_2022.csv,320,31/07/2022,-25.20,,bank_charges,Y,,,
bank/aib_current_2022.csv,321,01/08/2022,-3620.00,,drawings,N,,,
bank/aib_current_2022.csv,322,03/08/2022,-2418.90,,fuel,Y,D03546,,
bank/aib_current_2022.csv,323,05/08/2022,-630.00,,pension_personal,N,,,personal pension; relief claimed on the personal return
bank/aib_current_2022.csv,324,08/08/2022,-108.24,,software,Y,D03661,,
bank/aib_current_2022.csv,325,08/08/2022,-2958.40,,loan_repayment,Y,,,"interest 853.99, capital 2104.41"
bank/aib_current_2022.csv,326,08/08/2022,-1244.14,,loan_repayment,Y,,,"interest 633.18, capital 610.96"
bank/aib_current_2022.csv,327,08/08/2022,-222.91,,personal_groceries,N,,,household spending
bank/aib_current_2022.csv,328,11/08/2022,-567.55,,repairs,Y,D03567,,
bank/aib_current_2022.csv,329,11/08/2022,2424.38,,contracting_income,Y,D04991,,
bank/aib_current_2022.csv,330,11/08/2022,-200.00,,drawings,N,,,
bank/aib_current_2022.csv,331,12/08/2022,-150.00,,drawings,N,,,
bank/aib_current_2022.csv,332,12/08/2022,-200.00,,drawings,N,,,
bank/aib_current_2022.csv,333,12/08/2022,-161.31,,personal_groceries,N,,,household spending
bank/aib_current_2022.csv,334,12/08/2022,-478.80,,health_insurance,N,,,
bank/aib_current_2022.csv,335,14/08/2022,-124.08,,personal_groceries,N,,,household spending
bank/aib_current_2022.csv,336,15/08/2022,2387.86,,contracting_income,Y,D05007,,
bank/aib_current_2022.csv,337,15/08/2022,-4078.21,,paye_prsi_usc,Y,,,
bank/aib_current_2022.csv,338,15/08/2022,-201.94,,personal_groceries,N,,,household spending
bank/aib_current_2022.csv,339,17/08/2022,-71.89,,family_fuel,N,,,
bank/aib_current_2022.csv,340,17/08/2022,-1661.22,,foot_care,Y,D03631;D03636,,
bank/aib_current_2022.csv,341,17/08/2022,-2330.63,,vet_medicine,Y,D03470;D03471;D03482;D03505,,
bank/aib_current_2022.csv,342,18/08/2022,-223.76,,telephone,M,D03660,,
bank/aib_current_2022.csv,343,18/08/2022,-226.32,,personal_groceries,N,,,household spending
bank/aib_current_2022.csv,344,19/08/2022,850.00,,unexplained_credit,U,,E2-2022,"contracting job paid in cash, no invoice raised, no output VAT"
bank/aib_current_2022.csv,345,19/08/2022,-2209.48,,feed,Y,D03425,,
bank/aib_current_2022.csv,346,19/08/2022,-511.41,,repairs,Y,D03559,,
bank/aib_current_2022.csv,347,22/08/2022,-496.65,,vet_medicine,Y,D03506,,
bank/aib_current_2022.csv,348,22/08/2022,-3113.76,,electricity,M,D03659,,
bank/aib_current_2022.csv,349,22/08/2022,-150.00,,drawings,N,,,
bank/aib_current_2022.csv,350,22/08/2022,-200.00,,savings,N,,,
bank/aib_current_2022.csv,351,22/08/2022,-88.20,,personal_misc,N,,,
bank/aib_current_2022.csv,352,22/08/2022,-3000.00,,personal_education,N,,,
bank/aib_current_2022.csv,353,22/08/2022,-2418.54,,contractors,Y,D03524,,
bank/aib_current_2022.csv,354,22/08/2022,-928.50,,silage_plastic,Y,D03627,,
bank/aib_current_2022.csv,355,24/08/2022,-170.48,,fallen_animals,Y,D04780,,
bank/aib_current_2022.csv,356,25/08/2022,141871.95,,milk_receipt,Y,D00401;D00402,,net of co-op deductions
bank/aib_current_2022.csv,357,26/08/2022,-1093.70,,silage_plastic,Y,D03625,,
bank/aib_current_2022.csv,358,26/08/2022,-150.00,,drawings,N,,,
bank/aib_current_2022.csv,359,28/08/2022,-333.88,,personal_groceries,N,,,household spending
bank/aib_current_2022.csv,360,29/08/2022,-2104.11,,wages_net,Y,,,
bank/aib_current_2022.csv,361,29/08/2022,-472.32,,wages_net,Y,,,
bank/aib_current_2022.csv,362,29/08/2022,-1147.64,,wages_net,Y,,,
bank/aib_current_2022.csv,363,29/08/2022,1368.59,,personal_paye_income,N,,,"son PAYE as a contractor employee, personal"
bank/aib_current_2022.csv,364,31/08/2022,-25.20,,bank_charges,Y,,,
bank/aib_current_2022.csv,365,31/08/2022,21249.21,,livestock_sale,Y,D04796;D04797,,
bank/aib_current_2022.csv,366,31/08/2022,-129000.00,,own_transfer,T,,,
bank/aib_current_2022.csv,367,01/09/2022,-3620.00,,drawings,N,,,
bank/aib_current_2022.csv,368,03/09/2022,-250.00,,drawings,N,,,
bank/aib_current_2022.csv,369,03/09/2022,-270.48,,personal_groceries,N,,,household spending
bank/aib_current_2022.csv,,05/09/2022,-216.23,OMITTED_FROM_STATEMENT,personal_groceries,N,,,household spending
bank/aib_current_2022.csv,,05/09/2022,-630.00,OMITTED_FROM_STATEMENT,pension_personal,N,,,personal pension; relief claimed on the personal return
bank/aib_current_2022.csv,,05/09/2022,-1386.00,OMITTED_FROM_STATEMENT,personal_education,N,,,
bank/aib_current_2022.csv,,06/09/2022,-108.24,OMITTED_FROM_STATEMENT,software,Y,D03664,,
bank/aib_current_2022.csv,,06/09/2022,-264.61,OMITTED_FROM_STATEMENT,personal_groceries,N,,,household spending
bank/aib_current_2022.csv,,06/09/2022,-73.85,OMITTED_FROM_STATEMENT,personal_misc,N,,,
bank/aib_current_2022.csv,,08/09/2022,-2958.40,OMITTED_FROM_STATEMENT,loan_repayment,Y,,,"interest 846.09, capital 2112.30"
bank/aib_current_2022.csv,,08/09/2022,-1244.14,OMITTED_FROM_STATEMENT,loan_repayment,Y,,,"interest 630.89, capital 613.25"
bank/aib_current_2022.csv,,11/09/2022,-237.18,OMITTED_FROM_STATEMENT,personal_groceries,N,,,household spending
bank/aib_current_2022.csv,,12/09/2022,-478.80,OMITTED_FROM_STATEMENT,health_insurance,N,,,
bank/aib_current_2022.csv,,14/09/2022,2356.58,OMITTED_FROM_STATEMENT,contracting_income,Y,D04989,,
bank/aib_current_2022.csv,,14/09/2022,-4066.67,OMITTED_FROM_STATEMENT,paye_prsi_usc,Y,,,
bank/aib_current_2022.csv,,15/09/2022,-813.13,OMITTED_FROM_STATEMENT,dairy_hygiene,Y,D03623,,
bank/aib_current_2022.csv,,16/09/2022,-1158.48,OMITTED_FROM_STATEMENT,breeding_ai,Y,D03519,,
bank/aib_current_2022.csv,,17/09/2022,-200.00,OMITTED_FROM_STATEMENT,drawings,N,,,
bank/aib_current_2022.csv,,17/09/2022,-220.75,OMITTED_FROM_STATEMENT,personal_groceries,N,,,household spending
bank/aib_current_2022.csv,,19/09/2022,-1559.68,OMITTED_FROM_STATEMENT,fuel,Y,D03545,,
bank/aib_current_2022.csv,,19/09/2022,-297.49,OMITTED_FROM_STATEMENT,repairs,Y,D03577,,
bank/aib_current_2022.csv,,19/09/2022,-208.41,OMITTED_FROM_STATEMENT,telephone,M,D03663,,
bank/aib_current_2022.csv,,19/09/2022,-950.89,OMITTED_FROM_STATEMENT,breeding_ai,Y,D03516,,
bank/aib_current_2022.csv,,19/09/2022,-10015.24,OMITTED_FROM_STATEMENT,fertiliser,Y,D03451,,
bank/aib_current_2022.csv,,19/09/2022,-1896.15,OMITTED_FROM_STATEMENT,contractors,Y,D03525,,
bank/aib_current_2022.csv,,19/09/2022,-8780.71,OMITTED_FROM_STATEMENT,contractors,Y,D03523;D03532;D03533,,
bank/aib_current_2022.csv,,19/09/2022,-27818.12,OMITTED_FROM_STATEMENT,vat_payment,Y,,,
bank/aib_current_2022.csv,,20/09/2022,-3017.27,OMITTED_FROM_STATEMENT,electricity,M,D03662,,
bank/aib_current_2022.csv,,20/09/2022,-200.00,OMITTED_FROM_STATEMENT,savings,N,,,
bank/aib_current_2022.csv,370,22/09/2022,-698.76,,repairs,Y,D03583,,
bank/aib_current_2022.csv,371,22/09/2022,-88.20,,personal_misc,N,,,
bank/aib_current_2022.csv,372,22/09/2022,-1564.68,,silage_plastic,Y,D03628,,
bank/aib_current_2022.csv,373,23/09/2022,21754.23,,livestock_sale,Y,D04793,,
bank/aib_current_2022.csv,374,23/09/2022,-2054.06,,vet_medicine,Y,D03460;D03481;D03494,,
bank/aib_current_2022.csv,375,26/09/2022,125529.25,,milk_receipt,Y,D00403;D00404,,net of co-op deductions
bank/aib_current_2022.csv,376,26/09/2022,1320.98,,personal_paye_income,N,,,"spouse PAYE, personal income"
bank/aib_current_2022.csv,377,27/09/2022,-150.00,,drawings,N,,,
bank/aib_current_2022.csv,378,28/09/2022,-2104.11,,wages_net,Y,,,
bank/aib_current_2022.csv,379,28/09/2022,-472.57,,wages_net,Y,,,
bank/aib_current_2022.csv,380,28/09/2022,1368.59,,personal_paye_income,N,,,"son PAYE as a contractor employee, personal"
bank/aib_current_2022.csv,381,28/09/2022,-200.00,,drawings,N,,,
bank/aib_current_2022.csv,382,28/09/2022,-83.84,,family_fuel,N,,,
bank/aib_current_2022.csv,383,30/09/2022,-25.20,,bank_charges,Y,,,
bank/aib_current_2022.csv,384,30/09/2022,-72000.00,,own_transfer,T,,,
bank/aib_current_2022.csv,385,03/10/2022,-397.88,,repairs,Y,D03564,,
bank/aib_current_2022.csv,386,03/10/2022,-3620.00,,drawings,N,,,
bank/aib_current_2022.csv,387,03/10/2022,-250.00,,drawings,N,,,
bank/aib_current_2022.csv,388,05/10/2022,-200.00,,drawings,N,,,
bank/aib_current_2022.csv,389,05/10/2022,-250.00,,drawings,N,,,
bank/aib_current_2022.csv,390,05/10/2022,-630.00,,pension_personal,N,,,personal pension; relief claimed on the personal return
bank/aib_current_2022.csv,391,06/10/2022,-108.24,,software,Y,D03667,,
bank/aib_current_2022.csv,392,10/10/2022,-2958.40,,loan_repayment,Y,,,"interest 838.17, capital 2120.22"
bank/aib_current_2022.csv,393,10/10/2022,-1244.14,,loan_repayment,Y,,,"interest 628.59, capital 615.55"
bank/aib_current_2022.csv,394,11/10/2022,-30000.00,,hp_deposit,Y,D05117,,deposit; balance financed by the lender
bank/aib_current_2022.csv,395,12/10/2022,-115.41,,personal_groceries,N,,,household spending
bank/aib_current_2022.csv,396,12/10/2022,-478.80,,health_insurance,N,,,
bank/aib_current_2022.csv,397,13/10/2022,-2133.23,,contractors,Y,D03527,,
bank/aib_current_2022.csv,398,14/10/2022,-2815.36,,paye_prsi_usc,Y,,,
bank/aib_current_2022.csv,399,15/10/2022,-248.86,,personal_groceries,N,,,household spending
bank/aib_current_2022.csv,400,16/10/2022,-95.47,,family_fuel,N,,,
bank/aib_current_2022.csv,401,17/10/2022,-414.68,,dairy_hygiene,Y,D03618,,
bank/aib_current_2022.csv,402,17/10/2022,-150.00,,drawings,N,,,
bank/aib_current_2022.csv,403,17/10/2022,-2448.73,,fuel,Y,D03550,,
bank/aib_current_2022.csv,404,19/10/2022,-2714.42,,electricity,M,D03665,,
bank/aib_current_2022.csv,405,19/10/2022,-229.28,,telephone,M,D03666,,
bank/aib_current_2022.csv,406,19/10/2022,-193.90,,personal_groceries,N,,,household spending
bank/aib_current_2022.csv,407,20/10/2022,-200.00,,savings,N,,,
bank/aib_current_2022.csv,408,20/10/2022,-3301.12,,feed,Y,D03441,,
bank/aib_current_2022.csv,409,21/10/2022,13096.64,,scheme_income,Y,,,
bank/aib_current_2022.csv,410,21/10/2022,-200.00,,drawings,N,,,
bank/aib_current_2022.csv,411,23/10/2022,-310.34,,personal_groceries,N,,,household spending
bank/aib_current_2022.csv,412,24/10/2022,29729.78,,livestock_sale,Y,D04799;D04800,,
bank/aib_current_2022.csv,413,24/10/2022,-88.20,,personal_misc,N,,,
bank/aib_current_2022.csv,414,24/10/2022,-1182.86,,repairs,Y,D03561;D03563,,
bank/aib_current_2022.csv,415,24/10/2022,-2084.89,,vet_medicine,Y,D03467;D03476;D03491;D03500,,
bank/aib_current_2022.csv,416,25/10/2022,104526.29,,milk_receipt,Y,D00405;D00406,,net of co-op deductions
bank/aib_current_2022.csv,417,25/10/2022,2289.24,,contracting_income,Y,D05004,,
bank/aib_current_2022.csv,418,25/10/2022,1320.98,,personal_paye_income,N,,,"spouse PAYE, personal income"
bank/aib_current_2022.csv,419,25/10/2022,-164.66,,personal_groceries,N,,,household spending
bank/aib_current_2022.csv,420,26/10/2022,-168.58,,personal_groceries,N,,,household spending
bank/aib_current_2022.csv,421,28/10/2022,-1022.70,,fuel,Y,D03536,,
bank/aib_current_2022.csv,422,28/10/2022,-642.63,,repairs,Y,D03582,WRONG_REF,
bank/aib_current_2022.csv,423,28/10/2022,-609.28,,repairs,Y,D03587,,
bank/aib_current_2022.csv,424,28/10/2022,-2104.11,,wages_net,Y,,,
bank/aib_current_2022.csv,425,28/10/2022,-475.06,,wages_net,Y,,,
bank/aib_current_2022.csv,426,28/10/2022,1368.59,,personal_paye_income,N,,,"son PAYE as a contractor employee, personal"
bank/aib_current_2022.csv,427,31/10/2022,-320.28,,repairs,Y,D03557,,
bank/aib_current_2022.csv,428,31/10/2022,-25.20,,bank_charges,Y,,,
bank/aib_current_2022.csv,429,31/10/2022,2074.48,,contracting_income,Y,D05005,,
bank/aib_current_2022.csv,430,31/10/2022,-30400.00,,personal_tax,N,,,"farmer income tax: personal liability, not a farm expense"
bank/aib_current_2022.csv,431,31/10/2022,-60000.00,,own_transfer,T,,,
bank/aib_current_2022.csv,432,01/11/2022,-3620.00,,drawings,N,,,
bank/aib_current_2022.csv,433,04/11/2022,2400.00,,forestry_premium,X,,,exempt from income tax; not a trading receipt
bank/aib_current_2022.csv,434,05/11/2022,-259.09,,personal_groceries,N,,,household spending
bank/aib_current_2022.csv,435,07/11/2022,-421.35,,vet_medicine,Y,D03507,,
bank/aib_current_2022.csv,436,07/11/2022,-108.24,,software,Y,D03670,,
bank/aib_current_2022.csv,437,07/11/2022,-630.00,,pension_personal,N,,,personal pension; relief claimed on the personal return
bank/aib_current_2022.csv,438,08/11/2022,-2958.40,,loan_repayment,Y,,,"interest 830.22, capital 2128.17"
bank/aib_current_2022.csv,439,08/11/2022,-1244.14,,loan_repayment,Y,,,"interest 626.28, capital 617.86"
bank/aib_current_2022.csv,440,14/11/2022,-3702.79,,feed,Y,,MISSING_INVOICE,payment with no supplier invoice on file
bank/aib_current_2022.csv,441,14/11/2022,-2818.13,,paye_prsi_usc,Y,,,
bank/aib_current_2022.csv,442,14/11/2022,-478.80,,health_insurance,N,,,
bank/aib_current_2022.csv,443,15/11/2022,-147.23,,fallen_animals,Y,D04782,,
bank/aib_current_2022.csv,444,15/11/2022,1022.87,,contracting_income,Y,D04988,,
bank/aib_current_2022.csv,445,16/11/2022,-5072.13,,feed,Y,D03413,,
bank/aib_current_2022.csv,446,16/11/2022,-3236.59,,fuel,Y,D03534;D03541,,
bank/aib_current_2022.csv,447,18/11/2022,-2754.66,,electricity,M,D03668,,
bank/aib_current_2022.csv,448,18/11/2022,-2950.00,,hp_repayment,Y,,,capital plus finance charge
bank/aib_current_2022.csv,449,18/11/2022,-215.22,,personal_groceries,N,,,household spending
bank/aib_current_2022.csv,450,19/11/2022,-186.10,,personal_groceries,N,,,household spending
bank/aib_current_2022.csv,451,20/11/2022,-91.28,,family_fuel,N,,,
bank/aib_current_2022.csv,452,21/11/2022,-1095.95,,breeding_ai,Y,D03520,,
bank/aib_current_2022.csv,453,21/11/2022,-1823.64,,fuel,Y,D03548,,
bank/aib_current_2022.csv,454,21/11/2022,-201.70,,telephone,M,D03669,,
bank/aib_current_2022.csv,455,21/11/2022,-200.00,,savings,N,,,
bank/aib_current_2022.csv,456,22/11/2022,-28000.00,,land_rent,Y,D03678,,
bank/aib_current_2022.csv,457,22/11/2022,-88.20,,personal_misc,N,,,
bank/aib_current_2022.csv,458,22/11/2022,-1379.70,,dairy_hygiene,Y,D03616;D03620,,
bank/aib_current_2022.csv,459,22/11/2022,-561.65,,repairs,Y,D03560,,
bank/aib_current_2022.csv,460,22/11/2022,-1481.30,,vet_medicine,Y,D03465;D03472,,
bank/aib_current_2022.csv,461,23/11/2022,-150.00,,drawings,N,,,
bank/aib_current_2022.csv,462,23/11/2022,-319.39,,personal_groceries,N,,,household spending
bank/aib_current_2022.csv,463,24/11/2022,-706.81,,foot_care,Y,D03634,,
bank/aib_current_2022.csv,464,24/11/2022,-200.00,,drawings,N,,,
bank/aib_current_2022.csv,465,24/11/2022,-250.00,,drawings,N,,,
bank/aib_current_2022.csv,466,25/11/2022,69520.08,,milk_receipt,Y,D00407;D00408,,net of co-op deductions
bank/aib_current_2022.csv,467,25/11/2022,1320.98,,personal_paye_income,N,,,"spouse PAYE, personal income"
bank/aib_current_2022.csv,468,26/11/2022,-200.00,,drawings,N,,,
bank/aib_current_2022.csv,469,27/11/2022,-300.00,,drawings,N,,,
bank/aib_current_2022.csv,470,28/11/2022,-2104.11,,wages_net,Y,,,
bank/aib_current_2022.csv,471,28/11/2022,-493.91,,wages_net,Y,,,
bank/aib_current_2022.csv,472,28/11/2022,1368.59,,personal_paye_income,N,,,"son PAYE as a contractor employee, personal"
bank/aib_current_2022.csv,473,30/11/2022,-376.91,,repairs,Y,D03576,,
bank/aib_current_2022.csv,474,30/11/2022,-25.20,,bank_charges,Y,,,
bank/aib_current_2022.csv,475,01/12/2022,2186.97,,contracting_income,Y,D04993,,
bank/aib_current_2022.csv,476,01/12/2022,-3620.00,,drawings,N,,,
bank/aib_current_2022.csv,477,03/12/2022,-193.62,,personal_groceries,N,,,household spending
bank/aib_current_2022.csv,478,04/12/2022,-143.34,,personal_misc,N,,,
bank/aib_current_2022.csv,479,05/12/2022,-1033.01,,fuel,Y,D03551,,
bank/aib_current_2022.csv,480,05/12/2022,4365.55,,scheme_income,Y,,,
bank/aib_current_2022.csv,481,05/12/2022,-250.00,,drawings,N,,,
bank/aib_current_2022.csv,482,05/12/2022,-630.00,,pension_personal,N,,,personal pension; relief claimed on the personal return
bank/aib_current_2022.csv,483,07/12/2022,-108.24,,software,Y,D03673,,
bank/aib_current_2022.csv,484,07/12/2022,-150.00,,drawings,N,,,
bank/aib_current_2022.csv,485,07/12/2022,-224.06,,personal_groceries,N,,,household spending
bank/aib_current_2022.csv,486,08/12/2022,-2958.40,,loan_repayment,Y,,,"interest 822.24, capital 2136.16"
bank/aib_current_2022.csv,487,08/12/2022,-1244.14,,loan_repayment,Y,,,"interest 623.97, capital 620.18"
bank/aib_current_2022.csv,488,11/12/2022,-259.89,,personal_groceries,N,,,household spending
bank/aib_current_2022.csv,489,12/12/2022,-556.19,,repairs,Y,D03578,,
bank/aib_current_2022.csv,490,12/12/2022,-543.45,,repairs,Y,D03592,,
bank/aib_current_2022.csv,491,12/12/2022,3028.00,,scheme_income,Y,,,
bank/aib_current_2022.csv,492,12/12/2022,-478.80,,health_insurance,N,,,
bank/aib_current_2022.csv,493,12/12/2022,-1824.45,,personal_misc,N,,,
bank/aib_current_2022.csv,494,14/12/2022,-2839.02,,paye_prsi_usc,Y,,,
bank/aib_current_2022.csv,495,14/12/2022,14378.33,,vat_refund,Y,,,
bank/aib_current_2022.csv,496,18/12/2022,-150.00,,drawings,N,,,
bank/aib_current_2022.csv,497,19/12/2022,-203.27,,telephone,M,D03672,,
bank/aib_current_2022.csv,498,19/12/2022,5200.00,,scheme_income,Y,,,
bank/aib_current_2022.csv,499,19/12/2022,-2950.00,,hp_repayment,Y,,,capital plus finance charge
bank/aib_current_2022.csv,500,19/12/2022,-150.00,,drawings,N,,,
bank/aib_current_2022.csv,501,19/12/2022,-11087.47,,feed,Y,D03420;D03424;D03429,,
bank/aib_current_2022.csv,502,19/12/2022,-841.17,,dairy_hygiene,Y,D03613,,
bank/aib_current_2022.csv,503,19/12/2022,-1351.37,,vet_medicine,Y,D03475;D03501,,
bank/aib_current_2022.csv,504,20/12/2022,-3225.81,,electricity,M,D03671,,
bank/aib_current_2022.csv,505,20/12/2022,-200.00,,savings,N,,,
bank/aib_current_2022.csv,506,20/12/2022,-1741.26,,foot_care,Y,D03630;D03637,,
bank/aib_current_2022.csv,507,22/12/2022,-88.20,,personal_misc,N,,,
bank/aib_current_2022.csv,508,23/12/2022,-434.94,,repairs,Y,D03596,,
bank/aib_current_2022.csv,509,23/12/2022,-2133.29,,repairs,Y,D03573;D03580;D03599;D03602;D03604,,
bank/aib_current_2022.csv,510,24/12/2022,-200.00,,drawings,N,,,
bank/aib_current_2022.csv,511,25/12/2022,-285.70,,personal_groceries,N,,,household spending
bank/aib_current_2022.csv,512,25/12/2022,-201.12,,personal_groceries,N,,,household spending
bank/aib_current_2022.csv,513,26/12/2022,-272.37,,personal_groceries,N,,,household spending
bank/aib_current_2022.csv,514,27/12/2022,31957.13,,milk_receipt,Y,D00409;D00410,,net of co-op deductions
bank/aib_current_2022.csv,515,27/12/2022,1320.98,,personal_paye_income,N,,,"spouse PAYE, personal income"
bank/aib_current_2022.csv,516,27/12/2022,-3895.11,,fuel,Y,D03535;D03547,,
bank/aib_current_2022.csv,517,28/12/2022,-2104.11,,wages_net,Y,,,
bank/aib_current_2022.csv,518,28/12/2022,-480.83,,wages_net,Y,,,
bank/aib_current_2022.csv,519,28/12/2022,1368.59,,personal_paye_income,N,,,"son PAYE as a contractor employee, personal"
bank/aib_current_2022.csv,520,30/12/2022,-302.74,,repairs,Y,D03571,,
bank/aib_current_2022.csv,521,30/12/2022,-650.49,,dairy_hygiene,Y,D03614,,
bank/aib_current_2022.csv,522,30/12/2022,-46535.00,,fertiliser,Y,D05133,E13-cutoff,
bank/aib_current_2022.csv,523,31/12/2022,-25.20,,bank_charges,Y,,,
bank/aib_current_2023.csv,2,02/01/2023,-380.41,,repairs,Y,D03581,,
bank/aib_current_2023.csv,3,02/01/2023,-2805.00,,drawings,N,,,
bank/aib_current_2023.csv,4,02/01/2023,-240.26,,personal_groceries,N,,,household spending
bank/aib_current_2023.csv,5,05/01/2023,-670.00,,pension_personal,N,,,personal pension; relief claimed on the personal return
bank/aib_current_2023.csv,6,09/01/2023,-108.24,,software,Y,D03885,,
bank/aib_current_2023.csv,7,09/01/2023,-3217.97,,loan_repayment,Y,,,"interest 1266.58, capital 1951.39"
bank/aib_current_2023.csv,8,09/01/2023,-1467.25,,loan_repayment,Y,,,"interest 967.00, capital 500.25"
bank/aib_current_2023.csv,9,09/01/2023,-250.00,,drawings,N,,,
bank/aib_current_2023.csv,10,10/01/2023,-113.07,,family_fuel,N,,,
bank/aib_current_2023.csv,11,11/01/2023,-173.68,,personal_groceries,N,,,household spending
bank/aib_current_2023.csv,12,12/01/2023,-300.00,,drawings,N,,,
bank/aib_current_2023.csv,13,12/01/2023,-509.20,,health_insurance,N,,,
bank/aib_current_2023.csv,14,14/01/2023,-275.45,,personal_groceries,N,,,household spending
bank/aib_current_2023.csv,15,16/01/2023,-5169.03,,feed,Y,D03686,,
bank/aib_current_2023.csv,16,16/01/2023,-2824.50,,paye_prsi_usc,Y,,,
bank/aib_current_2023.csv,17,16/01/2023,-272.46,,personal_groceries,N,,,household spending
bank/aib_current_2023.csv,18,16/01/2023,-300.58,,personal_groceries,N,,,household spending
bank/aib_current_2023.csv,19,16/01/2023,-3205.09,,vet_medicine,Y,D03462;D03466;D03492;D03502,,
bank/aib_current_2023.csv,20,18/01/2023,-2950.00,,hp_repayment,Y,,,capital plus finance charge
bank/aib_current_2023.csv,21,19/01/2023,-228.39,,telephone,M,D03884,,
bank/aib_current_2023.csv,22,20/01/2023,-699.29,,repairs,Y,D03601,,
bank/aib_current_2023.csv,23,20/01/2023,-200.00,,savings,N,,,
bank/aib_current_2023.csv,24,20/01/2023,-1963.75,,fuel,Y,D03549,,
bank/aib_current_2023.csv,25,23/01/2023,-2163.73,,electricity,M,D03883,,
bank/aib_current_2023.csv,26,23/01/2023,-250.00,,drawings,N,,,
bank/aib_current_2023.csv,27,23/01/2023,-150.00,,drawings,N,,,
bank/aib_current_2023.csv,28,23/01/2023,-93.80,,personal_misc,N,,,
bank/aib_current_2023.csv,29,23/01/2023,-947.71,,repairs,Y,D03585;D03593,,
bank/aib_current_2023.csv,30,24/01/2023,-349.75,,dairy_hygiene,Y,D03606,,
bank/aib_current_2023.csv,31,25/01/2023,6351.61,,milk_receipt,Y,D00411;D00412,,net of co-op deductions
bank/aib_current_2023.csv,32,25/01/2023,1360.30,,personal_paye_income,N,,,"spouse PAYE, personal income"
bank/aib_current_2023.csv,33,30/01/2023,-2177.37,,wages_net,Y,,,
bank/aib_current_2023.csv,34,30/01/2023,-500.66,,wages_net,Y,,,
bank/aib_current_2023.csv,35,30/01/2023,1422.92,,personal_paye_income,N,,,"son PAYE as a contractor employee, personal"
bank/aib_current_2023.csv,36,31/01/2023,-25.90,,bank_charges,Y,,,
bank/aib_current_2023.csv,37,31/01/2023,-206.32,,bank_interest,Y,,,
bank/aib_current_2023.csv,38,01/02/2023,-2805.00,,drawings,N,,,
bank/aib_current_2023.csv,39,01/02/2023,-228.87,,personal_groceries,N,,,household spending
bank/aib_current_2023.csv,40,02/02/2023,-111.54,,family_fuel,N,,,
bank/aib_current_2023.csv,41,06/02/2023,-300.00,,drawings,N,,,
bank/aib_current_2023.csv,42,06/02/2023,-670.00,,pension_personal,N,,,personal pension; relief claimed on the personal return
bank/aib_current_2023.csv,43,08/02/2023,-764.99,,vet_medicine,Y,D03750,,
bank/aib_current_2023.csv,44,08/02/2023,-108.24,,software,Y,D03888,,
bank/aib_current_2023.csv,45,08/02/2023,-3217.97,,loan_repayment,Y,,,"interest 1255.20, capital 1962.77"
bank/aib_current_2023.csv,46,08/02/2023,-1467.25,,loan_repayment,Y,,,"interest 964.08, capital 503.17"
bank/aib_current_2023.csv,47,08/02/2023,-250.00,,drawings,N,,,
bank/aib_current_2023.csv,48,09/02/2023,-284.28,,personal_groceries,N,,,household spending
bank/aib_current_2023.csv,49,10/02/2023,5259.60,,vat_refund,Y,,,
bank/aib_current_2023.csv,50,13/02/2023,-2132.06,,fuel,Y,D03790,,
bank/aib_current_2023.csv,51,13/02/2023,-509.20,,health_insurance,N,,,
bank/aib_current_2023.csv,52,14/02/2023,-2927.82,,paye_prsi_usc,Y,,,
bank/aib_current_2023.csv,53,14/02/2023,-211.37,,personal_groceries,N,,,household spending
bank/aib_current_2023.csv,54,15/02/2023,-281.00,,personal_groceries,N,,,household spending
bank/aib_current_2023.csv,55,16/02/2023,-150.00,,drawings,N,,,
bank/aib_current_2023.csv,56,20/02/2023,-638.55,,vet_medicine,Y,D03738,,
bank/aib_current_2023.csv,57,20/02/2023,-852.49,,foot_care,Y,D03882,,
bank/aib_current_2023.csv,58,20/02/2023,-2575.01,,electricity,M,D03886,,
bank/aib_current_2023.csv,59,20/02/2023,-216.92,,telephone,M,D03887,,
bank/aib_current_2023.csv,60,20/02/2023,-11381.32,,insurance,Y,D03919,,
bank/aib_current_2023.csv,61,20/02/2023,-2950.00,,hp_repayment,Y,,,capital plus finance charge
bank/aib_current_2023.csv,62,20/02/2023,-200.00,,savings,N,,,
bank/aib_current_2023.csv,63,20/02/2023,-863.94,,repairs,Y,D03803;D03848,,
bank/aib_current_2023.csv,64,20/02/2023,-2429.99,,vet_medicine,Y,D03718;D03734;D03743,,
bank/aib_current_2023.csv,65,22/02/2023,-93.80,,personal_misc,N,,,
bank/aib_current_2023.csv,66,27/02/2023,13859.63,,milk_receipt,Y,D00413;D00414,,net of co-op deductions
bank/aib_current_2023.csv,67,27/02/2023,1360.30,,personal_paye_income,N,,,"spouse PAYE, personal income"
bank/aib_current_2023.csv,68,28/02/2023,-25.90,,bank_charges,Y,,,
bank/aib_current_2023.csv,69,28/02/2023,-2177.37,,wages_net,Y,,,
bank/aib_current_2023.csv,70,28/02/2023,-516.31,,wages_net,Y,,,
bank/aib_current_2023.csv,71,28/02/2023,-1181.77,,wages_net,Y,,,
bank/aib_current_2023.csv,72,28/02/2023,1422.92,,personal_paye_income,N,,,"son PAYE as a contractor employee, personal"
bank/aib_current_2023.csv,73,28/02/2023,-437.15,,bank_interest,Y,,,
bank/aib_current_2023.csv,74,28/02/2023,54000.00,,own_transfer,T,,,
bank/aib_current_2023.csv,75,01/03/2023,-2805.00,,drawings,N,,,
bank/aib_current_2023.csv,76,06/03/2023,-150.00,,drawings,N,,,
bank/aib_current_2023.csv,77,06/03/2023,-296.13,,personal_groceries,N,,,household spending
bank/aib_current_2023.csv,78,06/03/2023,-670.00,,pension_personal,N,,,personal pension; relief claimed on the personal return
bank/aib_current_2023.csv,79,08/03/2023,-108.24,,software,Y,D03891,,
bank/aib_current_2023.csv,80,08/03/2023,-3217.97,,loan_repayment,Y,,,"interest 1243.75, capital 1974.22"
bank/aib_current_2023.csv,81,08/03/2023,-1467.25,,loan_repayment,Y,,,"interest 961.14, capital 506.11"
bank/aib_current_2023.csv,82,09/03/2023,-88.36,,family_fuel,N,,,
bank/aib_current_2023.csv,83,10/03/2023,-207.25,,personal_groceries,N,,,household spending
bank/aib_current_2023.csv,84,12/03/2023,-150.00,,drawings,N,,,
bank/aib_current_2023.csv,85,13/03/2023,-5200.85,,feed,Y,D03700,,
bank/aib_current_2023.csv,86,13/03/2023,-377.38,,repairs,Y,D03805,,
bank/aib_current_2023.csv,87,13/03/2023,-230.75,,fallen_animals,Y,D04801,,
bank/aib_current_2023.csv,88,13/03/2023,-200.00,,drawings,N,,,
bank/aib_current_2023.csv,89,13/03/2023,-509.20,,health_insurance,N,,,
bank/aib_current_2023.csv,90,14/03/2023,-4234.64,,paye_prsi_usc,Y,,,
bank/aib_current_2023.csv,91,14/03/2023,-300.00,,drawings,N,,,
bank/aib_current_2023.csv,92,15/03/2023,-2120.97,,vet_medicine,Y,D03726;D03728;D03730;D03740,,
bank/aib_current_2023.csv,93,16/03/2023,-538.38,,repairs,Y,D03810,,
bank/aib_current_2023.csv,94,16/03/2023,5888.32,,livestock_sale,Y,D04804;D04805,,net of commission
bank/aib_current_2023.csv,95,18/03/2023,-244.58,,personal_groceries,N,,,household spending
bank/aib_current_2023.csv,96,19/03/2023,-150.00,,drawings,N,,,
bank/aib_current_2023.csv,97,19/03/2023,-103.84,,personal_misc,N,,,
bank/aib_current_2023.csv,98,20/03/2023,-2748.60,,electricity,M,D03889,,
bank/aib_current_2023.csv,99,20/03/2023,-208.19,,telephone,M,D03890,,
bank/aib_current_2023.csv,100,20/03/2023,-2950.00,,hp_repayment,Y,,,capital plus finance charge
bank/aib_current_2023.csv,101,20/03/2023,-200.00,,savings,N,,,
bank/aib_current_2023.csv,102,20/03/2023,-570.22,,vat_payment,Y,,,
bank/aib_current_2023.csv,103,21/03/2023,-401.09,,vet_medicine,Y,D03749,,
bank/aib_current_2023.csv,104,21/03/2023,-674.45,,dairy_hygiene,Y,D03865,,
bank/aib_current_2023.csv,105,22/03/2023,-707.61,,dairy_hygiene,Y,D03869,,
bank/aib_current_2023.csv,106,22/03/2023,-263.71,,fallen_animals,Y,D04802,,
bank/aib_current_2023.csv,107,22/03/2023,-102.00,,personal_groceries,N,,,household spending
bank/aib_current_2023.csv,108,22/03/2023,-93.80,,personal_misc,N,,,
bank/aib_current_2023.csv,109,23/03/2023,-4549.03,,professional_fees,Y,D03920,,
bank/aib_current_2023.csv,110,23/03/2023,-19250.87,,fertiliser,Y,D03703;D03710,,
bank/aib_current_2023.csv,111,23/03/2023,-330.21,,dairy_hygiene,Y,D03863,,
bank/aib_current_2023.csv,112,23/03/2023,-723.24,,repairs,Y,D03800;D03839,,
bank/aib_current_2023.csv,113,27/03/2023,43901.76,,milk_receipt,Y,D00415;D00416,,net of co-op deductions
bank/aib_current_2023.csv,114,27/03/2023,1360.30,,personal_paye_income,N,,,"spouse PAYE, personal income"
bank/aib_current_2023.csv,115,27/03/2023,-248.66,,personal_groceries,N,,,household spending
bank/aib_current_2023.csv,116,28/03/2023,2411.11,,contracting_income,Y,D05021,,
bank/aib_current_2023.csv,117,28/03/2023,-2177.37,,wages_net,Y,,,
bank/aib_current_2023.csv,118,28/03/2023,-493.18,,wages_net,Y,,,
bank/aib_current_2023.csv,119,28/03/2023,-1181.77,,wages_net,Y,,,
bank/aib_current_2023.csv,120,28/03/2023,1422.92,,personal_paye_income,N,,,"son PAYE as a contractor employee, personal"
bank/aib_current_2023.csv,121,31/03/2023,-25.90,,bank_charges,Y,,,
bank/aib_current_2023.csv,122,01/04/2023,-200.00,,drawings,N,,,
bank/aib_current_2023.csv,123,03/04/2023,6113.28,,livestock_sale,Y,D04806;D04807,,net of commission
bank/aib_current_2023.csv,124,03/04/2023,-2805.00,,drawings,N,,,
bank/aib_current_2023.csv,125,03/04/2023,-300.00,,drawings,N,,,
bank/aib_current_2023.csv,126,03/04/2023,-201.39,,personal_groceries,N,,,household spending
bank/aib_current_2023.csv,127,03/04/2023,-75.73,,family_fuel,N,,,
bank/aib_current_2023.csv,128,05/04/2023,-671.21,,vet_medicine,Y,D03757,,
bank/aib_current_2023.csv,129,05/04/2023,-363.92,,personal_groceries,N,,,household spending
bank/aib_current_2023.csv,130,05/04/2023,-670.00,,pension_personal,N,,,personal pension; relief claimed on the personal return
bank/aib_current_2023.csv,131,06/04/2023,-108.24,,software,Y,D03894,,
bank/aib_current_2023.csv,132,06/04/2023,-227.81,,personal_groceries,N,,,household spending
bank/aib_current_2023.csv,133,07/04/2023,-347.18,,dairy_hygiene,Y,,MISSING_INVOICE,payment with no supplier invoice on file
bank/aib_current_2023.csv,134,10/04/2023,-3217.97,,loan_repayment,Y,,,"interest 1232.23, capital 1985.74"
bank/aib_current_2023.csv,135,10/04/2023,-1467.25,,loan_repayment,Y,,,"interest 958.19, capital 509.06"
bank/aib_current_2023.csv,136,10/04/2023,-250.00,,drawings,N,,,
bank/aib_current_2023.csv,137,12/04/2023,-4881.24,,feed,Y,D03692,,
bank/aib_current_2023.csv,138,12/04/2023,-302.17,,personal_groceries,N,,,household spending
bank/aib_current_2023.csv,139,12/04/2023,-509.20,,health_insurance,N,,,
bank/aib_current_2023.csv,140,13/04/2023,-5917.32,,fertiliser,Y,D03704,,
bank/aib_current_2023.csv,141,13/04/2023,1445.21,,contracting_income,Y,D05016,,
bank/aib_current_2023.csv,142,13/04/2023,-130.48,,personal_groceries,N,,,household spending
bank/aib_current_2023.csv,143,14/04/2023,-4208.99,,paye_prsi_usc,Y,,,
bank/aib_current_2023.csv,144,17/04/2023,6353.41,,livestock_sale,Y,D04808;D04809,,net of commission
bank/aib_current_2023.csv,145,17/04/2023,-200.00,,drawings,N,,,
bank/aib_current_2023.csv,146,17/04/2023,-811.17,,breeding_ai,Y,D03766,,
bank/aib_current_2023.csv,147,18/04/2023,-215.47,,telephone,M,D03893,,
bank/aib_current_2023.csv,148,18/04/2023,-2950.00,,hp_repayment,Y,,,capital plus finance charge
bank/aib_current_2023.csv,149,20/04/2023,-200.00,,savings,N,,,
bank/aib_current_2023.csv,150,20/04/2023,-1563.43,,vet_medicine,Y,D03733;D03747;D03752,,
bank/aib_current_2023.csv,151,21/04/2023,-3985.50,,contractors,Y,D03782,,
bank/aib_current_2023.csv,152,24/04/2023,-513.81,,vet_medicine,Y,D03742,,
bank/aib_current_2023.csv,153,24/04/2023,-587.19,,repairs,Y,D03849,,
bank/aib_current_2023.csv,154,24/04/2023,-2544.51,,electricity,M,D03892,,
bank/aib_current_2023.csv,155,24/04/2023,-93.80,,personal_misc,N,,,
bank/aib_current_2023.csv,156,24/04/2023,-411.24,,dairy_hygiene,Y,D03857,,
bank/aib_current_2023.csv,157,24/04/2023,-739.90,,repairs,Y,D03815;D03825,,
bank/aib_current_2023.csv,158,25/04/2023,85836.79,,milk_receipt,Y,D00417;D00418,,net of co-op deductions
bank/aib_current_2023.csv,159,25/04/2023,-2399.27,,fuel,Y,D03796,,
bank/aib_current_2023.csv,160,25/04/2023,1360.30,,personal_paye_income,N,,,"spouse PAYE, personal income"
bank/aib_current_2023.csv,161,27/04/2023,-300.00,,drawings,N,,,
bank/aib_current_2023.csv,162,27/04/2023,-146.47,,personal_groceries,N,,,household spending
bank/aib_current_2023.csv,163,28/04/2023,1101.82,,contracting_income,Y,D05013,,
bank/aib_current_2023.csv,164,28/04/2023,-2177.37,,wages_net,Y,,,
bank/aib_current_2023.csv,165,28/04/2023,-517.47,,wages_net,Y,,,
bank/aib_current_2023.csv,166,28/04/2023,-1181.77,,wages_net,Y,,,
bank/aib_current_2023.csv,167,28/04/2023,1422.92,,personal_paye_income,N,,,"son PAYE as a contractor employee, personal"
bank/aib_current_2023.csv,168,30/04/2023,-25.90,,bank_charges,Y,,,
bank/aib_current_2023.csv,169,01/05/2023,-2805.00,,drawings,N,,,
bank/aib_current_2023.csv,170,02/05/2023,-2159.71,,feed,Y,D03698,,
bank/aib_current_2023.csv,171,02/05/2023,-565.03,,breeding_ai,Y,D03762,,
bank/aib_current_2023.csv,172,03/05/2023,-242.82,,personal_groceries,N,,,household spending
bank/aib_current_2023.csv,173,04/05/2023,1992.92,,contracting_income,Y,D05009,,
bank/aib_current_2023.csv,174,04/05/2023,-300.00,,drawings,N,,,
bank/aib_current_2023.csv,175,05/05/2023,-670.00,,pension_personal,N,,,personal pension; relief claimed on the personal return
bank/aib_current_2023.csv,176,07/05/2023,-111.63,,family_fuel,N,,,
bank/aib_current_2023.csv,177,08/05/2023,-7318.99,,fertiliser,Y,D03711,,
bank/aib_current_2023.csv,178,08/05/2023,-108.24,,software,Y,D03897,,
bank/aib_current_2023.csv,179,08/05/2023,5931.55,,livestock_sale,Y,D04810;D04811,,net of commission
bank/aib_current_2023.csv,180,08/05/2023,-3217.97,,loan_repayment,Y,,,"interest 1220.65, capital 1997.32"
bank/aib_current_2023.csv,181,08/05/2023,-1467.25,,loan_repayment,Y,,,"interest 955.22, capital 512.03"
bank/aib_current_2023.csv,182,08/05/2023,-250.00,,drawings,N,,,
bank/aib_current_2023.csv,183,08/05/2023,-301.12,,personal_groceries,N,,,household spending
bank/aib_current_2023.csv,184,08/05/2023,-1608.00,,family_car_running,N,,,
bank/aib_current_2023.csv,185,12/05/2023,-509.20,,health_insurance,N,,,
bank/aib_current_2023.csv,186,15/05/2023,-4235.93,,paye_prsi_usc,Y,,,
bank/aib_current_2023.csv,187,16/05/2023,-1207.47,,vet_medicine,Y,D03737;D03755,,
bank/aib_current_2023.csv,188,17/05/2023,-2606.69,,electricity,M,D03895,,
bank/aib_current_2023.csv,189,17/05/2023,-266.32,,personal_groceries,N,,,household spending
bank/aib_current_2023.csv,190,18/05/2023,-2950.00,,hp_repayment,Y,,,capital plus finance charge
bank/aib_current_2023.csv,191,18/05/2023,-155.79,,personal_groceries,N,,,household spending
bank/aib_current_2023.csv,192,19/05/2023,-1014.91,,fuel,Y,D03794,,
bank/aib_current_2023.csv,193,19/05/2023,-226.46,,telephone,M,D03896,,
bank/aib_current_2023.csv,194,19/05/2023,-18057.18,,vat_payment,Y,,,
bank/aib_current_2023.csv,195,21/05/2023,-265.87,,personal_groceries,N,,,household spending
bank/aib_current_2023.csv,196,22/05/2023,-535.81,,breeding_ai,Y,D03763,,
bank/aib_current_2023.csv,197,22/05/2023,5340.17,,livestock_sale,Y,D04812;D04813,,net of commission
bank/aib_current_2023.csv,198,22/05/2023,-195.58,,personal_groceries,N,,,household spending
bank/aib_current_2023.csv,199,22/05/2023,-200.00,,savings,N,,,
bank/aib_current_2023.csv,200,22/05/2023,-93.80,,personal_misc,N,,,
bank/aib_current_2023.csv,201,22/05/2023,-2999.27,,breeding_ai,Y,D03765;D03767;D03770,,
bank/aib_current_2023.csv,202,22/05/2023,-5265.20,,feed,Y,D03695;D03702,,
bank/aib_current_2023.csv,203,22/05/2023,-2415.98,,contractors,Y,D03779,,
bank/aib_current_2023.csv,204,22/05/2023,-2798.15,,repairs,Y,D03817;D03822;D03830;D03834;D03835;D03842,,
bank/aib_current_2023.csv,205,25/05/2023,119608.00,,milk_receipt,Y,D00419;D00420,,net of co-op deductions
bank/aib_current_2023.csv,206,25/05/2023,1360.30,,personal_paye_income,N,,,"spouse PAYE, personal income"
bank/aib_current_2023.csv,207,25/05/2023,1360.30,EXPORT_DUPLICATE,personal_paye_income,N,,DUP_ROW,duplicate of previous row
bank/aib_current_2023.csv,208,27/05/2023,-150.00,,drawings,N,,,
bank/aib_current_2023.csv,209,29/05/2023,-810.94,,vet_medicine,Y,D03736,,
bank/aib_current_2023.csv,210,29/05/2023,-2177.37,,wages_net,Y,,,
bank/aib_current_2023.csv,211,29/05/2023,-496.20,,wages_net,Y,,,
bank/aib_current_2023.csv,212,29/05/2023,-1181.77,,wages_net,Y,,,
bank/aib_current_2023.csv,213,29/05/2023,1422.92,,personal_paye_income,N,,,"son PAYE as a contractor employee, personal"
bank/aib_current_2023.csv,214,31/05/2023,-369.92,,repairs,Y,D03821,,
bank/aib_current_2023.csv,215,31/05/2023,-369.92,EXPORT_DUPLICATE,repairs,Y,,DUP_ROW,duplicate of previous row
bank/aib_current_2023.csv,216,31/05/2023,-25.90,,bank_charges,Y,,,
bank/aib_current_2023.csv,217,31/05/2023,-91000.00,,own_transfer,T,,,
bank/aib_current_2023.csv,218,01/06/2023,-2805.00,,drawings,N,,,
bank/aib_current_2023.csv,219,02/06/2023,-830.80,,utilities,M,D03922,,
bank/aib_current_2023.csv,220,05/06/2023,1713.53,,contracting_income,Y,D05015,,
bank/aib_current_2023.csv,221,05/06/2023,-670.00,,pension_personal,N,,,personal pension; relief claimed on the personal return
bank/aib_current_2023.csv,222,07/06/2023,-108.24,,software,Y,D03900,,
bank/aib_current_2023.csv,223,07/06/2023,-250.00,,drawings,N,,,
bank/aib_current_2023.csv,224,08/06/2023,-3217.97,,loan_repayment,Y,,,"interest 1209.00, capital 2008.97"
bank/aib_current_2023.csv,225,08/06/2023,-1467.25,,loan_repayment,Y,,,"interest 952.23, capital 515.01"
bank/aib_current_2023.csv,226,11/06/2023,-250.00,,drawings,N,,,
bank/aib_current_2023.csv,227,11/06/2023,-170.96,,personal_groceries,N,,,household spending
bank/aib_current_2023.csv,228,12/06/2023,-2506.49,,fuel,Y,D03787,,
bank/aib_current_2023.csv,229,12/06/2023,-33210.00,,capital_equipment,Y,D05118,,
bank/aib_current_2023.csv,230,12/06/2023,-304.02,,personal_groceries,N,,,household spending
bank/aib_current_2023.csv,231,12/06/2023,-509.20,,health_insurance,N,,,
bank/aib_current_2023.csv,232,14/06/2023,-4212.34,,paye_prsi_usc,Y,,,
bank/aib_current_2023.csv,233,15/06/2023,-1175.17,,fuel,Y,D03795,,
bank/aib_current_2023.csv,234,16/06/2023,-659.42,,dairy_hygiene,Y,D03851,,
bank/aib_current_2023.csv,235,16/06/2023,1361.90,,contracting_income,Y,D05028,,
bank/aib_current_2023.csv,236,16/06/2023,-250.00,,drawings,N,,,
bank/aib_current_2023.csv,237,17/06/2023,-181.74,,personal_groceries,N,,,household spending
bank/aib_current_2023.csv,238,18/06/2023,-200.00,,drawings,N,,,
bank/aib_current_2023.csv,239,19/06/2023,-1390.31,,fuel,Y,D03791,,
bank/aib_current_2023.csv,240,19/06/2023,-208.94,,telephone,M,D03899,,
bank/aib_current_2023.csv,241,19/06/2023,-2950.00,,hp_repayment,Y,,,capital plus finance charge
bank/aib_current_2023.csv,242,19/06/2023,-200.00,,drawings,N,,,
bank/aib_current_2023.csv,243,19/06/2023,-692.12,,silage_plastic,Y,D03872,,
bank/aib_current_2023.csv,244,20/06/2023,-2394.57,,electricity,M,D03898,,
bank/aib_current_2023.csv,245,20/06/2023,-200.00,,savings,N,,,
bank/aib_current_2023.csv,246,20/06/2023,-3381.48,,contractors,Y,D03776,,
bank/aib_current_2023.csv,247,20/06/2023,-708.89,,repairs,Y,D03811;D03847,,
bank/aib_current_2023.csv,248,20/06/2023,-1698.83,,vet_medicine,Y,D03727;D03754,,
bank/aib_current_2023.csv,249,21/06/2023,-439.27,,repairs,Y,D03823,TRANSPOSED_DIGITS,paid 439.27 against invoice 493.27
bank/aib_current_2023.csv,250,21/06/2023,-402.68,,repairs,Y,D03841,,
bank/aib_current_2023.csv,251,21/06/2023,-1512.87,,breeding_ai,Y,D03760;D03768,,
bank/aib_current_2023.csv,252,21/06/2023,-1744.95,,fuel,Y,D03797,,
bank/aib_current_2023.csv,253,22/06/2023,953.29,,contracting_income,Y,D05018,,
bank/aib_current_2023.csv,254,22/06/2023,-93.80,,personal_misc,N,,,
bank/aib_current_2023.csv,255,22/06/2023,-4174.13,,contractors,Y,D03784,,
bank/aib_current_2023.csv,256,24/06/2023,-303.81,,personal_groceries,N,,,household spending
bank/aib_current_2023.csv,257,26/06/2023,118554.98,,milk_receipt,Y,D00421;D00422,,net of co-op deductions
bank/aib_current_2023.csv,258,26/06/2023,-258.71,,repairs,Y,D03832,,
bank/aib_current_2023.csv,259,26/06/2023,1360.30,,personal_paye_income,N,,,"spouse PAYE, personal income"
bank/aib_current_2023.csv,260,28/06/2023,-310.94,,repairs,Y,D03816,,
bank/aib_current_2023.csv,261,28/06/2023,-2177.37,,wages_net,Y,,,
bank/aib_current_2023.csv,262,28/06/2023,-493.00,,wages_net,Y,,,
bank/aib_current_2023.csv,263,28/06/2023,-1181.77,,wages_net,Y,,,
bank/aib_current_2023.csv,264,28/06/2023,1422.92,,personal_paye_income,N,,,"son PAYE as a contractor employee, personal"
bank/aib_current_2023.csv,265,28/06/2023,-75.27,,family_fuel,N,,,
bank/aib_current_2023.csv,266,30/06/2023,-639.60,,silage_plastic,Y,D03874,,
bank/aib_current_2023.csv,267,30/06/2023,-25.90,,bank_charges,Y,,,
bank/aib_current_2023.csv,268,30/06/2023,-755.00,,bank_charges,Y,,,
bank/aib_current_2023.csv,269,30/06/2023,-44000.00,,own_transfer,T,,,
bank/aib_current_2023.csv,270,01/07/2023,-112.43,,personal_groceries,N,,,household spending
bank/aib_current_2023.csv,271,03/07/2023,-770.30,,breeding_ai,Y,D03771,,
bank/aib_current_2023.csv,272,03/07/2023,-442.82,,repairs,Y,D03846,,
bank/aib_current_2023.csv,273,03/07/2023,-2805.00,,drawings,N,,,
bank/aib_current_2023.csv,274,05/07/2023,-397.43,,vet_medicine,Y,D03751,,
bank/aib_current_2023.csv,275,05/07/2023,-670.00,,pension_personal,N,,,personal pension; relief claimed on the personal return
bank/aib_current_2023.csv,276,06/07/2023,-108.24,,software,Y,D03903,,
bank/aib_current_2023.csv,277,06/07/2023,-296.75,,personal_groceries,N,,,household spending
bank/aib_current_2023.csv,278,09/07/2023,-350.40,,personal_groceries,N,,,household spending
bank/aib_current_2023.csv,279,09/07/2023,-285.89,,personal_groceries,N,,,household spending
bank/aib_current_2023.csv,280,10/07/2023,-649.35,,vet_medicine,Y,D03722,,
bank/aib_current_2023.csv,281,10/07/2023,-1483.38,,professional_fees,Y,D03921,,
bank/aib_current_2023.csv,282,10/07/2023,-3217.97,,loan_repayment,Y,,,"interest 1197.28, capital 2020.69"
bank/aib_current_2023.csv,283,10/07/2023,-1467.25,,loan_repayment,Y,,,"interest 949.23, capital 518.02"
bank/aib_current_2023.csv,284,10/07/2023,-146.61,,personal_groceries,N,,,household spending
bank/aib_current_2023.csv,285,11/07/2023,-200.00,,drawings,N,,,
bank/aib_current_2023.csv,286,11/07/2023,-200.00,,drawings,N,,,
bank/aib_current_2023.csv,287,12/07/2023,-509.20,,health_insurance,N,,,
bank/aib_current_2023.csv,288,14/07/2023,-4208.77,,paye_prsi_usc,Y,,,
bank/aib_current_2023.csv,289,14/07/2023,-300.00,,drawings,N,,,
bank/aib_current_2023.csv,290,14/07/2023,-5919.22,,family_holiday,N,,,family holiday paid by the farm account
bank/aib_current_2023.csv,291,17/07/2023,1968.31,,contracting_income,Y,D05011,,
bank/aib_current_2023.csv,292,17/07/2023,-2006.80,,breeding_ai,Y,D03761;D03769,,
bank/aib_current_2023.csv,293,17/07/2023,-1113.01,,dairy_hygiene,Y,D03850;D03862,,
bank/aib_current_2023.csv,294,17/07/2023,-3420.96,,contractors,Y,D03775,,
bank/aib_current_2023.csv,295,18/07/2023,-1505.25,,fuel,Y,D03785,,
bank/aib_current_2023.csv,296,18/07/2023,-2950.00,,hp_repayment,Y,,,capital plus finance charge
bank/aib_current_2023.csv,297,18/07/2023,-10887.26,,fertiliser,Y,D03705;D03707,,
bank/aib_current_2023.csv,298,18/07/2023,-4332.76,,contractors,Y,D03773,,
bank/aib_current_2023.csv,299,19/07/2023,-225.36,,telephone,M,D03902,,
bank/aib_current_2023.csv,300,19/07/2023,-1647.66,,vet_medicine,Y,D03716;D03748,,
bank/aib_current_2023.csv,301,19/07/2023,-12577.95,,vat_payment,Y,,,
bank/aib_current_2023.csv,302,20/07/2023,-200.00,,savings,N,,,
bank/aib_current_2023.csv,303,20/07/2023,-6585.93,,feed,Y,D03689;D03696,,
bank/aib_current_2023.csv,304,20/07/2023,-660.82,,silage_plastic,Y,D03871,,
bank/aib_current_2023.csv,305,21/07/2023,-2541.08,,electricity,M,D03901,,
bank/aib_current_2023.csv,306,23/07/2023,-86.53,,family_fuel,N,,,
bank/aib_current_2023.csv,307,23/07/2023,-163.68,,personal_misc,N,,,
bank/aib_current_2023.csv,308,24/07/2023,2122.98,,contracting_income,Y,D05023,,
bank/aib_current_2023.csv,309,24/07/2023,-93.80,,personal_misc,N,,,
bank/aib_current_2023.csv,310,24/07/2023,-1111.75,,repairs,Y,D03829;D03844,,
bank/aib_current_2023.csv,311,25/07/2023,105625.95,,milk_receipt,Y,D00423;D00424,,net of co-op deductions
bank/aib_current_2023.csv,312,27/07/2023,31950.44,,livestock_sale,Y,D04814;D04815,,
bank/aib_current_2023.csv,313,27/07/2023,-195.90,,personal_groceries,N,,,household spending
bank/aib_current_2023.csv,314,28/07/2023,1950.34,,contracting_income,Y,D05029,,
bank/aib_current_2023.csv,315,28/07/2023,1389.93,,contracting_income,Y,D05031,,
bank/aib_current_2023.csv,316,28/07/2023,-2177.37,,wages_net,Y,,,
bank/aib_current_2023.csv,317,28/07/2023,-516.17,,wages_net,Y,,,
bank/aib_current_2023.csv,318,28/07/2023,-1181.77,,wages_net,Y,,,
bank/aib_current_2023.csv,319,28/07/2023,1422.92,,personal_paye_income,N,,,"son PAYE as a contractor employee, personal"
bank/aib_current_2023.csv,320,31/07/2023,-961.29,,vet_medicine,Y,D03725,,
bank/aib_current_2023.csv,321,31/07/2023,-557.78,,repairs,Y,D03801,,
bank/aib_current_2023.csv,322,31/07/2023,-25.90,,bank_charges,Y,,,
bank/aib_current_2023.csv,323,31/07/2023,-64000.00,,own_transfer,T,,,
bank/aib_current_2023.csv,324,01/08/2023,-2805.00,,drawings,N,,,
bank/aib_current_2023.csv,325,02/08/2023,-250.00,,drawings,N,,,
bank/aib_current_2023.csv,326,04/08/2023,-639.24,,dairy_hygiene,Y,D03860,,
bank/aib_current_2023.csv,327,04/08/2023,1401.49,,contracting_income,Y,D05019,,
bank/aib_current_2023.csv,328,07/08/2023,-108.24,,software,Y,D03906,,
bank/aib_current_2023.csv,329,07/08/2023,-387.06,,personal_groceries,N,,,household spending
bank/aib_current_2023.csv,330,07/08/2023,-670.00,,pension_personal,N,,,personal pension; relief claimed on the personal return
bank/aib_current_2023.csv,331,08/08/2023,-3217.97,,loan_repayment,Y,,,"interest 1185.49, capital 2032.48"
bank/aib_current_2023.csv,332,08/08/2023,-1467.25,,loan_repayment,Y,,,"interest 946.21, capital 521.04"
bank/aib_current_2023.csv,333,13/08/2023,-250.00,,drawings,N,,,
bank/aib_current_2023.csv,334,13/08/2023,-108.99,,family_fuel,N,,,
bank/aib_current_2023.csv,335,14/08/2023,-772.16,,dairy_hygiene,Y,D03855,,
bank/aib_current_2023.csv,336,14/08/2023,-1124.52,,foot_care,Y,D03880,,
bank/aib_current_2023.csv,337,14/08/2023,-4234.50,,paye_prsi_usc,Y,,,
bank/aib_current_2023.csv,338,14/08/2023,-150.00,,drawings,N,,,
bank/aib_current_2023.csv,339,14/08/2023,-204.96,,personal_groceries,N,,,household spending
bank/aib_current_2023.csv,340,14/08/2023,-509.20,,health_insurance,N,,,
bank/aib_current_2023.csv,341,16/08/2023,-1209.39,,repairs,Y,D03802;D03833;D03845,,
bank/aib_current_2023.csv,342,17/08/2023,-2844.85,,electricity,M,D03904,,
bank/aib_current_2023.csv,343,18/08/2023,-2950.00,,hp_repayment,Y,,,capital plus finance charge
bank/aib_current_2023.csv,344,21/08/2023,-234.00,,telephone,M,D03905,,
bank/aib_current_2023.csv,345,21/08/2023,-200.00,,savings,N,,,
bank/aib_current_2023.csv,346,21/08/2023,-1107.16,,foot_care,Y,D03877,,
bank/aib_current_2023.csv,347,21/08/2023,-6807.85,,contractors,Y,D03774;D03781,,
bank/aib_current_2023.csv,348,22/08/2023,-93.80,,personal_misc,N,,,
bank/aib_current_2023.csv,349,22/08/2023,-3000.00,,personal_education,N,,,
bank/aib_current_2023.csv,350,22/08/2023,-3795.36,,feed,Y,D03699,,
bank/aib_current_2023.csv,351,22/08/2023,-2397.03,,vet_medicine,Y,D03713;D03714;D03721,,
bank/aib_current_2023.csv,352,23/08/2023,-250.00,,drawings,N,,,
bank/aib_current_2023.csv,353,23/08/2023,-248.86,,personal_groceries,N,,,household spending
bank/aib_current_2023.csv,354,23/08/2023,-3517.65,,contractors,Y,D03783,,
bank/aib_current_2023.csv,355,24/08/2023,-765.82,,silage_plastic,Y,D03873,,
bank/aib_current_2023.csv,356,25/08/2023,94268.62,,milk_receipt,Y,D00425;D00426,,net of co-op deductions
bank/aib_current_2023.csv,357,26/08/2023,-305.39,,personal_groceries,N,,,household spending
bank/aib_current_2023.csv,358,27/08/2023,-250.00,,drawings,N,,,
bank/aib_current_2023.csv,359,28/08/2023,-481.50,,dairy_hygiene,Y,,MISSING_INVOICE,payment with no supplier invoice on file
bank/aib_current_2023.csv,360,28/08/2023,-2177.37,,wages_net,Y,,,
bank/aib_current_2023.csv,361,28/08/2023,-489.02,,wages_net,Y,,,
bank/aib_current_2023.csv,362,28/08/2023,-1181.77,,wages_net,Y,,,
bank/aib_current_2023.csv,363,28/08/2023,1422.92,,personal_paye_income,N,,,"son PAYE as a contractor employee, personal"
bank/aib_current_2023.csv,364,29/08/2023,-349.32,,repairs,Y,D03820,,
bank/aib_current_2023.csv,365,30/08/2023,-2181.40,,fuel,Y,D03792,,
bank/aib_current_2023.csv,366,31/08/2023,-25.90,,bank_charges,Y,,,
bank/aib_current_2023.csv,367,31/08/2023,2001.04,,contracting_income,Y,D05026,,
bank/aib_current_2023.csv,368,31/08/2023,-45000.00,,own_transfer,T,,,
bank/aib_current_2023.csv,369,01/09/2023,-529.31,,vet_medicine,Y,D03719,,
bank/aib_current_2023.csv,370,01/09/2023,2527.15,,contracting_income,Y,D05014,,
bank/aib_current_2023.csv,371,01/09/2023,-2805.00,,drawings,N,,,
bank/aib_current_2023.csv,372,01/09/2023,-200.00,,drawings,N,,,
bank/aib_current_2023.csv,373,04/09/2023,-150.00,,drawings,N,,,
bank/aib_current_2023.csv,374,05/09/2023,-670.00,,pension_personal,N,,,personal pension; relief claimed on the personal return
bank/aib_current_2023.csv,375,05/09/2023,-1474.00,,personal_education,N,,,
bank/aib_current_2023.csv,376,06/09/2023,-108.24,,software,Y,D03909,,
bank/aib_current_2023.csv,377,08/09/2023,-3217.97,,loan_repayment,Y,,,"interest 1173.63, capital 2044.34"
bank/aib_current_2023.csv,378,08/09/2023,-1467.25,,loan_repayment,Y,,,"interest 943.17, capital 524.08"
bank/aib_current_2023.csv,379,08/09/2023,-180.67,,personal_groceries,N,,,household spending
bank/aib_current_2023.csv,380,11/09/2023,-607.92,,repairs,Y,D03799,,
bank/aib_current_2023.csv,381,11/09/2023,-525.25,,dairy_hygiene,Y,D03853,,
bank/aib_current_2023.csv,382,11/09/2023,-156.58,,fallen_animals,Y,D04803,,
bank/aib_current_2023.csv,383,11/09/2023,-300.00,,drawings,N,,,
bank/aib_current_2023.csv,384,11/09/2023,-270.49,,personal_groceries,N,,,household spending
bank/aib_current_2023.csv,385,12/09/2023,-509.20,,health_insurance,N,,,
bank/aib_current_2023.csv,386,13/09/2023,-3805.34,,contractors,Y,D03777,,
bank/aib_current_2023.csv,387,14/09/2023,-4204.36,,paye_prsi_usc,Y,,,
bank/aib_current_2023.csv,388,15/09/2023,-2324.83,,fuel,Y,D03798,,
bank/aib_current_2023.csv,389,18/09/2023,-2950.00,,hp_repayment,Y,,,capital plus finance charge
bank/aib_current_2023.csv,390,18/09/2023,-276.02,,personal_groceries,N,,,household spending
bank/aib_current_2023.csv,391,18/09/2023,-1185.99,,breeding_ai,Y,D03764,,
bank/aib_current_2023.csv,392,18/09/2023,-3731.16,,contractors,Y,D03772,,
bank/aib_current_2023.csv,393,19/09/2023,-15493.73,,vat_payment,Y,,,
bank/aib_current_2023.csv,394,20/09/2023,-197.06,,telephone,M,D03908,,
bank/aib_current_2023.csv,395,20/09/2023,-300.00,,drawings,N,,,
bank/aib_current_2023.csv,396,20/09/2023,-200.00,,drawings,N,,,
bank/aib_current_2023.csv,397,20/09/2023,-200.00,,savings,N,,,
bank/aib_current_2023.csv,398,20/09/2023,-491.16,,dairy_hygiene,Y,D03867,,
bank/aib_current_2023.csv,399,21/09/2023,-2694.76,,electricity,M,D03907,,
bank/aib_current_2023.csv,400,21/09/2023,36789.85,,livestock_sale,Y,D04817;D04818,,
bank/aib_current_2023.csv,401,21/09/2023,1580.83,,contracting_income,Y,D05017,,
bank/aib_current_2023.csv,402,22/09/2023,-93.80,,personal_misc,N,,,
bank/aib_current_2023.csv,403,23/09/2023,-122.50,,family_fuel,N,,,
bank/aib_current_2023.csv,404,25/09/2023,76691.04,,milk_receipt,Y,D00427;D00428,,net of co-op deductions
bank/aib_current_2023.csv,405,25/09/2023,-433.54,,vet_medicine,Y,D03731,,
bank/aib_current_2023.csv,406,25/09/2023,1360.30,,personal_paye_income,N,,,"spouse PAYE, personal income"
bank/aib_current_2023.csv,407,25/09/2023,-2964.23,,vet_medicine,Y,D03724;D03745;D03753;D03758;D03759,,
bank/aib_current_2023.csv,408,26/09/2023,-303.87,,personal_groceries,N,,,household spending
bank/aib_current_2023.csv,409,28/09/2023,1530.12,,contracting_income,Y,D05032,,
bank/aib_current_2023.csv,410,28/09/2023,-2177.37,,wages_net,Y,,,
bank/aib_current_2023.csv,411,28/09/2023,-501.20,,wages_net,Y,,,
bank/aib_current_2023.csv,412,28/09/2023,1422.92,,personal_paye_income,N,,,"son PAYE as a contractor employee, personal"
bank/aib_current_2023.csv,413,29/09/2023,-64000.00,,own_transfer,T,,,
bank/aib_current_2023.csv,414,30/09/2023,-25.90,,bank_charges,Y,,,
bank/aib_current_2023.csv,415,01/10/2023,-213.79,,personal_groceries,N,,,household spending
bank/aib_current_2023.csv,416,01/10/2023,-265.42,,personal_groceries,N,,,household spending
bank/aib_current_2023.csv,417,02/10/2023,-1075.89,,fuel,Y,D03789,,
bank/aib_current_2023.csv,418,02/10/2023,-2805.00,,drawings,N,,,
bank/aib_current_2023.csv,419,02/10/2023,-250.00,,drawings,N,,,
bank/aib_current_2023.csv,420,03/10/2023,-396.63,,repairs,Y,D03804,,
bank/aib_current_2023.csv,421,05/10/2023,-670.00,,pension_personal,N,,,personal pension; relief claimed on the personal return
bank/aib_current_2023.csv,422,09/10/2023,-108.24,,software,Y,D03912,,
bank/aib_current_2023.csv,423,09/10/2023,-3217.97,,loan_repayment,Y,,,"interest 1161.71, capital 2056.26"
bank/aib_current_2023.csv,424,09/10/2023,-1467.25,,loan_repayment,Y,,,"interest 940.11, capital 527.14"
bank/aib_current_2023.csv,425,10/10/2023,-559.56,,repairs,Y,D03840,,
bank/aib_current_2023.csv,426,10/10/2023,-623.43,,silage_plastic,Y,D03870,,
bank/aib_current_2023.csv,427,11/10/2023,1207.82,,contracting_income,Y,D05012,,
bank/aib_current_2023.csv,428,12/10/2023,-540.18,,repairs,Y,D03806,,
bank/aib_current_2023.csv,429,12/10/2023,1848.26,,contracting_income,Y,D05030,,
bank/aib_current_2023.csv,430,12/10/2023,-300.00,,drawings,N,,,
bank/aib_current_2023.csv,431,12/10/2023,-509.20,,health_insurance,N,,,
bank/aib_current_2023.csv,432,16/10/2023,-291.74,,repairs,Y,D03838,,
bank/aib_current_2023.csv,433,16/10/2023,-2928.44,,paye_prsi_usc,Y,,,
bank/aib_current_2023.csv,434,16/10/2023,-181.16,,personal_groceries,N,,,household spending
bank/aib_current_2023.csv,435,18/10/2023,2335.06,,contracting_income,Y,D05010,,
bank/aib_current_2023.csv,436,18/10/2023,-2950.00,,hp_repayment,Y,,,capital plus finance charge
bank/aib_current_2023.csv,437,20/10/2023,-223.48,,telephone,M,D03911,,
bank/aib_current_2023.csv,438,20/10/2023,-250.00,,drawings,N,,,
bank/aib_current_2023.csv,439,20/10/2023,-200.00,,savings,N,,,
bank/aib_current_2023.csv,440,20/10/2023,-1228.34,,vet_medicine,Y,D03720;D03741,,
bank/aib_current_2023.csv,441,21/10/2023,-200.00,,drawings,N,,,
bank/aib_current_2023.csv,442,22/10/2023,-150.00,,drawings,N,,,
bank/aib_current_2023.csv,443,23/10/2023,-2254.42,,electricity,M,D03910,,
bank/aib_current_2023.csv,444,23/10/2023,12117.30,,scheme_income,Y,,,
bank/aib_current_2023.csv,445,23/10/2023,-94.49,,family_fuel,N,,,
bank/aib_current_2023.csv,446,23/10/2023,-93.80,,personal_misc,N,,,
bank/aib_current_2023.csv,447,24/10/2023,-384.92,,repairs,Y,D03808,,
bank/aib_current_2023.csv,448,25/10/2023,58625.33,,milk_receipt,Y,D00429;D00430,,net of co-op deductions
bank/aib_current_2023.csv,449,25/10/2023,1360.30,,personal_paye_income,N,,,"spouse PAYE, personal income"
bank/aib_current_2023.csv,450,25/10/2023,-272.34,,personal_groceries,N,,,household spending
bank/aib_current_2023.csv,451,27/10/2023,-254.90,,personal_groceries,N,,,household spending
bank/aib_current_2023.csv,452,30/10/2023,-441.23,,dairy_hygiene,Y,D03856,,
bank/aib_current_2023.csv,453,30/10/2023,-521.14,,dairy_hygiene,Y,,MISSING_INVOICE,payment with no supplier invoice on file
bank/aib_current_2023.csv,454,30/10/2023,1645.03,,contracting_income,Y,D05020,,
bank/aib_current_2023.csv,455,30/10/2023,-2177.37,,wages_net,Y,,,
bank/aib_current_2023.csv,456,30/10/2023,-509.13,,wages_net,Y,,,
bank/aib_current_2023.csv,457,30/10/2023,1422.92,,personal_paye_income,N,,,"son PAYE as a contractor employee, personal"
bank/aib_current_2023.csv,458,31/10/2023,-1241.85,,fuel,Y,D03788,,
bank/aib_current_2023.csv,459,31/10/2023,-25.90,,bank_charges,Y,,,
bank/aib_current_2023.csv,460,31/10/2023,-15650.00,,personal_tax,N,,,"farmer income tax: personal liability, not a farm expense"
bank/aib_current_2023.csv,461,31/10/2023,-35000.00,,own_transfer,T,,,
bank/aib_current_2023.csv,462,01/11/2023,-2805.00,,drawings,N,,,
bank/aib_current_2023.csv,463,02/11/2023,-253.54,,personal_groceries,N,,,household spending
bank/aib_current_2023.csv,464,04/11/2023,-214.47,,personal_groceries,N,,,household spending
bank/aib_current_2023.csv,465,05/11/2023,-285.03,,personal_groceries,N,,,household spending
bank/aib_current_2023.csv,466,06/11/2023,38144.64,,livestock_sale,Y,D04816,,
bank/aib_current_2023.csv,467,06/11/2023,1193.80,,contracting_income,Y,D05022,,
bank/aib_current_2023.csv,468,06/11/2023,1974.72,,contracting_income,Y,D05027,,
bank/aib_current_2023.csv,469,06/11/2023,2400.00,,forestry_premium,X,,,exempt from income tax; not a trading receipt
bank/aib_current_2023.csv,470,06/11/2023,-670.00,,pension_personal,N,,,personal pension; relief claimed on the personal return
bank/aib_current_2023.csv,471,07/11/2023,-108.24,,software,Y,D03915,,
bank/aib_current_2023.csv,472,08/11/2023,-3217.97,,loan_repayment,Y,,,"interest 1149.71, capital 2068.26"
bank/aib_current_2023.csv,473,08/11/2023,-1467.25,,loan_repayment,Y,,,"interest 937.04, capital 530.21"
bank/aib_current_2023.csv,474,09/11/2023,-171.77,,personal_groceries,N,,,household spending
bank/aib_current_2023.csv,475,13/11/2023,-630.24,,foot_care,Y,D03876,,
bank/aib_current_2023.csv,476,13/11/2023,-119.64,,family_fuel,N,,,
bank/aib_current_2023.csv,477,13/11/2023,-509.20,,health_insurance,N,,,
bank/aib_current_2023.csv,478,14/11/2023,-2937.24,,paye_prsi_usc,Y,,,
bank/aib_current_2023.csv,479,15/11/2023,-300.00,,drawings,N,,,
bank/aib_current_2023.csv,480,15/11/2023,-799.38,,repairs,Y,D03826;D03843,,
bank/aib_current_2023.csv,481,17/11/2023,-2289.05,,feed,Y,D03697,,
bank/aib_current_2023.csv,482,17/11/2023,-885.02,,foot_care,Y,D03879,,
bank/aib_current_2023.csv,483,17/11/2023,-2592.64,,electricity,M,D03913,,
bank/aib_current_2023.csv,484,17/11/2023,-268.95,,personal_groceries,N,,,household spending
bank/aib_current_2023.csv,485,19/11/2023,-300.00,,drawings,N,,,
bank/aib_current_2023.csv,486,20/11/2023,-208.99,,telephone,M,D03914,,
bank/aib_current_2023.csv,487,20/11/2023,-2950.00,,hp_repayment,Y,,,capital plus finance charge
bank/aib_current_2023.csv,488,20/11/2023,-200.00,,savings,N,,,
bank/aib_current_2023.csv,489,20/11/2023,-6335.65,,feed,Y,D03687;D03701,,
bank/aib_current_2023.csv,490,20/11/2023,-12520.14,,vat_payment,Y,,,
bank/aib_current_2023.csv,491,21/11/2023,-1116.01,,vet_medicine,Y,D03717;D03729,,
bank/aib_current_2023.csv,492,22/11/2023,1387.17,,contracting_income,Y,D05025,,
bank/aib_current_2023.csv,493,22/11/2023,-300.00,,drawings,N,,,
bank/aib_current_2023.csv,494,22/11/2023,-93.80,,personal_misc,N,,,
bank/aib_current_2023.csv,495,22/11/2023,-1737.87,,foot_care,Y,D03875;D03878,,
bank/aib_current_2023.csv,496,22/11/2023,-1695.33,,contractors,Y,D03780,,
bank/aib_current_2023.csv,497,23/11/2023,-30100.00,,land_rent,Y,D03923,,
bank/aib_current_2023.csv,498,24/11/2023,-150.00,,drawings,N,,,
bank/aib_current_2023.csv,499,27/11/2023,34405.29,,milk_receipt,Y,D00431;D00432,,net of co-op deductions
bank/aib_current_2023.csv,500,27/11/2023,-423.97,,repairs,Y,D03807,,
bank/aib_current_2023.csv,501,27/11/2023,1360.30,,personal_paye_income,N,,,"spouse PAYE, personal income"
bank/aib_current_2023.csv,502,27/11/2023,-117.12,,personal_groceries,N,,,household spending
bank/aib_current_2023.csv,503,28/11/2023,-2177.37,,wages_net,Y,,,
bank/aib_current_2023.csv,504,28/11/2023,-485.57,,wages_net,Y,,,
bank/aib_current_2023.csv,505,28/11/2023,1422.92,,personal_paye_income,N,,,"son PAYE as a contractor employee, personal"
bank/aib_current_2023.csv,506,30/11/2023,-25.90,,bank_charges,Y,,,
bank/aib_current_2023.csv,507,01/12/2023,-2805.00,,drawings,N,,,
bank/aib_current_2023.csv,508,02/12/2023,-200.00,,drawings,N,,,
bank/aib_current_2023.csv,509,03/12/2023,-257.74,,personal_groceries,N,,,household spending
bank/aib_current_2023.csv,510,04/12/2023,-728.55,,vet_medicine,Y,D03756,,
bank/aib_current_2023.csv,511,04/12/2023,-425.21,,repairs,Y,D03837,,
bank/aib_current_2023.csv,512,04/12/2023,-200.00,,drawings,N,,,
bank/aib_current_2023.csv,513,04/12/2023,-300.00,,drawings,N,,,
bank/aib_current_2023.csv,514,05/12/2023,4039.10,,scheme_income,Y,,,
bank/aib_current_2023.csv,515,05/12/2023,-150.00,,drawings,N,,,
bank/aib_current_2023.csv,516,05/12/2023,-273.45,,personal_groceries,N,,,household spending
bank/aib_current_2023.csv,517,05/12/2023,-670.00,,pension_personal,N,,,personal pension; relief claimed on the personal return
bank/aib_current_2023.csv,518,06/12/2023,-695.27,,repairs,Y,D03813,,
bank/aib_current_2023.csv,519,06/12/2023,-373.86,,repairs,Y,D03814,,
bank/aib_current_2023.csv,520,07/12/2023,-169.06,,personal_groceries,N,,,household spending
bank/aib_current_2023.csv,521,08/12/2023,-108.24,,software,Y,D03918,,
bank/aib_current_2023.csv,522,08/12/2023,-3217.97,,loan_repayment,Y,,,"interest 1137.65, capital 2080.32"
bank/aib_current_2023.csv,523,08/12/2023,-1467.25,,loan_repayment,Y,,,"interest 933.94, capital 533.30"
bank/aib_current_2023.csv,524,08/12/2023,-249.28,,personal_groceries,N,,,household spending
bank/aib_current_2023.csv,525,11/12/2023,-4485.47,,feed,Y,D03688,,
bank/aib_current_2023.csv,526,11/12/2023,-2244.09,,personal_misc,N,,,
bank/aib_current_2023.csv,527,12/12/2023,3036.00,,scheme_income,Y,,,
bank/aib_current_2023.csv,528,12/12/2023,-114.01,,personal_groceries,N,,,household spending
bank/aib_current_2023.csv,529,12/12/2023,-509.20,,health_insurance,N,,,
bank/aib_current_2023.csv,530,13/12/2023,-517.40,,repairs,Y,D03809,,
bank/aib_current_2023.csv,531,14/12/2023,-2911.09,,paye_prsi_usc,Y,,,
bank/aib_current_2023.csv,532,14/12/2023,6200.00,,scheme_income,Y,,,
bank/aib_current_2023.csv,533,14/12/2023,-232.94,,personal_groceries,N,,,household spending
bank/aib_current_2023.csv,534,15/12/2023,-907.44,,foot_care,Y,D03881,,
bank/aib_current_2023.csv,535,17/12/2023,-102.36,,family_fuel,N,,,
bank/aib_current_2023.csv,536,18/12/2023,-2950.00,,hp_repayment,Y,,,capital plus finance charge
bank/aib_current_2023.csv,537,18/12/2023,-1741.71,,fuel,Y,D03786,,
bank/aib_current_2023.csv,538,18/12/2023,-2464.29,,contractors,Y,D03778,,
bank/aib_current_2023.csv,539,18/12/2023,-1953.85,,vet_medicine,Y,D03715;D03739;D03746,,
bank/aib_current_2023.csv,540,19/12/2023,7200.00,,scheme_income,Y,,,
bank/aib_current_2023.csv,541,20/12/2023,-223.39,,telephone,M,D03917,,
bank/aib_current_2023.csv,542,20/12/2023,-200.00,,savings,N,,,
bank/aib_current_2023.csv,543,20/12/2023,-4008.55,,feed,Y,D03679,,
bank/aib_current_2023.csv,544,21/12/2023,-2408.40,,electricity,M,D03916,,
bank/aib_current_2023.csv,545,21/12/2023,-767.12,,repairs,Y,D03818;D03827,,
bank/aib_current_2023.csv,546,22/12/2023,-93.80,,personal_misc,N,,,
bank/aib_current_2023.csv,547,27/12/2023,14740.73,,milk_receipt,Y,D00433;D00434,,net of co-op deductions
bank/aib_current_2023.csv,548,27/12/2023,1360.30,,personal_paye_income,N,,,"spouse PAYE, personal income"
bank/aib_current_2023.csv,549,27/12/2023,-1335.13,,dairy_hygiene,Y,D03852;D03868,,
bank/aib_current_2023.csv,550,28/12/2023,-2177.37,,wages_net,Y,,,
bank/aib_current_2023.csv,551,28/12/2023,-515.04,,wages_net,Y,,,
bank/aib_current_2023.csv,552,28/12/2023,1422.92,,personal_paye_income,N,,,"son PAYE as a contractor employee, personal"
bank/aib_current_2023.csv,553,31/12/2023,-25.90,,bank_charges,Y,,,
bank/aib_current_2024.csv,2,01/01/2024,-149.97,,personal_groceries,N,,,household spending
bank/aib_current_2024.csv,3,02/01/2024,-2470.51,,feed,Y,D03694,,
bank/aib_current_2024.csv,4,02/01/2024,-940.27,,vet_medicine,Y,D03732,,
bank/aib_current_2024.csv,5,02/01/2024,-345.95,,repairs,Y,D03812,,
bank/aib_current_2024.csv,6,02/01/2024,-621.00,,repairs,Y,D03836,,
bank/aib_current_2024.csv,7,02/01/2024,-3860.00,,drawings,N,,,
bank/aib_current_2024.csv,8,03/01/2024,-559.99,,repairs,Y,D03831,,
bank/aib_current_2024.csv,9,04/01/2024,-532.05,,dairy_hygiene,Y,D03858,,
bank/aib_current_2024.csv,10,05/01/2024,-277.14,,personal_groceries,N,,,household spending
bank/aib_current_2024.csv,11,05/01/2024,-690.00,,pension_personal,N,,,personal pension; relief claimed on the personal return
bank/aib_current_2024.csv,12,08/01/2024,-664.93,,repairs,Y,D03819,,
bank/aib_current_2024.csv,13,08/01/2024,-108.24,,software,Y,D04123,,
bank/aib_current_2024.csv,14,08/01/2024,-3199.42,,loan_repayment,Y,,,"interest 1093.36, capital 2106.06"
bank/aib_current_2024.csv,15,08/01/2024,-1449.62,,loan_repayment,Y,,,"interest 904.24, capital 545.38"
bank/aib_current_2024.csv,16,09/01/2024,-671.68,,repairs,Y,D03824,,
bank/aib_current_2024.csv,17,09/01/2024,-385.69,,dairy_hygiene,Y,D03861,,
bank/aib_current_2024.csv,18,12/01/2024,-451.40,,dairy_hygiene,Y,D03854,,
bank/aib_current_2024.csv,19,12/01/2024,-300.00,,drawings,N,,,
bank/aib_current_2024.csv,20,12/01/2024,-150.00,,drawings,N,,,
bank/aib_current_2024.csv,21,12/01/2024,-524.40,,health_insurance,N,,,
bank/aib_current_2024.csv,22,14/01/2024,-300.00,,drawings,N,,,
bank/aib_current_2024.csv,23,15/01/2024,1561.70,,contracting_income,Y,D05024,,
bank/aib_current_2024.csv,24,15/01/2024,-2943.79,,paye_prsi_usc,Y,,,
bank/aib_current_2024.csv,25,18/01/2024,-223.88,,telephone,M,D04122,,
bank/aib_current_2024.csv,26,18/01/2024,-2950.00,,hp_repayment,Y,,,capital plus finance charge
bank/aib_current_2024.csv,27,18/01/2024,-352.40,,personal_groceries,N,,,household spending
bank/aib_current_2024.csv,28,19/01/2024,-2170.41,,vet_medicine,Y,D03723;D03735;D03744,,
bank/aib_current_2024.csv,29,20/01/2024,-89.99,,family_fuel,N,,,
bank/aib_current_2024.csv,30,22/01/2024,-1034.34,,electricity,M,D04121,,
bank/aib_current_2024.csv,31,22/01/2024,-200.00,,savings,N,,,
bank/aib_current_2024.csv,32,22/01/2024,-96.60,,personal_misc,N,,,
bank/aib_current_2024.csv,33,22/01/2024,-1183.65,,fuel,Y,D03793,,
bank/aib_current_2024.csv,34,24/01/2024,-216.54,,personal_groceries,N,,,household spending
bank/aib_current_2024.csv,35,24/01/2024,-454.62,,repairs,Y,D03828,,
bank/aib_current_2024.csv,36,25/01/2024,2934.64,,milk_receipt,Y,D00435;D00436,,net of co-op deductions
bank/aib_current_2024.csv,37,25/01/2024,1400.80,,personal_paye_income,N,,,"spouse PAYE, personal income"
bank/aib_current_2024.csv,38,26/01/2024,-144.83,,personal_groceries,N,,,household spending
bank/aib_current_2024.csv,39,28/01/2024,-250.00,,drawings,N,,,
bank/aib_current_2024.csv,40,29/01/2024,-2253.24,,wages_net,Y,,,
bank/aib_current_2024.csv,41,29/01/2024,-516.28,,wages_net,Y,,,
bank/aib_current_2024.csv,42,29/01/2024,1479.41,,personal_paye_income,N,,,"son PAYE as a contractor employee, personal"
bank/aib_current_2024.csv,43,31/01/2024,-26.60,,bank_charges,Y,,,
bank/aib_current_2024.csv,44,01/02/2024,-3860.00,,drawings,N,,,
bank/aib_current_2024.csv,45,05/02/2024,-690.00,,pension_personal,N,,,personal pension; relief claimed on the personal return
bank/aib_current_2024.csv,46,07/02/2024,-469.00,,repairs,Y,D04069,,
bank/aib_current_2024.csv,47,08/02/2024,-108.24,,software,Y,D04126,,
bank/aib_current_2024.csv,48,08/02/2024,-3199.42,,loan_repayment,Y,,,"interest 1081.42, capital 2117.99"
bank/aib_current_2024.csv,49,08/02/2024,-1449.62,,loan_repayment,Y,,,"interest 901.15, capital 548.48"
bank/aib_current_2024.csv,50,09/02/2024,-137.38,,personal_groceries,N,,,household spending
bank/aib_current_2024.csv,51,09/02/2024,-199.40,,personal_groceries,N,,,household spending
bank/aib_current_2024.csv,52,12/02/2024,-2543.04,,fuel,Y,D04034,,
bank/aib_current_2024.csv,53,12/02/2024,-524.40,,health_insurance,N,,,
bank/aib_current_2024.csv,54,12/02/2024,2116.71,,vat_refund,Y,,,
bank/aib_current_2024.csv,55,14/02/2024,-634.16,,repairs,Y,D04049,,
bank/aib_current_2024.csv,56,14/02/2024,-3029.33,,paye_prsi_usc,Y,,,
bank/aib_current_2024.csv,57,15/02/2024,-150.00,,drawings,N,,,
bank/aib_current_2024.csv,58,15/02/2024,-1007.13,,dairy_hygiene,Y,D04094;D04103,,
bank/aib_current_2024.csv,59,16/02/2024,-347.64,,personal_groceries,N,,,household spending
bank/aib_current_2024.csv,60,17/02/2024,-300.00,,drawings,N,,,
bank/aib_current_2024.csv,61,19/02/2024,-625.32,,repairs,Y,D04052,,
bank/aib_current_2024.csv,62,19/02/2024,-236.17,,telephone,M,D04125,,
bank/aib_current_2024.csv,63,19/02/2024,-11525.16,,insurance,Y,D04157,,
bank/aib_current_2024.csv,64,19/02/2024,-2950.00,,hp_repayment,Y,,,capital plus finance charge
bank/aib_current_2024.csv,65,19/02/2024,-909.64,,repairs,Y,D04064;D04067,,
bank/aib_current_2024.csv,66,20/02/2024,-207.30,,personal_groceries,N,,,household spending
bank/aib_current_2024.csv,67,20/02/2024,-200.00,,savings,N,,,
bank/aib_current_2024.csv,68,21/02/2024,-1027.38,,electricity,M,D04124,,
bank/aib_current_2024.csv,69,21/02/2024,-81.39,,family_fuel,N,,,
bank/aib_current_2024.csv,70,21/02/2024,-2316.17,,vet_medicine,Y,D03955;D03962;D03964,,
bank/aib_current_2024.csv,71,22/02/2024,-1534.94,,fuel,Y,D04033,,
bank/aib_current_2024.csv,72,22/02/2024,-96.60,,personal_misc,N,,,
bank/aib_current_2024.csv,73,22/02/2024,-3179.72,,feed,Y,D03937,,
bank/aib_current_2024.csv,74,23/02/2024,-2278.64,,fuel,Y,D04031,,
bank/aib_current_2024.csv,75,26/02/2024,9904.41,,milk_receipt,Y,D00437;D00438,,net of co-op deductions
bank/aib_current_2024.csv,76,26/02/2024,-601.36,,dairy_hygiene,Y,D04090,,
bank/aib_current_2024.csv,77,26/02/2024,1400.80,,personal_paye_income,N,,,"spouse PAYE, personal income"
bank/aib_current_2024.csv,78,26/02/2024,-200.00,,drawings,N,,,
bank/aib_current_2024.csv,79,27/02/2024,-250.00,,drawings,N,,,
bank/aib_current_2024.csv,80,28/02/2024,-1275.08,,fuel,Y,D04035,,
bank/aib_current_2024.csv,81,28/02/2024,-2253.24,,wages_net,Y,,,
bank/aib_current_2024.csv,82,28/02/2024,-534.12,,wages_net,Y,,,
bank/aib_current_2024.csv,83,28/02/2024,-1216.91,,wages_net,Y,,,
bank/aib_current_2024.csv,84,28/02/2024,1479.41,,personal_paye_income,N,,,"son PAYE as a contractor employee, personal"
bank/aib_current_2024.csv,85,28/02/2024,-250.00,,drawings,N,,,
bank/aib_current_2024.csv,86,29/02/2024,-26.60,,bank_charges,Y,,,
bank/aib_current_2024.csv,87,29/02/2024,-369.68,,bank_interest,Y,,,
bank/aib_current_2024.csv,88,29/02/2024,49000.00,,own_transfer,T,,,
bank/aib_current_2024.csv,89,01/03/2024,-3860.00,,drawings,N,,,
bank/aib_current_2024.csv,90,04/03/2024,-523.49,,repairs,Y,D04080,,
bank/aib_current_2024.csv,91,04/03/2024,-96.69,,family_fuel,N,,,
bank/aib_current_2024.csv,92,05/03/2024,-690.00,,pension_personal,N,,,personal pension; relief claimed on the personal return
bank/aib_current_2024.csv,93,06/03/2024,-108.24,,software,Y,D04129,,
bank/aib_current_2024.csv,94,08/03/2024,-3199.42,,loan_repayment,Y,,,"interest 1069.42, capital 2130.00"
bank/aib_current_2024.csv,95,08/03/2024,-1449.62,,loan_repayment,Y,,,"interest 898.04, capital 551.58"
bank/aib_current_2024.csv,96,08/03/2024,-176.30,,personal_groceries,N,,,household spending
bank/aib_current_2024.csv,97,09/03/2024,-335.28,,personal_groceries,N,,,household spending
bank/aib_current_2024.csv,98,10/03/2024,-174.08,,personal_groceries,N,,,household spending
bank/aib_current_2024.csv,99,11/03/2024,-508.57,,repairs,Y,D04057,,
bank/aib_current_2024.csv,100,12/03/2024,-790.00,,breeding_ai,Y,,MISSING_INVOICE,payment with no supplier invoice on file
bank/aib_current_2024.csv,101,12/03/2024,-524.40,,health_insurance,N,,,
bank/aib_current_2024.csv,102,14/03/2024,-4377.54,,paye_prsi_usc,Y,,,
bank/aib_current_2024.csv,103,18/03/2024,4622.55,,livestock_sale,Y,D04822;D04823,,net of commission
bank/aib_current_2024.csv,104,18/03/2024,-2950.00,,hp_repayment,Y,,,capital plus finance charge
bank/aib_current_2024.csv,105,18/03/2024,-33369.00,,solar_pv,Y,D05119,,stage payment
bank/aib_current_2024.csv,106,18/03/2024,-150.00,,drawings,N,,,
bank/aib_current_2024.csv,107,18/03/2024,-228.63,,personal_groceries,N,,,household spending
bank/aib_current_2024.csv,108,18/03/2024,-619.50,,dairy_hygiene,Y,D04104,,
bank/aib_current_2024.csv,109,19/03/2024,-941.58,,vet_medicine,Y,D03982,,
bank/aib_current_2024.csv,110,19/03/2024,-207.66,,telephone,M,D04128,,
bank/aib_current_2024.csv,111,19/03/2024,-150.00,,drawings,N,,,
bank/aib_current_2024.csv,112,19/03/2024,-200.00,,drawings,N,,,
bank/aib_current_2024.csv,113,19/03/2024,-59.95,,personal_misc,N,,,
bank/aib_current_2024.csv,114,20/03/2024,-4684.82,,professional_fees,Y,D04158,,
bank/aib_current_2024.csv,115,20/03/2024,-200.00,,savings,N,,,
bank/aib_current_2024.csv,116,22/03/2024,-96.60,,personal_misc,N,,,
bank/aib_current_2024.csv,117,22/03/2024,-8390.02,,fertiliser,Y,D03948,,
bank/aib_current_2024.csv,118,22/03/2024,-1116.34,,repairs,Y,D04066;D04076,,
bank/aib_current_2024.csv,119,25/03/2024,32475.31,,milk_receipt,Y,D00439;D00440,,net of co-op deductions
bank/aib_current_2024.csv,120,25/03/2024,-738.76,,dairy_hygiene,Y,D04102,,
bank/aib_current_2024.csv,121,25/03/2024,-1314.50,,electricity,M,D04127,,
bank/aib_current_2024.csv,122,25/03/2024,1400.80,,personal_paye_income,N,,,"spouse PAYE, personal income"
bank/aib_current_2024.csv,123,25/03/2024,-4645.52,,vet_medicine,Y,D03963;D03972;D03979;D03980;D03981;D03987;D03994,,
bank/aib_current_2024.csv,124,28/03/2024,-2253.24,,wages_net,Y,,,
bank/aib_current_2024.csv,125,28/03/2024,-512.09,,wages_net,Y,,,
bank/aib_current_2024.csv,126,28/03/2024,-1216.91,,wages_net,Y,,,
bank/aib_current_2024.csv,127,28/03/2024,1479.41,,personal_paye_income,N,,,"son PAYE as a contractor employee, personal"
bank/aib_current_2024.csv,128,28/03/2024,1378.95,,energy_export_income,Y,,,
bank/aib_current_2024.csv,129,29/03/2024,4728.49,,livestock_sale,Y,D04824;D04825,,net of commission
bank/aib_current_2024.csv,130,29/03/2024,-220.77,,bank_interest,Y,,,
bank/aib_current_2024.csv,131,31/03/2024,-26.60,,bank_charges,Y,,,
bank/aib_current_2024.csv,132,01/04/2024,-3860.00,,drawings,N,,,
bank/aib_current_2024.csv,133,02/04/2024,-226.99,,personal_groceries,N,,,household spending
bank/aib_current_2024.csv,134,03/04/2024,-319.74,,repairs,Y,D04079,,
bank/aib_current_2024.csv,135,03/04/2024,79.08,,vat_refund,Y,,,
bank/aib_current_2024.csv,136,05/04/2024,-4378.85,,fertiliser,Y,D03946,,
bank/aib_current_2024.csv,137,05/04/2024,-690.00,,pension_personal,N,,,personal pension; relief claimed on the personal return
bank/aib_current_2024.csv,138,07/04/2024,-307.40,,personal_groceries,N,,,household spending
bank/aib_current_2024.csv,139,07/04/2024,-194.25,,personal_groceries,N,,,household spending
bank/aib_current_2024.csv,140,08/04/2024,-108.24,,software,Y,D04132,,
bank/aib_current_2024.csv,141,08/04/2024,-3199.42,,loan_repayment,Y,,,"interest 1057.35, capital 2142.07"
bank/aib_current_2024.csv,142,08/04/2024,-1449.62,,loan_repayment,Y,,,"interest 894.91, capital 554.71"
bank/aib_current_2024.csv,143,08/04/2024,-200.00,,drawings,N,,,
bank/aib_current_2024.csv,144,09/04/2024,-552.12,,repairs,Y,D04078,,
bank/aib_current_2024.csv,145,09/04/2024,4706.54,,livestock_sale,Y,D04826;D04827,,net of commission
bank/aib_current_2024.csv,146,09/04/2024,-300.00,,drawings,N,,,
bank/aib_current_2024.csv,147,12/04/2024,-300.00,,drawings,N,,,
bank/aib_current_2024.csv,148,12/04/2024,-524.40,,health_insurance,N,,,
bank/aib_current_2024.csv,149,14/04/2024,-59.92,,personal_misc,N,,,
bank/aib_current_2024.csv,150,15/04/2024,-4353.11,,paye_prsi_usc,Y,,,
bank/aib_current_2024.csv,151,18/04/2024,-211.73,,telephone,M,D04131,,
bank/aib_current_2024.csv,152,18/04/2024,-2950.00,,hp_repayment,Y,,,capital plus finance charge
bank/aib_current_2024.csv,153,18/04/2024,-702.82,,dairy_hygiene,Y,D04096,,
bank/aib_current_2024.csv,154,19/04/2024,-4648.44,,feed,Y,D03924,,
bank/aib_current_2024.csv,155,21/04/2024,-194.76,,personal_groceries,N,,,household spending
bank/aib_current_2024.csv,156,22/04/2024,-428.05,,repairs,Y,D04082,,
bank/aib_current_2024.csv,157,22/04/2024,5325.55,,livestock_sale,Y,D04828;D04829,,net of commission
bank/aib_current_2024.csv,158,22/04/2024,-200.00,,savings,N,,,
bank/aib_current_2024.csv,159,22/04/2024,-96.60,,personal_misc,N,,,
bank/aib_current_2024.csv,160,22/04/2024,-10760.13,,fertiliser,Y,D03944;D03947,,
bank/aib_current_2024.csv,161,23/04/2024,-1151.99,,electricity,M,D04130,,
bank/aib_current_2024.csv,162,24/04/2024,-272.25,,personal_groceries,N,,,household spending
bank/aib_current_2024.csv,163,24/04/2024,-538.06,,repairs,Y,D04046,,
bank/aib_current_2024.csv,164,24/04/2024,-5170.54,,vet_medicine,Y,D03953;D03954;D03959;D03968;D03977;D03984;D03986;D03989,,
bank/aib_current_2024.csv,165,25/04/2024,66804.07,,milk_receipt,Y,D00441;D00442,,net of co-op deductions
bank/aib_current_2024.csv,166,25/04/2024,1400.80,,personal_paye_income,N,,,"spouse PAYE, personal income"
bank/aib_current_2024.csv,167,25/04/2024,-77861.00,,solar_pv,Y,D05119,,stage payment
bank/aib_current_2024.csv,168,29/04/2024,4611.49,,livestock_sale,Y,D04830;D04831,,net of commission
bank/aib_current_2024.csv,169,29/04/2024,-2253.24,,wages_net,Y,,,
bank/aib_current_2024.csv,170,29/04/2024,-509.55,,wages_net,Y,,,
bank/aib_current_2024.csv,171,29/04/2024,-1216.91,,wages_net,Y,,,
bank/aib_current_2024.csv,172,29/04/2024,1479.41,,personal_paye_income,N,,,"son PAYE as a contractor employee, personal"
bank/aib_current_2024.csv,173,30/04/2024,-26.60,,bank_charges,Y,,,
bank/aib_current_2024.csv,174,30/04/2024,-716.36,,bank_interest,Y,,,
bank/aib_current_2024.csv,175,30/04/2024,82000.00,,own_transfer,T,,,
bank/aib_current_2024.csv,176,01/05/2024,-3860.00,,drawings,N,,,
bank/aib_current_2024.csv,177,01/05/2024,-150.00,,drawings,N,,,
bank/aib_current_2024.csv,178,04/05/2024,-147.59,,personal_groceries,N,,,household spending
bank/aib_current_2024.csv,179,06/05/2024,-1088.43,,breeding_ai,Y,D03999,,
bank/aib_current_2024.csv,180,06/05/2024,-469.53,,repairs,Y,D04077,,
bank/aib_current_2024.csv,181,06/05/2024,-108.24,,software,Y,D04135,,
bank/aib_current_2024.csv,182,06/05/2024,-84.44,,family_fuel,N,,,
bank/aib_current_2024.csv,183,06/05/2024,-690.00,,pension_personal,N,,,personal pension; relief claimed on the personal return
bank/aib_current_2024.csv,184,07/05/2024,-3490.58,,contractors,Y,D04019,,
bank/aib_current_2024.csv,185,07/05/2024,5009.20,,livestock_sale,Y,D04832;D04833,,net of commission
bank/aib_current_2024.csv,186,07/05/2024,1008.13,,contracting_income,Y,D05052,,
bank/aib_current_2024.csv,187,08/05/2024,-3199.42,,loan_repayment,Y,,,"interest 1045.21, capital 2154.21"
bank/aib_current_2024.csv,188,08/05/2024,-1449.62,,loan_repayment,Y,,,"interest 891.77, capital 557.85"
bank/aib_current_2024.csv,189,08/05/2024,-233.09,,personal_groceries,N,,,household spending
bank/aib_current_2024.csv,190,08/05/2024,-1656.00,,family_car_running,N,,,
bank/aib_current_2024.csv,191,10/05/2024,958.06,,contracting_income,Y,D05040,,
bank/aib_current_2024.csv,192,11/05/2024,-150.00,,drawings,N,,,
bank/aib_current_2024.csv,193,13/05/2024,-371.07,,repairs,Y,D04062,,
bank/aib_current_2024.csv,194,13/05/2024,-221.15,,personal_groceries,N,,,household spending
bank/aib_current_2024.csv,195,13/05/2024,-524.40,,health_insurance,N,,,
bank/aib_current_2024.csv,196,14/05/2024,-4350.27,,paye_prsi_usc,Y,,,
bank/aib_current_2024.csv,197,15/05/2024,-3926.67,,feed,Y,D03939,,
bank/aib_current_2024.csv,198,16/05/2024,-1942.33,,contractors,Y,D04020,,
bank/aib_current_2024.csv,199,17/05/2024,-3026.67,,vet_medicine,Y,D03960;D03971;D03985;D03991;D03993,,
bank/aib_current_2024.csv,200,18/05/2024,-178.15,,personal_groceries,N,,,household spending
bank/aib_current_2024.csv,201,20/05/2024,-274.82,,repairs,Y,D04042,,
bank/aib_current_2024.csv,202,20/05/2024,-228.08,,telephone,M,D04134,,
bank/aib_current_2024.csv,203,20/05/2024,-271.58,,fallen_animals,Y,D04819,,
bank/aib_current_2024.csv,204,20/05/2024,4702.33,,livestock_sale,Y,D04834;D04835,,net of commission
bank/aib_current_2024.csv,205,20/05/2024,-2950.00,,hp_repayment,Y,,,capital plus finance charge
bank/aib_current_2024.csv,206,20/05/2024,-200.00,,savings,N,,,
bank/aib_current_2024.csv,207,20/05/2024,-1884.83,,repairs,Y,D04037;D04047;D04053;D04065,,
bank/aib_current_2024.csv,208,20/05/2024,-1486.17,,vat_payment,Y,,,
bank/aib_current_2024.csv,209,22/05/2024,-1292.66,,electricity,M,D04133,,
bank/aib_current_2024.csv,210,22/05/2024,-96.60,,personal_misc,N,,,
bank/aib_current_2024.csv,211,23/05/2024,-200.00,,drawings,N,,,
bank/aib_current_2024.csv,212,24/05/2024,-349.21,,dairy_hygiene,Y,D04093,,
bank/aib_current_2024.csv,213,24/05/2024,4246.07,,livestock_sale,Y,D04836;D04837,,net of commission
bank/aib_current_2024.csv,214,24/05/2024,-300.00,,drawings,N,,,
bank/aib_current_2024.csv,215,24/05/2024,-595.69,,breeding_ai,Y,D04004,,
bank/aib_current_2024.csv,216,25/05/2024,-300.00,,drawings,N,,,
bank/aib_current_2024.csv,217,27/05/2024,101880.91,,milk_receipt,Y,D00443;D00444,,net of co-op deductions
bank/aib_current_2024.csv,218,27/05/2024,850.00,,unexplained_credit,U,,E2-2024,"contracting job paid in cash, no invoice raised, no output VAT"
bank/aib_current_2024.csv,219,27/05/2024,1400.80,,personal_paye_income,N,,,"spouse PAYE, personal income"
bank/aib_current_2024.csv,220,27/05/2024,-190.62,,personal_groceries,N,,,household spending
bank/aib_current_2024.csv,221,28/05/2024,2400.00,,unexplained_credit,U,,E2-2024,"contracting job paid in cash, no invoice raised, no output VAT"
bank/aib_current_2024.csv,222,28/05/2024,1600.99,,contracting_income,Y,D05038,,
bank/aib_current_2024.csv,223,28/05/2024,-2253.24,,wages_net,Y,,,
bank/aib_current_2024.csv,224,28/05/2024,-530.66,,wages_net,Y,,,
bank/aib_current_2024.csv,225,28/05/2024,-1216.91,,wages_net,Y,,,
bank/aib_current_2024.csv,226,28/05/2024,1479.41,,personal_paye_income,N,,,"son PAYE as a contractor employee, personal"
bank/aib_current_2024.csv,227,31/05/2024,-26.60,,bank_charges,Y,,,
bank/aib_current_2024.csv,228,31/05/2024,-59000.00,,own_transfer,T,,,
bank/aib_current_2024.csv,229,02/06/2024,-109.62,,family_fuel,N,,,
bank/aib_current_2024.csv,230,03/06/2024,-845.56,,breeding_ai,Y,D04003,,
bank/aib_current_2024.csv,231,03/06/2024,-759.70,,breeding_ai,Y,D04005,,
bank/aib_current_2024.csv,232,03/06/2024,-3860.00,,drawings,N,,,
bank/aib_current_2024.csv,233,04/06/2024,-855.60,,utilities,M,D04160,,
bank/aib_current_2024.csv,234,04/06/2024,-250.00,,drawings,N,,,
bank/aib_current_2024.csv,235,04/06/2024,-237.80,,personal_groceries,N,,,household spending
bank/aib_current_2024.csv,236,05/06/2024,-690.00,,pension_personal,N,,,personal pension; relief claimed on the personal return
bank/aib_current_2024.csv,237,06/06/2024,-1548.26,,fuel,Y,D04028,,
bank/aib_current_2024.csv,238,06/06/2024,-163.76,,personal_groceries,N,,,household spending
bank/aib_current_2024.csv,239,07/06/2024,-108.24,,software,Y,D04138,,
bank/aib_current_2024.csv,240,07/06/2024,-147.20,,personal_groceries,N,,,household spending
bank/aib_current_2024.csv,241,07/06/2024,-214.20,,personal_groceries,N,,,household spending
bank/aib_current_2024.csv,242,10/06/2024,-862.89,,breeding_ai,Y,D04006,,
bank/aib_current_2024.csv,243,10/06/2024,-3199.42,,loan_repayment,Y,,,"interest 1033.01, capital 2166.41"
bank/aib_current_2024.csv,244,10/06/2024,-1449.62,,loan_repayment,Y,,,"interest 888.61, capital 561.01"
bank/aib_current_2024.csv,245,12/06/2024,-524.40,,health_insurance,N,,,
bank/aib_current_2024.csv,246,14/06/2024,-306.84,,repairs,Y,D04043,,
bank/aib_current_2024.csv,247,14/06/2024,-743.65,,dairy_hygiene,Y,D04095,,
bank/aib_current_2024.csv,248,14/06/2024,-4373.71,,paye_prsi_usc,Y,,,
bank/aib_current_2024.csv,249,16/06/2024,-200.00,,drawings,N,,,
bank/aib_current_2024.csv,250,17/06/2024,2046.37,,contracting_income,Y,D05045,,
bank/aib_current_2024.csv,251,17/06/2024,-1284.24,,fuel,Y,D04026,,
bank/aib_current_2024.csv,252,17/06/2024,-5735.45,,contractors,Y,D04011;D04021,,
bank/aib_current_2024.csv,253,18/06/2024,-391.53,,dairy_hygiene,Y,D04097,,
bank/aib_current_2024.csv,254,18/06/2024,-212.30,,telephone,M,D04137,,
bank/aib_current_2024.csv,255,18/06/2024,-2950.00,,hp_repayment,Y,,,capital plus finance charge
bank/aib_current_2024.csv,256,18/06/2024,-615.05,,repairs,Y,D04059,,
bank/aib_current_2024.csv,257,20/06/2024,-200.00,,savings,N,,,
bank/aib_current_2024.csv,258,21/06/2024,-150.00,,drawings,N,,,
bank/aib_current_2024.csv,259,22/06/2024,-300.00,,drawings,N,,,
bank/aib_current_2024.csv,260,23/06/2024,-45.14,,personal_misc,N,,,
bank/aib_current_2024.csv,261,24/06/2024,-1264.89,,electricity,M,D04136,,
bank/aib_current_2024.csv,262,24/06/2024,2400.00,,unexplained_credit,U,,E2-2024,"contracting job paid in cash, no invoice raised, no output VAT"
bank/aib_current_2024.csv,263,24/06/2024,-96.60,,personal_misc,N,,,
bank/aib_current_2024.csv,264,24/06/2024,-2141.15,,breeding_ai,Y,D04000;D04010,,
bank/aib_current_2024.csv,265,25/06/2024,109903.15,,milk_receipt,Y,D00445;D00446,,net of co-op deductions
bank/aib_current_2024.csv,266,25/06/2024,959.69,,contracting_income,Y,D05043,,
bank/aib_current_2024.csv,267,25/06/2024,1400.80,,personal_paye_income,N,,,"spouse PAYE, personal income"
bank/aib_current_2024.csv,268,26/06/2024,-635.73,,repairs,Y,D04041,,
bank/aib_current_2024.csv,269,26/06/2024,-860.57,,silage_plastic,Y,D04110,,
bank/aib_current_2024.csv,270,26/06/2024,8000.00,,unexplained_credit,U,,E10-solar,cash rebate from installer
bank/aib_current_2024.csv,271,27/06/2024,-463.55,,dairy_hygiene,Y,D04098,,
bank/aib_current_2024.csv,272,27/06/2024,-279.06,,personal_groceries,N,,,household spending
bank/aib_current_2024.csv,273,28/06/2024,-991.39,,breeding_ai,Y,D04007,,
bank/aib_current_2024.csv,274,28/06/2024,-2253.24,,wages_net,Y,,,
bank/aib_current_2024.csv,275,28/06/2024,-532.14,,wages_net,Y,,,
bank/aib_current_2024.csv,276,28/06/2024,-1216.91,,wages_net,Y,,,
bank/aib_current_2024.csv,277,28/06/2024,1479.41,,personal_paye_income,N,,,"son PAYE as a contractor employee, personal"
bank/aib_current_2024.csv,278,28/06/2024,1241.39,,energy_export_income,Y,,,
bank/aib_current_2024.csv,279,28/06/2024,-82000.00,,own_transfer,T,,,
bank/aib_current_2024.csv,280,30/06/2024,-26.60,,bank_charges,Y,,,
bank/aib_current_2024.csv,281,30/06/2024,-770.00,,bank_charges,Y,,,
bank/aib_current_2024.csv,282,01/07/2024,-3860.00,,drawings,N,,,
bank/aib_current_2024.csv,283,05/07/2024,-690.00,,pension_personal,N,,,personal pension; relief claimed on the personal return
bank/aib_current_2024.csv,284,06/07/2024,-250.00,,drawings,N,,,
bank/aib_current_2024.csv,285,07/07/2024,-314.05,,personal_groceries,N,,,household spending
bank/aib_current_2024.csv,286,08/07/2024,-108.24,,software,Y,D04141,,
bank/aib_current_2024.csv,287,08/07/2024,2266.84,,contracting_income,Y,D05056,,
bank/aib_current_2024.csv,288,08/07/2024,-3199.42,,loan_repayment,Y,,,"interest 1020.73, capital 2178.69"
bank/aib_current_2024.csv,289,08/07/2024,-1449.62,,loan_repayment,Y,,,"interest 885.43, capital 564.19"
bank/aib_current_2024.csv,290,09/07/2024,-959.78,,breeding_ai,Y,D04008,,
bank/aib_current_2024.csv,291,09/07/2024,-539.72,,dairy_hygiene,Y,D04092,,
bank/aib_current_2024.csv,292,09/07/2024,1852.72,,contracting_income,Y,D05054,,
bank/aib_current_2024.csv,293,11/07/2024,-125.57,,family_fuel,N,,,
bank/aib_current_2024.csv,294,12/07/2024,-524.40,,health_insurance,N,,,
bank/aib_current_2024.csv,295,15/07/2024,-453.87,,repairs,Y,D04060,,
bank/aib_current_2024.csv,296,15/07/2024,-1527.66,,professional_fees,Y,D04159,,
bank/aib_current_2024.csv,297,15/07/2024,2424.86,,contracting_income,Y,D05035,,
bank/aib_current_2024.csv,298,15/07/2024,-4375.32,,paye_prsi_usc,Y,,,
bank/aib_current_2024.csv,299,15/07/2024,-6441.52,,family_holiday,N,,,family holiday paid by the farm account
bank/aib_current_2024.csv,300,16/07/2024,-161.11,,personal_groceries,N,,,household spending
bank/aib_current_2024.csv,301,16/07/2024,-8255.17,,feed,Y,D03936;D03938,,
bank/aib_current_2024.csv,302,17/07/2024,-291.94,,personal_groceries,N,,,household spending
bank/aib_current_2024.csv,303,17/07/2024,-3568.32,,contractors,Y,D04012,,
bank/aib_current_2024.csv,304,18/07/2024,-227.81,,telephone,M,D04140,,
bank/aib_current_2024.csv,305,18/07/2024,-2950.00,,hp_repayment,Y,,,capital plus finance charge
bank/aib_current_2024.csv,306,18/07/2024,-1503.87,,vet_medicine,Y,D03951;D03990,,
bank/aib_current_2024.csv,307,19/07/2024,-673.95,,breeding_ai,Y,D04009,,
bank/aib_current_2024.csv,308,19/07/2024,-2116.13,,contractors,Y,D04017,,
bank/aib_current_2024.csv,309,19/07/2024,-2962.00,,silage_plastic,Y,D04111;D04112,,
bank/aib_current_2024.csv,310,19/07/2024,-19374.69,,vat_payment,Y,,,
bank/aib_current_2024.csv,311,22/07/2024,-2319.66,,fuel,Y,D04029,,
bank/aib_current_2024.csv,312,22/07/2024,-1196.52,,electricity,M,D04139,,
bank/aib_current_2024.csv,313,22/07/2024,2064.08,,contracting_income,Y,D05046,,
bank/aib_current_2024.csv,314,22/07/2024,2320.96,,contracting_income,Y,D05055,,
bank/aib_current_2024.csv,315,22/07/2024,-200.00,,drawings,N,,,
bank/aib_current_2024.csv,316,22/07/2024,-200.00,,savings,N,,,
bank/aib_current_2024.csv,317,22/07/2024,-96.60,,personal_misc,N,,,
bank/aib_current_2024.csv,318,22/07/2024,-1843.34,,repairs,Y,D04048;D04050;D04070;D04086,,
bank/aib_current_2024.csv,319,23/07/2024,-200.00,,drawings,N,,,
bank/aib_current_2024.csv,320,25/07/2024,103102.99,,milk_receipt,Y,D00447;D00448,,net of co-op deductions
bank/aib_current_2024.csv,321,27/07/2024,-150.00,,drawings,N,,,
bank/aib_current_2024.csv,322,27/07/2024,-255.07,,personal_groceries,N,,,household spending
bank/aib_current_2024.csv,323,29/07/2024,2371.03,,contracting_income,Y,D05048,,
bank/aib_current_2024.csv,324,29/07/2024,2290.21,,contracting_income,Y,D05049,,
bank/aib_current_2024.csv,325,29/07/2024,1299.52,,contracting_income,Y,D05051,,
bank/aib_current_2024.csv,326,29/07/2024,-2253.24,,wages_net,Y,,,
bank/aib_current_2024.csv,327,29/07/2024,-513.99,,wages_net,Y,,,
bank/aib_current_2024.csv,328,29/07/2024,-1216.91,,wages_net,Y,,,
bank/aib_current_2024.csv,329,29/07/2024,1479.41,,personal_paye_income,N,,,"son PAYE as a contractor employee, personal"
bank/aib_current_2024.csv,330,31/07/2024,-788.16,,vet_medicine,Y,D03970,,
bank/aib_current_2024.csv,331,31/07/2024,-26.60,,bank_charges,Y,,,
bank/aib_current_2024.csv,332,31/07/2024,-44000.00,,own_transfer,T,,,
bank/aib_current_2024.csv,333,01/08/2024,-344.67,,dairy_hygiene,Y,D04089,,
bank/aib_current_2024.csv,334,01/08/2024,-3860.00,,drawings,N,,,
bank/aib_current_2024.csv,335,01/08/2024,-155.90,,personal_groceries,N,,,household spending
bank/aib_current_2024.csv,336,02/08/2024,-1040.70,,foot_care,Y,D04118,,
bank/aib_current_2024.csv,337,03/08/2024,-300.00,,drawings,N,,,
bank/aib_current_2024.csv,338,05/08/2024,2248.11,,contracting_income,Y,D05059,,
bank/aib_current_2024.csv,339,05/08/2024,-690.00,,pension_personal,N,,,personal pension; relief claimed on the personal return
bank/aib_current_2024.csv,340,06/08/2024,999.87,,contracting_income,Y,D05058,,
bank/aib_current_2024.csv,341,07/08/2024,-108.24,,software,Y,D04144,,
bank/aib_current_2024.csv,342,08/08/2024,-702.92,,dairy_hygiene,Y,D04107,,
bank/aib_current_2024.csv,343,08/08/2024,-3199.42,,loan_repayment,Y,,,"interest 1008.38, capital 2191.03"
bank/aib_current_2024.csv,344,08/08/2024,-1449.62,,loan_repayment,Y,,,"interest 882.23, capital 567.39"
bank/aib_current_2024.csv,345,08/08/2024,-150.00,,drawings,N,,,
bank/aib_current_2024.csv,346,09/08/2024,-250.00,,drawings,N,,,
bank/aib_current_2024.csv,347,12/08/2024,-686.07,,repairs,Y,D04054,,
bank/aib_current_2024.csv,348,12/08/2024,-1057.37,,foot_care,Y,D04113,,
bank/aib_current_2024.csv,349,12/08/2024,-524.40,,health_insurance,N,,,
bank/aib_current_2024.csv,350,14/08/2024,13959.87,,livestock_sale,Y,D04843;D04844,,
bank/aib_current_2024.csv,351,14/08/2024,-4355.20,,paye_prsi_usc,Y,,,
bank/aib_current_2024.csv,352,16/08/2024,13197.75,,livestock_sale,Y,D04838,,
bank/aib_current_2024.csv,353,19/08/2024,13887.35,,livestock_sale,Y,D04839;D04840,,
bank/aib_current_2024.csv,354,19/08/2024,-2950.00,,hp_repayment,Y,,,capital plus finance charge
bank/aib_current_2024.csv,355,19/08/2024,-150.00,,drawings,N,,,
bank/aib_current_2024.csv,356,19/08/2024,-4043.11,,fertiliser,Y,D03949,,
bank/aib_current_2024.csv,357,19/08/2024,-5815.39,,contractors,Y,D04015;D04022,,
bank/aib_current_2024.csv,358,20/08/2024,-215.20,,telephone,M,D04143,,
bank/aib_current_2024.csv,359,20/08/2024,-302.11,,personal_groceries,N,,,household spending
bank/aib_current_2024.csv,360,20/08/2024,-200.00,,savings,N,,,
bank/aib_current_2024.csv,361,21/08/2024,-2369.96,,fuel,Y,D04025,,
bank/aib_current_2024.csv,362,22/08/2024,-1214.31,,electricity,M,D04142,,
bank/aib_current_2024.csv,363,22/08/2024,-96.60,,personal_misc,N,,,
bank/aib_current_2024.csv,364,22/08/2024,-3000.00,,personal_education,N,,,
bank/aib_current_2024.csv,365,23/08/2024,-181.46,,personal_groceries,N,,,household spending
bank/aib_current_2024.csv,366,24/08/2024,-354.21,,personal_groceries,N,,,household spending
bank/aib_current_2024.csv,367,26/08/2024,90946.97,,milk_receipt,Y,D00449;D00450,,net of co-op deductions
bank/aib_current_2024.csv,368,26/08/2024,-787.19,,silage_plastic,Y,D04108,,
bank/aib_current_2024.csv,369,26/08/2024,-804.06,,vet_medicine,Y,D03952,,
bank/aib_current_2024.csv,370,28/08/2024,-821.09,,vet_medicine,Y,D03965,,
bank/aib_current_2024.csv,371,28/08/2024,-2732.25,,contractors,Y,D04018,,
bank/aib_current_2024.csv,372,28/08/2024,-2253.24,,wages_net,Y,,,
bank/aib_current_2024.csv,373,28/08/2024,-514.17,,wages_net,Y,,,
bank/aib_current_2024.csv,374,28/08/2024,-1216.91,,wages_net,Y,,,
bank/aib_current_2024.csv,375,28/08/2024,1479.41,,personal_paye_income,N,,,"son PAYE as a contractor employee, personal"
bank/aib_current_2024.csv,376,30/08/2024,1625.58,,contracting_income,Y,D05042,,
bank/aib_current_2024.csv,377,30/08/2024,-89000.00,,own_transfer,T,,,
bank/aib_current_2024.csv,378,31/08/2024,-26.60,,bank_charges,Y,,,
bank/aib_current_2024.csv,379,02/09/2024,-577.10,,repairs,Y,D04083,,
bank/aib_current_2024.csv,380,02/09/2024,-3860.00,,drawings,N,,,
bank/aib_current_2024.csv,381,03/09/2024,-219.91,,personal_groceries,N,,,household spending
bank/aib_current_2024.csv,382,04/09/2024,1779.54,,contracting_income,Y,D05034,,
bank/aib_current_2024.csv,383,04/09/2024,2075.76,,contracting_income,Y,D05041,,
bank/aib_current_2024.csv,384,05/09/2024,1065.05,,contracting_income,Y,D05053,,
bank/aib_current_2024.csv,385,05/09/2024,-690.00,,pension_personal,N,,,personal pension; relief claimed on the personal return
bank/aib_current_2024.csv,386,05/09/2024,-1518.00,,personal_education,N,,,
bank/aib_current_2024.csv,387,09/09/2024,-108.24,,software,Y,D04147,,
bank/aib_current_2024.csv,388,09/09/2024,-3199.42,,loan_repayment,Y,,,"interest 995.97, capital 2203.45"
bank/aib_current_2024.csv,389,09/09/2024,-1449.62,,loan_repayment,Y,,,"interest 879.02, capital 570.60"
bank/aib_current_2024.csv,390,12/09/2024,54000.00,,capital_grant,Y,,,"60% on ceiling EUR 90,000"
bank/aib_current_2024.csv,391,12/09/2024,-524.40,,health_insurance,N,,,
bank/aib_current_2024.csv,392,16/09/2024,-856.99,,vet_medicine,Y,D03992,,
bank/aib_current_2024.csv,393,16/09/2024,-472.28,,vet_medicine,Y,D03997,,
bank/aib_current_2024.csv,394,16/09/2024,-978.78,,silage_plastic,Y,D04109,,
bank/aib_current_2024.csv,395,16/09/2024,1200.00,,unexplained_credit,U,,E2-2024,"contracting job paid in cash, no invoice raised, no output VAT"
bank/aib_current_2024.csv,396,16/09/2024,-4355.41,,paye_prsi_usc,Y,,,
bank/aib_current_2024.csv,397,16/09/2024,-361.64,,repairs,Y,D04068,,
bank/aib_current_2024.csv,398,17/09/2024,-760.30,,dairy_hygiene,Y,D04088,,
bank/aib_current_2024.csv,399,17/09/2024,-150.00,,drawings,N,,,
bank/aib_current_2024.csv,400,18/09/2024,-216.43,,telephone,M,D04146,,
bank/aib_current_2024.csv,401,18/09/2024,-2950.00,,hp_repayment,Y,,,capital plus finance charge
bank/aib_current_2024.csv,402,19/09/2024,-2549.37,,fuel,Y,D04024,,
bank/aib_current_2024.csv,403,19/09/2024,-18406.97,,vat_payment,Y,,,
bank/aib_current_2024.csv,404,20/09/2024,-326.75,,dairy_hygiene,Y,D04105,,
bank/aib_current_2024.csv,405,20/09/2024,-250.00,,drawings,N,,,
bank/aib_current_2024.csv,406,20/09/2024,-293.30,,personal_groceries,N,,,household spending
bank/aib_current_2024.csv,407,20/09/2024,-200.00,,savings,N,,,
bank/aib_current_2024.csv,408,22/09/2024,-218.02,,personal_groceries,N,,,household spending
bank/aib_current_2024.csv,409,22/09/2024,-305.54,,personal_groceries,N,,,household spending
bank/aib_current_2024.csv,410,23/09/2024,-1265.80,,electricity,M,D04145,,
bank/aib_current_2024.csv,411,23/09/2024,1576.20,,contracting_income,Y,D05037,,
bank/aib_current_2024.csv,412,23/09/2024,-96.60,,personal_misc,N,,,
bank/aib_current_2024.csv,413,23/09/2024,-2643.72,,contractors,Y,D04023,,
bank/aib_current_2024.csv,414,23/09/2024,-2618.59,,vet_medicine,Y,D03974;D03976;D03978;D03996,,
bank/aib_current_2024.csv,415,24/09/2024,-183.91,,personal_misc,N,,,
bank/aib_current_2024.csv,416,25/09/2024,78451.12,,milk_receipt,Y,D00451;D00452,,net of co-op deductions
bank/aib_current_2024.csv,417,25/09/2024,1400.80,,personal_paye_income,N,,,"spouse PAYE, personal income"
bank/aib_current_2024.csv,418,25/09/2024,-300.00,,drawings,N,,,
bank/aib_current_2024.csv,419,26/09/2024,1819.77,,contracting_income,Y,D05050,,
bank/aib_current_2024.csv,420,30/09/2024,-562.12,,repairs,Y,D04044,,
bank/aib_current_2024.csv,421,30/09/2024,-26.60,,bank_charges,Y,,,
bank/aib_current_2024.csv,422,30/09/2024,-271.58,,fallen_animals,Y,D04820,,
bank/aib_current_2024.csv,423,30/09/2024,-2253.24,,wages_net,Y,,,
bank/aib_current_2024.csv,424,30/09/2024,-525.97,,wages_net,Y,,,
bank/aib_current_2024.csv,425,30/09/2024,1479.41,,personal_paye_income,N,,,"son PAYE as a contractor employee, personal"
bank/aib_current_2024.csv,426,30/09/2024,912.01,,energy_export_income,Y,,,
bank/aib_current_2024.csv,427,30/09/2024,-89000.00,,own_transfer,T,,,
bank/aib_current_2024.csv,428,01/10/2024,-3860.00,,drawings,N,,,
bank/aib_current_2024.csv,429,03/10/2024,-1343.24,,fuel,Y,D04032,,
bank/aib_current_2024.csv,430,04/10/2024,1449.43,,contracting_income,Y,D05036,,
bank/aib_current_2024.csv,431,04/10/2024,-118.04,,personal_groceries,N,,,household spending
bank/aib_current_2024.csv,432,06/10/2024,-200.00,,drawings,N,,,
bank/aib_current_2024.csv,433,07/10/2024,-108.24,,software,Y,D04150,,
bank/aib_current_2024.csv,434,07/10/2024,15136.00,,livestock_sale,Y,D04841;D04842,,
bank/aib_current_2024.csv,435,07/10/2024,-690.00,,pension_personal,N,,,personal pension; relief claimed on the personal return
bank/aib_current_2024.csv,436,08/10/2024,-3199.42,,loan_repayment,Y,,,"interest 983.48, capital 2215.94"
bank/aib_current_2024.csv,437,08/10/2024,-1449.62,,loan_repayment,Y,,,"interest 875.78, capital 573.84"
bank/aib_current_2024.csv,438,10/10/2024,-472.34,,dairy_hygiene,Y,D04106,,
bank/aib_current_2024.csv,439,10/10/2024,-128.72,,family_fuel,N,,,
bank/aib_current_2024.csv,440,13/10/2024,-250.00,,drawings,N,,,
bank/aib_current_2024.csv,441,13/10/2024,-116.32,,personal_groceries,N,,,household spending
bank/aib_current_2024.csv,442,14/10/2024,-283.80,,repairs,Y,D04051,,
bank/aib_current_2024.csv,443,14/10/2024,-3040.06,,paye_prsi_usc,Y,,,
bank/aib_current_2024.csv,444,14/10/2024,-169.96,,personal_groceries,N,,,household spending
bank/aib_current_2024.csv,445,14/10/2024,-101.45,,personal_misc,N,,,
bank/aib_current_2024.csv,446,14/10/2024,-524.40,,health_insurance,N,,,
bank/aib_current_2024.csv,447,16/10/2024,-1266.62,,vet_medicine,Y,D03956;D03973,,
bank/aib_current_2024.csv,448,18/10/2024,-1199.41,,electricity,M,D04148,,
bank/aib_current_2024.csv,449,18/10/2024,-2950.00,,hp_repayment,Y,,,capital plus finance charge
bank/aib_current_2024.csv,450,20/10/2024,-250.00,,drawings,N,,,
bank/aib_current_2024.csv,451,20/10/2024,-200.00,,drawings,N,,,
bank/aib_current_2024.csv,452,21/10/2024,-225.48,,telephone,M,D04149,,
bank/aib_current_2024.csv,453,21/10/2024,11694.36,,scheme_income,Y,,,
bank/aib_current_2024.csv,454,21/10/2024,-200.00,,savings,N,,,
bank/aib_current_2024.csv,455,21/10/2024,-1861.68,,contractors,Y,D04016,,
bank/aib_current_2024.csv,456,21/10/2024,-1666.03,,repairs,Y,D04040;D04045;D04063,,
bank/aib_current_2024.csv,457,22/10/2024,-96.60,,personal_misc,N,,,
bank/aib_current_2024.csv,458,22/10/2024,-6365.53,,fertiliser,Y,D03945,,
bank/aib_current_2024.csv,459,23/10/2024,-323.58,,repairs,Y,D04058,,
bank/aib_current_2024.csv,460,23/10/2024,-2369.82,,feed,Y,D03935,,
bank/aib_current_2024.csv,461,24/10/2024,-1109.00,,fuel,Y,D04030,,
bank/aib_current_2024.csv,462,25/10/2024,61461.00,,milk_receipt,Y,D00453;D00454,,net of co-op deductions
bank/aib_current_2024.csv,463,25/10/2024,1400.80,,personal_paye_income,N,,,"spouse PAYE, personal income"
bank/aib_current_2024.csv,464,26/10/2024,-412.12,,personal_groceries,N,,,household spending
bank/aib_current_2024.csv,465,28/10/2024,-328.68,,repairs,Y,,MISSING_INVOICE,payment with no supplier invoice on file
bank/aib_current_2024.csv,466,28/10/2024,-186.71,,fallen_animals,Y,D04821,,
bank/aib_current_2024.csv,467,28/10/2024,-2253.24,,wages_net,Y,,,
bank/aib_current_2024.csv,468,28/10/2024,-502.78,,wages_net,Y,,,
bank/aib_current_2024.csv,469,28/10/2024,1479.41,,personal_paye_income,N,,,"son PAYE as a contractor employee, personal"
bank/aib_current_2024.csv,470,28/10/2024,-150.00,,drawings,N,,,
bank/aib_current_2024.csv,471,31/10/2024,-26.60,,bank_charges,Y,,,
bank/aib_current_2024.csv,472,31/10/2024,1925.96,,contracting_income,Y,D05057,,
bank/aib_current_2024.csv,473,31/10/2024,-32200.00,,personal_tax,N,,,"farmer income tax: personal liability, not a farm expense"
bank/aib_current_2024.csv,474,01/11/2024,15030.63,,livestock_sale,Y,D04845,,
bank/aib_current_2024.csv,475,01/11/2024,1644.90,,contracting_income,Y,D05044,,
bank/aib_current_2024.csv,476,01/11/2024,-3860.00,,drawings,N,,,
bank/aib_current_2024.csv,477,02/11/2024,-187.94,,personal_groceries,N,,,household spending
bank/aib_current_2024.csv,478,04/11/2024,-2791.86,,feed,Y,D03942,,
bank/aib_current_2024.csv,479,04/11/2024,-680.60,,repairs,Y,D04084,,
bank/aib_current_2024.csv,480,05/11/2024,-2221.04,,fuel,Y,D04027,,
bank/aib_current_2024.csv,481,05/11/2024,-690.00,,pension_personal,N,,,personal pension; relief claimed on the personal return
bank/aib_current_2024.csv,482,06/11/2024,-539.63,,repairs,Y,D04074,,
bank/aib_current_2024.csv,483,07/11/2024,-108.24,,software,Y,D04153,,
bank/aib_current_2024.csv,484,08/11/2024,-3199.42,,loan_repayment,Y,,,"interest 970.92, capital 2228.49"
bank/aib_current_2024.csv,485,08/11/2024,-1449.62,,loan_repayment,Y,,,"interest 872.53, capital 577.09"
bank/aib_current_2024.csv,486,09/11/2024,-250.00,,drawings,N,,,
bank/aib_current_2024.csv,487,10/11/2024,-276.29,,personal_groceries,N,,,household spending
bank/aib_current_2024.csv,488,10/11/2024,-217.62,,personal_groceries,N,,,household spending
bank/aib_current_2024.csv,489,11/11/2024,-5473.52,,feed,Y,D03931,,
bank/aib_current_2024.csv,490,11/11/2024,-618.19,,repairs,Y,D04075,,
bank/aib_current_2024.csv,491,11/11/2024,-200.00,,drawings,N,,,
bank/aib_current_2024.csv,492,12/11/2024,-250.00,,drawings,N,,,
bank/aib_current_2024.csv,493,12/11/2024,-524.40,,health_insurance,N,,,
bank/aib_current_2024.csv,494,13/11/2024,-150.00,,drawings,N,,,
bank/aib_current_2024.csv,495,14/11/2024,-3014.34,,paye_prsi_usc,Y,,,
bank/aib_current_2024.csv,496,14/11/2024,-200.00,,drawings,N,,,
bank/aib_current_2024.csv,497,14/11/2024,-181.67,,personal_groceries,N,,,household spending
bank/aib_current_2024.csv,498,14/11/2024,-539.63,,repairs,Y,D04074,DOUBLE_PAYMENT,invoice paid twice
bank/aib_current_2024.csv,499,15/11/2024,-646.92,,repairs,Y,D04085,,
bank/aib_current_2024.csv,500,18/11/2024,-1151.38,,electricity,M,D04151,,
bank/aib_current_2024.csv,501,18/11/2024,-215.20,,telephone,M,D04152,,
bank/aib_current_2024.csv,502,18/11/2024,-2950.00,,hp_repayment,Y,,,capital plus finance charge
bank/aib_current_2024.csv,503,18/11/2024,-292.73,,personal_groceries,N,,,household spending
bank/aib_current_2024.csv,504,18/11/2024,-1914.40,,repairs,Y,D04038;D04055;D04061;D04071,,
bank/aib_current_2024.csv,505,19/11/2024,-12273.13,,feed,Y,D03930;D03934;D03940,,
bank/aib_current_2024.csv,506,19/11/2024,-8930.00,,vat_payment,Y,,,
bank/aib_current_2024.csv,507,20/11/2024,-200.00,,savings,N,,,
bank/aib_current_2024.csv,508,21/11/2024,-611.47,,dairy_hygiene,Y,D04091,,
bank/aib_current_2024.csv,509,21/11/2024,-537.89,,foot_care,Y,D04120,,
bank/aib_current_2024.csv,510,22/11/2024,-31500.00,,land_rent,Y,D04161,,
bank/aib_current_2024.csv,511,22/11/2024,-96.60,,personal_misc,N,,,
bank/aib_current_2024.csv,512,22/11/2024,-2387.22,,foot_care,Y,D04115;D04117;D04119,,
bank/aib_current_2024.csv,513,22/11/2024,-1982.98,,contractors,Y,D04013,,
bank/aib_current_2024.csv,514,25/11/2024,41964.06,,milk_receipt,Y,D00455;D00456,,net of co-op deductions
bank/aib_current_2024.csv,515,25/11/2024,1400.80,,personal_paye_income,N,,,"spouse PAYE, personal income"
bank/aib_current_2024.csv,516,25/11/2024,-625.42,,vet_medicine,Y,D03958,,
bank/aib_current_2024.csv,517,26/11/2024,-433.08,,foot_care,Y,D04116,,
bank/aib_current_2024.csv,518,28/11/2024,-2253.24,,wages_net,Y,,,
bank/aib_current_2024.csv,519,28/11/2024,-502.47,,wages_net,Y,,,
bank/aib_current_2024.csv,520,28/11/2024,1479.41,,personal_paye_income,N,,,"son PAYE as a contractor employee, personal"
bank/aib_current_2024.csv,521,30/11/2024,-26.60,,bank_charges,Y,,,
bank/aib_current_2024.csv,522,02/12/2024,-3860.00,,drawings,N,,,
bank/aib_current_2024.csv,523,04/12/2024,-107.53,,personal_misc,N,,,
bank/aib_current_2024.csv,524,05/12/2024,3898.13,,scheme_income,Y,,,
bank/aib_current_2024.csv,525,05/12/2024,-690.00,,pension_personal,N,,,personal pension; relief claimed on the personal return
bank/aib_current_2024.csv,526,08/12/2024,-313.04,,personal_groceries,N,,,household spending
bank/aib_current_2024.csv,527,09/12/2024,-108.24,,software,Y,D04156,,
bank/aib_current_2024.csv,528,09/12/2024,-3199.42,,loan_repayment,Y,,,"interest 958.30, capital 2241.12"
bank/aib_current_2024.csv,529,09/12/2024,-1449.62,,loan_repayment,Y,,,"interest 869.26, capital 580.36"
bank/aib_current_2024.csv,530,10/12/2024,-2239.55,,personal_misc,N,,,
bank/aib_current_2024.csv,531,11/12/2024,1730.72,,contracting_income,Y,D05039,,
bank/aib_current_2024.csv,532,12/12/2024,3044.00,,scheme_income,Y,,,
bank/aib_current_2024.csv,533,12/12/2024,-524.40,,health_insurance,N,,,
bank/aib_current_2024.csv,534,14/12/2024,-191.76,,personal_groceries,N,,,household spending
bank/aib_current_2024.csv,535,15/12/2024,-254.09,,personal_groceries,N,,,household spending
bank/aib_current_2024.csv,536,16/12/2024,-799.27,,dairy_hygiene,Y,D04101,,
bank/aib_current_2024.csv,537,16/12/2024,-3013.97,,paye_prsi_usc,Y,,,
bank/aib_current_2024.csv,538,16/12/2024,6200.00,,scheme_income,Y,,,
bank/aib_current_2024.csv,539,18/12/2024,-2950.00,,hp_repayment,Y,,,capital plus finance charge
bank/aib_current_2024.csv,540,19/12/2024,7200.00,,scheme_income,Y,,,
bank/aib_current_2024.csv,541,19/12/2024,-1595.64,,vet_medicine,Y,D03969;D03998,,
bank/aib_current_2024.csv,542,20/12/2024,-211.61,,telephone,M,D04155,,
bank/aib_current_2024.csv,543,20/12/2024,-200.00,,savings,N,,,
bank/aib_current_2024.csv,544,22/12/2024,-250.00,,drawings,N,,,
bank/aib_current_2024.csv,545,23/12/2024,-1144.95,,electricity,M,D04154,,
bank/aib_current_2024.csv,546,23/12/2024,-96.60,,personal_misc,N,,,
bank/aib_current_2024.csv,547,23/12/2024,-987.80,,foot_care,Y,D04114,,
bank/aib_current_2024.csv,548,23/12/2024,-3675.01,,contractors,Y,D04014,,
bank/aib_current_2024.csv,549,23/12/2024,-1275.19,,repairs,Y,D04036;D04081,,
bank/aib_current_2024.csv,550,25/12/2024,-150.00,,drawings,N,,,
bank/aib_current_2024.csv,551,25/12/2024,-303.08,,personal_groceries,N,,,household spending
bank/aib_current_2024.csv,552,27/12/2024,19769.52,,milk_receipt,Y,D00457;D00458,,net of co-op deductions
bank/aib_current_2024.csv,553,27/12/2024,-806.45,,vet_medicine,Y,D03961,,
bank/aib_current_2024.csv,554,27/12/2024,-467.50,,dairy_hygiene,Y,D04099,,
bank/aib_current_2024.csv,555,27/12/2024,2429.30,,contracting_income,Y,D05047,,
bank/aib_current_2024.csv,556,27/12/2024,1400.80,,personal_paye_income,N,,,"spouse PAYE, personal income"
bank/aib_current_2024.csv,557,27/12/2024,-300.00,,drawings,N,,,
bank/aib_current_2024.csv,558,28/12/2024,-230.28,,personal_groceries,N,,,household spending
bank/aib_current_2024.csv,559,28/12/2024,-97.92,,family_fuel,N,,,
bank/aib_current_2024.csv,560,30/12/2024,-412.31,,repairs,Y,D04073,,
bank/aib_current_2024.csv,561,30/12/2024,-2253.24,,wages_net,Y,,,
bank/aib_current_2024.csv,562,30/12/2024,-515.76,,wages_net,Y,,,
bank/aib_current_2024.csv,563,30/12/2024,1479.41,,personal_paye_income,N,,,"son PAYE as a contractor employee, personal"
bank/aib_current_2024.csv,564,30/12/2024,1659.71,,energy_export_income,Y,,,
bank/aib_current_2024.csv,565,31/12/2024,-26.60,,bank_charges,Y,,,
bank/aib_current_2025.csv,2,02/01/2025,-3980.00,,drawings,N,,,
bank/aib_current_2025.csv,3,06/01/2025,-276.75,,personal_groceries,N,,,household spending
bank/aib_current_2025.csv,4,06/01/2025,-705.00,,pension_personal,N,,,personal pension; relief claimed on the personal return
bank/aib_current_2025.csv,5,07/01/2025,1069.20,,contracting_income,Y,D05033,,
bank/aib_current_2025.csv,6,07/01/2025,-365.99,,personal_groceries,N,,,household spending
bank/aib_current_2025.csv,7,07/01/2025,-281.27,,personal_groceries,N,,,household spending
bank/aib_current_2025.csv,8,08/01/2025,-354.18,,dairy_hygiene,Y,D04100,,
bank/aib_current_2025.csv,9,08/01/2025,-108.24,,software,Y,D04368,,
bank/aib_current_2025.csv,10,08/01/2025,-3136.81,,loan_repayment,Y,,,"interest 834.35, capital 2302.46"
bank/aib_current_2025.csv,11,08/01/2025,-1384.19,,loan_repayment,Y,,,"interest 764.09, capital 620.10"
bank/aib_current_2025.csv,12,08/01/2025,-278.10,,personal_groceries,N,,,household spending
bank/aib_current_2025.csv,13,13/01/2025,-972.57,,breeding_ai,Y,D04002,,
bank/aib_current_2025.csv,14,13/01/2025,-250.00,,drawings,N,,,
bank/aib_current_2025.csv,15,13/01/2025,-535.80,,health_insurance,N,,,
bank/aib_current_2025.csv,16,13/01/2025,539.63,,repairs,Y,,DOUBLE_PAYMENT_REFUND,
bank/aib_current_2025.csv,17,14/01/2025,-3028.74,,paye_prsi_usc,Y,,,
bank/aib_current_2025.csv,18,14/01/2025,-150.00,,drawings,N,,,
bank/aib_current_2025.csv,19,15/01/2025,-178.07,,personal_groceries,N,,,household spending
bank/aib_current_2025.csv,20,16/01/2025,-800.29,,vet_medicine,Y,D04219,,
bank/aib_current_2025.csv,21,20/01/2025,-629.14,,vet_medicine,Y,D03983,,
bank/aib_current_2025.csv,22,20/01/2025,-262.45,,repairs,Y,D04039,,
bank/aib_current_2025.csv,23,20/01/2025,-240.45,,telephone,M,D04367,,
bank/aib_current_2025.csv,24,20/01/2025,-2950.00,,hp_repayment,Y,,,capital plus finance charge
bank/aib_current_2025.csv,25,20/01/2025,-200.00,,drawings,N,,,
bank/aib_current_2025.csv,26,20/01/2025,-200.00,,savings,N,,,
bank/aib_current_2025.csv,27,21/01/2025,-135.25,,personal_groceries,N,,,household spending
bank/aib_current_2025.csv,28,22/01/2025,-1215.59,,electricity,M,D04366,,
bank/aib_current_2025.csv,29,22/01/2025,-126.24,,family_fuel,N,,,
bank/aib_current_2025.csv,30,22/01/2025,-98.70,,personal_misc,N,,,
bank/aib_current_2025.csv,31,23/01/2025,-300.00,,drawings,N,,,
bank/aib_current_2025.csv,32,23/01/2025,-1173.14,,repairs,Y,D04056;D04087,,
bank/aib_current_2025.csv,33,23/01/2025,-4382.48,,vet_medicine,Y,D03957;D03966;D03967;D03975;D03988;D03995,,
bank/aib_current_2025.csv,34,27/01/2025,3675.87,,milk_receipt,Y,D00459;D00460,,net of co-op deductions
bank/aib_current_2025.csv,35,27/01/2025,1442.50,,personal_paye_income,N,,,"spouse PAYE, personal income"
bank/aib_current_2025.csv,36,27/01/2025,-300.00,,drawings,N,,,
bank/aib_current_2025.csv,37,28/01/2025,-2331.72,,wages_net,Y,,,
bank/aib_current_2025.csv,38,28/01/2025,-553.47,,wages_net,Y,,,
bank/aib_current_2025.csv,39,28/01/2025,1538.19,,personal_paye_income,N,,,"son PAYE as a contractor employee, personal"
bank/aib_current_2025.csv,40,29/01/2025,-522.82,,repairs,Y,D04280,,
bank/aib_current_2025.csv,41,31/01/2025,-27.30,,bank_charges,Y,,,
bank/aib_current_2025.csv,42,01/02/2025,-250.00,,drawings,N,,,
bank/aib_current_2025.csv,43,03/02/2025,-3980.00,,drawings,N,,,
bank/aib_current_2025.csv,44,05/02/2025,-705.00,,pension_personal,N,,,personal pension; relief claimed on the personal return
bank/aib_current_2025.csv,45,07/02/2025,-108.24,,software,Y,D04371,,
bank/aib_current_2025.csv,46,08/02/2025,-255.39,,personal_groceries,N,,,household spending
bank/aib_current_2025.csv,47,10/02/2025,-464.68,,repairs,Y,D04284,,
bank/aib_current_2025.csv,48,10/02/2025,-949.76,,foot_care,Y,D04362,,
bank/aib_current_2025.csv,49,10/02/2025,-242.80,,fallen_animals,Y,D04846,,
bank/aib_current_2025.csv,50,10/02/2025,-3136.81,,loan_repayment,Y,,,"interest 822.84, capital 2313.98"
bank/aib_current_2025.csv,51,10/02/2025,-1384.19,,loan_repayment,Y,,,"interest 760.99, capital 623.20"
bank/aib_current_2025.csv,52,11/02/2025,-814.16,,dairy_hygiene,Y,D04336,,
bank/aib_current_2025.csv,53,12/02/2025,-200.00,,drawings,N,,,
bank/aib_current_2025.csv,54,12/02/2025,-535.80,,health_insurance,N,,,
bank/aib_current_2025.csv,55,13/02/2025,-223.88,,personal_groceries,N,,,household spending
bank/aib_current_2025.csv,56,13/02/2025,192.96,,vat_refund,Y,,,
bank/aib_current_2025.csv,57,14/02/2025,-3157.67,,paye_prsi_usc,Y,,,
bank/aib_current_2025.csv,58,17/02/2025,-739.39,,dairy_hygiene,Y,D04346,,
bank/aib_current_2025.csv,59,17/02/2025,-12076.74,,insurance,Y,D04402,,
bank/aib_current_2025.csv,60,17/02/2025,-200.00,,drawings,N,,,
bank/aib_current_2025.csv,61,17/02/2025,-251.04,,personal_groceries,N,,,household spending
bank/aib_current_2025.csv,62,17/02/2025,-8288.66,,feed,Y,D04169;D04170,,
bank/aib_current_2025.csv,63,17/02/2025,-1254.11,,vet_medicine,Y,D04190;D04227,,
bank/aib_current_2025.csv,64,18/02/2025,-2950.00,,hp_repayment,Y,,,capital plus finance charge
bank/aib_current_2025.csv,65,18/02/2025,-250.00,,drawings,N,,,
bank/aib_current_2025.csv,66,19/02/2025,-1100.64,,electricity,M,D04369,,
bank/aib_current_2025.csv,67,19/02/2025,-242.31,,telephone,M,D04370,,
bank/aib_current_2025.csv,68,19/02/2025,-625.11,,dairy_hygiene,Y,D04335,,
bank/aib_current_2025.csv,69,20/02/2025,-200.00,,savings,N,,,
bank/aib_current_2025.csv,70,21/02/2025,-243.33,,personal_groceries,N,,,household spending
bank/aib_current_2025.csv,71,23/02/2025,-321.93,,personal_groceries,N,,,household spending
bank/aib_current_2025.csv,72,24/02/2025,-98.70,,personal_misc,N,,,
bank/aib_current_2025.csv,73,24/02/2025,-1547.95,,repairs,Y,D04299;D04304;D04312,,
bank/aib_current_2025.csv,74,25/02/2025,11157.78,,milk_receipt,Y,D00461;D00462,,net of co-op deductions
bank/aib_current_2025.csv,75,25/02/2025,1442.50,,personal_paye_income,N,,,"spouse PAYE, personal income"
bank/aib_current_2025.csv,76,26/02/2025,-287.88,,repairs,Y,D04301,,
bank/aib_current_2025.csv,77,27/02/2025,-201.17,,personal_groceries,N,,,household spending
bank/aib_current_2025.csv,78,28/02/2025,-3837.85,,feed,Y,D04179,,
bank/aib_current_2025.csv,79,28/02/2025,-27.30,,bank_charges,Y,,,
bank/aib_current_2025.csv,80,28/02/2025,-2331.72,,wages_net,Y,,,
bank/aib_current_2025.csv,81,28/02/2025,-544.76,,wages_net,Y,,,
bank/aib_current_2025.csv,82,28/02/2025,-1253.11,,wages_net,Y,,,
bank/aib_current_2025.csv,83,28/02/2025,1538.19,,personal_paye_income,N,,,"son PAYE as a contractor employee, personal"
bank/aib_current_2025.csv,84,28/02/2025,-270.46,,bank_interest,Y,,,
bank/aib_current_2025.csv,85,28/02/2025,43000.00,,own_transfer,T,,,
bank/aib_current_2025.csv,86,03/03/2025,-3980.00,,drawings,N,,,
bank/aib_current_2025.csv,87,03/03/2025,-42.72,,personal_misc,N,,,
bank/aib_current_2025.csv,88,05/03/2025,-1118.24,,foot_care,Y,D04365,,
bank/aib_current_2025.csv,89,05/03/2025,-152.53,,personal_groceries,N,,,household spending
bank/aib_current_2025.csv,90,05/03/2025,-297.84,,personal_groceries,N,,,household spending
bank/aib_current_2025.csv,91,05/03/2025,-705.00,,pension_personal,N,,,personal pension; relief claimed on the personal return
bank/aib_current_2025.csv,92,06/03/2025,-200.00,,drawings,N,,,
bank/aib_current_2025.csv,93,07/03/2025,-782.85,,dairy_hygiene,Y,D04349,,
bank/aib_current_2025.csv,94,07/03/2025,-108.24,,software,Y,D04374,,
bank/aib_current_2025.csv,95,10/03/2025,-548.51,,vet_medicine,Y,D04191,,
bank/aib_current_2025.csv,96,10/03/2025,-3136.81,,loan_repayment,Y,,,"interest 811.27, capital 2325.55"
bank/aib_current_2025.csv,97,10/03/2025,-1384.19,,loan_repayment,Y,,,"interest 757.88, capital 626.31"
bank/aib_current_2025.csv,98,11/03/2025,-251.75,,personal_groceries,N,,,household spending
bank/aib_current_2025.csv,99,12/03/2025,-121.01,,personal_groceries,N,,,household spending
bank/aib_current_2025.csv,100,12/03/2025,-210.67,,personal_groceries,N,,,household spending
bank/aib_current_2025.csv,101,12/03/2025,-535.80,,health_insurance,N,,,
bank/aib_current_2025.csv,102,14/03/2025,-498.27,,vet_medicine,Y,D04222,,
bank/aib_current_2025.csv,103,14/03/2025,-4516.59,,paye_prsi_usc,Y,,,
bank/aib_current_2025.csv,104,18/03/2025,-321.82,,repairs,Y,D04326,,
bank/aib_current_2025.csv,105,18/03/2025,-1262.55,,electricity,M,D04372,,
bank/aib_current_2025.csv,106,18/03/2025,-2950.00,,hp_repayment,Y,,,capital plus finance charge
bank/aib_current_2025.csv,107,19/03/2025,-201.10,,telephone,M,D04373,,
bank/aib_current_2025.csv,108,19/03/2025,-81.58,,family_fuel,N,,,
bank/aib_current_2025.csv,109,19/03/2025,-1398.16,,vat_payment,Y,,,
bank/aib_current_2025.csv,110,20/03/2025,7946.74,,livestock_sale,Y,D04849;D04850,,net of commission
bank/aib_current_2025.csv,111,20/03/2025,-200.00,,savings,N,,,
bank/aib_current_2025.csv,112,21/03/2025,-412.71,,repairs,Y,D04282,,
bank/aib_current_2025.csv,113,21/03/2025,-4786.67,,professional_fees,Y,D04403,,
bank/aib_current_2025.csv,114,21/03/2025,-300.00,,drawings,N,,,
bank/aib_current_2025.csv,115,23/03/2025,-250.00,,drawings,N,,,
bank/aib_current_2025.csv,116,24/03/2025,-98.70,,personal_misc,N,,,
bank/aib_current_2025.csv,117,24/03/2025,-6736.33,,vet_medicine,Y,D04193;D04209;D04220;D04221;D04223;D04229;D04230;D04232;D04234;D04237,,
bank/aib_current_2025.csv,118,25/03/2025,37031.41,,milk_receipt,Y,D00463;D00464,,net of co-op deductions
bank/aib_current_2025.csv,119,25/03/2025,1442.50,,personal_paye_income,N,,,"spouse PAYE, personal income"
bank/aib_current_2025.csv,120,25/03/2025,-150.00,,drawings,N,,,
bank/aib_current_2025.csv,121,27/03/2025,-1009.03,,breeding_ai,Y,D04245,,
bank/aib_current_2025.csv,122,28/03/2025,-261.10,,repairs,Y,D04305,,
bank/aib_current_2025.csv,123,28/03/2025,-2331.72,,wages_net,Y,,,
bank/aib_current_2025.csv,124,28/03/2025,-538.79,,wages_net,Y,,,
bank/aib_current_2025.csv,125,28/03/2025,-1253.11,,wages_net,Y,,,
bank/aib_current_2025.csv,126,28/03/2025,1538.19,,personal_paye_income,N,,,"son PAYE as a contractor employee, personal"
bank/aib_current_2025.csv,127,28/03/2025,1891.16,,energy_export_income,Y,,,
bank/aib_current_2025.csv,128,31/03/2025,-27.30,,bank_charges,Y,,,
bank/aib_current_2025.csv,129,01/04/2025,-574.42,,repairs,Y,D04319,,
bank/aib_current_2025.csv,130,01/04/2025,-3980.00,,drawings,N,,,
bank/aib_current_2025.csv,131,02/04/2025,-300.00,,drawings,N,,,
bank/aib_current_2025.csv,132,03/04/2025,7532.20,,livestock_sale,Y,D04851;D04852,,net of commission
bank/aib_current_2025.csv,133,04/04/2025,-370.24,,repairs,Y,D04292,,
bank/aib_current_2025.csv,134,07/04/2025,-1864.32,,contractors,Y,D04262,,
bank/aib_current_2025.csv,135,07/04/2025,-108.24,,software,Y,D04377,,
bank/aib_current_2025.csv,136,07/04/2025,-705.00,,pension_personal,N,,,personal pension; relief claimed on the personal return
bank/aib_current_2025.csv,137,08/04/2025,-3136.81,,loan_repayment,Y,,,"interest 799.64, capital 2337.17"
bank/aib_current_2025.csv,138,08/04/2025,-1384.19,,loan_repayment,Y,,,"interest 754.75, capital 629.45"
bank/aib_current_2025.csv,139,09/04/2025,-292.26,,personal_groceries,N,,,household spending
bank/aib_current_2025.csv,140,11/04/2025,-116.88,,family_fuel,N,,,
bank/aib_current_2025.csv,141,14/04/2025,-421.14,,dairy_hygiene,Y,D04350,,
bank/aib_current_2025.csv,142,14/04/2025,-4509.99,,paye_prsi_usc,Y,,,
bank/aib_current_2025.csv,143,14/04/2025,-308.97,,personal_groceries,N,,,household spending
bank/aib_current_2025.csv,144,14/04/2025,-535.80,,health_insurance,N,,,
bank/aib_current_2025.csv,145,16/04/2025,8944.49,,livestock_sale,Y,D04853;D04854,,net of commission
bank/aib_current_2025.csv,146,18/04/2025,-232.32,,telephone,M,D04376,,
bank/aib_current_2025.csv,147,18/04/2025,-2950.00,,hp_repayment,Y,,,capital plus finance charge
bank/aib_current_2025.csv,148,19/04/2025,-169.86,,personal_groceries,N,,,household spending
bank/aib_current_2025.csv,149,21/04/2025,-1242.17,,electricity,M,D04375,,
bank/aib_current_2025.csv,150,21/04/2025,1037.05,,contracting_income,Y,D05082,,
bank/aib_current_2025.csv,151,21/04/2025,-363.18,,personal_groceries,N,,,household spending
bank/aib_current_2025.csv,152,21/04/2025,-200.00,,savings,N,,,
bank/aib_current_2025.csv,153,21/04/2025,-751.62,,repairs,Y,D04291;D04324,,
bank/aib_current_2025.csv,154,21/04/2025,-2638.72,,vet_medicine,Y,D04189;D04204;D04207;D04212,,
bank/aib_current_2025.csv,155,22/04/2025,-98.70,,personal_misc,N,,,
bank/aib_current_2025.csv,156,22/04/2025,-3466.28,,contractors,Y,D04257,,
bank/aib_current_2025.csv,157,23/04/2025,-22132.50,,solar_pv,Y,D05120,,
bank/aib_current_2025.csv,158,23/04/2025,-300.00,,drawings,N,,,
bank/aib_current_2025.csv,159,23/04/2025,-725.12,,dairy_hygiene,Y,D04348,,
bank/aib_current_2025.csv,160,25/04/2025,74578.99,,milk_receipt,Y,D00465;D00466,,net of co-op deductions
bank/aib_current_2025.csv,161,25/04/2025,1442.50,,personal_paye_income,N,,,"spouse PAYE, personal income"
bank/aib_current_2025.csv,162,26/04/2025,-150.00,,drawings,N,,,
bank/aib_current_2025.csv,163,28/04/2025,-2331.72,,wages_net,Y,,,
bank/aib_current_2025.csv,164,28/04/2025,-533.58,,wages_net,Y,,,
bank/aib_current_2025.csv,165,28/04/2025,-1253.11,,wages_net,Y,,,
bank/aib_current_2025.csv,166,28/04/2025,1538.19,,personal_paye_income,N,,,"son PAYE as a contractor employee, personal"
bank/aib_current_2025.csv,167,30/04/2025,-27.30,,bank_charges,Y,,,
bank/aib_current_2025.csv,168,01/05/2025,7610.36,,livestock_sale,Y,D04855;D04856,,net of commission
bank/aib_current_2025.csv,169,01/05/2025,-3980.00,,drawings,N,,,
bank/aib_current_2025.csv,170,04/05/2025,-164.28,,personal_groceries,N,,,household spending
bank/aib_current_2025.csv,171,05/05/2025,-811.27,,breeding_ai,Y,D04239,,
bank/aib_current_2025.csv,172,05/05/2025,-705.00,,pension_personal,N,,,personal pension; relief claimed on the personal return
bank/aib_current_2025.csv,173,06/05/2025,-108.24,,software,Y,D04380,,
bank/aib_current_2025.csv,174,07/05/2025,-650.71,,vet_medicine,Y,D04233,,
bank/aib_current_2025.csv,175,07/05/2025,1423.85,,contracting_income,Y,D05070,,
bank/aib_current_2025.csv,176,07/05/2025,-300.00,,drawings,N,,,
bank/aib_current_2025.csv,177,08/05/2025,-3136.81,,loan_repayment,Y,,,"interest 787.95, capital 2348.86"
bank/aib_current_2025.csv,178,08/05/2025,-1384.19,,loan_repayment,Y,,,"interest 751.60, capital 632.59"
bank/aib_current_2025.csv,179,08/05/2025,-150.00,,drawings,N,,,
bank/aib_current_2025.csv,180,08/05/2025,-1692.00,,family_car_running,N,,,
bank/aib_current_2025.csv,181,12/05/2025,-2181.69,,fuel,Y,D04270,,
bank/aib_current_2025.csv,182,12/05/2025,-535.80,,health_insurance,N,,,
bank/aib_current_2025.csv,183,13/05/2025,8602.16,,livestock_sale,Y,D04857;D04858,,net of commission
bank/aib_current_2025.csv,184,14/05/2025,-1631.39,,fuel,Y,D04277,,
bank/aib_current_2025.csv,185,14/05/2025,-4504.20,,paye_prsi_usc,Y,,,
bank/aib_current_2025.csv,186,14/05/2025,-296.46,,personal_groceries,N,,,household spending
bank/aib_current_2025.csv,187,15/05/2025,-509.13,,dairy_hygiene,Y,D04341,,
bank/aib_current_2025.csv,188,16/05/2025,-150.00,,drawings,N,,,
bank/aib_current_2025.csv,189,16/05/2025,-2443.10,,vet_medicine,Y,D04196;D04218;D04226;D04231,,
bank/aib_current_2025.csv,190,17/05/2025,-281.22,,personal_groceries,N,,,household spending
bank/aib_current_2025.csv,191,18/05/2025,-265.54,,personal_groceries,N,,,household spending
bank/aib_current_2025.csv,192,19/05/2025,-471.34,,repairs,Y,D04310,,
bank/aib_current_2025.csv,193,19/05/2025,-1156.67,,electricity,M,D04378,,
bank/aib_current_2025.csv,194,19/05/2025,948.43,,contracting_income,Y,D05069,,
bank/aib_current_2025.csv,195,19/05/2025,1925.56,,contracting_income,Y,D05072,,
bank/aib_current_2025.csv,196,19/05/2025,2003.09,,contracting_income,Y,D05073,,
bank/aib_current_2025.csv,197,19/05/2025,-2950.00,,hp_repayment,Y,,,capital plus finance charge
bank/aib_current_2025.csv,198,19/05/2025,-876.18,,repairs,Y,D04286;D04289,,
bank/aib_current_2025.csv,199,19/05/2025,-12803.54,,vat_payment,Y,,,
bank/aib_current_2025.csv,200,20/05/2025,-218.28,,telephone,M,D04379,,
bank/aib_current_2025.csv,201,20/05/2025,-250.00,,drawings,N,,,
bank/aib_current_2025.csv,202,20/05/2025,-200.00,,savings,N,,,
bank/aib_current_2025.csv,203,20/05/2025,-1101.55,,breeding_ai,Y,D04241,,
bank/aib_current_2025.csv,204,20/05/2025,-641.96,,dairy_hygiene,Y,D04333,,
bank/aib_current_2025.csv,205,22/05/2025,-98.70,,personal_misc,N,,,
bank/aib_current_2025.csv,206,23/05/2025,7494.05,,livestock_sale,Y,D04859;D04860,,net of commission
bank/aib_current_2025.csv,207,23/05/2025,-203.89,,personal_groceries,N,,,household spending
bank/aib_current_2025.csv,208,24/05/2025,-378.53,,personal_groceries,N,,,household spending
bank/aib_current_2025.csv,209,26/05/2025,104509.10,,milk_receipt,Y,D00467;D00468,,net of co-op deductions
bank/aib_current_2025.csv,210,26/05/2025,1442.50,,personal_paye_income,N,,,"spouse PAYE, personal income"
bank/aib_current_2025.csv,211,27/05/2025,-838.12,,breeding_ai,Y,D04240,,
bank/aib_current_2025.csv,212,27/05/2025,-1457.33,,silage_plastic,Y,D04356,,
bank/aib_current_2025.csv,213,28/05/2025,2127.53,,contracting_income,Y,D05064,,
bank/aib_current_2025.csv,214,28/05/2025,1494.50,,contracting_income,Y,D05065,,
bank/aib_current_2025.csv,215,28/05/2025,-2331.72,,wages_net,Y,,,
bank/aib_current_2025.csv,216,28/05/2025,-540.79,,wages_net,Y,,,
bank/aib_current_2025.csv,217,28/05/2025,-1253.11,,wages_net,Y,,,
bank/aib_current_2025.csv,218,28/05/2025,1538.19,,personal_paye_income,N,,,"son PAYE as a contractor employee, personal"
bank/aib_current_2025.csv,219,28/05/2025,-116.88,,family_fuel,N,,,
bank/aib_current_2025.csv,220,30/05/2025,-110000.00,,own_transfer,T,,,
bank/aib_current_2025.csv,221,31/05/2025,-27.30,,bank_charges,Y,,,
bank/aib_current_2025.csv,222,02/06/2025,2345.24,,contracting_income,Y,D05077,,
bank/aib_current_2025.csv,223,02/06/2025,-3980.00,,drawings,N,,,
bank/aib_current_2025.csv,224,04/06/2025,-876.33,,vet_medicine,Y,D04205,,
bank/aib_current_2025.csv,225,04/06/2025,-305.78,,personal_groceries,N,,,household spending
bank/aib_current_2025.csv,226,05/06/2025,-398.85,,vet_medicine,Y,D04210,,
bank/aib_current_2025.csv,227,05/06/2025,-574.27,,repairs,Y,D04302,,
bank/aib_current_2025.csv,228,05/06/2025,-874.20,,utilities,M,D04405,,
bank/aib_current_2025.csv,229,05/06/2025,-109.31,,family_fuel,N,,,
bank/aib_current_2025.csv,230,05/06/2025,-705.00,,pension_personal,N,,,personal pension; relief claimed on the personal return
bank/aib_current_2025.csv,231,06/06/2025,-1120.54,,silage_plastic,Y,D04355,,
bank/aib_current_2025.csv,232,06/06/2025,-113.86,,personal_groceries,N,,,household spending
bank/aib_current_2025.csv,233,09/06/2025,-1504.22,,silage_plastic,Y,D04353,,
bank/aib_current_2025.csv,234,09/06/2025,-108.24,,software,Y,D04383,,
bank/aib_current_2025.csv,235,09/06/2025,-3136.81,,loan_repayment,Y,,,"interest 776.21, capital 2360.61"
bank/aib_current_2025.csv,236,09/06/2025,-1384.19,,loan_repayment,Y,,,"interest 748.44, capital 635.76"
bank/aib_current_2025.csv,237,10/06/2025,-227.45,,personal_groceries,N,,,household spending
bank/aib_current_2025.csv,238,11/06/2025,-125.03,,personal_groceries,N,,,household spending
bank/aib_current_2025.csv,239,12/06/2025,2298.19,,contracting_income,Y,D05066,,
bank/aib_current_2025.csv,240,12/06/2025,-200.00,,drawings,N,,,
bank/aib_current_2025.csv,241,12/06/2025,-535.80,,health_insurance,N,,,
bank/aib_current_2025.csv,242,13/06/2025,-861.79,,breeding_ai,Y,D04247,,
bank/aib_current_2025.csv,243,13/06/2025,-308.62,,repairs,Y,D04331,,
bank/aib_current_2025.csv,244,16/06/2025,-468.13,,repairs,Y,D04313,,
bank/aib_current_2025.csv,245,16/06/2025,-4512.20,,paye_prsi_usc,Y,,,
bank/aib_current_2025.csv,246,16/06/2025,-219.36,,personal_groceries,N,,,household spending
bank/aib_current_2025.csv,247,16/06/2025,-3036.95,,contractors,Y,D04258,,
bank/aib_current_2025.csv,248,16/06/2025,-726.51,,silage_plastic,Y,D04354,,
bank/aib_current_2025.csv,249,17/06/2025,-260.49,,repairs,Y,D04303,,
bank/aib_current_2025.csv,250,17/06/2025,-1207.72,,electricity,M,D04381,,
bank/aib_current_2025.csv,251,17/06/2025,-1461.87,,repairs,Y,D04287;D04290;D04309,,
bank/aib_current_2025.csv,252,18/06/2025,-2950.00,,hp_repayment,Y,,,capital plus finance charge
bank/aib_current_2025.csv,253,18/06/2025,-150.00,,drawings,N,,,
bank/aib_current_2025.csv,254,18/06/2025,-295.25,,personal_groceries,N,,,household spending
bank/aib_current_2025.csv,255,18/06/2025,-454.94,,vet_medicine,Y,D04216,,
bank/aib_current_2025.csv,256,20/06/2025,-231.22,,telephone,M,D04382,,
bank/aib_current_2025.csv,257,20/06/2025,-200.00,,savings,N,,,
bank/aib_current_2025.csv,258,21/06/2025,-300.00,,drawings,N,,,
bank/aib_current_2025.csv,259,23/06/2025,-2406.51,,fuel,Y,D04267,,
bank/aib_current_2025.csv,260,23/06/2025,1928.32,,contracting_income,Y,D05071,,
bank/aib_current_2025.csv,261,23/06/2025,-98.70,,personal_misc,N,,,
bank/aib_current_2025.csv,262,23/06/2025,-1300.26,,breeding_ai,Y,D04242;D04250,,
bank/aib_current_2025.csv,263,23/06/2025,-546.60,,dairy_hygiene,Y,D04347,,
bank/aib_current_2025.csv,264,23/06/2025,-1905.80,,contractors,Y,D04256,,
bank/aib_current_2025.csv,265,24/06/2025,1073.51,,contracting_income,Y,D05079,,
bank/aib_current_2025.csv,266,24/06/2025,-200.00,,drawings,N,,,
bank/aib_current_2025.csv,267,25/06/2025,118463.97,,milk_receipt,Y,D00469;D00470,,net of co-op deductions
bank/aib_current_2025.csv,268,25/06/2025,-753.02,,dairy_hygiene,Y,D04351,,
bank/aib_current_2025.csv,269,25/06/2025,1442.50,,personal_paye_income,N,,,"spouse PAYE, personal income"
bank/aib_current_2025.csv,270,26/06/2025,-978.71,,fuel,Y,D04271,,
bank/aib_current_2025.csv,271,26/06/2025,-607.56,,repairs,Y,D04297,,
bank/aib_current_2025.csv,272,27/06/2025,-859.40,,breeding_ai,Y,D04251,,
bank/aib_current_2025.csv,273,28/06/2025,-250.00,,drawings,N,,,
bank/aib_current_2025.csv,274,28/06/2025,-189.98,,personal_misc,N,,,
bank/aib_current_2025.csv,275,30/06/2025,-27.30,,bank_charges,Y,,,
bank/aib_current_2025.csv,276,30/06/2025,-785.00,,bank_charges,Y,,,
bank/aib_current_2025.csv,277,30/06/2025,-2331.72,,wages_net,Y,,,
bank/aib_current_2025.csv,278,30/06/2025,-526.22,,wages_net,Y,,,
bank/aib_current_2025.csv,279,30/06/2025,-1253.11,,wages_net,Y,,,
bank/aib_current_2025.csv,280,30/06/2025,1538.19,,personal_paye_income,N,,,"son PAYE as a contractor employee, personal"
bank/aib_current_2025.csv,281,30/06/2025,1499.24,,energy_export_income,Y,,,
bank/aib_current_2025.csv,282,30/06/2025,-81000.00,,own_transfer,T,,,
bank/aib_current_2025.csv,283,01/07/2025,-3980.00,,drawings,N,,,
bank/aib_current_2025.csv,284,01/07/2025,-340.23,,personal_groceries,N,,,household spending
bank/aib_current_2025.csv,285,07/07/2025,-588.73,,breeding_ai,Y,D04246,,
bank/aib_current_2025.csv,286,07/07/2025,-108.24,,software,Y,D04386,,
bank/aib_current_2025.csv,287,07/07/2025,-705.00,,pension_personal,N,,,personal pension; relief claimed on the personal return
bank/aib_current_2025.csv,288,08/07/2025,-3136.81,,loan_repayment,Y,,,"interest 764.41, capital 2372.41"
bank/aib_current_2025.csv,289,08/07/2025,-1384.19,,loan_repayment,Y,,,"interest 745.26, capital 638.93"
bank/aib_current_2025.csv,290,09/07/2025,-697.69,,breeding_ai,Y,D04244,,
bank/aib_current_2025.csv,291,09/07/2025,1179.29,,contracting_income,Y,D05083,,
bank/aib_current_2025.csv,292,10/07/2025,1071.89,,contracting_income,Y,D05060,,
bank/aib_current_2025.csv,293,11/07/2025,-300.00,,drawings,N,,,
bank/aib_current_2025.csv,294,14/07/2025,-267.91,,repairs,Y,D04307,,
bank/aib_current_2025.csv,295,14/07/2025,-4496.03,,paye_prsi_usc,Y,,,
bank/aib_current_2025.csv,296,14/07/2025,-535.80,,health_insurance,N,,,
bank/aib_current_2025.csv,297,14/07/2025,-7005.77,,family_holiday,N,,,family holiday paid by the farm account
bank/aib_current_2025.csv,298,16/07/2025,-981.11,,silage_plastic,Y,D04357,,
bank/aib_current_2025.csv,299,16/07/2025,-610.66,,dairy_hygiene,Y,D04345,,
bank/aib_current_2025.csv,300,16/07/2025,-425.05,,repairs,Y,D04327,,
bank/aib_current_2025.csv,301,17/07/2025,-300.00,,drawings,N,,,
bank/aib_current_2025.csv,302,18/07/2025,-1560.87,,professional_fees,Y,D04404,,
bank/aib_current_2025.csv,303,18/07/2025,-2950.00,,hp_repayment,Y,,,capital plus finance charge
bank/aib_current_2025.csv,304,18/07/2025,-833.76,,vet_medicine,Y,D04208,,
bank/aib_current_2025.csv,305,20/07/2025,-300.00,,drawings,N,,,
bank/aib_current_2025.csv,306,21/07/2025,-810.40,,dairy_hygiene,Y,D04344,,
bank/aib_current_2025.csv,307,21/07/2025,-226.97,,telephone,M,D04385,,
bank/aib_current_2025.csv,308,21/07/2025,960.90,,contracting_income,Y,D05076,,
bank/aib_current_2025.csv,309,21/07/2025,-299.55,,personal_groceries,N,,,household spending
bank/aib_current_2025.csv,310,21/07/2025,-296.50,,personal_groceries,N,,,household spending
bank/aib_current_2025.csv,311,21/07/2025,-200.00,,savings,N,,,
bank/aib_current_2025.csv,312,21/07/2025,-1507.66,,breeding_ai,Y,D04248;D04249,,
bank/aib_current_2025.csv,313,21/07/2025,-2125.88,,fuel,Y,D04272,,
bank/aib_current_2025.csv,314,21/07/2025,-4220.83,,contractors,Y,D04254;D04260,,
bank/aib_current_2025.csv,315,21/07/2025,-21600.54,,vat_payment,Y,,,
bank/aib_current_2025.csv,316,22/07/2025,-98.70,,personal_misc,N,,,
bank/aib_current_2025.csv,317,23/07/2025,-950.49,,electricity,M,D04384,,
bank/aib_current_2025.csv,318,24/07/2025,1972.37,,contracting_income,Y,D05081,,
bank/aib_current_2025.csv,319,25/07/2025,108102.29,,milk_receipt,Y,D00471;D00472,,net of co-op deductions
bank/aib_current_2025.csv,320,25/07/2025,-2451.92,,fuel,Y,D04269,,
bank/aib_current_2025.csv,321,28/07/2025,-560.94,,repairs,Y,,MISSING_INVOICE,payment with no supplier invoice on file
bank/aib_current_2025.csv,322,28/07/2025,-2331.72,,wages_net,Y,,,
bank/aib_current_2025.csv,323,28/07/2025,-521.51,,wages_net,Y,,,
bank/aib_current_2025.csv,324,28/07/2025,-1253.11,,wages_net,Y,,,
bank/aib_current_2025.csv,325,28/07/2025,1538.19,,personal_paye_income,N,,,"son PAYE as a contractor employee, personal"
bank/aib_current_2025.csv,326,28/07/2025,-352.71,,personal_groceries,N,,,household spending
bank/aib_current_2025.csv,327,31/07/2025,-27.30,,bank_charges,Y,,,
bank/aib_current_2025.csv,328,31/07/2025,-44000.00,,own_transfer,T,,,
bank/aib_current_2025.csv,329,01/08/2025,-3980.00,,drawings,N,,,
bank/aib_current_2025.csv,330,05/08/2025,-705.00,,pension_personal,N,,,personal pension; relief claimed on the personal return
bank/aib_current_2025.csv,331,07/08/2025,-567.17,,repairs,Y,D04293,,
bank/aib_current_2025.csv,332,07/08/2025,-150.00,,drawings,N,,,
bank/aib_current_2025.csv,333,07/08/2025,-130.35,,family_fuel,N,,,
bank/aib_current_2025.csv,334,08/08/2025,-2565.24,,contractors,Y,D04252,,
bank/aib_current_2025.csv,335,08/08/2025,-108.24,,software,Y,D04389,,
bank/aib_current_2025.csv,336,08/08/2025,-3136.81,,loan_repayment,Y,,,"interest 752.54, capital 2384.27"
bank/aib_current_2025.csv,337,08/08/2025,-1384.19,,loan_repayment,Y,,,"interest 742.06, capital 642.13"
bank/aib_current_2025.csv,338,08/08/2025,-342.24,,personal_groceries,N,,,household spending
bank/aib_current_2025.csv,339,08/08/2025,-386.27,,personal_groceries,N,,,household spending
bank/aib_current_2025.csv,340,10/08/2025,-250.00,,drawings,N,,,
bank/aib_current_2025.csv,341,11/08/2025,-690.79,,foot_care,Y,D04358,,
bank/aib_current_2025.csv,342,12/08/2025,2461.84,,contracting_income,Y,D05080,,
bank/aib_current_2025.csv,343,12/08/2025,-535.80,,health_insurance,N,,,
bank/aib_current_2025.csv,344,14/08/2025,-4490.80,,paye_prsi_usc,Y,,,
bank/aib_current_2025.csv,345,15/08/2025,-300.00,,drawings,N,,,
bank/aib_current_2025.csv,346,15/08/2025,-1060.60,,breeding_ai,Y,D04243,,
bank/aib_current_2025.csv,347,15/08/2025,-3893.96,,feed,Y,D04178,,
bank/aib_current_2025.csv,348,15/08/2025,-858.67,,repairs,Y,D04288;D04323,,
bank/aib_current_2025.csv,349,18/08/2025,-641.86,,repairs,Y,D04311,,
bank/aib_current_2025.csv,350,18/08/2025,-1158.77,,electricity,M,D04387,,
bank/aib_current_2025.csv,351,18/08/2025,-240.98,,telephone,M,D04388,,
bank/aib_current_2025.csv,352,18/08/2025,-2950.00,,hp_repayment,Y,,,capital plus finance charge
bank/aib_current_2025.csv,353,18/08/2025,-1481.39,,vet_medicine,Y,D04199;D04228,,
bank/aib_current_2025.csv,354,19/08/2025,2134.06,,contracting_income,Y,D05061,,
bank/aib_current_2025.csv,355,19/08/2025,-229.75,,personal_groceries,N,,,household spending
bank/aib_current_2025.csv,356,20/08/2025,-200.00,,savings,N,,,
bank/aib_current_2025.csv,357,21/08/2025,1595.87,,contracting_income,Y,D05088,,
bank/aib_current_2025.csv,358,21/08/2025,-1008.86,,foot_care,Y,D04363,,
bank/aib_current_2025.csv,359,22/08/2025,-98.70,,personal_misc,N,,,
bank/aib_current_2025.csv,360,22/08/2025,-3000.00,,personal_education,N,,,
bank/aib_current_2025.csv,361,23/08/2025,-171.94,,personal_groceries,N,,,household spending
bank/aib_current_2025.csv,362,25/08/2025,95337.66,,milk_receipt,Y,D00473;D00474,,net of co-op deductions
bank/aib_current_2025.csv,363,25/08/2025,10144.81,,livestock_sale,Y,D04861;D04862,,
bank/aib_current_2025.csv,364,25/08/2025,10481.36,,livestock_sale,Y,D04868,,
bank/aib_current_2025.csv,365,28/08/2025,-2331.72,,wages_net,Y,,,
bank/aib_current_2025.csv,366,28/08/2025,-552.63,,wages_net,Y,,,
bank/aib_current_2025.csv,367,28/08/2025,1538.19,,personal_paye_income,N,,,"son PAYE as a contractor employee, personal"
bank/aib_current_2025.csv,368,29/08/2025,-84000.00,,own_transfer,T,,,
bank/aib_current_2025.csv,369,31/08/2025,-27.30,,bank_charges,Y,,,
bank/aib_current_2025.csv,370,01/09/2025,1348.41,,contracting_income,Y,D05067,,
bank/aib_current_2025.csv,371,01/09/2025,-3980.00,,drawings,N,,,
bank/aib_current_2025.csv,372,05/09/2025,-338.21,,personal_groceries,N,,,household spending
bank/aib_current_2025.csv,373,05/09/2025,-181.27,,personal_misc,N,,,
bank/aib_current_2025.csv,374,05/09/2025,-705.00,,pension_personal,N,,,personal pension; relief claimed on the personal return
bank/aib_current_2025.csv,375,05/09/2025,-1551.00,,personal_education,N,,,
bank/aib_current_2025.csv,376,06/09/2025,-352.35,,personal_groceries,N,,,household spending
bank/aib_current_2025.csv,377,08/09/2025,-2329.61,,contractors,Y,D04264,,
bank/aib_current_2025.csv,378,08/09/2025,-108.24,,software,Y,D04392,,
bank/aib_current_2025.csv,379,08/09/2025,1511.16,,contracting_income,Y,D05087,,
bank/aib_current_2025.csv,380,08/09/2025,-3136.81,,loan_repayment,Y,,,"interest 740.62, capital 2396.19"
bank/aib_current_2025.csv,381,08/09/2025,-1384.19,,loan_repayment,Y,,,"interest 738.85, capital 645.34"
bank/aib_current_2025.csv,382,09/09/2025,-150.00,,drawings,N,,,
bank/aib_current_2025.csv,383,12/09/2025,9461.72,,livestock_sale,Y,D04864,,
bank/aib_current_2025.csv,384,12/09/2025,-535.80,,health_insurance,N,,,
bank/aib_current_2025.csv,385,13/09/2025,-265.81,,personal_groceries,N,,,household spending
bank/aib_current_2025.csv,386,15/09/2025,-609.55,,repairs,Y,,MISSING_INVOICE,payment with no supplier invoice on file
bank/aib_current_2025.csv,387,15/09/2025,-3156.74,,paye_prsi_usc,Y,,,
bank/aib_current_2025.csv,388,15/09/2025,-124.00,,family_fuel,N,,,
bank/aib_current_2025.csv,389,16/09/2025,-1896.27,,vet_medicine,Y,D04194;D04198,,
bank/aib_current_2025.csv,390,17/09/2025,9179.04,,livestock_sale,Y,D04865,,
bank/aib_current_2025.csv,391,18/09/2025,-1124.43,,electricity,M,D04390,,
bank/aib_current_2025.csv,392,18/09/2025,-199.03,,telephone,M,D04391,,
bank/aib_current_2025.csv,393,18/09/2025,-2950.00,,hp_repayment,Y,,,capital plus finance charge
bank/aib_current_2025.csv,394,19/09/2025,-18019.66,,vat_payment,Y,,,
bank/aib_current_2025.csv,395,20/09/2025,-157.39,,personal_groceries,N,,,household spending
bank/aib_current_2025.csv,396,22/09/2025,-200.00,,savings,N,,,
bank/aib_current_2025.csv,397,22/09/2025,-98.70,,personal_misc,N,,,
bank/aib_current_2025.csv,398,22/09/2025,-5108.31,,fuel,Y,D04274;D04275;D04276,,
bank/aib_current_2025.csv,399,24/09/2025,-250.00,,drawings,N,,,
bank/aib_current_2025.csv,400,24/09/2025,-2430.04,,repairs,Y,D04298;D04308;D04320;D04321,,
bank/aib_current_2025.csv,401,25/09/2025,84740.22,,milk_receipt,Y,D00475;D00476,,net of co-op deductions
bank/aib_current_2025.csv,402,25/09/2025,1442.50,,personal_paye_income,N,,,"spouse PAYE, personal income"
bank/aib_current_2025.csv,403,25/09/2025,-200.00,,drawings,N,,,
bank/aib_current_2025.csv,404,25/09/2025,-264.70,,personal_groceries,N,,,household spending
bank/aib_current_2025.csv,405,26/09/2025,-190.77,,fallen_animals,Y,D04847,,
bank/aib_current_2025.csv,406,27/09/2025,-200.00,,drawings,N,,,
bank/aib_current_2025.csv,407,29/09/2025,10537.61,,livestock_sale,Y,D04863,,
bank/aib_current_2025.csv,408,29/09/2025,-2331.72,,wages_net,Y,,,
bank/aib_current_2025.csv,409,29/09/2025,-550.47,,wages_net,Y,,,
bank/aib_current_2025.csv,410,29/09/2025,1538.19,,personal_paye_income,N,,,"son PAYE as a contractor employee, personal"
bank/aib_current_2025.csv,411,29/09/2025,1724.41,,energy_export_income,Y,,,
bank/aib_current_2025.csv,412,30/09/2025,-27.30,,bank_charges,Y,,,
bank/aib_current_2025.csv,413,30/09/2025,2175.39,,contracting_income,Y,D05086,,
bank/aib_current_2025.csv,414,30/09/2025,-68000.00,,own_transfer,T,,,
bank/aib_current_2025.csv,415,01/10/2025,-3980.00,,drawings,N,,,
bank/aib_current_2025.csv,416,01/10/2025,-209.12,,personal_groceries,N,,,household spending
bank/aib_current_2025.csv,417,06/10/2025,1097.22,,contracting_income,Y,D05085,,
bank/aib_current_2025.csv,418,06/10/2025,-705.00,,pension_personal,N,,,personal pension; relief claimed on the personal return
bank/aib_current_2025.csv,419,07/10/2025,-732.67,,dairy_hygiene,Y,D04334,,
bank/aib_current_2025.csv,420,07/10/2025,-108.24,,software,Y,D04395,,
bank/aib_current_2025.csv,421,08/10/2025,-3136.81,,loan_repayment,Y,,,"interest 728.64, capital 2408.17"
bank/aib_current_2025.csv,422,08/10/2025,-1384.19,,loan_repayment,Y,,,"interest 735.62, capital 648.57"
bank/aib_current_2025.csv,423,11/10/2025,-300.00,,drawings,N,,,
bank/aib_current_2025.csv,424,13/10/2025,-200.00,,drawings,N,,,
bank/aib_current_2025.csv,425,13/10/2025,-311.60,,personal_groceries,N,,,household spending
bank/aib_current_2025.csv,426,13/10/2025,-535.80,,health_insurance,N,,,
bank/aib_current_2025.csv,427,14/10/2025,-3154.37,,paye_prsi_usc,Y,,,
bank/aib_current_2025.csv,428,14/10/2025,-150.00,,drawings,N,,,
bank/aib_current_2025.csv,429,15/10/2025,-299.85,,personal_groceries,N,,,household spending
bank/aib_current_2025.csv,430,15/10/2025,-4168.12,,contractors,Y,D04253;D04265,,
bank/aib_current_2025.csv,431,16/10/2025,-547.19,,repairs,Y,D04285,,
bank/aib_current_2025.csv,432,16/10/2025,-3838.84,,contractors,Y,D04263,,
bank/aib_current_2025.csv,433,17/10/2025,-250.00,,drawings,N,,,
bank/aib_current_2025.csv,434,17/10/2025,-1184.34,,vet_medicine,Y,D04215;D04235,,
bank/aib_current_2025.csv,435,20/10/2025,-694.57,,repairs,Y,D04278,,
bank/aib_current_2025.csv,436,20/10/2025,-225.96,,telephone,M,D04394,,
bank/aib_current_2025.csv,437,20/10/2025,-2950.00,,hp_repayment,Y,,,capital plus finance charge
bank/aib_current_2025.csv,438,20/10/2025,-200.00,,savings,N,,,
bank/aib_current_2025.csv,439,20/10/2025,-709.39,,dairy_hygiene,Y,D04342,,
bank/aib_current_2025.csv,440,20/10/2025,-1137.73,,repairs,Y,D04295;D04329,,
bank/aib_current_2025.csv,441,21/10/2025,-538.35,,vet_medicine,Y,D04195,,
bank/aib_current_2025.csv,442,21/10/2025,11821.40,,scheme_income,Y,,,
bank/aib_current_2025.csv,443,21/10/2025,-415.83,,personal_groceries,N,,,household spending
bank/aib_current_2025.csv,444,22/10/2025,-297.79,,personal_groceries,N,,,household spending
bank/aib_current_2025.csv,445,22/10/2025,-98.70,,personal_misc,N,,,
bank/aib_current_2025.csv,446,23/10/2025,-1171.10,,electricity,M,D04393,,
bank/aib_current_2025.csv,447,24/10/2025,-2367.89,,fuel,Y,D04266,,
bank/aib_current_2025.csv,448,27/10/2025,69994.33,,milk_receipt,Y,D00477;D00478,,net of co-op deductions
bank/aib_current_2025.csv,449,27/10/2025,1442.50,,personal_paye_income,N,,,"spouse PAYE, personal income"
bank/aib_current_2025.csv,450,28/10/2025,-2331.72,,wages_net,Y,,,
bank/aib_current_2025.csv,451,28/10/2025,-547.77,,wages_net,Y,,,
bank/aib_current_2025.csv,452,28/10/2025,1538.19,,personal_paye_income,N,,,"son PAYE as a contractor employee, personal"
bank/aib_current_2025.csv,453,29/10/2025,-459.02,,vet_medicine,Y,D04197,,
bank/aib_current_2025.csv,454,30/10/2025,10078.78,,livestock_sale,Y,D04866;D04867,,
bank/aib_current_2025.csv,455,31/10/2025,-27.30,,bank_charges,Y,,,
bank/aib_current_2025.csv,456,31/10/2025,2132.34,,contracting_income,Y,D05068,,
bank/aib_current_2025.csv,457,31/10/2025,-33100.00,,personal_tax,N,,,"farmer income tax: personal liability, not a farm expense"
bank/aib_current_2025.csv,458,02/11/2025,-300.00,,drawings,N,,,
bank/aib_current_2025.csv,459,02/11/2025,-238.27,,personal_groceries,N,,,household spending
bank/aib_current_2025.csv,460,03/11/2025,-3980.00,,drawings,N,,,
bank/aib_current_2025.csv,461,05/11/2025,-1665.87,,fuel,Y,D04268,,
bank/aib_current_2025.csv,462,05/11/2025,-705.00,,pension_personal,N,,,personal pension; relief claimed on the personal return
bank/aib_current_2025.csv,463,06/11/2025,-83.48,,family_fuel,N,,,
bank/aib_current_2025.csv,464,10/11/2025,-108.24,,software,Y,D04398,,
bank/aib_current_2025.csv,465,10/11/2025,-3136.81,,loan_repayment,Y,,,"interest 716.60, capital 2420.21"
bank/aib_current_2025.csv,466,10/11/2025,-1384.19,,loan_repayment,Y,,,"interest 732.38, capital 651.81"
bank/aib_current_2025.csv,467,11/11/2025,-360.93,,repairs,Y,D04318,,
bank/aib_current_2025.csv,468,12/11/2025,-150.00,,drawings,N,,,
bank/aib_current_2025.csv,469,12/11/2025,-535.80,,health_insurance,N,,,
bank/aib_current_2025.csv,470,14/11/2025,-3151.35,,paye_prsi_usc,Y,,,
bank/aib_current_2025.csv,471,17/11/2025,1265.49,,contracting_income,Y,D05075,,
bank/aib_current_2025.csv,472,17/11/2025,-316.28,,dairy_hygiene,Y,D04340,,
bank/aib_current_2025.csv,473,17/11/2025,-2354.76,,contractors,Y,D04261,,
bank/aib_current_2025.csv,474,17/11/2025,-2335.61,,repairs,Y,D04283;D04306;D04314;D04316;D04325,,
bank/aib_current_2025.csv,475,17/11/2025,-891.73,,vet_medicine,Y,D04200;D04206,,
bank/aib_current_2025.csv,476,18/11/2025,-217.45,,telephone,M,D04397,,
bank/aib_current_2025.csv,477,18/11/2025,-2950.00,,hp_repayment,Y,,,capital plus finance charge
bank/aib_current_2025.csv,478,18/11/2025,-150.00,,drawings,N,,,
bank/aib_current_2025.csv,479,18/11/2025,-3725.61,,contractors,Y,D04255,,
bank/aib_current_2025.csv,480,19/11/2025,-200.00,,drawings,N,,,
bank/aib_current_2025.csv,481,19/11/2025,-11216.29,,vat_payment,Y,,,
bank/aib_current_2025.csv,482,20/11/2025,-1045.05,,electricity,M,D04396,,
bank/aib_current_2025.csv,483,20/11/2025,-31500.00,,land_rent,Y,D04406,,
bank/aib_current_2025.csv,484,20/11/2025,-250.00,,drawings,N,,,
bank/aib_current_2025.csv,485,20/11/2025,-200.00,,savings,N,,,
bank/aib_current_2025.csv,486,23/11/2025,-168.90,,personal_groceries,N,,,household spending
bank/aib_current_2025.csv,487,23/11/2025,-174.26,,personal_groceries,N,,,household spending
bank/aib_current_2025.csv,488,24/11/2025,-566.71,,dairy_hygiene,Y,D04337,,
bank/aib_current_2025.csv,489,24/11/2025,-1166.48,,foot_care,Y,D04361,,
bank/aib_current_2025.csv,490,24/11/2025,-276.41,,personal_groceries,N,,,household spending
bank/aib_current_2025.csv,491,24/11/2025,-98.70,,personal_misc,N,,,
bank/aib_current_2025.csv,492,25/11/2025,46278.28,,milk_receipt,Y,D00479;D00480,,net of co-op deductions
bank/aib_current_2025.csv,493,25/11/2025,1442.50,,personal_paye_income,N,,,"spouse PAYE, personal income"
bank/aib_current_2025.csv,494,28/11/2025,-2331.72,,wages_net,Y,,,
bank/aib_current_2025.csv,495,28/11/2025,-548.10,,wages_net,Y,,,
bank/aib_current_2025.csv,496,28/11/2025,1538.19,,personal_paye_income,N,,,"son PAYE as a contractor employee, personal"
bank/aib_current_2025.csv,497,30/11/2025,-27.30,,bank_charges,Y,,,
bank/aib_current_2025.csv,498,01/12/2025,-273.95,,repairs,Y,D04279,,
bank/aib_current_2025.csv,499,01/12/2025,-3980.00,,drawings,N,,,
bank/aib_current_2025.csv,500,05/12/2025,3940.47,,scheme_income,Y,,,
bank/aib_current_2025.csv,501,05/12/2025,-705.00,,pension_personal,N,,,personal pension; relief claimed on the personal return
bank/aib_current_2025.csv,502,06/12/2025,-250.00,,drawings,N,,,
bank/aib_current_2025.csv,503,08/12/2025,-888.63,,vet_medicine,Y,D04213,,
bank/aib_current_2025.csv,504,08/12/2025,-1449.70,,fuel,Y,D04273,,
bank/aib_current_2025.csv,505,08/12/2025,-108.24,,software,Y,D04401,,
bank/aib_current_2025.csv,506,08/12/2025,-3136.81,,loan_repayment,Y,,,"interest 704.50, capital 2432.31"
bank/aib_current_2025.csv,507,08/12/2025,-1384.19,,loan_repayment,Y,,,"interest 729.12, capital 655.07"
bank/aib_current_2025.csv,508,09/12/2025,-272.64,,personal_groceries,N,,,household spending
bank/aib_current_2025.csv,509,10/12/2025,-260.61,,personal_groceries,N,,,household spending
bank/aib_current_2025.csv,510,10/12/2025,-2226.10,,personal_misc,N,,,
bank/aib_current_2025.csv,511,11/12/2025,-564.50,,repairs,Y,D04296,,
bank/aib_current_2025.csv,512,12/12/2025,-3079.23,,feed,Y,D04172,,
bank/aib_current_2025.csv,513,12/12/2025,3052.00,,scheme_income,Y,,,
bank/aib_current_2025.csv,514,12/12/2025,-535.80,,health_insurance,N,,,
bank/aib_current_2025.csv,515,15/12/2025,-506.56,,dairy_hygiene,Y,D04332,,
bank/aib_current_2025.csv,516,15/12/2025,-3151.73,,paye_prsi_usc,Y,,,
bank/aib_current_2025.csv,517,15/12/2025,6200.00,,scheme_income,Y,,,
bank/aib_current_2025.csv,518,16/12/2025,-242.80,,fallen_animals,Y,D04848,,
bank/aib_current_2025.csv,519,16/12/2025,1814.39,,contracting_income,Y,D05063,,
bank/aib_current_2025.csv,520,16/12/2025,-1942.25,,foot_care,Y,D04359;D04360;D04364,,
bank/aib_current_2025.csv,521,16/12/2025,-984.98,,repairs,Y,D04281;D04294,,
bank/aib_current_2025.csv,522,18/12/2025,-2950.00,,hp_repayment,Y,,,capital plus finance charge
bank/aib_current_2025.csv,523,18/12/2025,-3274.60,,contractors,Y,D04259,,
bank/aib_current_2025.csv,524,19/12/2025,-219.40,,telephone,M,D04400,,
bank/aib_current_2025.csv,525,19/12/2025,7200.00,,scheme_income,Y,,,
bank/aib_current_2025.csv,526,19/12/2025,-264.04,,personal_groceries,N,,,household spending
bank/aib_current_2025.csv,527,19/12/2025,-100.15,,family_fuel,N,,,
bank/aib_current_2025.csv,528,21/12/2025,-200.00,,drawings,N,,,
bank/aib_current_2025.csv,529,22/12/2025,-1030.73,,electricity,M,D04399,,
bank/aib_current_2025.csv,530,22/12/2025,-200.00,,savings,N,,,
bank/aib_current_2025.csv,531,22/12/2025,-98.70,,personal_misc,N,,,
bank/aib_current_2025.csv,532,22/12/2025,-2095.50,,dairy_hygiene,Y,D04338;D04339;D04343,,
bank/aib_current_2025.csv,533,22/12/2025,-5231.89,,vet_medicine,Y,D04201;D04203;D04211;D04217;D04224;D04225;D04236,,
bank/aib_current_2025.csv,534,23/12/2025,-206.91,,personal_groceries,N,,,household spending
bank/aib_current_2025.csv,535,25/12/2025,-250.00,,drawings,N,,,
bank/aib_current_2025.csv,536,26/12/2025,-150.00,,drawings,N,,,
bank/aib_current_2025.csv,537,29/12/2025,20766.42,,milk_receipt,Y,D00481;D00482,,net of co-op deductions
bank/aib_current_2025.csv,538,29/12/2025,-2331.72,,wages_net,Y,,,
bank/aib_current_2025.csv,539,29/12/2025,-548.05,,wages_net,Y,,,
bank/aib_current_2025.csv,540,29/12/2025,1442.50,,personal_paye_income,N,,,"spouse PAYE, personal income"
bank/aib_current_2025.csv,541,29/12/2025,1538.19,,personal_paye_income,N,,,"son PAYE as a contractor employee, personal"
bank/aib_current_2025.csv,542,29/12/2025,2083.02,,energy_export_income,Y,,,
bank/aib_current_2025.csv,543,31/12/2025,-27.30,,bank_charges,Y,,,
