docId,invoiceNumber,direction,true_category,business_use,vat_deductible,issue_code,note
D00001,MS-200512,sales,milk_sales,Y,Y,,
D00002,CL-200512,purchase,milk_levies,Y,Y,,
D00003,MS-200601,sales,milk_sales,Y,Y,,
D00004,CL-200601,purchase,milk_levies,Y,Y,,
D00005,MS-200602,sales,milk_sales,Y,Y,,
D00006,CL-200602,purchase,milk_levies,Y,Y,,
D00007,MS-200603,sales,milk_sales,Y,Y,,
D00008,CL-200603,purchase,milk_levies,Y,Y,,
D00009,MS-200604,sales,milk_sales,Y,Y,,
D00010,CL-200604,purchase,milk_levies,Y,Y,,
D00011,MS-200605,sales,milk_sales,Y,Y,,
D00012,CL-200605,purchase,milk_levies,Y,Y,,
D00013,MS-200606,sales,milk_sales,Y,Y,,
D00014,CL-200606,purchase,milk_levies,Y,Y,,
D00015,MS-200607,sales,milk_sales,Y,Y,,
D00016,CL-200607,purchase,milk_levies,Y,Y,,
D00017,MS-200608,sales,milk_sales,Y,Y,,
D00018,CL-200608,purchase,milk_levies,Y,Y,,
D00019,MS-200609,sales,milk_sales,Y,Y,,
D00020,CL-200609,purchase,milk_levies,Y,Y,,
D00021,MS-200610,sales,milk_sales,Y,Y,,
D00022,CL-200610,purchase,milk_levies,Y,Y,,
D00023,MS-200611,sales,milk_sales,Y,Y,,
D00024,CL-200611,purchase,milk_levies,Y,Y,,
D00025,MS-200612,sales,milk_sales,Y,Y,,
D00026,CL-200612,purchase,milk_levies,Y,Y,,
D00027,MS-200701,sales,milk_sales,Y,Y,,
D00028,CL-200701,purchase,milk_levies,Y,Y,,
D00029,MS-200702,sales,milk_sales,Y,Y,,
D00030,CL-200702,purchase,milk_levies,Y,Y,,
D00031,MS-200703,sales,milk_sales,Y,Y,,
D00032,CL-200703,purchase,milk_levies,Y,Y,,
D00033,MS-200704,sales,milk_sales,Y,Y,,
D00034,CL-200704,purchase,milk_levies,Y,Y,,
D00035,MS-200705,sales,milk_sales,Y,Y,,
D00036,CL-200705,purchase,milk_levies,Y,Y,,
D00037,MS-200706,sales,milk_sales,Y,Y,,
D00038,CL-200706,purchase,milk_levies,Y,Y,,
D00039,MS-200707,sales,milk_sales,Y,Y,,
D00040,CL-200707,purchase,milk_levies,Y,Y,,
D00041,MS-200708,sales,milk_sales,Y,Y,,
D00042,CL-200708,purchase,milk_levies,Y,Y,,
D00043,MS-200709,sales,milk_sales,Y,Y,,
D00044,CL-200709,purchase,milk_levies,Y,Y,,
D00045,MS-200710,sales,milk_sales,Y,Y,,
D00046,CL-200710,purchase,milk_levies,Y,Y,,
D00047,MS-200711,sales,milk_sales,Y,Y,,
D00048,CL-200711,purchase,milk_levies,Y,Y,,
D00049,MS-200712,sales,milk_sales,Y,Y,,
D00050,CL-200712,purchase,milk_levies,Y,Y,,
D00051,MS-200801,sales,milk_sales,Y,Y,,
D00052,CL-200801,purchase,milk_levies,Y,Y,,
D00053,MS-200802,sales,milk_sales,Y,Y,,
D00054,CL-200802,purchase,milk_levies,Y,Y,,
D00055,SL-2008,purchase,milk_quota_levy,Y,Y,,
D00056,MS-200803,sales,milk_sales,Y,Y,,
D00057,CL-200803,purchase,milk_levies,Y,Y,,
D00058,MS-200804,sales,milk_sales,Y,Y,,
D00059,CL-200804,purchase,milk_levies,Y,Y,,
D00060,MS-200805,sales,milk_sales,Y,Y,,
D00061,CL-200805,purchase,milk_levies,Y,Y,,
D00062,MS-200806,sales,milk_sales,Y,Y,,
D00063,CL-200806,purchase,milk_levies,Y,Y,,
D00064,MS-200807,sales,milk_sales,Y,Y,,
D00065,CL-200807,purchase,milk_levies,Y,Y,,
D00066,MS-200808,sales,milk_sales,Y,Y,,
D00067,CL-200808,purchase,milk_levies,Y,Y,,
D00068,MS-200809,sales,milk_sales,Y,Y,,
D00069,CL-200809,purchase,milk_levies,Y,Y,,
D00070,MS-200810,sales,milk_sales,Y,Y,,
D00071,CL-200810,purchase,milk_levies,Y,Y,,
D00072,MS-200811,sales,milk_sales,Y,Y,,
D00073,CL-200811,purchase,milk_levies,Y,Y,,
D00074,MS-200812,sales,milk_sales,Y,Y,,
D00075,CL-200812,purchase,milk_levies,Y,Y,,
D00076,MS-200901,sales,milk_sales,Y,Y,,
D00077,CL-200901,purchase,milk_levies,Y,Y,,
D00078,MS-200902,sales,milk_sales,Y,Y,,
D00079,CL-200902,purchase,milk_levies,Y,Y,,
D00080,MS-200903,sales,milk_sales,Y,Y,,
D00081,CL-200903,purchase,milk_levies,Y,Y,,
D00082,MS-200904,sales,milk_sales,Y,Y,,
D00083,CL-200904,purchase,milk_levies,Y,Y,,
D00084,MS-200905,sales,milk_sales,Y,Y,,
D00085,CL-200905,purchase,milk_levies,Y,Y,,
D00086,MS-200906,sales,milk_sales,Y,Y,,
D00087,CL-200906,purchase,milk_levies,Y,Y,,
D00088,MS-200907,sales,milk_sales,Y,Y,,
D00089,CL-200907,purchase,milk_levies,Y,Y,,
D00090,MS-200908,sales,milk_sales,Y,Y,,
D00091,CL-200908,purchase,milk_levies,Y,Y,,
D00092,MS-200909,sales,milk_sales,Y,Y,,
D00093,CL-200909,purchase,milk_levies,Y,Y,,
D00094,MS-200910,sales,milk_sales,Y,Y,,
D00095,CL-200910,purchase,milk_levies,Y,Y,,
D00096,MS-200911,sales,milk_sales,Y,Y,,
D00097,CL-200911,purchase,milk_levies,Y,Y,,
D00098,MS-200912,sales,milk_sales,Y,Y,,
D00099,CL-200912,purchase,milk_levies,Y,Y,,
D00100,MS-201001,sales,milk_sales,Y,Y,,
D00101,CL-201001,purchase,milk_levies,Y,Y,,
D00102,MS-201002,sales,milk_sales,Y,Y,,
D00103,CL-201002,purchase,milk_levies,Y,Y,,
D00104,MS-201003,sales,milk_sales,Y,Y,,
D00105,CL-201003,purchase,milk_levies,Y,Y,,
D00106,MS-201004,sales,milk_sales,Y,Y,,
D00107,CL-201004,purchase,milk_levies,Y,Y,,
D00108,MS-201005,sales,milk_sales,Y,Y,,
D00109,CL-201005,purchase,milk_levies,Y,Y,,
D00110,MS-201006,sales,milk_sales,Y,Y,,
D00111,CL-201006,purchase,milk_levies,Y,Y,,
D00112,MS-201007,sales,milk_sales,Y,Y,,
D00113,CL-201007,purchase,milk_levies,Y,Y,,
D00114,MS-201008,sales,milk_sales,Y,Y,,
D00115,CL-201008,purchase,milk_levies,Y,Y,,
D00116,MS-201009,sales,milk_sales,Y,Y,,
D00117,CL-201009,purchase,milk_levies,Y,Y,,
D00118,MS-201010,sales,milk_sales,Y,Y,,
D00119,CL-201010,purchase,milk_levies,Y,Y,,
D00120,MS-201011,sales,milk_sales,Y,Y,,
D00121,CL-201011,purchase,milk_levies,Y,Y,,
D00122,MS-201012,sales,milk_sales,Y,Y,,
D00123,CL-201012,purchase,milk_levies,Y,Y,,
D00124,MS-201101,sales,milk_sales,Y,Y,,
D00125,CL-201101,purchase,milk_levies,Y,Y,,
D00126,MS-201102,sales,milk_sales,Y,Y,,
D00127,CL-201102,purchase,milk_levies,Y,Y,,
D00128,MS-201103,sales,milk_sales,Y,Y,,
D00129,CL-201103,purchase,milk_levies,Y,Y,,
D00130,SL-2011,purchase,milk_quota_levy,Y,Y,,
D00131,MS-201104,sales,milk_sales,Y,Y,,
D00132,CL-201104,purchase,milk_levies,Y,Y,,
D00133,MS-201105,sales,milk_sales,Y,Y,,
D00134,CL-201105,purchase,milk_levies,Y,Y,,
D00135,MS-201106,sales,milk_sales,Y,Y,,
D00136,CL-201106,purchase,milk_levies,Y,Y,,
D00137,MS-201107,sales,milk_sales,Y,Y,,
D00138,CL-201107,purchase,milk_levies,Y,Y,,
D00139,MS-201108,sales,milk_sales,Y,Y,,
D00140,CL-201108,purchase,milk_levies,Y,Y,,
D00141,MS-201109,sales,milk_sales,Y,Y,,
D00142,CL-201109,purchase,milk_levies,Y,Y,,
D00143,MS-201110,sales,milk_sales,Y,Y,,
D00144,CL-201110,purchase,milk_levies,Y,Y,,
D00145,MS-201111,sales,milk_sales,Y,Y,,
D00146,CL-201111,purchase,milk_levies,Y,Y,,
D00147,MS-201112,sales,milk_sales,Y,Y,,
D00148,CL-201112,purchase,milk_levies,Y,Y,,
D00149,MS-201201,sales,milk_sales,Y,Y,,
D00150,CL-201201,purchase,milk_levies,Y,Y,,
D00151,MS-201202,sales,milk_sales,Y,Y,,
D00152,CL-201202,purchase,milk_levies,Y,Y,,
D00153,MS-201203,sales,milk_sales,Y,Y,,
D00154,CL-201203,purchase,milk_levies,Y,Y,,
D00155,MS-201204,sales,milk_sales,Y,Y,,
D00156,CL-201204,purchase,milk_levies,Y,Y,,
D00157,MS-201205,sales,milk_sales,Y,Y,,
D00158,CL-201205,purchase,milk_levies,Y,Y,,
D00159,MS-201206,sales,milk_sales,Y,Y,,
D00160,CL-201206,purchase,milk_levies,Y,Y,,
D00161,MS-201207,sales,milk_sales,Y,Y,,
D00162,CL-201207,purchase,milk_levies,Y,Y,,
D00163,MS-201208,sales,milk_sales,Y,Y,,
D00164,CL-201208,purchase,milk_levies,Y,Y,,
D00165,MS-201209,sales,milk_sales,Y,Y,,
D00166,CL-201209,purchase,milk_levies,Y,Y,,
D00167,MS-201210,sales,milk_sales,Y,Y,,
D00168,CL-201210,purchase,milk_levies,Y,Y,,
D00169,MS-201211,sales,milk_sales,Y,Y,,
D00170,CL-201211,purchase,milk_levies,Y,Y,,
D00171,MS-201212,sales,milk_sales,Y,Y,,
D00172,CL-201212,purchase,milk_levies,Y,Y,,
D00173,MS-201301,sales,milk_sales,Y,Y,,
D00174,CL-201301,purchase,milk_levies,Y,Y,,
D00175,MS-201302,sales,milk_sales,Y,Y,,
D00176,CL-201302,purchase,milk_levies,Y,Y,,
D00177,MS-201303,sales,milk_sales,Y,Y,,
D00178,CL-201303,purchase,milk_levies,Y,Y,,
D00179,MS-201304,sales,milk_sales,Y,Y,,
D00180,CL-201304,purchase,milk_levies,Y,Y,,
D00181,MS-201305,sales,milk_sales,Y,Y,,
D00182,CL-201305,purchase,milk_levies,Y,Y,,
D00183,MS-201306,sales,milk_sales,Y,Y,,
D00184,CL-201306,purchase,milk_levies,Y,Y,,
D00185,MS-201307,sales,milk_sales,Y,Y,,
D00186,CL-201307,purchase,milk_levies,Y,Y,,
D00187,MS-201308,sales,milk_sales,Y,Y,,
D00188,CL-201308,purchase,milk_levies,Y,Y,,
D00189,MS-201309,sales,milk_sales,Y,Y,,
D00190,CL-201309,purchase,milk_levies,Y,Y,,
D00191,MS-201310,sales,milk_sales,Y,Y,,
D00192,CL-201310,purchase,milk_levies,Y,Y,,
D00193,MS-201311,sales,milk_sales,Y,Y,,
D00194,CL-201311,purchase,milk_levies,Y,Y,,
D00195,MS-201312,sales,milk_sales,Y,Y,,
D00196,CL-201312,purchase,milk_levies,Y,Y,,
D00197,MS-201401,sales,milk_sales,Y,Y,,
D00198,CL-201401,purchase,milk_levies,Y,Y,,
D00199,MS-201402,sales,milk_sales,Y,Y,,
D00200,CL-201402,purchase,milk_levies,Y,Y,,
D00201,MS-201403,sales,milk_sales,Y,Y,,
D00202,CL-201403,purchase,milk_levies,Y,Y,,
D00203,MS-201404,sales,milk_sales,Y,Y,,
D00204,CL-201404,purchase,milk_levies,Y,Y,,
D00205,MS-201405,sales,milk_sales,Y,Y,,
D00206,CL-201405,purchase,milk_levies,Y,Y,,
D00207,MS-201406,sales,milk_sales,Y,Y,,
D00208,CL-201406,purchase,milk_levies,Y,Y,,
D00209,MS-201407,sales,milk_sales,Y,Y,,
D00210,CL-201407,purchase,milk_levies,Y,Y,,
D00211,MS-201408,sales,milk_sales,Y,Y,,
D00212,CL-201408,purchase,milk_levies,Y,Y,,
D00213,MS-201409,sales,milk_sales,Y,Y,,
D00214,CL-201409,purchase,milk_levies,Y,Y,,
D00215,MS-201410,sales,milk_sales,Y,Y,,
D00216,CL-201410,purchase,milk_levies,Y,Y,,
D00217,MS-201411,sales,milk_sales,Y,Y,,
D00218,CL-201411,purchase,milk_levies,Y,Y,,
D00219,MS-201412,sales,milk_sales,Y,Y,,
D00220,CL-201412,purchase,milk_levies,Y,Y,,
D00221,MS-201501,sales,milk_sales,Y,Y,,
D00222,CL-201501,purchase,milk_levies,Y,Y,,
D00223,MS-201502,sales,milk_sales,Y,Y,,
D00224,CL-201502,purchase,milk_levies,Y,Y,,
D00225,MS-201503,sales,milk_sales,Y,Y,,
D00226,CL-201503,purchase,milk_levies,Y,Y,,
D00227,MS-201504,sales,milk_sales,Y,Y,,
D00228,CL-201504,purchase,milk_levies,Y,Y,,
D00229,MS-201505,sales,milk_sales,Y,Y,,
D00230,CL-201505,purchase,milk_levies,Y,Y,,
D00231,MS-201506,sales,milk_sales,Y,Y,,
D00232,CL-201506,purchase,milk_levies,Y,Y,,
D00233,MS-201507,sales,milk_sales,Y,Y,,
D00234,CL-201507,purchase,milk_levies,Y,Y,,
D00235,MS-201508,sales,milk_sales,Y,Y,,
D00236,CL-201508,purchase,milk_levies,Y,Y,,
D00237,MS-201509,sales,milk_sales,Y,Y,,
D00238,CL-201509,purchase,milk_levies,Y,Y,,
D00239,MS-201510,sales,milk_sales,Y,Y,,
D00240,CL-201510,purchase,milk_levies,Y,Y,,
D00241,MS-201511,sales,milk_sales,Y,Y,,
D00242,CL-201511,purchase,milk_levies,Y,Y,,
D00243,MS-201512,sales,milk_sales,Y,Y,,
D00244,CL-201512,purchase,milk_levies,Y,Y,,
D00245,MS-201601,sales,milk_sales,Y,Y,,
D00246,CL-201601,purchase,milk_levies,Y,Y,,
D00247,MS-201602,sales,milk_sales,Y,Y,,
D00248,CL-201602,purchase,milk_levies,Y,Y,,
D00249,MS-201603,sales,milk_sales,Y,Y,,
D00250,CL-201603,purchase,milk_levies,Y,Y,,
D00251,MS-201604,sales,milk_sales,Y,Y,,
D00252,CL-201604,purchase,milk_levies,Y,Y,,
D00253,MS-201605,sales,milk_sales,Y,Y,,
D00254,CL-201605,purchase,milk_levies,Y,Y,,
D00255,MS-201606,sales,milk_sales,Y,Y,,
D00256,CL-201606,purchase,milk_levies,Y,Y,,
D00257,MS-201607,sales,milk_sales,Y,Y,,
D00258,CL-201607,purchase,milk_levies,Y,Y,,
D00259,MS-201608,sales,milk_sales,Y,Y,,
D00260,CL-201608,purchase,milk_levies,Y,Y,,
D00261,MS-201609,sales,milk_sales,Y,Y,,
D00262,CL-201609,purchase,milk_levies,Y,Y,,
D00263,MS-201610,sales,milk_sales,Y,Y,,
D00264,CL-201610,purchase,milk_levies,Y,Y,,
D00265,MS-201611,sales,milk_sales,Y,Y,,
D00266,CL-201611,purchase,milk_levies,Y,Y,,
D00267,MS-201612,sales,milk_sales,Y,Y,,
D00268,CL-201612,purchase,milk_levies,Y,Y,,
D00269,MS-201701,sales,milk_sales,Y,Y,,
D00270,CL-201701,purchase,milk_levies,Y,Y,,
D00271,MS-201702,sales,milk_sales,Y,Y,,
D00272,CL-201702,purchase,milk_levies,Y,Y,,
D00273,MS-201703,sales,milk_sales,Y,Y,,
D00274,CL-201703,purchase,milk_levies,Y,Y,,
D00275,MS-201704,sales,milk_sales,Y,Y,,
D00276,CL-201704,purchase,milk_levies,Y,Y,,
D00277,MS-201705,sales,milk_sales,Y,Y,,
D00278,CL-201705,purchase,milk_levies,Y,Y,,
D00279,MS-201706,sales,milk_sales,Y,Y,,
D00280,CL-201706,purchase,milk_levies,Y,Y,,
D00281,MS-201707,sales,milk_sales,Y,Y,,
D00282,CL-201707,purchase,milk_levies,Y,Y,,
D00283,MS-201708,sales,milk_sales,Y,Y,,
D00284,CL-201708,purchase,milk_levies,Y,Y,,
D00285,MS-201709,sales,milk_sales,Y,Y,,
D00286,CL-201709,purchase,milk_levies,Y,Y,,
D00287,MS-201710,sales,milk_sales,Y,Y,,
D00288,CL-201710,purchase,milk_levies,Y,Y,,
D00289,MS-201711,sales,milk_sales,Y,Y,,
D00290,CL-201711,purchase,milk_levies,Y,Y,,
D00291,MS-201712,sales,milk_sales,Y,Y,,
D00292,CL-201712,purchase,milk_levies,Y,Y,,
D00293,MS-201801,sales,milk_sales,Y,Y,,
D00294,CL-201801,purchase,milk_levies,Y,Y,,
D00295,MS-201802,sales,milk_sales,Y,Y,,
D00296,CL-201802,purchase,milk_levies,Y,Y,,
D00297,MS-201803,sales,milk_sales,Y,Y,,
D00298,CL-201803,purchase,milk_levies,Y,Y,,
D00299,MS-201804,sales,milk_sales,Y,Y,,
D00300,CL-201804,purchase,milk_levies,Y,Y,,
D00301,MS-201805,sales,milk_sales,Y,Y,,
D00302,CL-201805,purchase,milk_levies,Y,Y,,
D00303,MS-201806,sales,milk_sales,Y,Y,,
D00304,CL-201806,purchase,milk_levies,Y,Y,,
D00305,MS-201807,sales,milk_sales,Y,Y,,
D00306,CL-201807,purchase,milk_levies,Y,Y,,
D00307,MS-201808,sales,milk_sales,Y,Y,,
D00308,CL-201808,purchase,milk_levies,Y,Y,,
D00309,MS-201809,sales,milk_sales,Y,Y,,
D00310,CL-201809,purchase,milk_levies,Y,Y,,
D00311,MS-201810,sales,milk_sales,Y,Y,,
D00312,CL-201810,purchase,milk_levies,Y,Y,,
D00313,MS-201811,sales,milk_sales,Y,Y,,
D00314,CL-201811,purchase,milk_levies,Y,Y,,
D00315,MS-201812,sales,milk_sales,Y,Y,,
D00316,CL-201812,purchase,milk_levies,Y,Y,,
D00317,MS-201901,sales,milk_sales,Y,Y,,
D00318,CL-201901,purchase,milk_levies,Y,Y,,
D00319,MS-201902,sales,milk_sales,Y,Y,,
D00320,CL-201902,purchase,milk_levies,Y,Y,,
D00321,MS-201903,sales,milk_sales,Y,Y,,
D00322,CL-201903,purchase,milk_levies,Y,Y,,
D00323,MS-201904,sales,milk_sales,Y,Y,,
D00324,CL-201904,purchase,milk_levies,Y,Y,,
D00325,MS-201905,sales,milk_sales,Y,Y,,
D00326,CL-201905,purchase,milk_levies,Y,Y,,
D00327,MS-201906,sales,milk_sales,Y,Y,,
D00328,CL-201906,purchase,milk_levies,Y,Y,,
D00329,MS-201907,sales,milk_sales,Y,Y,,
D00330,CL-201907,purchase,milk_levies,Y,Y,,
D00331,MS-201908,sales,milk_sales,Y,Y,,
D00332,CL-201908,purchase,milk_levies,Y,Y,,
D00333,MS-201909,sales,milk_sales,Y,Y,,
D00334,CL-201909,purchase,milk_levies,Y,Y,,
D00335,MS-201910,sales,milk_sales,Y,Y,,
D00336,CL-201910,purchase,milk_levies,Y,Y,,
D00337,MS-201911,sales,milk_sales,Y,Y,,
D00338,CL-201911,purchase,milk_levies,Y,Y,,
D00339,MS-201912,sales,milk_sales,Y,Y,,
D00340,CL-201912,purchase,milk_levies,Y,Y,,
D00341,MS-202001,sales,milk_sales,Y,Y,,
D00342,CL-202001,purchase,milk_levies,Y,Y,,
D00343,MS-202002,sales,milk_sales,Y,Y,,
D00344,CL-202002,purchase,milk_levies,Y,Y,,
D00345,MS-202003,sales,milk_sales,Y,Y,,
D00346,CL-202003,purchase,milk_levies,Y,Y,,
D00347,MS-202004,sales,milk_sales,Y,Y,,
D00348,CL-202004,purchase,milk_levies,Y,Y,,
D00349,MS-202005,sales,milk_sales,Y,Y,,
D00350,CL-202005,purchase,milk_levies,Y,Y,,
D00351,MS-202006,sales,milk_sales,Y,Y,,
D00352,CL-202006,purchase,milk_levies,Y,Y,,
D00353,MS-202007,sales,milk_sales,Y,Y,,
D00354,CL-202007,purchase,milk_levies,Y,Y,,
D00355,MS-202008,sales,milk_sales,Y,Y,,
D00356,CL-202008,purchase,milk_levies,Y,Y,,
D00357,MS-202009,sales,milk_sales,Y,Y,,
D00358,CL-202009,purchase,milk_levies,Y,Y,,
D00359,MS-202010,sales,milk_sales,Y,Y,,
D00360,CL-202010,purchase,milk_levies,Y,Y,,
D00361,MS-202011,sales,milk_sales,Y,Y,,
D00362,CL-202011,purchase,milk_levies,Y,Y,,
D00363,MS-202012,sales,milk_sales,Y,Y,,
D00364,CL-202012,purchase,milk_levies,Y,Y,,
D00365,MS-202101,sales,milk_sales,Y,Y,,
D00366,CL-202101,purchase,milk_levies,Y,Y,,
D00367,MS-202102,sales,milk_sales,Y,Y,,
D00368,CL-202102,purchase,milk_levies,Y,Y,,
D00369,MS-202103,sales,milk_sales,Y,Y,,
D00370,CL-202103,purchase,milk_levies,Y,Y,,
D00371,MS-202104,sales,milk_sales,Y,Y,,
D00372,CL-202104,purchase,milk_levies,Y,Y,,
D00373,MS-202105,sales,milk_sales,Y,Y,,
D00374,CL-202105,purchase,milk_levies,Y,Y,,
D00375,MS-202106,sales,milk_sales,Y,Y,,
D00376,CL-202106,purchase,milk_levies,Y,Y,,
D00377,MS-202107,sales,milk_sales,Y,Y,,
D00378,CL-202107,purchase,milk_levies,Y,Y,,
D00379,MS-202108,sales,milk_sales,Y,Y,,
D00380,CL-202108,purchase,milk_levies,Y,Y,,
D00381,MS-202109,sales,milk_sales,Y,Y,,
D00382,CL-202109,purchase,milk_levies,Y,Y,,
D00383,MS-202110,sales,milk_sales,Y,Y,,
D00384,CL-202110,purchase,milk_levies,Y,Y,,
D00385,MS-202111,sales,milk_sales,Y,Y,,
D00386,CL-202111,purchase,milk_levies,Y,Y,,
D00387,MS-202112,sales,milk_sales,Y,Y,,
D00388,CL-202112,purchase,milk_levies,Y,Y,,
D00389,MS-202201,sales,milk_sales,Y,Y,,
D00390,CL-202201,purchase,milk_levies,Y,Y,,
D00391,MS-202202,sales,milk_sales,Y,Y,,
D00392,CL-202202,purchase,milk_levies,Y,Y,,
D00393,MS-202203,sales,milk_sales,Y,Y,,
D00394,CL-202203,purchase,milk_levies,Y,Y,,
D00395,MS-202204,sales,milk_sales,Y,Y,,
D00396,CL-202204,purchase,milk_levies,Y,Y,,
D00397,MS-202205,sales,milk_sales,Y,Y,,
D00398,CL-202205,purchase,milk_levies,Y,Y,,
D00399,MS-202206,sales,milk_sales,Y,Y,,
D00400,CL-202206,purchase,milk_levies,Y,Y,,
D00401,MS-202207,sales,milk_sales,Y,Y,,
D00402,CL-202207,purchase,milk_levies,Y,Y,,
D00403,MS-202208,sales,milk_sales,Y,Y,,
D00404,CL-202208,purchase,milk_levies,Y,Y,,
D00405,MS-202209,sales,milk_sales,Y,Y,,
D00406,CL-202209,purchase,milk_levies,Y,Y,,
D00407,MS-202210,sales,milk_sales,Y,Y,,
D00408,CL-202210,purchase,milk_levies,Y,Y,,
D00409,MS-202211,sales,milk_sales,Y,Y,,
D00410,CL-202211,purchase,milk_levies,Y,Y,,
D00411,MS-202212,sales,milk_sales,Y,Y,,
D00412,CL-202212,purchase,milk_levies,Y,Y,,
D00413,MS-202301,sales,milk_sales,Y,Y,,
D00414,CL-202301,purchase,milk_levies,Y,Y,,
D00415,MS-202302,sales,milk_sales,Y,Y,,
D00416,CL-202302,purchase,milk_levies,Y,Y,,
D00417,MS-202303,sales,milk_sales,Y,Y,,
D00418,CL-202303,purchase,milk_levies,Y,Y,,
D00419,MS-202304,sales,milk_sales,Y,Y,,
D00420,CL-202304,purchase,milk_levies,Y,Y,,
D00421,MS-202305,sales,milk_sales,Y,Y,,
D00422,CL-202305,purchase,milk_levies,Y,Y,,
D00423,MS-202306,sales,milk_sales,Y,Y,,
D00424,CL-202306,purchase,milk_levies,Y,Y,,
D00425,MS-202307,sales,milk_sales,Y,Y,,
D00426,CL-202307,purchase,milk_levies,Y,Y,,
D00427,MS-202308,sales,milk_sales,Y,Y,,
D00428,CL-202308,purchase,milk_levies,Y,Y,,
D00429,MS-202309,sales,milk_sales,Y,Y,,
D00430,CL-202309,purchase,milk_levies,Y,Y,,
D00431,MS-202310,sales,milk_sales,Y,Y,,
D00432,CL-202310,purchase,milk_levies,Y,Y,,
D00433,MS-202311,sales,milk_sales,Y,Y,,
D00434,CL-202311,purchase,milk_levies,Y,Y,,
D00435,MS-202312,sales,milk_sales,Y,Y,,
D00436,CL-202312,purchase,milk_levies,Y,Y,,
D00437,MS-202401,sales,milk_sales,Y,Y,,
D00438,CL-202401,purchase,milk_levies,Y,Y,,
D00439,MS-202402,sales,milk_sales,Y,Y,,
D00440,CL-202402,purchase,milk_levies,Y,Y,,
D00441,MS-202403,sales,milk_sales,Y,Y,,
D00442,CL-202403,purchase,milk_levies,Y,Y,,
D00443,MS-202404,sales,milk_sales,Y,Y,,
D00444,CL-202404,purchase,milk_levies,Y,Y,,
D00445,MS-202405,sales,milk_sales,Y,Y,,
D00446,CL-202405,purchase,milk_levies,Y,Y,,
D00447,MS-202406,sales,milk_sales,Y,Y,,
D00448,CL-202406,purchase,milk_levies,Y,Y,,
D00449,MS-202407,sales,milk_sales,Y,Y,,
D00450,CL-202407,purchase,milk_levies,Y,Y,,
D00451,MS-202408,sales,milk_sales,Y,Y,,
D00452,CL-202408,purchase,milk_levies,Y,Y,,
D00453,MS-202409,sales,milk_sales,Y,Y,,
D00454,CL-202409,purchase,milk_levies,Y,Y,,
D00455,MS-202410,sales,milk_sales,Y,Y,,
D00456,CL-202410,purchase,milk_levies,Y,Y,,
D00457,MS-202411,sales,milk_sales,Y,Y,,
D00458,CL-202411,purchase,milk_levies,Y,Y,,
D00459,MS-202412,sales,milk_sales,Y,Y,,
D00460,CL-202412,purchase,milk_levies,Y,Y,,
D00461,MS-202501,sales,milk_sales,Y,Y,,
D00462,CL-202501,purchase,milk_levies,Y,Y,,
D00463,MS-202502,sales,milk_sales,Y,Y,,
D00464,CL-202502,purchase,milk_levies,Y,Y,,
D00465,MS-202503,sales,milk_sales,Y,Y,,
D00466,CL-202503,purchase,milk_levies,Y,Y,,
D00467,MS-202504,sales,milk_sales,Y,Y,,
D00468,CL-202504,purchase,milk_levies,Y,Y,,
D00469,MS-202505,sales,milk_sales,Y,Y,,
D00470,CL-202505,purchase,milk_levies,Y,Y,,
D00471,MS-202506,sales,milk_sales,Y,Y,,
D00472,CL-202506,purchase,milk_levies,Y,Y,,
D00473,MS-202507,sales,milk_sales,Y,Y,,
D00474,CL-202507,purchase,milk_levies,Y,Y,,
D00475,MS-202508,sales,milk_sales,Y,Y,,
D00476,CL-202508,purchase,milk_levies,Y,Y,,
D00477,MS-202509,sales,milk_sales,Y,Y,,
D00478,CL-202509,purchase,milk_levies,Y,Y,,
D00479,MS-202510,sales,milk_sales,Y,Y,,
D00480,CL-202510,purchase,milk_levies,Y,Y,,
D00481,MS-202511,sales,milk_sales,Y,Y,,
D00482,CL-202511,purchase,milk_levies,Y,Y,,
D00483,GF06-0001,purchase,feed,Y,Y,,
D00484,GF06-0002,purchase,feed,Y,Y,,
D00485,GF06-0003,purchase,feed,Y,Y,,
D00486,GF06-0004,purchase,feed,Y,Y,,
D00487,GF06-0005,purchase,feed,Y,Y,,
D00488,GF06-0006,purchase,feed,Y,Y,,
D00489,GF06-0007,purchase,feed,Y,Y,,
D00490,GF06-0008,purchase,feed,Y,Y,,
D00491,CS06-0001,purchase,feed,Y,Y,,
D00492,CS06-0002,purchase,feed,Y,Y,,
D00493,KA06-0001,purchase,fertiliser,Y,Y,,
D00494,KA06-0002,purchase,fertiliser,Y,Y,,
D00495,KA06-0003,purchase,fertiliser,Y,Y,,
D00496,KA06-0004,purchase,fertiliser,Y,Y,,
D00497,LV06-0001,purchase,vet_medicine,Y,Y,,
D00498,LV06-0002,purchase,vet_medicine,Y,Y,,
D00499,LV06-0003,purchase,vet_medicine,Y,Y,,
D00500,LV06-0004,purchase,vet_medicine,Y,Y,,
D00501,LV06-0005,purchase,vet_medicine,Y,Y,,
D00502,LV06-0006,purchase,vet_medicine,Y,Y,,
D00503,LV06-0007,purchase,vet_medicine,Y,Y,,
D00504,LV06-0008,purchase,vet_medicine,Y,Y,,
D00505,LV06-0009,purchase,vet_medicine,Y,Y,,
D00506,LV06-0010,purchase,vet_medicine,Y,Y,,
D00507,LV06-0011,purchase,vet_medicine,Y,Y,,
D00508,LV06-0012,purchase,vet_medicine,Y,Y,,
D00509,LV06-0013,purchase,vet_medicine,Y,Y,,
D00510,LV06-0014,purchase,vet_medicine,Y,Y,,
D00511,LV06-0015,purchase,vet_medicine,Y,Y,,
D00512,LV06-0016,purchase,vet_medicine,Y,Y,,
D00513,LV06-0017,purchase,vet_medicine,Y,Y,,
D00514,LV06-0018,purchase,vet_medicine,Y,Y,,
D00515,LV06-0019,purchase,vet_medicine,Y,Y,,
D00516,LV06-0020,purchase,vet_medicine,Y,Y,,
D00517,LV06-0021,purchase,vet_medicine,Y,Y,,
D00518,LV06-0022,purchase,vet_medicine,Y,Y,,
D00519,LV06-0023,purchase,vet_medicine,Y,Y,,
D00520,LV06-0024,purchase,vet_medicine,Y,Y,,
D00521,LV06-0025,purchase,vet_medicine,Y,Y,,
D00522,LV06-0026,purchase,vet_medicine,Y,Y,,
D00523,LV06-0027,purchase,vet_medicine,Y,Y,,
D00524,LV06-0028,purchase,vet_medicine,Y,Y,,
D00525,SG06-0001,purchase,breeding_ai,Y,Y,,
D00526,SG06-0002,purchase,breeding_ai,Y,Y,,
D00527,SG06-0003,purchase,breeding_ai,Y,Y,,
D00528,SG06-0004,purchase,breeding_ai,Y,Y,,
D00529,SG06-0005,purchase,breeding_ai,Y,Y,,
D00530,SG06-0006,purchase,breeding_ai,Y,Y,,
D00531,SG06-0007,purchase,breeding_ai,Y,Y,,
D00532,LAC06-0001,purchase,contractors,Y,Y,,
D00533,LAC06-0002,purchase,contractors,Y,Y,,
D00534,LAC06-0003,purchase,contractors,Y,Y,,
D00535,OB06-0001,purchase,contractors,Y,Y,,
D00536,LAC06-0004,purchase,contractors,Y,Y,,
D00537,LAC06-0005,purchase,contractors,Y,Y,,
D00538,LAC06-0006,purchase,contractors,Y,Y,,
D00539,BF06-0001,purchase,fuel,Y,Y,,
D00540,BF06-0002,purchase,fuel,Y,Y,,
D00541,BF06-0003,purchase,fuel,Y,Y,,
D00542,BF06-0004,purchase,fuel,Y,Y,,
D00543,BF06-0005,purchase,fuel,Y,Y,,
D00544,BF06-0006,purchase,fuel,Y,Y,,
D00545,BF06-0007,purchase,fuel,Y,Y,,
D00546,CFP06-0001,purchase,repairs,Y,Y,,
D00548,CFP06-0003,purchase,repairs,Y,Y,,
D00549,CFP06-0004,purchase,repairs,Y,Y,,
D00550,CFP06-0005,purchase,repairs,Y,Y,,
D00551,CFP06-0006,purchase,repairs,Y,Y,,
D00552,CFP06-0007,purchase,repairs,Y,Y,,
D00553,CFP06-0008,purchase,repairs,Y,Y,,
D00554,CFP06-0009,purchase,repairs,Y,Y,,
D00555,CFP06-0010,purchase,repairs,Y,Y,,
D00556,CFP06-0011,purchase,repairs,Y,Y,,
D00557,CFP06-0012,purchase,repairs,Y,Y,,
D00558,CFP06-0013,purchase,repairs,Y,Y,,
D00559,CFP06-0014,purchase,repairs,Y,Y,,
D00560,CFP06-0015,purchase,repairs,Y,Y,,
D00561,CFP06-0016,purchase,repairs,Y,Y,,
D00562,CFP06-0017,purchase,repairs,Y,Y,,
D00563,CFP06-0018,purchase,repairs,Y,Y,,
D00564,CFP06-0019,purchase,repairs,Y,Y,,
D00565,CFP06-0020,purchase,repairs,Y,Y,,
D00566,CFP06-0021,purchase,repairs,Y,Y,,
D00567,CFP06-0022,purchase,repairs,Y,Y,,
D00568,CFP06-0023,purchase,repairs,Y,Y,,
D00569,CFP06-0024,purchase,repairs,Y,Y,,
D00570,CFP06-0025,purchase,repairs,Y,Y,,
D00571,CFP06-0026,purchase,repairs,Y,Y,,
D00572,CFP06-0027,purchase,repairs,Y,Y,,
D00573,CFP06-0028,purchase,repairs,Y,Y,,
D00574,CFP06-0029,purchase,repairs,Y,Y,,
D00575,CFP06-0030,purchase,repairs,Y,Y,,
D00576,DHS06-0001,purchase,dairy_hygiene,Y,Y,,
D00577,DHS06-0002,purchase,dairy_hygiene,Y,Y,,
D00578,DHS06-0003,purchase,dairy_hygiene,Y,Y,,
D00579,DHS06-0004,purchase,dairy_hygiene,Y,Y,,
D00580,DHS06-0005,purchase,dairy_hygiene,Y,Y,,
D00581,DHS06-0006,purchase,dairy_hygiene,Y,Y,,
D00582,DHS06-0007,purchase,dairy_hygiene,Y,Y,,
D00583,DHS06-0008,purchase,dairy_hygiene,Y,Y,,
D00584,DHS06-0009,purchase,dairy_hygiene,Y,Y,,
D00585,DHS06-0010,purchase,dairy_hygiene,Y,Y,,
D00586,DHS06-0011,purchase,dairy_hygiene,Y,Y,,
D00587,AW06-0001,purchase,silage_plastic,Y,Y,,
D00588,AW06-0002,purchase,silage_plastic,Y,Y,,
D00589,AW06-0003,purchase,silage_plastic,Y,Y,,
D00590,HF06-0001,purchase,foot_care,Y,Y,,
D00591,HF06-0002,purchase,foot_care,Y,Y,,
D00592,HF06-0003,purchase,foot_care,Y,Y,,
D00593,HF06-0004,purchase,foot_care,Y,Y,,
D00594,ES06-0001,purchase,electricity,M,Y,,single meter: farmhouse and dairy; about 15% private
D00595,VF06-0001,purchase,telephone,M,Y,,
D00596,ES06-0002,purchase,electricity,M,Y,,single meter: farmhouse and dairy; about 15% private
D00597,VF06-0002,purchase,telephone,M,Y,,
D00598,ES06-0003,purchase,electricity,M,Y,,single meter: farmhouse and dairy; about 15% private
D00599,VF06-0003,purchase,telephone,M,Y,,
D00600,ES06-0004,purchase,electricity,M,Y,,single meter: farmhouse and dairy; about 15% private
D00601,VF06-0004,purchase,telephone,M,Y,,
D00602,ES06-0005,purchase,electricity,M,Y,,single meter: farmhouse and dairy; about 15% private
D00603,VF06-0005,purchase,telephone,M,Y,,
D00604,ES06-0006,purchase,electricity,M,Y,,single meter: farmhouse and dairy; about 15% private
D00605,VF06-0006,purchase,telephone,M,Y,,
D00606,ES06-0007,purchase,electricity,M,Y,,single meter: farmhouse and dairy; about 15% private
D00607,VF06-0007,purchase,telephone,M,Y,,
D00608,ES06-0008,purchase,electricity,M,Y,,single meter: farmhouse and dairy; about 15% private
D00609,VF06-0008,purchase,telephone,M,Y,,
D00610,ES06-0009,purchase,electricity,M,Y,,single meter: farmhouse and dairy; about 15% private
D00611,VF06-0009,purchase,telephone,M,Y,,
D00612,ES06-0010,purchase,electricity,M,Y,,single meter: farmhouse and dairy; about 15% private
D00613,VF06-0010,purchase,telephone,M,Y,,
D00614,ES06-0011,purchase,electricity,M,Y,,single meter: farmhouse and dairy; about 15% private
D00615,VF06-0011,purchase,telephone,M,Y,,
D00616,ES06-0012,purchase,electricity,M,Y,,single meter: farmhouse and dairy; about 15% private
D00617,VF06-0012,purchase,telephone,M,Y,,
D00618,MFI06-0001,purchase,insurance,Y,Y,,
D00619,HC06-0001,purchase,professional_fees,Y,Y,,
D00620,TG06-0001,purchase,professional_fees,Y,Y,,
D00621,WS06-0001,purchase,utilities,M,Y,,
D00622,DOC06-0001,purchase,land_rent,Y,Y,,
D00623,GF07-0001,purchase,feed,Y,Y,,
D00624,CS07-0001,purchase,feed,Y,Y,,
D00625,CS07-0002,purchase,feed,Y,Y,,
D00626,GF07-0002,purchase,feed,Y,Y,,
D00627,GF07-0003,purchase,feed,Y,Y,,
D00628,GF07-0004,purchase,feed,Y,Y,,
D00629,GF07-0005,purchase,feed,Y,Y,,
D00630,CS07-0003,purchase,feed,Y,Y,,
D00631,GF07-0006,purchase,feed,Y,Y,,
D00632,CS07-0004,purchase,feed,Y,Y,,
D00633,CS07-0005,purchase,feed,Y,Y,,
D00634,CS07-0006,purchase,fertiliser,Y,Y,,
D00635,KA07-0001,purchase,fertiliser,Y,Y,,
D00636,KA07-0002,purchase,fertiliser,Y,Y,,
D00637,KA07-0003,purchase,fertiliser,Y,Y,,
D00638,LV07-0001,purchase,vet_medicine,Y,Y,,
D00639,LV07-0002,purchase,vet_medicine,Y,Y,,
D00640,LV07-0003,purchase,vet_medicine,Y,Y,,
D00641,LV07-0004,purchase,vet_medicine,Y,Y,,
D00642,LV07-0005,purchase,vet_medicine,Y,Y,,
D00643,LV07-0006,purchase,vet_medicine,Y,Y,,
D00644,LV07-0007,purchase,vet_medicine,Y,Y,,
D00645,LV07-0008,purchase,vet_medicine,Y,Y,,
D00646,LV07-0009,purchase,vet_medicine,Y,Y,,
D00647,LV07-0010,purchase,vet_medicine,Y,Y,,
D00648,LV07-0011,purchase,vet_medicine,Y,Y,,
D00649,LV07-0012,purchase,vet_medicine,Y,Y,,
D00650,LV07-0013,purchase,vet_medicine,Y,Y,,
D00651,LV07-0014,purchase,vet_medicine,Y,Y,,
D00652,LV07-0015,purchase,vet_medicine,Y,Y,,
D00653,LV07-0016,purchase,vet_medicine,Y,Y,,
D00654,LV07-0017,purchase,vet_medicine,Y,Y,,
D00655,LV07-0018,purchase,vet_medicine,Y,Y,,
D00656,LV07-0019,purchase,vet_medicine,Y,Y,,
D00657,LV07-0020,purchase,vet_medicine,Y,Y,,
D00658,LV07-0021,purchase,vet_medicine,Y,Y,,
D00659,LV07-0022,purchase,vet_medicine,Y,Y,,
D00660,LV07-0023,purchase,vet_medicine,Y,Y,,
D00661,LV07-0024,purchase,vet_medicine,Y,Y,,
D00662,LV07-0025,purchase,vet_medicine,Y,Y,,
D00663,LV07-0026,purchase,vet_medicine,Y,Y,,
D00664,LV07-0027,purchase,vet_medicine,Y,Y,,
D00665,LV07-0028,purchase,vet_medicine,Y,Y,,
D00666,LV07-0029,purchase,vet_medicine,Y,Y,,
D00667,SG07-0001,purchase,breeding_ai,Y,Y,,
D00668,SG07-0002,purchase,breeding_ai,Y,Y,,
D00669,SG07-0003,purchase,breeding_ai,Y,Y,,
D00670,SG07-0004,purchase,breeding_ai,Y,Y,,
D00671,SG07-0005,purchase,breeding_ai,Y,Y,,
D00672,SG07-0006,purchase,breeding_ai,Y,Y,,
D00673,SG07-0007,purchase,breeding_ai,Y,Y,,
D00674,LAC07-0001,purchase,contractors,Y,Y,,
D00675,LAC07-0002,purchase,contractors,Y,Y,,
D00676,LAC07-0003,purchase,contractors,Y,Y,,
D00677,OB07-0001,purchase,contractors,Y,Y,,
D00678,OB07-0002,purchase,contractors,Y,Y,,
D00679,LAC07-0004,purchase,contractors,Y,Y,,
D00680,LAC07-0005,purchase,contractors,Y,Y,,
D00681,OB07-0003,purchase,contractors,Y,Y,,
D00682,BF07-0001,purchase,fuel,Y,Y,,
D00683,BF07-0002,purchase,fuel,Y,Y,,
D00684,BF07-0003,purchase,fuel,Y,Y,,
D00685,BF07-0004,purchase,fuel,Y,Y,,
D00686,BF07-0005,purchase,fuel,Y,Y,,
D00687,BF07-0006,purchase,fuel,Y,Y,,
D00688,BF07-0007,purchase,fuel,Y,Y,,
D00689,CFP07-0001,purchase,repairs,Y,Y,,
D00690,CFP07-0002,purchase,repairs,Y,Y,,
D00691,CFP07-0003,purchase,repairs,Y,Y,,
D00692,CFP07-0004,purchase,repairs,Y,Y,,
D00693,CFP07-0005,purchase,repairs,Y,Y,,
D00694,CFP07-0006,purchase,repairs,Y,Y,,
D00695,CFP07-0007,purchase,repairs,Y,Y,,
D00696,CFP07-0008,purchase,repairs,Y,Y,,
D00697,CFP07-0009,purchase,repairs,Y,Y,,
D00698,CFP07-0010,purchase,repairs,Y,Y,,
D00699,CFP07-0011,purchase,repairs,Y,Y,,
D00700,CFP07-0012,purchase,repairs,Y,Y,,
D00701,CFP07-0013,purchase,repairs,Y,Y,,
D00702,CFP07-0014,purchase,repairs,Y,Y,,
D00703,CFP07-0015,purchase,repairs,Y,Y,,
D00704,CFP07-0016,purchase,repairs,Y,Y,,
D00705,CFP07-0017,purchase,repairs,Y,Y,,
D00706,CFP07-0018,purchase,repairs,Y,Y,,
D00707,CFP07-0019,purchase,repairs,Y,Y,,
D00708,CFP07-0020,purchase,repairs,Y,Y,,
D00709,CFP07-0021,purchase,repairs,Y,Y,,
D00710,CFP07-0022,purchase,repairs,Y,Y,,
D00711,CFP07-0023,purchase,repairs,Y,Y,,
D00712,CFP07-0024,purchase,repairs,Y,Y,,
D00713,CFP07-0025,purchase,repairs,Y,Y,,
D00714,CFP07-0026,purchase,repairs,Y,Y,,
D00715,CFP07-0027,purchase,repairs,Y,Y,,
D00716,CFP07-0028,purchase,repairs,Y,Y,,
D00717,CFP07-0029,purchase,repairs,Y,Y,,
D00718,CFP07-0030,purchase,repairs,Y,Y,,
D00719,CFP07-0031,purchase,repairs,Y,Y,,
D00720,DHS07-0001,purchase,dairy_hygiene,Y,Y,,
D00721,DHS07-0002,purchase,dairy_hygiene,Y,Y,,
D00722,DHS07-0003,purchase,dairy_hygiene,Y,Y,,
D00723,DHS07-0004,purchase,dairy_hygiene,Y,Y,,
D00725,DHS07-0006,purchase,dairy_hygiene,Y,Y,,
D00726,DHS07-0007,purchase,dairy_hygiene,Y,Y,,
D00727,DHS07-0008,purchase,dairy_hygiene,Y,Y,,
D00728,DHS07-0009,purchase,dairy_hygiene,Y,Y,,
D00729,DHS07-0010,purchase,dairy_hygiene,Y,Y,,
D00730,DHS07-0011,purchase,dairy_hygiene,Y,Y,,
D00731,DHS07-0012,purchase,dairy_hygiene,Y,Y,,
D00732,AW07-0001,purchase,silage_plastic,Y,Y,,
D00733,AW07-0002,purchase,silage_plastic,Y,Y,,
D00734,AW07-0003,purchase,silage_plastic,Y,Y,,
D00735,HF07-0001,purchase,foot_care,Y,Y,,
D00736,HF07-0002,purchase,foot_care,Y,Y,,
D00737,HF07-0003,purchase,foot_care,Y,Y,,
D00738,HF07-0004,purchase,foot_care,Y,Y,,
D00739,HF07-0005,purchase,foot_care,Y,Y,,
D00740,ES07-0001,purchase,electricity,M,Y,,single meter: farmhouse and dairy; about 15% private
D00741,VF07-0001,purchase,telephone,M,Y,,
D00742,ES07-0002,purchase,electricity,M,Y,,single meter: farmhouse and dairy; about 15% private
D00743,VF07-0002,purchase,telephone,M,Y,,
D00744,ES07-0003,purchase,electricity,M,Y,,single meter: farmhouse and dairy; about 15% private
D00745,VF07-0003,purchase,telephone,M,Y,,
D00746,ES07-0004,purchase,electricity,M,Y,,single meter: farmhouse and dairy; about 15% private
D00747,VF07-0004,purchase,telephone,M,Y,,
D00748,ES07-0005,purchase,electricity,M,Y,,single meter: farmhouse and dairy; about 15% private
D00749,VF07-0005,purchase,telephone,M,Y,,
D00750,ES07-0006,purchase,electricity,M,Y,,single meter: farmhouse and dairy; about 15% private
D00751,VF07-0006,purchase,telephone,M,Y,,
D00752,ES07-0007,purchase,electricity,M,Y,,single meter: farmhouse and dairy; about 15% private
D00753,VF07-0007,purchase,telephone,M,Y,,
D00754,ES07-0008,purchase,electricity,M,Y,,single meter: farmhouse and dairy; about 15% private
D00755,VF07-0008,purchase,telephone,M,Y,,
D00756,ES07-0009,purchase,electricity,M,Y,,single meter: farmhouse and dairy; about 15% private
D00757,VF07-0009,purchase,telephone,M,Y,,
D00758,ES07-0010,purchase,electricity,M,Y,,single meter: farmhouse and dairy; about 15% private
D00759,VF07-0010,purchase,telephone,M,Y,,
D00760,ES07-0011,purchase,electricity,M,Y,,single meter: farmhouse and dairy; about 15% private
D00761,VF07-0011,purchase,telephone,M,Y,,
D00762,ES07-0012,purchase,electricity,M,Y,,single meter: farmhouse and dairy; about 15% private
D00763,VF07-0012,purchase,telephone,M,Y,,
D00764,MFI07-0001,purchase,insurance,Y,Y,,
D00765,HC07-0001,purchase,professional_fees,Y,Y,,
D00766,TG07-0001,purchase,professional_fees,Y,Y,,
D00767,WS07-0001,purchase,utilities,M,Y,,
D00768,DOC07-0001,purchase,land_rent,Y,Y,,
D00770,GF08-0002,purchase,feed,Y,Y,,
D00771,GF08-0003,purchase,feed,Y,Y,,
D00772,GF08-0004,purchase,feed,Y,Y,,
D00773,CS08-0001,purchase,feed,Y,Y,,
D00774,GF08-0005,purchase,feed,Y,Y,,
D00775,CS08-0002,purchase,feed,Y,Y,,
D00776,GF08-0006,purchase,feed,Y,Y,,
D00777,CS08-0003,purchase,feed,Y,Y,,
D00778,CS08-0004,purchase,feed,Y,Y,,
D00779,GF08-0007,purchase,feed,Y,Y,,
D00780,GF08-0008,purchase,feed,Y,Y,,
D00781,CS08-0005,purchase,feed,Y,Y,,
D00782,CS08-0006,purchase,feed,Y,Y,,
D00783,KA08-0001,purchase,fertiliser,Y,Y,,
D00784,KA08-0002,purchase,fertiliser,Y,Y,,
D00785,CS08-0007,purchase,fertiliser,Y,Y,,
D00786,CS08-0008,purchase,fertiliser,Y,Y,,
D00787,KA08-0003,purchase,fertiliser,Y,Y,,
D00788,CS08-0009,purchase,fertiliser,Y,Y,,
D00789,KA08-0004,purchase,fertiliser,Y,Y,,
D00790,LV08-0001,purchase,vet_medicine,Y,Y,,
D00791,LV08-0002,purchase,vet_medicine,Y,Y,,
D00792,LV08-0003,purchase,vet_medicine,Y,Y,,
D00793,LV08-0004,purchase,vet_medicine,Y,Y,,
D00794,LV08-0005,purchase,vet_medicine,Y,Y,,
D00795,LV08-0006,purchase,vet_medicine,Y,Y,,
D00796,LV08-0007,purchase,vet_medicine,Y,Y,,
D00797,LV08-0008,purchase,vet_medicine,Y,Y,,
D00798,LV08-0009,purchase,vet_medicine,Y,Y,,
D00799,LV08-0010,purchase,vet_medicine,Y,Y,,
D00800,LV08-0011,purchase,vet_medicine,Y,Y,,
D00801,LV08-0012,purchase,vet_medicine,Y,Y,,
D00802,LV08-0013,purchase,vet_medicine,Y,Y,,
D00803,LV08-0014,purchase,vet_medicine,Y,Y,,
D00804,LV08-0015,purchase,vet_medicine,Y,Y,,
D00805,LV08-0016,purchase,vet_medicine,Y,Y,,
D00806,LV08-0017,purchase,vet_medicine,Y,Y,,
D00807,LV08-0018,purchase,vet_medicine,Y,Y,,
D00808,LV08-0019,purchase,vet_medicine,Y,Y,,
D00809,LV08-0020,purchase,vet_medicine,Y,Y,,
D00810,LV08-0021,purchase,vet_medicine,Y,Y,,
D00811,LV08-0022,purchase,vet_medicine,Y,Y,,
D00812,LV08-0023,purchase,vet_medicine,Y,Y,,
D00813,LV08-0024,purchase,vet_medicine,Y,Y,,
D00814,LV08-0025,purchase,vet_medicine,Y,Y,,
D00815,LV08-0026,purchase,vet_medicine,Y,Y,,
D00816,LV08-0027,purchase,vet_medicine,Y,Y,,
D00817,LV08-0028,purchase,vet_medicine,Y,Y,,
D00818,LV08-0029,purchase,vet_medicine,Y,Y,,
D00819,LV08-0030,purchase,vet_medicine,Y,Y,,
D00820,LV08-0031,purchase,vet_medicine,Y,Y,,
D00821,SG08-0001,purchase,breeding_ai,Y,Y,,
D00822,SG08-0002,purchase,breeding_ai,Y,Y,,
D00823,SG08-0003,purchase,breeding_ai,Y,Y,,
D00824,SG08-0004,purchase,breeding_ai,Y,Y,,
D00825,SG08-0005,purchase,breeding_ai,Y,Y,,
D00826,SG08-0006,purchase,breeding_ai,Y,Y,,
D00827,SG08-0007,purchase,breeding_ai,Y,Y,,
D00828,SG08-0008,purchase,breeding_ai,Y,Y,,
D00829,LAC08-0001,purchase,contractors,Y,Y,,
D00830,OB08-0001,purchase,contractors,Y,Y,,
D00831,OB08-0002,purchase,contractors,Y,Y,,
D00832,OB08-0003,purchase,contractors,Y,Y,,
D00833,OB08-0004,purchase,contractors,Y,Y,,
D00834,OB08-0005,purchase,contractors,Y,Y,,
D00835,LAC08-0002,purchase,contractors,Y,Y,,
D00836,OB08-0006,purchase,contractors,Y,Y,,
D00837,BF08-0001,purchase,fuel,Y,Y,,
D00838,BF08-0002,purchase,fuel,Y,Y,,
D00839,BF08-0003,purchase,fuel,Y,Y,,
D00840,BF08-0004,purchase,fuel,Y,Y,,
D00841,BF08-0005,purchase,fuel,Y,Y,,
D00842,BF08-0006,purchase,fuel,Y,Y,,
D00843,BF08-0007,purchase,fuel,Y,Y,,
D00844,BF08-0008,purchase,fuel,Y,Y,,
D00845,BF08-0009,purchase,fuel,Y,Y,,
D00846,BF08-0010,purchase,fuel,Y,Y,,
D00847,CFP08-0001,purchase,repairs,Y,Y,,
D00848,CFP08-0002,purchase,repairs,Y,Y,,
D00849,CFP08-0003,purchase,repairs,Y,Y,,
D00850,CFP08-0004,purchase,repairs,Y,Y,,
D00851,CFP08-0005,purchase,repairs,Y,Y,,
D00852,CFP08-0006,purchase,repairs,Y,Y,,
D00853,CFP08-0007,purchase,repairs,Y,Y,,
D00854,CFP08-0008,purchase,repairs,Y,Y,,
D00855,CFP08-0009,purchase,repairs,Y,Y,,
D00856,CFP08-0010,purchase,repairs,Y,N,NO_VAT_NUMBER,
D00857,CFP08-0011,purchase,repairs,Y,Y,,
D00858,CFP08-0012,purchase,repairs,Y,Y,,
D00859,CFP08-0013,purchase,repairs,Y,Y,,
D00860,CFP08-0014,purchase,repairs,Y,Y,,
D00861,CFP08-0015,purchase,repairs,Y,Y,,
D00862,CFP08-0016,purchase,repairs,Y,Y,,
D00863,CFP08-0017,purchase,repairs,Y,Y,,
D00864,CFP08-0018,purchase,repairs,Y,Y,,
D00865,CFP08-0019,purchase,repairs,Y,Y,,
D00866,CFP08-0020,purchase,repairs,Y,Y,,
D00867,CFP08-0021,purchase,repairs,Y,Y,,
D00868,CFP08-0022,purchase,repairs,Y,Y,,
D00869,CFP08-0023,purchase,repairs,Y,Y,,
D00870,CFP08-0024,purchase,repairs,Y,Y,,
D00871,CFP08-0025,purchase,repairs,Y,Y,,
D00872,CFP08-0026,purchase,repairs,Y,Y,,
D00873,CFP08-0027,purchase,repairs,Y,Y,,
D00874,CFP08-0028,purchase,repairs,Y,Y,,
D00875,CFP08-0029,purchase,repairs,Y,Y,,
D00876,CFP08-0030,purchase,repairs,Y,Y,,
D00877,CFP08-0031,purchase,repairs,Y,Y,,
D00878,CFP08-0032,purchase,repairs,Y,Y,,
D00879,CFP08-0033,purchase,repairs,Y,Y,,
D00880,DHS08-0001,purchase,dairy_hygiene,Y,Y,,
D00881,DHS08-0002,purchase,dairy_hygiene,Y,Y,,
D00882,DHS08-0003,purchase,dairy_hygiene,Y,Y,,
D00883,DHS08-0004,purchase,dairy_hygiene,Y,Y,,
D00884,DHS08-0005,purchase,dairy_hygiene,Y,Y,,
D00885,DHS08-0006,purchase,dairy_hygiene,Y,Y,,
D00886,DHS08-0007,purchase,dairy_hygiene,Y,Y,,
D00887,DHS08-0008,purchase,dairy_hygiene,Y,Y,,
D00888,DHS08-0009,purchase,dairy_hygiene,Y,Y,,
D00889,DHS08-0010,purchase,dairy_hygiene,Y,Y,,
D00890,DHS08-0011,purchase,dairy_hygiene,Y,Y,,
D00891,DHS08-0012,purchase,dairy_hygiene,Y,Y,,
D00892,DHS08-0013,purchase,dairy_hygiene,Y,Y,,
D00893,AW08-0001,purchase,silage_plastic,Y,Y,,
D00894,AW08-0002,purchase,silage_plastic,Y,Y,,
D00895,AW08-0003,purchase,silage_plastic,Y,Y,,
D00896,HF08-0001,purchase,foot_care,Y,Y,,
D00897,HF08-0002,purchase,foot_care,Y,Y,,
D00898,HF08-0003,purchase,foot_care,Y,Y,,
D00899,HF08-0004,purchase,foot_care,Y,Y,,
D00900,HF08-0005,purchase,foot_care,Y,Y,,
D00901,ES08-0001,purchase,electricity,M,Y,,single meter: farmhouse and dairy; about 15% private
D00902,VF08-0001,purchase,telephone,M,Y,,
D00903,ES08-0002,purchase,electricity,M,Y,,single meter: farmhouse and dairy; about 15% private
D00904,VF08-0002,purchase,telephone,M,Y,,
D00905,ES08-0003,purchase,electricity,M,Y,,single meter: farmhouse and dairy; about 15% private
D00906,VF08-0003,purchase,telephone,M,Y,,
D00907,ES08-0004,purchase,electricity,M,Y,,single meter: farmhouse and dairy; about 15% private
D00908,VF08-0004,purchase,telephone,M,Y,,
D00909,ES08-0005,purchase,electricity,M,Y,,single meter: farmhouse and dairy; about 15% private
D00910,VF08-0005,purchase,telephone,M,Y,,
D00911,ES08-0006,purchase,electricity,M,Y,,single meter: farmhouse and dairy; about 15% private
D00912,VF08-0006,purchase,telephone,M,Y,,
D00913,ES08-0007,purchase,electricity,M,Y,,single meter: farmhouse and dairy; about 15% private
D00914,VF08-0007,purchase,telephone,M,Y,,
D00915,ES08-0008,purchase,electricity,M,Y,,single meter: farmhouse and dairy; about 15% private
D00916,VF08-0008,purchase,telephone,M,Y,,
D00917,ES08-0009,purchase,electricity,M,Y,,single meter: farmhouse and dairy; about 15% private
D00918,VF08-0009,purchase,telephone,M,Y,,
D00919,ES08-0010,purchase,electricity,M,Y,,single meter: farmhouse and dairy; about 15% private
D00920,VF08-0010,purchase,telephone,M,Y,,
D00921,ES08-0011,purchase,electricity,M,Y,,single meter: farmhouse and dairy; about 15% private
D00922,VF08-0011,purchase,telephone,M,Y,,
D00923,ES08-0012,purchase,electricity,M,Y,,single meter: farmhouse and dairy; about 15% private
D00924,VF08-0012,purchase,telephone,M,Y,,
D00925,MFI08-0001,purchase,insurance,Y,Y,,
D00926,HC08-0001,purchase,professional_fees,Y,Y,,
D00927,TG08-0001,purchase,professional_fees,Y,Y,,
D00928,WS08-0001,purchase,utilities,M,Y,,
D00929,DOC08-0001,purchase,land_rent,Y,Y,,
D00930,GF09-0001,purchase,feed,Y,Y,,
D00931,GF09-0002,purchase,feed,Y,Y,,
D00932,GF09-0003,purchase,feed,Y,Y,,
D00933,CS09-0001,purchase,feed,Y,Y,,
D00934,GF09-0004,purchase,feed,Y,Y,WRONG_VAT_RATE,VAT charged at 23% on a 13.5% / 0% item
D00935,GF09-0005,purchase,feed,Y,Y,,
D00936,CS09-0002,purchase,feed,Y,Y,,
D00937,CS09-0003,purchase,feed,Y,Y,,
D00938,CS09-0004,purchase,feed,Y,Y,,
D00939,GF09-0006,purchase,feed,Y,Y,,
D00940,CS09-0005,purchase,feed,Y,Y,,
D00941,GF09-0007,purchase,feed,Y,Y,,
D00942,KA09-0001,purchase,fertiliser,Y,Y,,
D00943,CS09-0006,purchase,fertiliser,Y,Y,,
D00944,KA09-0002,purchase,fertiliser,Y,Y,,
D00945,CS09-0007,purchase,fertiliser,Y,Y,,
D00946,CS09-0008,purchase,fertiliser,Y,Y,,
D00947,LV09-0001,purchase,vet_medicine,Y,Y,,
D00948,LV09-0002,purchase,vet_medicine,Y,Y,,
D00949,LV09-0003,purchase,vet_medicine,Y,Y,,
D00950,LV09-0004,purchase,vet_medicine,Y,Y,,
D00951,LV09-0005,purchase,vet_medicine,Y,Y,,
D00952,LV09-0006,purchase,vet_medicine,Y,Y,,
D00953,LV09-0007,purchase,vet_medicine,Y,Y,,
D00954,LV09-0008,purchase,vet_medicine,Y,Y,,
D00955,LV09-0009,purchase,vet_medicine,Y,Y,,
D00956,LV09-0010,purchase,vet_medicine,Y,Y,,
D00957,LV09-0011,purchase,vet_medicine,Y,Y,,
D00958,LV09-0012,purchase,vet_medicine,Y,Y,,
D00959,LV09-0013,purchase,vet_medicine,Y,Y,,
D00960,LV09-0014,purchase,vet_medicine,Y,Y,,
D00961,LV09-0015,purchase,vet_medicine,Y,Y,,
D00962,LV09-0016,purchase,vet_medicine,Y,Y,,
D00963,LV09-0017,purchase,vet_medicine,Y,Y,,
D00964,LV09-0018,purchase,vet_medicine,Y,Y,,
D00965,LV09-0019,purchase,vet_medicine,Y,Y,,
D00966,LV09-0020,purchase,vet_medicine,Y,Y,,
D00967,LV09-0021,purchase,vet_medicine,Y,Y,,
D00968,LV09-0022,purchase,vet_medicine,Y,Y,,
D00969,LV09-0023,purchase,vet_medicine,Y,Y,,
D00970,LV09-0024,purchase,vet_medicine,Y,Y,,
D00971,LV09-0025,purchase,vet_medicine,Y,Y,,
D00972,LV09-0026,purchase,vet_medicine,Y,Y,,
D00973,LV09-0027,purchase,vet_medicine,Y,Y,,
D00974,LV09-0028,purchase,vet_medicine,Y,Y,,
D00975,LV09-0029,purchase,vet_medicine,Y,Y,,
D00976,LV09-0030,purchase,vet_medicine,Y,Y,,
D00977,SG09-0001,purchase,breeding_ai,Y,Y,,
D00978,SG09-0002,purchase,breeding_ai,Y,Y,,
D00979,SG09-0003,purchase,breeding_ai,Y,Y,,
D00980,SG09-0004,purchase,breeding_ai,Y,Y,,
D00982,SG09-0006,purchase,breeding_ai,Y,Y,,
D00983,SG09-0007,purchase,breeding_ai,Y,Y,,
D00984,SG09-0008,purchase,breeding_ai,Y,Y,,
D00985,OB09-0001,purchase,contractors,Y,Y,,
D00986,LAC09-0001,purchase,contractors,Y,Y,,
D00987,LAC09-0002,purchase,contractors,Y,Y,,
D00988,LAC09-0003,purchase,contractors,Y,Y,,
D00989,LAC09-0004,purchase,contractors,Y,Y,,
D00990,OB09-0002,purchase,contractors,Y,Y,,
D00991,LAC09-0005,purchase,contractors,Y,Y,,
D00992,OB09-0003,purchase,contractors,Y,Y,,
D00993,BF09-0001,purchase,fuel,Y,Y,,
D00994,BF09-0002,purchase,fuel,Y,Y,,
D00995,BF09-0003,purchase,fuel,Y,Y,,
D00996,BF09-0004,purchase,fuel,Y,Y,,
D00997,BF09-0005,purchase,fuel,Y,Y,,
D00998,BF09-0006,purchase,fuel,Y,Y,,
D00999,BF09-0007,purchase,fuel,Y,Y,,
D01000,CFP09-0001,purchase,repairs,Y,Y,,
D01001,CFP09-0002,purchase,repairs,Y,Y,,
D01002,CFP09-0003,purchase,repairs,Y,Y,,
D01003,CFP09-0004,purchase,repairs,Y,Y,,
D01004,CFP09-0005,purchase,repairs,Y,Y,,
D01005,CFP09-0006,purchase,repairs,Y,Y,,
D01006,CFP09-0007,purchase,repairs,Y,Y,,
D01007,CFP09-0008,purchase,repairs,Y,Y,,
D01008,CFP09-0009,purchase,repairs,Y,Y,,
D01009,CFP09-0010,purchase,repairs,Y,Y,,
D01010,CFP09-0011,purchase,repairs,Y,Y,,
D01011,CFP09-0012,purchase,repairs,Y,Y,,
D01012,CFP09-0013,purchase,repairs,Y,Y,,
D01013,CFP09-0014,purchase,repairs,Y,Y,,
D01014,CFP09-0015,purchase,repairs,Y,Y,,
D01015,CFP09-0016,purchase,repairs,Y,Y,,
D01016,CFP09-0017,purchase,repairs,Y,Y,,
D01017,CFP09-0018,purchase,repairs,Y,Y,,
D01018,CFP09-0019,purchase,repairs,Y,Y,,
D01019,CFP09-0020,purchase,repairs,Y,Y,,
D01020,CFP09-0021,purchase,repairs,Y,Y,,
D01021,CFP09-0022,purchase,repairs,Y,Y,,
D01022,CFP09-0023,purchase,repairs,Y,Y,,
D01023,CFP09-0024,purchase,repairs,Y,Y,,
D01024,CFP09-0025,purchase,repairs,Y,Y,,
D01025,CFP09-0026,purchase,repairs,Y,Y,,
D01026,CFP09-0027,purchase,repairs,Y,Y,,
D01027,CFP09-0028,purchase,repairs,Y,Y,,
D01028,CFP09-0029,purchase,repairs,Y,Y,,
D01029,CFP09-0030,purchase,repairs,Y,Y,,
D01030,CFP09-0031,purchase,repairs,Y,Y,,
D01031,CFP09-0032,purchase,repairs,Y,Y,,
D01032,CFP09-0033,purchase,repairs,Y,Y,,
D01033,DHS09-0001,purchase,dairy_hygiene,Y,Y,,
D01034,DHS09-0002,purchase,dairy_hygiene,Y,Y,,
D01035,DHS09-0003,purchase,dairy_hygiene,Y,Y,,
D01036,DHS09-0004,purchase,dairy_hygiene,Y,Y,,
D01037,DHS09-0005,purchase,dairy_hygiene,Y,Y,,
D01038,DHS09-0006,purchase,dairy_hygiene,Y,Y,,
D01039,DHS09-0007,purchase,dairy_hygiene,Y,Y,,
D01040,DHS09-0008,purchase,dairy_hygiene,Y,Y,,
D01041,DHS09-0009,purchase,dairy_hygiene,Y,Y,,
D01042,DHS09-0010,purchase,dairy_hygiene,Y,Y,,
D01043,DHS09-0011,purchase,dairy_hygiene,Y,Y,,
D01044,DHS09-0012,purchase,dairy_hygiene,Y,Y,,
D01045,AW09-0001,purchase,silage_plastic,Y,Y,,
D01046,AW09-0002,purchase,silage_plastic,Y,Y,,
D01047,AW09-0003,purchase,silage_plastic,Y,Y,,
D01048,HF09-0001,purchase,foot_care,Y,Y,,
D01049,HF09-0002,purchase,foot_care,Y,Y,,
D01050,HF09-0003,purchase,foot_care,Y,Y,,
D01051,HF09-0004,purchase,foot_care,Y,Y,,
D01052,HF09-0005,purchase,foot_care,Y,Y,,
D01053,ES09-0001,purchase,electricity,M,Y,,single meter: farmhouse and dairy; about 15% private
D01054,VF09-0001,purchase,telephone,M,Y,,
D01055,ES09-0002,purchase,electricity,M,Y,,single meter: farmhouse and dairy; about 15% private
D01056,VF09-0002,purchase,telephone,M,Y,,
D01057,ES09-0003,purchase,electricity,M,Y,,single meter: farmhouse and dairy; about 15% private
D01058,VF09-0003,purchase,telephone,M,Y,,
D01059,ES09-0004,purchase,electricity,M,Y,,single meter: farmhouse and dairy; about 15% private
D01060,VF09-0004,purchase,telephone,M,Y,,
D01061,ES09-0005,purchase,electricity,M,Y,,single meter: farmhouse and dairy; about 15% private
D01062,VF09-0005,purchase,telephone,M,Y,,
D01063,ES09-0006,purchase,electricity,M,Y,,single meter: farmhouse and dairy; about 15% private
D01064,VF09-0006,purchase,telephone,M,Y,,
D01065,ES09-0007,purchase,electricity,M,Y,,single meter: farmhouse and dairy; about 15% private
D01066,VF09-0007,purchase,telephone,M,Y,,
D01067,ES09-0008,purchase,electricity,M,Y,,single meter: farmhouse and dairy; about 15% private
D01068,VF09-0008,purchase,telephone,M,Y,,
D01069,ES09-0009,purchase,electricity,M,Y,,single meter: farmhouse and dairy; about 15% private
D01070,VF09-0009,purchase,telephone,M,Y,,
D01071,ES09-0010,purchase,electricity,M,Y,,single meter: farmhouse and dairy; about 15% private
D01072,VF09-0010,purchase,telephone,M,Y,,
D01073,ES09-0011,purchase,electricity,M,Y,,single meter: farmhouse and dairy; about 15% private
D01074,VF09-0011,purchase,telephone,M,Y,,
D01075,ES09-0012,purchase,electricity,M,Y,,single meter: farmhouse and dairy; about 15% private
D01076,VF09-0012,purchase,telephone,M,Y,,
D01077,MFI09-0001,purchase,insurance,Y,Y,,
D01078,HC09-0001,purchase,professional_fees,Y,Y,,
D01079,TG09-0001,purchase,professional_fees,Y,Y,,
D01080,WS09-0001,purchase,utilities,M,Y,,
D01081,DOC09-0001,purchase,land_rent,Y,Y,,
D01082,GF10-0001,purchase,feed,Y,Y,,
D01083,GF10-0002,purchase,feed,Y,Y,,
D01084,GF10-0003,purchase,feed,Y,Y,,
D01085,CS10-0001,purchase,feed,Y,Y,,
D01086,CS10-0002,purchase,feed,Y,Y,,
D01087,CS10-0003,purchase,feed,Y,Y,,
D01088,CS10-0004,purchase,feed,Y,Y,,
D01089,GF10-0004,purchase,feed,Y,Y,,
D01090,GF10-0005,purchase,feed,Y,Y,,
D01091,GF10-0006,purchase,feed,Y,Y,,
D01092,GF10-0007,purchase,feed,Y,Y,,
D01093,GF10-0008,purchase,feed,Y,Y,,
D01094,KA10-0001,purchase,fertiliser,Y,Y,,
D01095,KA10-0002,purchase,fertiliser,Y,Y,,
D01096,CS10-0005,purchase,fertiliser,Y,Y,,
D01097,CS10-0006,purchase,fertiliser,Y,Y,,
D01098,CS10-0007,purchase,fertiliser,Y,Y,,
D01099,LV10-0001,purchase,vet_medicine,Y,Y,,
D01100,LV10-0002,purchase,vet_medicine,Y,Y,,
D01101,LV10-0003,purchase,vet_medicine,Y,Y,,
D01102,LV10-0004,purchase,vet_medicine,Y,Y,,
D01103,LV10-0005,purchase,vet_medicine,Y,Y,,
D01104,LV10-0006,purchase,vet_medicine,Y,Y,,
D01105,LV10-0007,purchase,vet_medicine,Y,Y,,
D01106,LV10-0008,purchase,vet_medicine,Y,Y,,
D01107,LV10-0009,purchase,vet_medicine,Y,Y,,
D01108,LV10-0010,purchase,vet_medicine,Y,Y,,
D01109,LV10-0011,purchase,vet_medicine,Y,Y,,
D01110,LV10-0012,purchase,vet_medicine,Y,Y,,
D01111,LV10-0013,purchase,vet_medicine,Y,Y,,
D01112,LV10-0014,purchase,vet_medicine,Y,Y,,
D01113,LV10-0015,purchase,vet_medicine,Y,Y,,
D01114,LV10-0016,purchase,vet_medicine,Y,Y,,
D01115,LV10-0017,purchase,vet_medicine,Y,Y,,
D01116,LV10-0018,purchase,vet_medicine,Y,Y,,
D01117,LV10-0019,purchase,vet_medicine,Y,Y,,
D01118,LV10-0020,purchase,vet_medicine,Y,Y,,
D01119,LV10-0021,purchase,vet_medicine,Y,Y,,
D01120,LV10-0022,purchase,vet_medicine,Y,Y,,
D01121,LV10-0023,purchase,vet_medicine,Y,Y,,
D01122,LV10-0024,purchase,vet_medicine,Y,Y,,
D01123,LV10-0025,purchase,vet_medicine,Y,Y,,
D01124,LV10-0026,purchase,vet_medicine,Y,Y,,
D01126,LV10-0028,purchase,vet_medicine,Y,Y,,
D01127,LV10-0029,purchase,vet_medicine,Y,Y,,
D01128,LV10-0030,purchase,vet_medicine,Y,N,NO_VAT_NUMBER,
D01129,LV10-0031,purchase,vet_medicine,Y,Y,,
D01131,SG10-0002,purchase,breeding_ai,Y,Y,,
D01132,SG10-0003,purchase,breeding_ai,Y,Y,,
D01133,SG10-0004,purchase,breeding_ai,Y,Y,,
D01134,SG10-0005,purchase,breeding_ai,Y,Y,,
D01135,SG10-0006,purchase,breeding_ai,Y,Y,,
D01136,SG10-0007,purchase,breeding_ai,Y,Y,,
D01137,SG10-0008,purchase,breeding_ai,Y,Y,,
D01138,LAC10-0001,purchase,contractors,Y,Y,,
D01139,OB10-0001,purchase,contractors,Y,Y,,
D01140,LAC10-0002,purchase,contractors,Y,Y,,
D01141,LAC10-0003,purchase,contractors,Y,Y,,
D01142,LAC10-0004,purchase,contractors,Y,Y,,
D01143,OB10-0002,purchase,contractors,Y,Y,,
D01144,LAC10-0005,purchase,contractors,Y,Y,,
D01145,LAC10-0006,purchase,contractors,Y,Y,,
D01146,BF10-0001,purchase,fuel,Y,Y,,
D01147,BF10-0002,purchase,fuel,Y,Y,,
D01148,BF10-0003,purchase,fuel,Y,Y,,
D01149,BF10-0004,purchase,fuel,Y,Y,,
D01150,BF10-0005,purchase,fuel,Y,Y,,
D01151,BF10-0006,purchase,fuel,Y,Y,,
D01152,BF10-0007,purchase,fuel,Y,Y,,
D01153,BF10-0008,purchase,fuel,Y,Y,,
D01154,CFP10-0001,purchase,repairs,Y,Y,,
D01155,CFP10-0002,purchase,repairs,Y,Y,,
D01156,CFP10-0003,purchase,repairs,Y,Y,,
D01157,CFP10-0004,purchase,repairs,Y,Y,,
D01158,CFP10-0005,purchase,repairs,Y,Y,,
D01159,CFP10-0006,purchase,repairs,Y,Y,,
D01160,CFP10-0007,purchase,repairs,Y,Y,,
D01161,CFP10-0008,purchase,repairs,Y,Y,,
D01162,CFP10-0009,purchase,repairs,Y,Y,,
D01163,CFP10-0010,purchase,repairs,Y,Y,,
D01164,CFP10-0011,purchase,repairs,Y,Y,,
D01165,CFP10-0012,purchase,repairs,Y,Y,,
D01166,CFP10-0013,purchase,repairs,Y,Y,,
D01167,CFP10-0014,purchase,repairs,Y,Y,,
D01168,CFP10-0015,purchase,repairs,Y,Y,,
D01169,CFP10-0016,purchase,repairs,Y,Y,,
D01170,CFP10-0017,purchase,repairs,Y,Y,,
D01171,CFP10-0018,purchase,repairs,Y,Y,,
D01172,CFP10-0019,purchase,repairs,Y,Y,,
D01173,CFP10-0020,purchase,repairs,Y,Y,,
D01174,CFP10-0021,purchase,repairs,Y,Y,,
D01175,CFP10-0022,purchase,repairs,Y,Y,,
D01176,CFP10-0023,purchase,repairs,Y,Y,,
D01177,CFP10-0024,purchase,repairs,Y,Y,,
D01178,CFP10-0025,purchase,repairs,Y,Y,,
D01179,CFP10-0026,purchase,repairs,Y,Y,,
D01180,CFP10-0027,purchase,repairs,Y,Y,,
D01181,CFP10-0028,purchase,repairs,Y,Y,,
D01182,CFP10-0029,purchase,repairs,Y,Y,,
D01183,CFP10-0030,purchase,repairs,Y,Y,,
D01184,CFP10-0031,purchase,repairs,Y,Y,,
D01185,CFP10-0032,purchase,repairs,Y,Y,,
D01186,CFP10-0033,purchase,repairs,Y,Y,,
D01187,DHS10-0001,purchase,dairy_hygiene,Y,Y,,
D01188,DHS10-0002,purchase,dairy_hygiene,Y,Y,,
D01189,DHS10-0003,purchase,dairy_hygiene,Y,Y,,
D01190,DHS10-0004,purchase,dairy_hygiene,Y,Y,,
D01191,DHS10-0005,purchase,dairy_hygiene,Y,Y,,
D01192,DHS10-0006,purchase,dairy_hygiene,Y,Y,,
D01193,DHS10-0007,purchase,dairy_hygiene,Y,Y,,
D01194,DHS10-0008,purchase,dairy_hygiene,Y,Y,,
D01195,DHS10-0009,purchase,dairy_hygiene,Y,Y,,
D01196,DHS10-0010,purchase,dairy_hygiene,Y,Y,,
D01197,DHS10-0011,purchase,dairy_hygiene,Y,Y,,
D01198,DHS10-0012,purchase,dairy_hygiene,Y,Y,,
D01199,DHS10-0013,purchase,dairy_hygiene,Y,Y,,
D01200,AW10-0001,purchase,silage_plastic,Y,Y,,
D01201,AW10-0002,purchase,silage_plastic,Y,Y,,
D01202,AW10-0003,purchase,silage_plastic,Y,Y,,
D01203,HF10-0001,purchase,foot_care,Y,Y,,
D01204,HF10-0002,purchase,foot_care,Y,Y,,
D01205,HF10-0003,purchase,foot_care,Y,Y,,
D01206,HF10-0004,purchase,foot_care,Y,Y,,
D01207,HF10-0005,purchase,foot_care,Y,Y,,
D01208,ES10-0001,purchase,electricity,M,Y,,single meter: farmhouse and dairy; about 15% private
D01209,VF10-0001,purchase,telephone,M,Y,,
D01210,ES10-0002,purchase,electricity,M,Y,,single meter: farmhouse and dairy; about 15% private
D01211,VF10-0002,purchase,telephone,M,Y,,
D01212,ES10-0003,purchase,electricity,M,Y,,single meter: farmhouse and dairy; about 15% private
D01213,VF10-0003,purchase,telephone,M,Y,,
D01214,ES10-0004,purchase,electricity,M,Y,,single meter: farmhouse and dairy; about 15% private
D01215,VF10-0004,purchase,telephone,M,Y,,
D01216,ES10-0005,purchase,electricity,M,Y,,single meter: farmhouse and dairy; about 15% private
D01217,VF10-0005,purchase,telephone,M,Y,,
D01218,ES10-0006,purchase,electricity,M,Y,,single meter: farmhouse and dairy; about 15% private
D01219,VF10-0006,purchase,telephone,M,Y,,
D01220,ES10-0007,purchase,electricity,M,Y,,single meter: farmhouse and dairy; about 15% private
D01221,VF10-0007,purchase,telephone,M,Y,,
D01222,ES10-0008,purchase,electricity,M,Y,,single meter: farmhouse and dairy; about 15% private
D01223,VF10-0008,purchase,telephone,M,Y,,
D01224,ES10-0009,purchase,electricity,M,Y,,single meter: farmhouse and dairy; about 15% private
D01225,VF10-0009,purchase,telephone,M,Y,,
D01226,ES10-0010,purchase,electricity,M,Y,,single meter: farmhouse and dairy; about 15% private
D01227,VF10-0010,purchase,telephone,M,Y,,
D01228,ES10-0011,purchase,electricity,M,Y,,single meter: farmhouse and dairy; about 15% private
D01229,VF10-0011,purchase,telephone,M,Y,,
D01230,ES10-0012,purchase,electricity,M,Y,,single meter: farmhouse and dairy; about 15% private
D01231,VF10-0012,purchase,telephone,M,Y,,
D01232,MFI10-0001,purchase,insurance,Y,Y,,
D01233,HC10-0001,purchase,professional_fees,Y,Y,,
D01234,TG10-0001,purchase,professional_fees,Y,Y,,
D01235,WS10-0001,purchase,utilities,M,Y,,
D01236,DOC10-0001,purchase,land_rent,Y,Y,,
D01237,CS11-0001,purchase,feed,Y,Y,,
D01238,CS11-0002,purchase,feed,Y,Y,,
D01239,GF11-0001,purchase,feed,Y,Y,,
D01240,CS11-0003,purchase,feed,Y,Y,,
D01241,GF11-0002,purchase,feed,Y,Y,,
D01242,CS11-0004,purchase,feed,Y,Y,,
D01243,GF11-0003,purchase,feed,Y,Y,,
D01244,GF11-0004,purchase,feed,Y,Y,,
D01245,CS11-0005,purchase,feed,Y,Y,,
D01246,CS11-0006,purchase,feed,Y,Y,,
D01247,CS11-0007,purchase,feed,Y,Y,,
D01248,GF11-0005,purchase,feed,Y,Y,,
D01249,GF11-0006,purchase,feed,Y,Y,,
D01250,GF11-0007,purchase,feed,Y,Y,,
D01251,CS11-0008,purchase,fertiliser,Y,Y,,
D01252,CS11-0009,purchase,fertiliser,Y,Y,,
D01253,CS11-0010,purchase,fertiliser,Y,Y,,
D01254,CS11-0011,purchase,fertiliser,Y,Y,,
D01255,KA11-0001,purchase,fertiliser,Y,Y,,
D01256,KA11-0002,purchase,fertiliser,Y,Y,,
D01257,LV11-0001,purchase,vet_medicine,Y,Y,,
D01258,LV11-0002,purchase,vet_medicine,Y,Y,,
D01259,LV11-0003,purchase,vet_medicine,Y,Y,,
D01260,LV11-0004,purchase,vet_medicine,Y,Y,,
D01261,LV11-0005,purchase,vet_medicine,Y,Y,,
D01262,LV11-0006,purchase,vet_medicine,Y,Y,,
D01263,LV11-0007,purchase,vet_medicine,Y,Y,,
D01264,LV11-0008,purchase,vet_medicine,Y,Y,,
D01265,LV11-0009,purchase,vet_medicine,Y,Y,,
D01266,LV11-0010,purchase,vet_medicine,Y,Y,,
D01267,LV11-0011,purchase,vet_medicine,Y,Y,,
D01268,LV11-0012,purchase,vet_medicine,Y,Y,,
D01269,LV11-0013,purchase,vet_medicine,Y,Y,,
D01270,LV11-0014,purchase,vet_medicine,Y,Y,,
D01271,LV11-0015,purchase,vet_medicine,Y,Y,,
D01272,LV11-0016,purchase,vet_medicine,Y,Y,,
D01273,LV11-0017,purchase,vet_medicine,Y,Y,,
D01274,LV11-0018,purchase,vet_medicine,Y,Y,,
D01275,LV11-0019,purchase,vet_medicine,Y,Y,,
D01276,LV11-0020,purchase,vet_medicine,Y,Y,,
D01277,LV11-0021,purchase,vet_medicine,Y,Y,,
D01278,LV11-0022,purchase,vet_medicine,Y,Y,,
D01279,LV11-0023,purchase,vet_medicine,Y,Y,,
D01280,LV11-0024,purchase,vet_medicine,Y,Y,,
D01281,LV11-0025,purchase,vet_medicine,Y,Y,,
D01282,LV11-0026,purchase,vet_medicine,Y,Y,,
D01283,LV11-0027,purchase,vet_medicine,Y,Y,,
D01284,LV11-0028,purchase,vet_medicine,Y,Y,,
D01285,LV11-0029,purchase,vet_medicine,Y,Y,,
D01286,LV11-0030,purchase,vet_medicine,Y,Y,,
D01287,LV11-0031,purchase,vet_medicine,Y,Y,,
D01288,SG11-0001,purchase,breeding_ai,Y,Y,,
D01289,SG11-0002,purchase,breeding_ai,Y,Y,,
D01290,SG11-0003,purchase,breeding_ai,Y,Y,,
D01291,SG11-0004,purchase,breeding_ai,Y,Y,,
D01292,SG11-0005,purchase,breeding_ai,Y,Y,,
D01293,SG11-0006,purchase,breeding_ai,Y,Y,,
D01294,SG11-0007,purchase,breeding_ai,Y,Y,,
D01295,SG11-0008,purchase,breeding_ai,Y,Y,,
D01296,OB11-0001,purchase,contractors,Y,Y,,
D01297,OB11-0002,purchase,contractors,Y,Y,,
D01298,OB11-0003,purchase,contractors,Y,Y,,
D01299,LAC11-0001,purchase,contractors,Y,Y,,
D01300,LAC11-0002,purchase,contractors,Y,Y,,
D01301,LAC11-0003,purchase,contractors,Y,Y,,
D01302,OB11-0004,purchase,contractors,Y,Y,,
D01303,OB11-0005,purchase,contractors,Y,Y,,
D01304,BF11-0001,purchase,fuel,Y,Y,,
D01305,BF11-0002,purchase,fuel,Y,Y,,
D01306,BF11-0003,purchase,fuel,Y,Y,,
D01307,BF11-0004,purchase,fuel,Y,Y,,
D01308,BF11-0005,purchase,fuel,Y,Y,,
D01309,BF11-0006,purchase,fuel,Y,Y,,
D01310,BF11-0007,purchase,fuel,Y,Y,,
D01311,BF11-0008,purchase,fuel,Y,Y,,
D01312,BF11-0009,purchase,fuel,Y,Y,,
D01313,BF11-0010,purchase,fuel,Y,Y,,
D01314,CFP11-0001,purchase,repairs,Y,Y,,
D01315,CFP11-0002,purchase,repairs,Y,Y,,
D01316,CFP11-0003,purchase,repairs,Y,Y,,
D01317,CFP11-0004,purchase,repairs,Y,Y,,
D01318,CFP11-0005,purchase,repairs,Y,Y,,
D01319,CFP11-0006,purchase,repairs,Y,Y,,
D01320,CFP11-0007,purchase,repairs,Y,Y,,
D01321,CFP11-0008,purchase,repairs,Y,Y,,
D01322,CFP11-0009,purchase,repairs,Y,Y,,
D01323,CFP11-0010,purchase,repairs,Y,Y,,
D01324,CFP11-0011,purchase,repairs,Y,Y,,
D01325,CFP11-0012,purchase,repairs,Y,Y,,
D01326,CFP11-0013,purchase,repairs,Y,Y,,
D01327,CFP11-0014,purchase,repairs,Y,Y,,
D01328,CFP11-0015,purchase,repairs,Y,Y,,
D01329,CFP11-0016,purchase,repairs,Y,Y,,
D01330,CFP11-0017,purchase,repairs,Y,Y,,
D01331,CFP11-0018,purchase,repairs,Y,Y,,
D01332,CFP11-0019,purchase,repairs,Y,Y,,
D01333,CFP11-0020,purchase,repairs,Y,Y,,
D01334,CFP11-0021,purchase,repairs,Y,Y,,
D01335,CFP11-0022,purchase,repairs,Y,Y,,
D01336,CFP11-0023,purchase,repairs,Y,Y,,
D01337,CFP11-0024,purchase,repairs,Y,Y,,
D01338,CFP11-0025,purchase,repairs,Y,Y,,
D01339,CFP11-0026,purchase,repairs,Y,Y,,
D01340,CFP11-0027,purchase,repairs,Y,Y,,
D01341,CFP11-0028,purchase,repairs,Y,Y,,
D01342,CFP11-0029,purchase,repairs,Y,Y,,
D01343,CFP11-0030,purchase,repairs,Y,Y,,
D01344,CFP11-0031,purchase,repairs,Y,Y,,
D01345,CFP11-0032,purchase,repairs,Y,Y,,
D01346,CFP11-0033,purchase,repairs,Y,Y,,
D01347,DHS11-0001,purchase,dairy_hygiene,Y,Y,,
D01348,DHS11-0002,purchase,dairy_hygiene,Y,Y,,
D01349,DHS11-0003,purchase,dairy_hygiene,Y,Y,,
D01350,DHS11-0004,purchase,dairy_hygiene,Y,Y,,
D01351,DHS11-0005,purchase,dairy_hygiene,Y,Y,,
D01352,DHS11-0006,purchase,dairy_hygiene,Y,Y,,
D01353,DHS11-0007,purchase,dairy_hygiene,Y,Y,,
D01354,DHS11-0008,purchase,dairy_hygiene,Y,Y,,
D01355,DHS11-0009,purchase,dairy_hygiene,Y,Y,,
D01356,DHS11-0010,purchase,dairy_hygiene,Y,Y,,
D01357,DHS11-0011,purchase,dairy_hygiene,Y,Y,,
D01358,DHS11-0012,purchase,dairy_hygiene,Y,Y,,
D01359,DHS11-0013,purchase,dairy_hygiene,Y,Y,,
D01360,AW11-0001,purchase,silage_plastic,Y,Y,,
D01361,AW11-0002,purchase,silage_plastic,Y,Y,,
D01362,AW11-0003,purchase,silage_plastic,Y,Y,,
D01363,HF11-0001,purchase,foot_care,Y,Y,,
D01364,HF11-0002,purchase,foot_care,Y,Y,,
D01365,HF11-0003,purchase,foot_care,Y,Y,,
D01366,HF11-0004,purchase,foot_care,Y,Y,,
D01367,HF11-0005,purchase,foot_care,Y,Y,,
D01368,ES11-0001,purchase,electricity,M,Y,,single meter: farmhouse and dairy; about 15% private
D01369,VF11-0001,purchase,telephone,M,Y,,
D01370,ES11-0002,purchase,electricity,M,Y,,single meter: farmhouse and dairy; about 15% private
D01371,VF11-0002,purchase,telephone,M,Y,,
D01372,ES11-0003,purchase,electricity,M,Y,,single meter: farmhouse and dairy; about 15% private
D01373,VF11-0003,purchase,telephone,M,Y,,
D01374,ES11-0004,purchase,electricity,M,Y,,single meter: farmhouse and dairy; about 15% private
D01375,VF11-0004,purchase,telephone,M,Y,,
D01376,ES11-0005,purchase,electricity,M,Y,,single meter: farmhouse and dairy; about 15% private
D01377,VF11-0005,purchase,telephone,M,Y,,
D01378,ES11-0006,purchase,electricity,M,Y,,single meter: farmhouse and dairy; about 15% private
D01379,VF11-0006,purchase,telephone,M,Y,,
D01380,ES11-0007,purchase,electricity,M,Y,,single meter: farmhouse and dairy; about 15% private
D01381,VF11-0007,purchase,telephone,M,Y,,
D01382,ES11-0008,purchase,electricity,M,Y,,single meter: farmhouse and dairy; about 15% private
D01383,VF11-0008,purchase,telephone,M,Y,,
D01384,ES11-0009,purchase,electricity,M,Y,,single meter: farmhouse and dairy; about 15% private
D01385,VF11-0009,purchase,telephone,M,Y,,
D01386,ES11-0010,purchase,electricity,M,Y,,single meter: farmhouse and dairy; about 15% private
D01387,VF11-0010,purchase,telephone,M,Y,,
D01388,ES11-0011,purchase,electricity,M,Y,,single meter: farmhouse and dairy; about 15% private
D01389,VF11-0011,purchase,telephone,M,Y,,
D01390,ES11-0012,purchase,electricity,M,Y,,single meter: farmhouse and dairy; about 15% private
D01391,VF11-0012,purchase,telephone,M,Y,,
D01392,MFI11-0001,purchase,insurance,Y,Y,,
D01393,HC11-0001,purchase,professional_fees,Y,Y,,
D01394,TG11-0001,purchase,professional_fees,Y,Y,,
D01395,WS11-0001,purchase,utilities,M,Y,,
D01396,DOC11-0001,purchase,land_rent,Y,Y,,
D01397,CS12-0001,purchase,feed,Y,Y,,
D01398,GF12-0001,purchase,feed,Y,Y,,
D01399,CS12-0002,purchase,feed,Y,Y,,
D01400,GF12-0002,purchase,feed,Y,Y,,
D01401,CS12-0003,purchase,feed,Y,Y,,
D01402,GF12-0003,purchase,feed,Y,Y,,
D01403,GF12-0004,purchase,feed,Y,Y,,
D01404,CS12-0004,purchase,feed,Y,Y,,
D01405,GF12-0005,purchase,feed,Y,Y,,
D01406,CS12-0005,purchase,feed,Y,Y,,
D01407,GF12-0006,purchase,feed,Y,Y,,
D01408,GF12-0007,purchase,feed,Y,Y,,
D01409,GF12-0008,purchase,feed,Y,Y,,
D01410,GF12-0009,purchase,feed,Y,Y,,
D01411,CS12-0006,purchase,feed,Y,Y,,
D01412,GF12-0010,purchase,feed,Y,Y,,
D01413,GF12-0011,purchase,feed,Y,Y,,
D01414,KA12-0001,purchase,fertiliser,Y,Y,,
D01415,CS12-0007,purchase,fertiliser,Y,Y,,
D01416,KA12-0002,purchase,fertiliser,Y,Y,,
D01417,CS12-0008,purchase,fertiliser,Y,Y,,
D01418,CS12-0009,purchase,fertiliser,Y,Y,,
D01419,KA12-0003,purchase,fertiliser,Y,Y,,
D01420,CS12-0010,purchase,fertiliser,Y,Y,,
D01421,LV12-0001,purchase,vet_medicine,Y,Y,,
D01422,LV12-0002,purchase,vet_medicine,Y,Y,,
D01423,LV12-0003,purchase,vet_medicine,Y,Y,,
D01424,LV12-0004,purchase,vet_medicine,Y,Y,,
D01425,LV12-0005,purchase,vet_medicine,Y,Y,,
D01426,LV12-0006,purchase,vet_medicine,Y,Y,,
D01427,LV12-0007,purchase,vet_medicine,Y,Y,,
D01428,LV12-0008,purchase,vet_medicine,Y,Y,,
D01429,LV12-0009,purchase,vet_medicine,Y,Y,,
D01430,LV12-0010,purchase,vet_medicine,Y,Y,,
D01431,LV12-0011,purchase,vet_medicine,Y,Y,,
D01432,LV12-0012,purchase,vet_medicine,Y,Y,,
D01433,LV12-0013,purchase,vet_medicine,Y,Y,,
D01434,LV12-0014,purchase,vet_medicine,Y,Y,,
D01435,LV12-0015,purchase,vet_medicine,Y,Y,,
D01436,LV12-0016,purchase,vet_medicine,Y,Y,,
D01437,LV12-0017,purchase,vet_medicine,Y,Y,,
D01438,LV12-0018,purchase,vet_medicine,Y,Y,,
D01439,LV12-0019,purchase,vet_medicine,Y,Y,,
D01440,LV12-0020,purchase,vet_medicine,Y,Y,,
D01441,LV12-0021,purchase,vet_medicine,Y,Y,,
D01442,LV12-0022,purchase,vet_medicine,Y,Y,,
D01443,LV12-0023,purchase,vet_medicine,Y,Y,,
D01444,LV12-0024,purchase,vet_medicine,Y,Y,,
D01445,LV12-0025,purchase,vet_medicine,Y,Y,,
D01446,LV12-0026,purchase,vet_medicine,Y,Y,,
D01447,LV12-0027,purchase,vet_medicine,Y,Y,,
D01448,LV12-0028,purchase,vet_medicine,Y,Y,,
D01449,LV12-0029,purchase,vet_medicine,Y,Y,,
D01450,LV12-0030,purchase,vet_medicine,Y,Y,,
D01451,LV12-0031,purchase,vet_medicine,Y,Y,,
D01452,LV12-0032,purchase,vet_medicine,Y,Y,,
D01453,LV12-0033,purchase,vet_medicine,Y,Y,,
D01454,SG12-0001,purchase,breeding_ai,Y,Y,,
D01455,SG12-0002,purchase,breeding_ai,Y,Y,,
D01456,SG12-0003,purchase,breeding_ai,Y,Y,,
D01457,SG12-0004,purchase,breeding_ai,Y,Y,,
D01458,SG12-0005,purchase,breeding_ai,Y,Y,,
D01459,SG12-0006,purchase,breeding_ai,Y,Y,,
D01460,SG12-0007,purchase,breeding_ai,Y,Y,,
D01461,SG12-0008,purchase,breeding_ai,Y,Y,,
D01462,LAC12-0001,purchase,contractors,Y,Y,,
D01463,OB12-0001,purchase,contractors,Y,Y,,
D01464,OB12-0002,purchase,contractors,Y,Y,,
D01465,LAC12-0002,purchase,contractors,Y,Y,,
D01466,LAC12-0003,purchase,contractors,Y,Y,,
D01467,LAC12-0004,purchase,contractors,Y,Y,,
D01468,LAC12-0005,purchase,contractors,Y,Y,,
D01469,LAC12-0006,purchase,contractors,Y,Y,,
D01470,OB12-0003,purchase,contractors,Y,Y,,
D01471,BF12-0001,purchase,fuel,Y,Y,,
D01472,BF12-0002,purchase,fuel,Y,Y,,
D01473,BF12-0003,purchase,fuel,Y,Y,,
D01474,BF12-0004,purchase,fuel,Y,Y,,
D01475,BF12-0005,purchase,fuel,Y,Y,,
D01476,BF12-0006,purchase,fuel,Y,Y,,
D01477,BF12-0007,purchase,fuel,Y,Y,,
D01478,BF12-0008,purchase,fuel,Y,Y,,
D01479,BF12-0009,purchase,fuel,Y,Y,,
D01480,BF12-0010,purchase,fuel,Y,Y,,
D01481,BF12-0011,purchase,fuel,Y,Y,,
D01482,CFP12-0001,purchase,repairs,Y,Y,,
D01483,CFP12-0002,purchase,repairs,Y,Y,,
D01484,CFP12-0003,purchase,repairs,Y,Y,,
D01485,CFP12-0004,purchase,repairs,Y,Y,,
D01486,CFP12-0005,purchase,repairs,Y,Y,,
D01488,CFP12-0007,purchase,repairs,Y,Y,,
D01489,CFP12-0008,purchase,repairs,Y,Y,,
D01490,CFP12-0009,purchase,repairs,Y,Y,,
D01491,CFP12-0010,purchase,repairs,Y,Y,,
D01492,CFP12-0011,purchase,repairs,Y,Y,,
D01493,CFP12-0012,purchase,repairs,Y,Y,,
D01494,CFP12-0013,purchase,repairs,Y,Y,,
D01495,CFP12-0014,purchase,repairs,Y,Y,,
D01496,CFP12-0015,purchase,repairs,Y,Y,,
D01497,CFP12-0016,purchase,repairs,Y,Y,,
D01498,CFP12-0017,purchase,repairs,Y,Y,,
D01499,CFP12-0018,purchase,repairs,Y,Y,,
D01500,CFP12-0019,purchase,repairs,Y,Y,,
D01501,CFP12-0020,purchase,repairs,Y,Y,,
D01502,CFP12-0021,purchase,repairs,Y,Y,,
D01503,CFP12-0022,purchase,repairs,Y,Y,,
D01504,CFP12-0023,purchase,repairs,Y,Y,,
D01505,CFP12-0024,purchase,repairs,Y,Y,,
D01506,CFP12-0025,purchase,repairs,Y,Y,,
D01507,CFP12-0026,purchase,repairs,Y,Y,,
D01508,CFP12-0027,purchase,repairs,Y,Y,,
D01509,CFP12-0028,purchase,repairs,Y,Y,,
D01510,CFP12-0029,purchase,repairs,Y,Y,,
D01511,CFP12-0030,purchase,repairs,Y,Y,,
D01512,CFP12-0031,purchase,repairs,Y,Y,,
D01513,CFP12-0032,purchase,repairs,Y,Y,,
D01514,CFP12-0033,purchase,repairs,Y,Y,,
D01515,CFP12-0034,purchase,repairs,Y,Y,,
D01516,CFP12-0035,purchase,repairs,Y,Y,,
D01517,DHS12-0001,purchase,dairy_hygiene,Y,Y,,
D01518,DHS12-0002,purchase,dairy_hygiene,Y,Y,,
D01519,DHS12-0003,purchase,dairy_hygiene,Y,Y,,
D01520,DHS12-0004,purchase,dairy_hygiene,Y,Y,,
D01521,DHS12-0005,purchase,dairy_hygiene,Y,Y,,
D01522,DHS12-0006,purchase,dairy_hygiene,Y,Y,,
D01523,DHS12-0007,purchase,dairy_hygiene,Y,Y,,
D01524,DHS12-0008,purchase,dairy_hygiene,Y,Y,,
D01525,DHS12-0009,purchase,dairy_hygiene,Y,Y,,
D01526,DHS12-0010,purchase,dairy_hygiene,Y,Y,,
D01527,DHS12-0011,purchase,dairy_hygiene,Y,Y,,
D01528,DHS12-0012,purchase,dairy_hygiene,Y,Y,,
D01529,DHS12-0013,purchase,dairy_hygiene,Y,Y,,
D01530,AW12-0001,purchase,silage_plastic,Y,Y,,
D01531,AW12-0002,purchase,silage_plastic,Y,Y,,
D01532,AW12-0003,purchase,silage_plastic,Y,Y,,
D01533,HF12-0001,purchase,foot_care,Y,Y,,
D01534,HF12-0002,purchase,foot_care,Y,Y,,
D01535,HF12-0003,purchase,foot_care,Y,Y,,
D01536,HF12-0004,purchase,foot_care,Y,Y,,
D01537,HF12-0005,purchase,foot_care,Y,Y,,
D01538,ES12-0001,purchase,electricity,M,Y,,single meter: farmhouse and dairy; about 15% private
D01539,VF12-0001,purchase,telephone,M,Y,,
D01540,ES12-0002,purchase,electricity,M,Y,,single meter: farmhouse and dairy; about 15% private
D01541,VF12-0002,purchase,telephone,M,Y,,
D01542,ES12-0003,purchase,electricity,M,Y,,single meter: farmhouse and dairy; about 15% private
D01543,VF12-0003,purchase,telephone,M,Y,,
D01544,ES12-0004,purchase,electricity,M,Y,,single meter: farmhouse and dairy; about 15% private
D01545,VF12-0004,purchase,telephone,M,Y,,
D01546,ES12-0005,purchase,electricity,M,Y,,single meter: farmhouse and dairy; about 15% private
D01547,VF12-0005,purchase,telephone,M,Y,,
D01548,ES12-0006,purchase,electricity,M,Y,,single meter: farmhouse and dairy; about 15% private
D01549,VF12-0006,purchase,telephone,M,Y,,
D01550,ES12-0007,purchase,electricity,M,Y,,single meter: farmhouse and dairy; about 15% private
D01551,VF12-0007,purchase,telephone,M,Y,,
D01552,ES12-0008,purchase,electricity,M,Y,,single meter: farmhouse and dairy; about 15% private
D01553,VF12-0008,purchase,telephone,M,Y,,
D01554,ES12-0009,purchase,electricity,M,Y,,single meter: farmhouse and dairy; about 15% private
D01555,VF12-0009,purchase,telephone,M,Y,,
D01556,ES12-0010,purchase,electricity,M,Y,,single meter: farmhouse and dairy; about 15% private
D01557,VF12-0010,purchase,telephone,M,Y,,
D01558,ES12-0011,purchase,electricity,M,Y,,single meter: farmhouse and dairy; about 15% private
D01559,VF12-0011,purchase,telephone,M,Y,,
D01560,ES12-0012,purchase,electricity,M,Y,,single meter: farmhouse and dairy; about 15% private
D01561,VF12-0012,purchase,telephone,M,Y,,
D01562,MFI12-0001,purchase,insurance,Y,Y,,
D01563,HC12-0001,purchase,professional_fees,Y,Y,,
D01564,TG12-0001,purchase,professional_fees,Y,Y,,
D01565,WS12-0001,purchase,utilities,M,Y,,
D01566,DOC12-0001,purchase,land_rent,Y,Y,,
D01567,GF13-0001,purchase,feed,Y,Y,,
D01568,GF13-0002,purchase,feed,Y,Y,,
D01569,GF13-0003,purchase,feed,Y,Y,,
D01570,GF13-0004,purchase,feed,Y,Y,,
D01571,GF13-0005,purchase,feed,Y,Y,,
D01572,GF13-0006,purchase,feed,Y,Y,,
D01573,GF13-0007,purchase,feed,Y,Y,,
D01574,GF13-0008,purchase,feed,Y,Y,,
D01575,CS13-0001,purchase,feed,Y,Y,,
D01576,GF13-0009,purchase,feed,Y,Y,,
D01577,GF13-0010,purchase,feed,Y,Y,,
D01578,CS13-0002,purchase,feed,Y,Y,,
D01579,CS13-0003,purchase,feed,Y,Y,,
D01580,GF13-0011,purchase,feed,Y,Y,,
D01581,GF13-0012,purchase,feed,Y,Y,,
D01582,GF13-0013,purchase,feed,Y,Y,,
D01583,CS13-0004,purchase,feed,Y,Y,,
D01584,GF13-0014,purchase,feed,Y,Y,,
D01585,CS13-0005,purchase,feed,Y,Y,,
D01586,KA13-0001,purchase,fertiliser,Y,Y,,
D01587,CS13-0006,purchase,fertiliser,Y,Y,,
D01588,CS13-0007,purchase,fertiliser,Y,Y,,
D01589,CS13-0008,purchase,fertiliser,Y,Y,,
D01590,KA13-0002,purchase,fertiliser,Y,Y,,
D01591,KA13-0003,purchase,fertiliser,Y,Y,,
D01592,KA13-0004,purchase,fertiliser,Y,Y,,
D01593,LV13-0001,purchase,vet_medicine,Y,Y,,
D01594,LV13-0002,purchase,vet_medicine,Y,Y,,
D01595,LV13-0003,purchase,vet_medicine,Y,Y,,
D01596,LV13-0004,purchase,vet_medicine,Y,Y,,
D01597,LV13-0005,purchase,vet_medicine,Y,Y,,
D01598,LV13-0006,purchase,vet_medicine,Y,Y,,
D01599,LV13-0007,purchase,vet_medicine,Y,Y,,
D01600,LV13-0008,purchase,vet_medicine,Y,Y,,
D01601,LV13-0009,purchase,vet_medicine,Y,Y,,
D01602,LV13-0010,purchase,vet_medicine,Y,Y,,
D01603,LV13-0011,purchase,vet_medicine,Y,Y,,
D01604,LV13-0012,purchase,vet_medicine,Y,Y,,
D01605,LV13-0013,purchase,vet_medicine,Y,Y,,
D01606,LV13-0014,purchase,vet_medicine,Y,Y,,
D01607,LV13-0015,purchase,vet_medicine,Y,Y,,
D01608,LV13-0016,purchase,vet_medicine,Y,Y,,
D01609,LV13-0017,purchase,vet_medicine,Y,Y,,
D01610,LV13-0018,purchase,vet_medicine,Y,Y,,
D01611,LV13-0019,purchase,vet_medicine,Y,Y,,
D01612,LV13-0020,purchase,vet_medicine,Y,Y,,
D01613,LV13-0021,purchase,vet_medicine,Y,Y,,
D01614,LV13-0022,purchase,vet_medicine,Y,Y,,
D01615,LV13-0023,purchase,vet_medicine,Y,Y,,
D01616,LV13-0024,purchase,vet_medicine,Y,Y,,
D01617,LV13-0025,purchase,vet_medicine,Y,Y,,
D01618,LV13-0026,purchase,vet_medicine,Y,Y,,
D01619,LV13-0027,purchase,vet_medicine,Y,Y,,
D01620,LV13-0028,purchase,vet_medicine,Y,Y,,
D01621,LV13-0029,purchase,vet_medicine,Y,Y,,
D01622,LV13-0030,purchase,vet_medicine,Y,Y,,
D01623,LV13-0031,purchase,vet_medicine,Y,Y,,
D01624,LV13-0032,purchase,vet_medicine,Y,Y,,
D01625,LV13-0033,purchase,vet_medicine,Y,Y,,
D01626,SG13-0001,purchase,breeding_ai,Y,Y,,
D01627,SG13-0002,purchase,breeding_ai,Y,Y,,
D01628,SG13-0003,purchase,breeding_ai,Y,Y,,
D01629,SG13-0004,purchase,breeding_ai,Y,Y,,
D01630,SG13-0005,purchase,breeding_ai,Y,Y,,
D01631,SG13-0006,purchase,breeding_ai,Y,Y,,
D01632,SG13-0007,purchase,breeding_ai,Y,Y,,
D01633,SG13-0008,purchase,breeding_ai,Y,Y,,
D01634,LAC13-0001,purchase,contractors,Y,Y,,
D01635,LAC13-0002,purchase,contractors,Y,Y,,
D01636,LAC13-0003,purchase,contractors,Y,Y,,
D01637,LAC13-0004,purchase,contractors,Y,Y,,
D01638,OB13-0001,purchase,contractors,Y,Y,,
D01639,LAC13-0005,purchase,contractors,Y,Y,,
D01640,OB13-0002,purchase,contractors,Y,Y,,
D01641,LAC13-0006,purchase,contractors,Y,Y,,
D01642,LAC13-0007,purchase,contractors,Y,Y,,
D01643,BF13-0001,purchase,fuel,Y,Y,,
D01644,BF13-0002,purchase,fuel,Y,Y,,
D01645,BF13-0003,purchase,fuel,Y,Y,,
D01646,BF13-0004,purchase,fuel,Y,Y,,
D01647,BF13-0005,purchase,fuel,Y,Y,,
D01648,BF13-0006,purchase,fuel,Y,Y,,
D01649,BF13-0007,purchase,fuel,Y,Y,,
D01650,BF13-0008,purchase,fuel,Y,Y,,
D01651,BF13-0009,purchase,fuel,Y,Y,,
D01652,BF13-0010,purchase,fuel,Y,Y,,
D01653,CFP13-0001,purchase,repairs,Y,Y,,
D01654,CFP13-0002,purchase,repairs,Y,Y,,
D01655,CFP13-0003,purchase,repairs,Y,Y,,
D01656,CFP13-0004,purchase,repairs,Y,Y,,
D01657,CFP13-0005,purchase,repairs,Y,Y,,
D01658,CFP13-0006,purchase,repairs,Y,Y,,
D01659,CFP13-0007,purchase,repairs,Y,Y,,
D01660,CFP13-0008,purchase,repairs,Y,Y,,
D01661,CFP13-0009,purchase,repairs,Y,Y,,
D01662,CFP13-0010,purchase,repairs,Y,Y,,
D01663,CFP13-0011,purchase,repairs,Y,Y,,
D01664,CFP13-0012,purchase,repairs,Y,Y,,
D01665,CFP13-0013,purchase,repairs,Y,Y,,
D01666,CFP13-0014,purchase,repairs,Y,Y,,
D01667,CFP13-0015,purchase,repairs,Y,Y,,
D01668,CFP13-0016,purchase,repairs,Y,Y,,
D01669,CFP13-0017,purchase,repairs,Y,Y,,
D01670,CFP13-0018,purchase,repairs,Y,Y,,
D01671,CFP13-0019,purchase,repairs,Y,Y,,
D01672,CFP13-0020,purchase,repairs,Y,Y,,
D01673,CFP13-0021,purchase,repairs,Y,Y,,
D01674,CFP13-0022,purchase,repairs,Y,Y,,
D01675,CFP13-0023,purchase,repairs,Y,Y,,
D01676,CFP13-0024,purchase,repairs,Y,Y,,
D01677,CFP13-0025,purchase,repairs,Y,Y,,
D01678,CFP13-0026,purchase,repairs,Y,Y,,
D01679,CFP13-0027,purchase,repairs,Y,Y,,
D01680,CFP13-0028,purchase,repairs,Y,Y,,
D01681,CFP13-0029,purchase,repairs,Y,Y,,
D01682,CFP13-0030,purchase,repairs,Y,Y,,
D01683,CFP13-0031,purchase,repairs,Y,Y,,
D01684,CFP13-0032,purchase,repairs,Y,Y,,
D01685,CFP13-0033,purchase,repairs,Y,Y,,
D01686,CFP13-0034,purchase,repairs,Y,Y,,
D01687,CFP13-0035,purchase,repairs,Y,Y,,
D01688,DHS13-0001,purchase,dairy_hygiene,Y,Y,,
D01689,DHS13-0002,purchase,dairy_hygiene,Y,Y,,
D01690,DHS13-0003,purchase,dairy_hygiene,Y,Y,,
D01691,DHS13-0004,purchase,dairy_hygiene,Y,Y,,
D01692,DHS13-0005,purchase,dairy_hygiene,Y,Y,,
D01693,DHS13-0006,purchase,dairy_hygiene,Y,Y,,
D01694,DHS13-0007,purchase,dairy_hygiene,Y,Y,,
D01695,DHS13-0008,purchase,dairy_hygiene,Y,Y,,
D01696,DHS13-0009,purchase,dairy_hygiene,Y,Y,,
D01697,DHS13-0010,purchase,dairy_hygiene,Y,Y,,
D01698,DHS13-0011,purchase,dairy_hygiene,Y,Y,,
D01699,DHS13-0012,purchase,dairy_hygiene,Y,Y,,
D01700,DHS13-0013,purchase,dairy_hygiene,Y,Y,,
D01701,AW13-0001,purchase,silage_plastic,Y,Y,,
D01702,AW13-0002,purchase,silage_plastic,Y,Y,,
D01703,AW13-0003,purchase,silage_plastic,Y,Y,,
D01704,HF13-0001,purchase,foot_care,Y,Y,,
D01705,HF13-0002,purchase,foot_care,Y,Y,,
D01707,HF13-0004,purchase,foot_care,Y,Y,,
D01708,HF13-0005,purchase,foot_care,Y,Y,,
D01709,ES13-0001,purchase,electricity,M,Y,,single meter: farmhouse and dairy; about 15% private
D01710,VF13-0001,purchase,telephone,M,Y,,
D01711,ES13-0002,purchase,electricity,M,Y,,single meter: farmhouse and dairy; about 15% private
D01712,VF13-0002,purchase,telephone,M,Y,,
D01713,ES13-0003,purchase,electricity,M,Y,,single meter: farmhouse and dairy; about 15% private
D01714,VF13-0003,purchase,telephone,M,Y,,
D01715,ES13-0004,purchase,electricity,M,Y,,single meter: farmhouse and dairy; about 15% private
D01716,VF13-0004,purchase,telephone,M,Y,,
D01717,ES13-0005,purchase,electricity,M,Y,,single meter: farmhouse and dairy; about 15% private
D01718,VF13-0005,purchase,telephone,M,Y,,
D01719,ES13-0006,purchase,electricity,M,Y,,single meter: farmhouse and dairy; about 15% private
D01720,VF13-0006,purchase,telephone,M,Y,,
D01721,ES13-0007,purchase,electricity,M,Y,,single meter: farmhouse and dairy; about 15% private
D01722,VF13-0007,purchase,telephone,M,Y,,
D01723,ES13-0008,purchase,electricity,M,Y,,single meter: farmhouse and dairy; about 15% private
D01724,VF13-0008,purchase,telephone,M,Y,,
D01725,ES13-0009,purchase,electricity,M,Y,,single meter: farmhouse and dairy; about 15% private
D01726,VF13-0009,purchase,telephone,M,Y,,
D01727,ES13-0010,purchase,electricity,M,Y,,single meter: farmhouse and dairy; about 15% private
D01728,VF13-0010,purchase,telephone,M,Y,,
D01729,ES13-0011,purchase,electricity,M,Y,,single meter: farmhouse and dairy; about 15% private
D01730,VF13-0011,purchase,telephone,M,Y,,
D01731,ES13-0012,purchase,electricity,M,Y,,single meter: farmhouse and dairy; about 15% private
D01732,VF13-0012,purchase,telephone,M,Y,,
D01733,MFI13-0001,purchase,insurance,Y,Y,,
D01734,HC13-0001,purchase,professional_fees,Y,Y,,
D01735,TG13-0001,purchase,professional_fees,Y,Y,,
D01736,WS13-0001,purchase,utilities,M,Y,,
D01737,DOC13-0001,purchase,land_rent,Y,Y,,
D01738,GF14-0001,purchase,feed,Y,Y,,
D01739,GF14-0002,purchase,feed,Y,Y,,
D01740,GF14-0003,purchase,feed,Y,Y,,
D01741,GF14-0004,purchase,feed,Y,Y,,
D01742,GF14-0005,purchase,feed,Y,Y,,
D01743,GF14-0006,purchase,feed,Y,Y,,
D01744,GF14-0007,purchase,feed,Y,Y,,
D01745,GF14-0008,purchase,feed,Y,Y,,
D01746,CS14-0001,purchase,feed,Y,Y,,
D01747,GF14-0009,purchase,feed,Y,Y,,
D01748,GF14-0010,purchase,feed,Y,Y,,
D01749,CS14-0002,purchase,feed,Y,Y,,
D01750,GF14-0011,purchase,feed,Y,Y,,
D01751,CS14-0003,purchase,feed,Y,Y,,
D01752,CS14-0004,purchase,feed,Y,Y,,
D01753,GF14-0012,purchase,feed,Y,Y,,
D01754,KA14-0001,purchase,fertiliser,Y,Y,,
D01755,KA14-0002,purchase,fertiliser,Y,Y,,
D01756,KA14-0003,purchase,fertiliser,Y,Y,,
D01757,CS14-0005,purchase,fertiliser,Y,Y,,
D01758,CS14-0006,purchase,fertiliser,Y,Y,,
D01759,CS14-0007,purchase,fertiliser,Y,Y,,
D01760,LV14-0001,purchase,vet_medicine,Y,Y,,
D01761,LV14-0002,purchase,vet_medicine,Y,Y,,
D01762,LV14-0003,purchase,vet_medicine,Y,Y,,
D01763,LV14-0004,purchase,vet_medicine,Y,Y,,
D01764,LV14-0005,purchase,vet_medicine,Y,Y,,
D01765,LV14-0006,purchase,vet_medicine,Y,Y,WRONG_VAT_RATE,VAT charged at 23% on a 13.5% / 0% item
D01766,LV14-0007,purchase,vet_medicine,Y,Y,,
D01767,LV14-0008,purchase,vet_medicine,Y,Y,,
D01768,LV14-0009,purchase,vet_medicine,Y,Y,,
D01769,LV14-0010,purchase,vet_medicine,Y,Y,,
D01770,LV14-0011,purchase,vet_medicine,Y,Y,,
D01771,LV14-0012,purchase,vet_medicine,Y,Y,,
D01772,LV14-0013,purchase,vet_medicine,Y,Y,,
D01773,LV14-0014,purchase,vet_medicine,Y,Y,,
D01774,LV14-0015,purchase,vet_medicine,Y,Y,,
D01775,LV14-0016,purchase,vet_medicine,Y,Y,,
D01776,LV14-0017,purchase,vet_medicine,Y,Y,,
D01777,LV14-0018,purchase,vet_medicine,Y,Y,,
D01778,LV14-0019,purchase,vet_medicine,Y,Y,,
D01779,LV14-0020,purchase,vet_medicine,Y,Y,,
D01780,LV14-0021,purchase,vet_medicine,Y,Y,,
D01781,LV14-0022,purchase,vet_medicine,Y,Y,,
D01782,LV14-0023,purchase,vet_medicine,Y,Y,,
D01783,LV14-0024,purchase,vet_medicine,Y,Y,,
D01784,LV14-0025,purchase,vet_medicine,Y,Y,,
D01785,LV14-0026,purchase,vet_medicine,Y,Y,,
D01786,LV14-0027,purchase,vet_medicine,Y,Y,,
D01787,LV14-0028,purchase,vet_medicine,Y,Y,,
D01788,LV14-0029,purchase,vet_medicine,Y,Y,,
D01789,LV14-0030,purchase,vet_medicine,Y,Y,,
D01790,LV14-0031,purchase,vet_medicine,Y,Y,,
D01791,LV14-0032,purchase,vet_medicine,Y,Y,,
D01792,LV14-0033,purchase,vet_medicine,Y,Y,,
D01793,LV14-0034,purchase,vet_medicine,Y,Y,,
D01794,SG14-0001,purchase,breeding_ai,Y,Y,,
D01795,SG14-0002,purchase,breeding_ai,Y,Y,,
D01796,SG14-0003,purchase,breeding_ai,Y,Y,,
D01797,SG14-0004,purchase,breeding_ai,Y,Y,,
D01798,SG14-0005,purchase,breeding_ai,Y,Y,,
D01799,SG14-0006,purchase,breeding_ai,Y,Y,,
D01800,SG14-0007,purchase,breeding_ai,Y,Y,,
D01801,SG14-0008,purchase,breeding_ai,Y,Y,,
D01802,SG14-0009,purchase,breeding_ai,Y,Y,,
D01803,LAC14-0001,purchase,contractors,Y,Y,,
D01804,OB14-0001,purchase,contractors,Y,Y,,
D01805,LAC14-0002,purchase,contractors,Y,Y,,
D01806,LAC14-0003,purchase,contractors,Y,Y,,
D01807,LAC14-0004,purchase,contractors,Y,Y,,
D01808,LAC14-0005,purchase,contractors,Y,Y,,
D01809,LAC14-0006,purchase,contractors,Y,Y,,
D01810,LAC14-0007,purchase,contractors,Y,Y,,
D01811,LAC14-0008,purchase,contractors,Y,Y,,
D01812,BF14-0001,purchase,fuel,Y,Y,,
D01813,BF14-0002,purchase,fuel,Y,Y,,
D01814,BF14-0003,purchase,fuel,Y,Y,,
D01815,BF14-0004,purchase,fuel,Y,Y,,
D01816,BF14-0005,purchase,fuel,Y,Y,,
D01817,BF14-0006,purchase,fuel,Y,Y,,
D01818,BF14-0007,purchase,fuel,Y,Y,,
D01820,BF14-0009,purchase,fuel,Y,Y,,
D01821,CFP14-0001,purchase,repairs,Y,Y,,
D01822,CFP14-0002,purchase,repairs,Y,Y,,
D01823,CFP14-0003,purchase,repairs,Y,Y,,
D01824,CFP14-0004,purchase,repairs,Y,Y,,
D01825,CFP14-0005,purchase,repairs,Y,Y,,
D01826,CFP14-0006,purchase,repairs,Y,Y,,
D01827,CFP14-0007,purchase,repairs,Y,Y,,
D01828,CFP14-0008,purchase,repairs,Y,Y,,
D01829,CFP14-0009,purchase,repairs,Y,Y,,
D01830,CFP14-0010,purchase,repairs,Y,Y,,
D01832,CFP14-0012,purchase,repairs,Y,Y,,
D01833,CFP14-0013,purchase,repairs,Y,Y,,
D01834,CFP14-0014,purchase,repairs,Y,Y,,
D01835,CFP14-0015,purchase,repairs,Y,Y,,
D01836,CFP14-0016,purchase,repairs,Y,Y,,
D01837,CFP14-0017,purchase,repairs,Y,Y,,
D01838,CFP14-0018,purchase,repairs,Y,Y,,
D01839,CFP14-0019,purchase,repairs,Y,Y,,
D01840,CFP14-0020,purchase,repairs,Y,Y,,
D01841,CFP14-0021,purchase,repairs,Y,Y,,
D01842,CFP14-0022,purchase,repairs,Y,Y,,
D01843,CFP14-0023,purchase,repairs,Y,Y,,
D01844,CFP14-0024,purchase,repairs,Y,Y,,
D01845,CFP14-0025,purchase,repairs,Y,Y,,
D01846,CFP14-0026,purchase,repairs,Y,Y,,
D01847,CFP14-0027,purchase,repairs,Y,Y,,
D01848,CFP14-0028,purchase,repairs,Y,Y,,
D01849,CFP14-0029,purchase,repairs,Y,Y,,
D01850,CFP14-0030,purchase,repairs,Y,Y,,
D01851,CFP14-0031,purchase,repairs,Y,Y,,
D01852,CFP14-0032,purchase,repairs,Y,Y,,
D01853,CFP14-0033,purchase,repairs,Y,Y,,
D01854,CFP14-0034,purchase,repairs,Y,Y,,
D01855,CFP14-0035,purchase,repairs,Y,Y,ARITH_ERROR,printed gross does not equal net + VAT
D01856,CFP14-0036,purchase,repairs,Y,Y,,
D01857,CFP14-0037,purchase,repairs,Y,Y,,
D01858,DHS14-0001,purchase,dairy_hygiene,Y,Y,,
D01859,DHS14-0002,purchase,dairy_hygiene,Y,Y,,
D01860,DHS14-0003,purchase,dairy_hygiene,Y,Y,,
D01861,DHS14-0004,purchase,dairy_hygiene,Y,Y,,
D01862,DHS14-0005,purchase,dairy_hygiene,Y,Y,,
D01863,DHS14-0006,purchase,dairy_hygiene,Y,Y,,
D01864,DHS14-0007,purchase,dairy_hygiene,Y,Y,,
D01865,DHS14-0008,purchase,dairy_hygiene,Y,Y,,
D01866,DHS14-0009,purchase,dairy_hygiene,Y,Y,,
D01867,DHS14-0010,purchase,dairy_hygiene,Y,Y,,
D01868,DHS14-0011,purchase,dairy_hygiene,Y,Y,,
D01869,DHS14-0012,purchase,dairy_hygiene,Y,Y,,
D01870,DHS14-0013,purchase,dairy_hygiene,Y,Y,,
D01871,DHS14-0014,purchase,dairy_hygiene,Y,Y,,
D01872,AW14-0001,purchase,silage_plastic,Y,Y,,
D01873,AW14-0002,purchase,silage_plastic,Y,Y,,
D01874,AW14-0003,purchase,silage_plastic,Y,Y,,
D01875,HF14-0001,purchase,foot_care,Y,Y,,
D01876,HF14-0002,purchase,foot_care,Y,Y,,
D01877,HF14-0003,purchase,foot_care,Y,Y,,
D01878,HF14-0004,purchase,foot_care,Y,Y,,
D01879,HF14-0005,purchase,foot_care,Y,Y,,
D01880,ES14-0001,purchase,electricity,M,Y,,single meter: farmhouse and dairy; about 15% private
D01881,VF14-0001,purchase,telephone,M,Y,,
D01882,ES14-0002,purchase,electricity,M,Y,,single meter: farmhouse and dairy; about 15% private
D01883,VF14-0002,purchase,telephone,M,Y,,
D01884,ES14-0003,purchase,electricity,M,Y,,single meter: farmhouse and dairy; about 15% private
D01885,VF14-0003,purchase,telephone,M,Y,,
D01886,ES14-0004,purchase,electricity,M,Y,,single meter: farmhouse and dairy; about 15% private
D01887,VF14-0004,purchase,telephone,M,Y,,
D01888,ES14-0005,purchase,electricity,M,Y,,single meter: farmhouse and dairy; about 15% private
D01889,VF14-0005,purchase,telephone,M,Y,,
D01890,ES14-0006,purchase,electricity,M,Y,,single meter: farmhouse and dairy; about 15% private
D01891,VF14-0006,purchase,telephone,M,Y,,
D01892,ES14-0007,purchase,electricity,M,Y,,single meter: farmhouse and dairy; about 15% private
D01893,VF14-0007,purchase,telephone,M,Y,,
D01894,ES14-0008,purchase,electricity,M,Y,,single meter: farmhouse and dairy; about 15% private
D01895,VF14-0008,purchase,telephone,M,Y,,
D01896,ES14-0009,purchase,electricity,M,Y,,single meter: farmhouse and dairy; about 15% private
D01897,VF14-0009,purchase,telephone,M,Y,,
D01898,ES14-0010,purchase,electricity,M,Y,,single meter: farmhouse and dairy; about 15% private
D01899,VF14-0010,purchase,telephone,M,Y,,
D01900,ES14-0011,purchase,electricity,M,Y,,single meter: farmhouse and dairy; about 15% private
D01901,VF14-0011,purchase,telephone,M,Y,,
D01902,ES14-0012,purchase,electricity,M,Y,,single meter: farmhouse and dairy; about 15% private
D01903,VF14-0012,purchase,telephone,M,Y,,
D01904,MFI14-0001,purchase,insurance,Y,Y,,
D01905,HC14-0001,purchase,professional_fees,Y,Y,,
D01906,TG14-0001,purchase,professional_fees,Y,Y,,
D01907,WS14-0001,purchase,utilities,M,Y,,
D01908,DOC14-0001,purchase,land_rent,Y,Y,,
D01909,GF15-0001,purchase,feed,Y,Y,,
D01910,CS15-0001,purchase,feed,Y,Y,,
D01911,GF15-0002,purchase,feed,Y,Y,,
D01912,CS15-0002,purchase,feed,Y,Y,,
D01913,CS15-0003,purchase,feed,Y,Y,,
D01914,CS15-0004,purchase,feed,Y,Y,,
D01915,GF15-0003,purchase,feed,Y,Y,,
D01916,GF15-0004,purchase,feed,Y,Y,,
D01917,CS15-0005,purchase,feed,Y,Y,,
D01918,GF15-0005,purchase,feed,Y,Y,,
D01919,CS15-0006,purchase,feed,Y,Y,,
D01920,CS15-0007,purchase,feed,Y,Y,,
D01921,GF15-0006,purchase,feed,Y,Y,,
D01922,CS15-0008,purchase,feed,Y,Y,,
D01923,CS15-0009,purchase,feed,Y,Y,,
D01924,CS15-0010,purchase,fertiliser,Y,Y,,
D01925,CS15-0011,purchase,fertiliser,Y,N,NO_VAT_NUMBER,
D01926,CS15-0012,purchase,fertiliser,Y,Y,,
D01927,KA15-0001,purchase,fertiliser,Y,Y,,
D01928,CS15-0013,purchase,fertiliser,Y,Y,,
D01929,CS15-0014,purchase,fertiliser,Y,Y,,
D01930,LV15-0001,purchase,vet_medicine,Y,Y,,
D01931,LV15-0002,purchase,vet_medicine,Y,Y,,
D01932,LV15-0003,purchase,vet_medicine,Y,Y,,
D01933,LV15-0004,purchase,vet_medicine,Y,Y,,
D01934,LV15-0005,purchase,vet_medicine,Y,Y,,
D01935,LV15-0006,purchase,vet_medicine,Y,Y,,
D01936,LV15-0007,purchase,vet_medicine,Y,Y,,
D01937,LV15-0008,purchase,vet_medicine,Y,Y,,
D01938,LV15-0009,purchase,vet_medicine,Y,Y,,
D01939,LV15-0010,purchase,vet_medicine,Y,Y,,
D01940,LV15-0011,purchase,vet_medicine,Y,Y,,
D01941,LV15-0012,purchase,vet_medicine,Y,Y,,
D01942,LV15-0013,purchase,vet_medicine,Y,Y,,
D01943,LV15-0014,purchase,vet_medicine,Y,Y,,
D01944,LV15-0015,purchase,vet_medicine,Y,Y,,
D01945,LV15-0016,purchase,vet_medicine,Y,Y,,
D01946,LV15-0017,purchase,vet_medicine,Y,Y,,
D01947,LV15-0018,purchase,vet_medicine,Y,Y,,
D01948,LV15-0019,purchase,vet_medicine,Y,Y,,
D01949,LV15-0020,purchase,vet_medicine,Y,Y,,
D01950,LV15-0021,purchase,vet_medicine,Y,Y,,
D01951,LV15-0022,purchase,vet_medicine,Y,Y,,
D01952,LV15-0023,purchase,vet_medicine,Y,Y,,
D01953,LV15-0024,purchase,vet_medicine,Y,Y,,
D01954,LV15-0025,purchase,vet_medicine,Y,Y,,
D01955,LV15-0026,purchase,vet_medicine,Y,Y,,
D01956,LV15-0027,purchase,vet_medicine,Y,Y,,
D01957,LV15-0028,purchase,vet_medicine,Y,Y,,
D01958,LV15-0029,purchase,vet_medicine,Y,Y,,
D01959,LV15-0030,purchase,vet_medicine,Y,Y,,
D01960,LV15-0031,purchase,vet_medicine,Y,Y,,
D01961,LV15-0032,purchase,vet_medicine,Y,Y,,
D01962,LV15-0033,purchase,vet_medicine,Y,Y,,
D01963,LV15-0034,purchase,vet_medicine,Y,Y,,
D01964,LV15-0035,purchase,vet_medicine,Y,Y,,
D01965,LV15-0036,purchase,vet_medicine,Y,Y,,
D01966,LV15-0037,purchase,vet_medicine,Y,Y,,
D01967,SG15-0001,purchase,breeding_ai,Y,Y,,
D01968,SG15-0002,purchase,breeding_ai,Y,Y,,
D01969,SG15-0003,purchase,breeding_ai,Y,Y,,
D01970,SG15-0004,purchase,breeding_ai,Y,Y,,
D01971,SG15-0005,purchase,breeding_ai,Y,Y,,
D01972,SG15-0006,purchase,breeding_ai,Y,Y,,
D01973,SG15-0007,purchase,breeding_ai,Y,Y,,
D01974,SG15-0008,purchase,breeding_ai,Y,Y,,
D01975,SG15-0009,purchase,breeding_ai,Y,Y,,
D01976,LAC15-0001,purchase,contractors,Y,Y,,
D01977,OB15-0001,purchase,contractors,Y,Y,,
D01978,LAC15-0002,purchase,contractors,Y,Y,,
D01979,LAC15-0003,purchase,contractors,Y,Y,,
D01980,LAC15-0004,purchase,contractors,Y,Y,,
D01981,LAC15-0005,purchase,contractors,Y,Y,,
D01982,LAC15-0006,purchase,contractors,Y,Y,,
D01983,OB15-0002,purchase,contractors,Y,Y,,
D01984,LAC15-0007,purchase,contractors,Y,Y,,
D01985,OB15-0003,purchase,contractors,Y,Y,,
D01986,BF15-0001,purchase,fuel,Y,Y,,
D01987,BF15-0002,purchase,fuel,Y,Y,,
D01988,BF15-0003,purchase,fuel,Y,Y,,
D01989,BF15-0004,purchase,fuel,Y,Y,,
D01990,BF15-0005,purchase,fuel,Y,Y,,
D01991,BF15-0006,purchase,fuel,Y,Y,,
D01992,BF15-0007,purchase,fuel,Y,Y,,
D01993,BF15-0008,purchase,fuel,Y,Y,,
D01994,CFP15-0001,purchase,repairs,Y,Y,,
D01995,CFP15-0002,purchase,repairs,Y,Y,,
D01997,CFP15-0004,purchase,repairs,Y,Y,,
D01998,CFP15-0005,purchase,repairs,Y,Y,,
D01999,CFP15-0006,purchase,repairs,Y,Y,,
D02000,CFP15-0007,purchase,repairs,Y,Y,,
D02001,CFP15-0008,purchase,repairs,Y,Y,,
D02002,CFP15-0009,purchase,repairs,Y,Y,,
D02003,CFP15-0010,purchase,repairs,Y,Y,,
D02004,CFP15-0011,purchase,repairs,Y,Y,,
D02005,CFP15-0012,purchase,repairs,Y,Y,,
D02006,CFP15-0013,purchase,repairs,Y,Y,,
D02007,CFP15-0014,purchase,repairs,Y,Y,,
D02008,CFP15-0015,purchase,repairs,Y,Y,,
D02009,CFP15-0016,purchase,repairs,Y,Y,,
D02010,CFP15-0017,purchase,repairs,Y,Y,,
D02011,CFP15-0018,purchase,repairs,Y,Y,,
D02012,CFP15-0019,purchase,repairs,Y,Y,,
D02013,CFP15-0020,purchase,repairs,Y,Y,,
D02014,CFP15-0021,purchase,repairs,Y,Y,,
D02015,CFP15-0022,purchase,repairs,Y,Y,,
D02016,CFP15-0023,purchase,repairs,Y,Y,,
D02018,CFP15-0025,purchase,repairs,Y,Y,,
D02019,CFP15-0026,purchase,repairs,Y,Y,,
D02020,CFP15-0027,purchase,repairs,Y,Y,,
D02021,CFP15-0028,purchase,repairs,Y,Y,,
D02022,CFP15-0029,purchase,repairs,Y,Y,,
D02023,CFP15-0030,purchase,repairs,Y,Y,,
D02024,CFP15-0031,purchase,repairs,Y,Y,,
D02025,CFP15-0032,purchase,repairs,Y,Y,,
D02026,CFP15-0033,purchase,repairs,Y,Y,,
D02027,CFP15-0034,purchase,repairs,Y,Y,,
D02028,CFP15-0035,purchase,repairs,Y,Y,,
D02029,CFP15-0036,purchase,repairs,Y,Y,,
D02030,CFP15-0037,purchase,repairs,Y,Y,,
D02031,CFP15-0038,purchase,repairs,Y,Y,,
D02032,CFP15-0039,purchase,repairs,Y,Y,,
D02033,DHS15-0001,purchase,dairy_hygiene,Y,Y,,
D02034,DHS15-0002,purchase,dairy_hygiene,Y,Y,,
D02035,DHS15-0003,purchase,dairy_hygiene,Y,Y,,
D02036,DHS15-0004,purchase,dairy_hygiene,Y,Y,,
D02037,DHS15-0005,purchase,dairy_hygiene,Y,Y,,
D02038,DHS15-0006,purchase,dairy_hygiene,Y,Y,,
D02039,DHS15-0007,purchase,dairy_hygiene,Y,Y,,
D02040,DHS15-0008,purchase,dairy_hygiene,Y,Y,,
D02041,DHS15-0009,purchase,dairy_hygiene,Y,Y,,
D02042,DHS15-0010,purchase,dairy_hygiene,Y,Y,,
D02043,DHS15-0011,purchase,dairy_hygiene,Y,Y,,
D02044,DHS15-0012,purchase,dairy_hygiene,Y,Y,,
D02045,DHS15-0013,purchase,dairy_hygiene,Y,Y,,
D02046,DHS15-0014,purchase,dairy_hygiene,Y,Y,,
D02047,DHS15-0015,purchase,dairy_hygiene,Y,Y,,
D02048,AW15-0001,purchase,silage_plastic,Y,Y,,
D02049,AW15-0002,purchase,silage_plastic,Y,Y,,
D02050,AW15-0003,purchase,silage_plastic,Y,Y,,
D02051,AW15-0004,purchase,silage_plastic,Y,Y,,
D02052,HF15-0001,purchase,foot_care,Y,Y,,
D02053,HF15-0002,purchase,foot_care,Y,Y,,
D02054,HF15-0003,purchase,foot_care,Y,Y,,
D02055,HF15-0004,purchase,foot_care,Y,Y,,
D02056,HF15-0005,purchase,foot_care,Y,Y,,
D02057,HF15-0006,purchase,foot_care,Y,Y,,
D02058,ES15-0001,purchase,electricity,M,Y,,single meter: farmhouse and dairy; about 15% private
D02059,VF15-0001,purchase,telephone,M,Y,,
D02060,ES15-0002,purchase,electricity,M,Y,,single meter: farmhouse and dairy; about 15% private
D02061,VF15-0002,purchase,telephone,M,Y,,
D02062,ES15-0003,purchase,electricity,M,Y,,single meter: farmhouse and dairy; about 15% private
D02063,VF15-0003,purchase,telephone,M,Y,,
D02064,ES15-0004,purchase,electricity,M,Y,,single meter: farmhouse and dairy; about 15% private
D02065,VF15-0004,purchase,telephone,M,Y,,
D02066,ES15-0005,purchase,electricity,M,Y,,single meter: farmhouse and dairy; about 15% private
D02067,VF15-0005,purchase,telephone,M,Y,,
D02068,ES15-0006,purchase,electricity,M,Y,,single meter: farmhouse and dairy; about 15% private
D02069,VF15-0006,purchase,telephone,M,Y,,
D02070,ES15-0007,purchase,electricity,M,Y,,single meter: farmhouse and dairy; about 15% private
D02071,VF15-0007,purchase,telephone,M,Y,,
D02072,ES15-0008,purchase,electricity,M,Y,,single meter: farmhouse and dairy; about 15% private
D02073,VF15-0008,purchase,telephone,M,Y,,
D02074,ES15-0009,purchase,electricity,M,Y,,single meter: farmhouse and dairy; about 15% private
D02075,VF15-0009,purchase,telephone,M,Y,,
D02076,ES15-0010,purchase,electricity,M,Y,,single meter: farmhouse and dairy; about 15% private
D02077,VF15-0010,purchase,telephone,M,Y,,
D02078,ES15-0011,purchase,electricity,M,Y,,single meter: farmhouse and dairy; about 15% private
D02079,VF15-0011,purchase,telephone,M,Y,,
D02080,ES15-0012,purchase,electricity,M,Y,,single meter: farmhouse and dairy; about 15% private
D02081,VF15-0012,purchase,telephone,M,Y,,
D02082,MFI15-0001,purchase,insurance,Y,Y,,
D02083,HC15-0001,purchase,professional_fees,Y,Y,,
D02084,TG15-0001,purchase,professional_fees,Y,Y,,
D02085,WS15-0001,purchase,utilities,M,Y,,
D02086,DOC15-0001,purchase,land_rent,Y,Y,,
D02087,CS16-0001,purchase,feed,Y,Y,,
D02088,GF16-0001,purchase,feed,Y,Y,,
D02089,CS16-0002,purchase,feed,Y,Y,,
D02090,GF16-0002,purchase,feed,Y,Y,,
D02091,CS16-0003,purchase,feed,Y,Y,,
D02092,GF16-0003,purchase,feed,Y,Y,,
D02093,GF16-0004,purchase,feed,Y,Y,,
D02094,CS16-0004,purchase,feed,Y,Y,,
D02095,GF16-0005,purchase,feed,Y,Y,,
D02096,GF16-0006,purchase,feed,Y,Y,,
D02097,CS16-0005,purchase,feed,Y,Y,,
D02098,GF16-0007,purchase,feed,Y,Y,,
D02099,GF16-0008,purchase,feed,Y,Y,,
D02100,GF16-0009,purchase,feed,Y,Y,,
D02101,GF16-0010,purchase,feed,Y,Y,,
D02102,CS16-0006,purchase,feed,Y,Y,,
D02103,KA16-0001,purchase,fertiliser,Y,Y,,
D02104,CS16-0007,purchase,fertiliser,Y,Y,,
D02105,KA16-0002,purchase,fertiliser,Y,Y,,
D02106,KA16-0003,purchase,fertiliser,Y,Y,,
D02107,KA16-0004,purchase,fertiliser,Y,Y,,
D02109,LV16-0001,purchase,vet_medicine,Y,Y,,
D02110,LV16-0002,purchase,vet_medicine,Y,Y,,
D02111,LV16-0003,purchase,vet_medicine,Y,Y,,
D02112,LV16-0004,purchase,vet_medicine,Y,Y,,
D02113,LV16-0005,purchase,vet_medicine,Y,Y,,
D02114,LV16-0006,purchase,vet_medicine,Y,Y,,
D02115,LV16-0007,purchase,vet_medicine,Y,Y,,
D02116,LV16-0008,purchase,vet_medicine,Y,Y,,
D02117,LV16-0009,purchase,vet_medicine,Y,Y,,
D02118,LV16-0010,purchase,vet_medicine,Y,Y,,
D02119,LV16-0011,purchase,vet_medicine,Y,Y,,
D02120,LV16-0012,purchase,vet_medicine,Y,Y,,
D02121,LV16-0013,purchase,vet_medicine,Y,Y,,
D02122,LV16-0014,purchase,vet_medicine,Y,Y,,
D02123,LV16-0015,purchase,vet_medicine,Y,Y,,
D02124,LV16-0016,purchase,vet_medicine,Y,Y,,
D02125,LV16-0017,purchase,vet_medicine,Y,Y,,
D02126,LV16-0018,purchase,vet_medicine,Y,Y,,
D02127,LV16-0019,purchase,vet_medicine,Y,Y,,
D02128,LV16-0020,purchase,vet_medicine,Y,Y,,
D02129,LV16-0021,purchase,vet_medicine,Y,Y,,
D02130,LV16-0022,purchase,vet_medicine,Y,Y,,
D02131,LV16-0023,purchase,vet_medicine,Y,Y,,
D02132,LV16-0024,purchase,vet_medicine,Y,Y,,
D02133,LV16-0025,purchase,vet_medicine,Y,Y,,
D02134,LV16-0026,purchase,vet_medicine,Y,Y,,
D02135,LV16-0027,purchase,vet_medicine,Y,Y,,
D02136,LV16-0028,purchase,vet_medicine,Y,Y,,
D02137,LV16-0029,purchase,vet_medicine,Y,Y,,
D02138,LV16-0030,purchase,vet_medicine,Y,Y,,
D02139,LV16-0031,purchase,vet_medicine,Y,Y,,
D02140,LV16-0032,purchase,vet_medicine,Y,Y,,
D02141,LV16-0033,purchase,vet_medicine,Y,Y,,
D02142,LV16-0034,purchase,vet_medicine,Y,Y,,
D02143,LV16-0035,purchase,vet_medicine,Y,Y,,
D02144,LV16-0036,purchase,vet_medicine,Y,Y,,
D02145,LV16-0037,purchase,vet_medicine,Y,Y,,
D02146,LV16-0038,purchase,vet_medicine,Y,Y,,
D02147,LV16-0039,purchase,vet_medicine,Y,Y,,
D02148,LV16-0040,purchase,vet_medicine,Y,Y,,
D02149,SG16-0001,purchase,breeding_ai,Y,Y,,
D02150,SG16-0002,purchase,breeding_ai,Y,Y,,
D02151,SG16-0003,purchase,breeding_ai,Y,Y,,
D02152,SG16-0004,purchase,breeding_ai,Y,Y,,
D02153,SG16-0005,purchase,breeding_ai,Y,Y,,
D02154,SG16-0006,purchase,breeding_ai,Y,Y,,
D02155,SG16-0007,purchase,breeding_ai,Y,Y,,
D02156,SG16-0008,purchase,breeding_ai,Y,Y,,
D02157,SG16-0009,purchase,breeding_ai,Y,Y,,
D02158,SG16-0010,purchase,breeding_ai,Y,Y,,
D02159,OB16-0001,purchase,contractors,Y,Y,,
D02160,LAC16-0001,purchase,contractors,Y,Y,,
D02161,LAC16-0002,purchase,contractors,Y,Y,,
D02162,OB16-0002,purchase,contractors,Y,Y,,
D02163,LAC16-0003,purchase,contractors,Y,Y,,
D02164,OB16-0003,purchase,contractors,Y,Y,,
D02165,OB16-0004,purchase,contractors,Y,Y,,
D02166,LAC16-0004,purchase,contractors,Y,Y,,
D02167,OB16-0005,purchase,contractors,Y,Y,,
D02168,LAC16-0005,purchase,contractors,Y,Y,,
D02169,OB16-0006,purchase,contractors,Y,Y,,
D02170,BF16-0001,purchase,fuel,Y,Y,,
D02171,BF16-0002,purchase,fuel,Y,Y,,
D02172,BF16-0003,purchase,fuel,Y,Y,,
D02173,BF16-0004,purchase,fuel,Y,Y,,
D02174,BF16-0005,purchase,fuel,Y,Y,,
D02175,BF16-0006,purchase,fuel,Y,Y,,
D02176,BF16-0007,purchase,fuel,Y,Y,,
D02177,BF16-0008,purchase,fuel,Y,Y,,
D02178,CFP16-0001,purchase,repairs,Y,Y,,
D02179,CFP16-0002,purchase,repairs,Y,Y,,
D02180,CFP16-0003,purchase,repairs,Y,Y,,
D02181,CFP16-0004,purchase,repairs,Y,Y,,
D02182,CFP16-0005,purchase,repairs,Y,Y,,
D02183,CFP16-0006,purchase,repairs,Y,Y,,
D02184,CFP16-0007,purchase,repairs,Y,Y,,
D02185,CFP16-0008,purchase,repairs,Y,Y,,
D02186,CFP16-0009,purchase,repairs,Y,Y,,
D02187,CFP16-0010,purchase,repairs,Y,Y,,
D02188,CFP16-0011,purchase,repairs,Y,Y,,
D02189,CFP16-0012,purchase,repairs,Y,Y,,
D02190,CFP16-0013,purchase,repairs,Y,Y,,
D02192,CFP16-0015,purchase,repairs,Y,Y,,
D02193,CFP16-0016,purchase,repairs,Y,Y,,
D02194,CFP16-0017,purchase,repairs,Y,Y,,
D02195,CFP16-0018,purchase,repairs,Y,Y,,
D02196,CFP16-0019,purchase,repairs,Y,Y,,
D02197,CFP16-0020,purchase,repairs,Y,Y,,
D02198,CFP16-0021,purchase,repairs,Y,Y,,
D02199,CFP16-0022,purchase,repairs,Y,Y,,
D02200,CFP16-0023,purchase,repairs,Y,Y,,
D02201,CFP16-0024,purchase,repairs,Y,N,NO_VAT_NUMBER,
D02202,CFP16-0025,purchase,repairs,Y,Y,,
D02203,CFP16-0026,purchase,repairs,Y,Y,,
D02204,CFP16-0027,purchase,repairs,Y,Y,,
D02205,CFP16-0028,purchase,repairs,Y,Y,,
D02206,CFP16-0029,purchase,repairs,Y,Y,,
D02207,CFP16-0030,purchase,repairs,Y,Y,,
D02208,CFP16-0031,purchase,repairs,Y,Y,,
D02209,CFP16-0032,purchase,repairs,Y,Y,,
D02210,CFP16-0033,purchase,repairs,Y,Y,,
D02211,CFP16-0034,purchase,repairs,Y,Y,,
D02212,CFP16-0035,purchase,repairs,Y,Y,,
D02213,CFP16-0036,purchase,repairs,Y,Y,,
D02214,CFP16-0037,purchase,repairs,Y,Y,,
D02215,CFP16-0038,purchase,repairs,Y,Y,,
D02216,CFP16-0039,purchase,repairs,Y,Y,,
D02217,CFP16-0040,purchase,repairs,Y,Y,,
D02218,CFP16-0041,purchase,repairs,Y,Y,,
D02219,CFP16-0042,purchase,repairs,Y,Y,,
D02220,CFP16-0043,purchase,repairs,Y,Y,,
D02221,DHS16-0001,purchase,dairy_hygiene,Y,Y,,
D02222,DHS16-0002,purchase,dairy_hygiene,Y,Y,,
D02223,DHS16-0003,purchase,dairy_hygiene,Y,Y,,
D02224,DHS16-0004,purchase,dairy_hygiene,Y,Y,,
D02225,DHS16-0005,purchase,dairy_hygiene,Y,Y,,
D02226,DHS16-0006,purchase,dairy_hygiene,Y,Y,,
D02227,DHS16-0007,purchase,dairy_hygiene,Y,Y,,
D02228,DHS16-0008,purchase,dairy_hygiene,Y,Y,,
D02229,DHS16-0009,purchase,dairy_hygiene,Y,Y,,
D02230,DHS16-0010,purchase,dairy_hygiene,Y,Y,,
D02231,DHS16-0011,purchase,dairy_hygiene,Y,Y,,
D02232,DHS16-0012,purchase,dairy_hygiene,Y,Y,,
D02233,DHS16-0013,purchase,dairy_hygiene,Y,Y,,
D02234,DHS16-0014,purchase,dairy_hygiene,Y,Y,,
D02235,DHS16-0015,purchase,dairy_hygiene,Y,Y,,
D02236,DHS16-0016,purchase,dairy_hygiene,Y,Y,,
D02237,AW16-0001,purchase,silage_plastic,Y,Y,,
D02238,AW16-0002,purchase,silage_plastic,Y,Y,,
D02239,AW16-0003,purchase,silage_plastic,Y,Y,,
D02240,AW16-0004,purchase,silage_plastic,Y,Y,,
D02241,HF16-0001,purchase,foot_care,Y,Y,,
D02242,HF16-0002,purchase,foot_care,Y,Y,,
D02243,HF16-0003,purchase,foot_care,Y,Y,,
D02244,HF16-0004,purchase,foot_care,Y,Y,,
D02245,HF16-0005,purchase,foot_care,Y,Y,,
D02246,HF16-0006,purchase,foot_care,Y,Y,,
D02247,ES16-0001,purchase,electricity,M,Y,,single meter: farmhouse and dairy; about 15% private
D02248,VF16-0001,purchase,telephone,M,Y,,
D02249,HT16-0001,purchase,software,Y,Y,,
D02250,ES16-0002,purchase,electricity,M,Y,,single meter: farmhouse and dairy; about 15% private
D02251,VF16-0002,purchase,telephone,M,Y,,
D02252,HT16-0002,purchase,software,Y,Y,,
D02253,ES16-0003,purchase,electricity,M,Y,,single meter: farmhouse and dairy; about 15% private
D02254,VF16-0003,purchase,telephone,M,Y,,
D02255,HT16-0003,purchase,software,Y,Y,,
D02256,ES16-0004,purchase,electricity,M,Y,,single meter: farmhouse and dairy; about 15% private
D02257,VF16-0004,purchase,telephone,M,Y,,
D02258,HT16-0004,purchase,software,Y,Y,,
D02259,ES16-0005,purchase,electricity,M,Y,,single meter: farmhouse and dairy; about 15% private
D02260,VF16-0005,purchase,telephone,M,Y,,
D02261,HT16-0005,purchase,software,Y,Y,,
D02262,ES16-0006,purchase,electricity,M,Y,,single meter: farmhouse and dairy; about 15% private
D02263,VF16-0006,purchase,telephone,M,Y,,
D02264,HT16-0006,purchase,software,Y,Y,,
D02265,ES16-0007,purchase,electricity,M,Y,,single meter: farmhouse and dairy; about 15% private
D02266,VF16-0007,purchase,telephone,M,Y,,
D02267,HT16-0007,purchase,software,Y,Y,,
D02268,ES16-0008,purchase,electricity,M,Y,,single meter: farmhouse and dairy; about 15% private
D02269,VF16-0008,purchase,telephone,M,Y,,
D02270,HT16-0008,purchase,software,Y,Y,,
D02271,ES16-0009,purchase,electricity,M,Y,,single meter: farmhouse and dairy; about 15% private
D02272,VF16-0009,purchase,telephone,M,Y,,
D02273,HT16-0009,purchase,software,Y,Y,,
D02274,ES16-0010,purchase,electricity,M,Y,,single meter: farmhouse and dairy; about 15% private
D02275,VF16-0010,purchase,telephone,M,Y,,
D02276,HT16-0010,purchase,software,Y,Y,,
D02277,ES16-0011,purchase,electricity,M,Y,,single meter: farmhouse and dairy; about 15% private
D02278,VF16-0011,purchase,telephone,M,Y,,
D02279,HT16-0011,purchase,software,Y,Y,,
D02280,ES16-0012,purchase,electricity,M,Y,,single meter: farmhouse and dairy; about 15% private
D02281,VF16-0012,purchase,telephone,M,Y,,
D02282,HT16-0012,purchase,software,Y,Y,,
D02283,MFI16-0001,purchase,insurance,Y,Y,,
D02284,HC16-0001,purchase,professional_fees,Y,Y,,
D02285,TG16-0001,purchase,professional_fees,Y,Y,,
D02286,WS16-0001,purchase,utilities,M,Y,,
D02287,DOC16-0001,purchase,land_rent,Y,Y,,
D02288,CS17-0001,purchase,feed,Y,Y,,
D02289,GF17-0001,purchase,feed,Y,Y,,
D02290,CS17-0002,purchase,feed,Y,Y,,
D02291,GF17-0002,purchase,feed,Y,Y,,
D02292,GF17-0003,purchase,feed,Y,Y,,
D02293,GF17-0004,purchase,feed,Y,Y,,
D02294,CS17-0003,purchase,feed,Y,Y,,
D02295,CS17-0004,purchase,feed,Y,Y,,
D02296,CS17-0005,purchase,feed,Y,Y,,
D02297,GF17-0005,purchase,feed,Y,Y,,
D02298,CS17-0006,purchase,feed,Y,Y,,
D02299,GF17-0006,purchase,feed,Y,Y,,
D02300,GF17-0007,purchase,feed,Y,Y,,
D02301,GF17-0008,purchase,feed,Y,Y,,
D02302,GF17-0009,purchase,feed,Y,Y,,
D02303,GF17-0010,purchase,feed,Y,Y,,
D02304,GF17-0011,purchase,feed,Y,Y,,
D02305,GF17-0012,purchase,feed,Y,Y,,
D02306,CS17-0007,purchase,fertiliser,Y,Y,,
D02307,KA17-0001,purchase,fertiliser,Y,Y,,
D02308,KA17-0002,purchase,fertiliser,Y,Y,,
D02309,KA17-0003,purchase,fertiliser,Y,Y,,
D02310,CS17-0008,purchase,fertiliser,Y,Y,,
D02311,CS17-0009,purchase,fertiliser,Y,Y,,
D02312,LV17-0001,purchase,vet_medicine,Y,Y,,
D02313,LV17-0002,purchase,vet_medicine,Y,Y,,
D02314,LV17-0003,purchase,vet_medicine,Y,Y,,
D02315,LV17-0004,purchase,vet_medicine,Y,Y,,
D02316,LV17-0005,purchase,vet_medicine,Y,Y,,
D02317,LV17-0006,purchase,vet_medicine,Y,Y,,
D02318,LV17-0007,purchase,vet_medicine,Y,Y,,
D02319,LV17-0008,purchase,vet_medicine,Y,Y,,
D02320,LV17-0009,purchase,vet_medicine,Y,Y,,
D02321,LV17-0010,purchase,vet_medicine,Y,Y,,
D02322,LV17-0011,purchase,vet_medicine,Y,Y,,
D02323,LV17-0012,purchase,vet_medicine,Y,Y,,
D02324,LV17-0013,purchase,vet_medicine,Y,Y,,
D02325,LV17-0014,purchase,vet_medicine,Y,Y,,
D02326,LV17-0015,purchase,vet_medicine,Y,Y,,
D02327,LV17-0016,purchase,vet_medicine,Y,Y,,
D02328,LV17-0017,purchase,vet_medicine,Y,Y,,
D02329,LV17-0018,purchase,vet_medicine,Y,Y,,
D02330,LV17-0019,purchase,vet_medicine,Y,Y,,
D02331,LV17-0020,purchase,vet_medicine,Y,Y,,
D02332,LV17-0021,purchase,vet_medicine,Y,Y,,
D02333,LV17-0022,purchase,vet_medicine,Y,Y,,
D02334,LV17-0023,purchase,vet_medicine,Y,Y,,
D02335,LV17-0024,purchase,vet_medicine,Y,Y,,
D02336,LV17-0025,purchase,vet_medicine,Y,Y,,
D02337,LV17-0026,purchase,vet_medicine,Y,Y,,
D02338,LV17-0027,purchase,vet_medicine,Y,Y,,
D02339,LV17-0028,purchase,vet_medicine,Y,Y,,
D02340,LV17-0029,purchase,vet_medicine,Y,Y,,
D02341,LV17-0030,purchase,vet_medicine,Y,Y,,
D02342,LV17-0031,purchase,vet_medicine,Y,Y,,
D02343,LV17-0032,purchase,vet_medicine,Y,Y,,
D02344,LV17-0033,purchase,vet_medicine,Y,Y,,
D02345,LV17-0034,purchase,vet_medicine,Y,Y,,
D02346,LV17-0035,purchase,vet_medicine,Y,Y,,
D02347,LV17-0036,purchase,vet_medicine,Y,Y,,
D02348,LV17-0037,purchase,vet_medicine,Y,Y,,
D02349,LV17-0038,purchase,vet_medicine,Y,Y,,
D02350,LV17-0039,purchase,vet_medicine,Y,Y,,
D02351,LV17-0040,purchase,vet_medicine,Y,Y,,
D02352,LV17-0041,purchase,vet_medicine,Y,Y,,
D02353,LV17-0042,purchase,vet_medicine,Y,Y,,
D02354,LV17-0043,purchase,vet_medicine,Y,Y,,
D02355,SG17-0001,purchase,breeding_ai,Y,Y,,
D02356,SG17-0002,purchase,breeding_ai,Y,Y,,
D02357,SG17-0003,purchase,breeding_ai,Y,Y,,
D02358,SG17-0004,purchase,breeding_ai,Y,Y,,
D02359,SG17-0005,purchase,breeding_ai,Y,Y,,
D02360,SG17-0006,purchase,breeding_ai,Y,Y,,
D02361,SG17-0007,purchase,breeding_ai,Y,Y,,
D02362,SG17-0008,purchase,breeding_ai,Y,Y,,
D02363,SG17-0009,purchase,breeding_ai,Y,Y,,
D02364,SG17-0010,purchase,breeding_ai,Y,Y,,
D02365,SG17-0011,purchase,breeding_ai,Y,Y,,
D02366,LAC17-0001,purchase,contractors,Y,Y,,
D02367,LAC17-0002,purchase,contractors,Y,Y,,
D02368,OB17-0001,purchase,contractors,Y,Y,,
D02369,LAC17-0003,purchase,contractors,Y,Y,,
D02370,LAC17-0004,purchase,contractors,Y,Y,,
D02371,OB17-0002,purchase,contractors,Y,Y,,
D02372,LAC17-0005,purchase,contractors,Y,Y,,
D02373,LAC17-0006,purchase,contractors,Y,Y,,
D02374,LAC17-0007,purchase,contractors,Y,Y,,
D02375,LAC17-0008,purchase,contractors,Y,Y,,
D02376,LAC17-0009,purchase,contractors,Y,Y,,
D02377,LAC17-0010,purchase,contractors,Y,Y,,
D02378,BF17-0001,purchase,fuel,Y,Y,,
D02379,BF17-0002,purchase,fuel,Y,Y,,
D02380,BF17-0003,purchase,fuel,Y,Y,,
D02381,BF17-0004,purchase,fuel,Y,Y,,
D02382,BF17-0005,purchase,fuel,Y,Y,,
D02383,BF17-0006,purchase,fuel,Y,Y,,
D02384,BF17-0007,purchase,fuel,Y,Y,,
D02385,BF17-0008,purchase,fuel,Y,Y,,
D02386,BF17-0009,purchase,fuel,Y,Y,,
D02387,BF17-0010,purchase,fuel,Y,Y,,
D02388,CFP17-0001,purchase,repairs,Y,Y,,
D02389,CFP17-0002,purchase,repairs,Y,Y,,
D02390,CFP17-0003,purchase,repairs,Y,Y,,
D02391,CFP17-0004,purchase,repairs,Y,Y,,
D02392,CFP17-0005,purchase,repairs,Y,Y,,
D02393,CFP17-0006,purchase,repairs,Y,Y,,
D02394,CFP17-0007,purchase,repairs,Y,Y,,
D02395,CFP17-0008,purchase,repairs,Y,Y,,
D02396,CFP17-0009,purchase,repairs,Y,Y,,
D02397,CFP17-0010,purchase,repairs,Y,Y,,
D02398,CFP17-0011,purchase,repairs,Y,Y,,
D02399,CFP17-0012,purchase,repairs,Y,Y,,
D02400,CFP17-0013,purchase,repairs,Y,Y,,
D02401,CFP17-0014,purchase,repairs,Y,Y,,
D02402,CFP17-0015,purchase,repairs,Y,Y,,
D02403,CFP17-0016,purchase,repairs,Y,Y,,
D02404,CFP17-0017,purchase,repairs,Y,Y,,
D02405,CFP17-0018,purchase,repairs,Y,Y,,
D02406,CFP17-0019,purchase,repairs,Y,Y,,
D02407,CFP17-0020,purchase,repairs,Y,Y,,
D02408,CFP17-0021,purchase,repairs,Y,Y,,
D02409,CFP17-0022,purchase,repairs,Y,Y,,
D02410,CFP17-0023,purchase,repairs,Y,Y,,
D02411,CFP17-0024,purchase,repairs,Y,Y,,
D02412,CFP17-0025,purchase,repairs,Y,Y,,
D02413,CFP17-0026,purchase,repairs,Y,Y,,
D02414,CFP17-0027,purchase,repairs,Y,Y,,
D02415,CFP17-0028,purchase,repairs,Y,Y,,
D02416,CFP17-0029,purchase,repairs,Y,Y,,
D02417,CFP17-0030,purchase,repairs,Y,Y,,
D02418,CFP17-0031,purchase,repairs,Y,Y,,
D02419,CFP17-0032,purchase,repairs,Y,Y,,
D02420,CFP17-0033,purchase,repairs,Y,Y,,
D02421,CFP17-0034,purchase,repairs,Y,Y,,
D02422,CFP17-0035,purchase,repairs,Y,Y,,
D02423,CFP17-0036,purchase,repairs,Y,Y,,
D02424,CFP17-0037,purchase,repairs,Y,Y,,
D02425,CFP17-0038,purchase,repairs,Y,Y,,
D02426,CFP17-0039,purchase,repairs,Y,Y,,
D02427,CFP17-0040,purchase,repairs,Y,Y,,
D02428,CFP17-0041,purchase,repairs,Y,Y,ARITH_ERROR,printed gross does not equal net + VAT
D02429,CFP17-0042,purchase,repairs,Y,Y,,
D02430,CFP17-0043,purchase,repairs,Y,Y,,
D02431,CFP17-0044,purchase,repairs,Y,Y,,
D02432,CFP17-0045,purchase,repairs,Y,Y,,
D02434,DHS17-0001,purchase,dairy_hygiene,Y,Y,,
D02435,DHS17-0002,purchase,dairy_hygiene,Y,Y,,
D02436,DHS17-0003,purchase,dairy_hygiene,Y,Y,,
D02437,DHS17-0004,purchase,dairy_hygiene,Y,Y,,
D02438,DHS17-0005,purchase,dairy_hygiene,Y,Y,,
D02439,DHS17-0006,purchase,dairy_hygiene,Y,Y,,
D02440,DHS17-0007,purchase,dairy_hygiene,Y,Y,,
D02441,DHS17-0008,purchase,dairy_hygiene,Y,Y,,
D02442,DHS17-0009,purchase,dairy_hygiene,Y,Y,,
D02443,DHS17-0010,purchase,dairy_hygiene,Y,Y,,
D02444,DHS17-0011,purchase,dairy_hygiene,Y,Y,,
D02445,DHS17-0012,purchase,dairy_hygiene,Y,Y,,
D02446,DHS17-0013,purchase,dairy_hygiene,Y,Y,,
D02447,DHS17-0014,purchase,dairy_hygiene,Y,Y,,
D02448,DHS17-0015,purchase,dairy_hygiene,Y,Y,,
D02449,DHS17-0016,purchase,dairy_hygiene,Y,Y,,
D02450,DHS17-0017,purchase,dairy_hygiene,Y,Y,,
D02451,DHS17-0018,purchase,dairy_hygiene,Y,Y,,
D02452,AW17-0001,purchase,silage_plastic,Y,Y,,
D02453,AW17-0002,purchase,silage_plastic,Y,Y,,
D02454,AW17-0003,purchase,silage_plastic,Y,Y,,
D02455,AW17-0004,purchase,silage_plastic,Y,Y,,
D02456,HF17-0001,purchase,foot_care,Y,Y,,
D02457,HF17-0002,purchase,foot_care,Y,Y,,
D02458,HF17-0003,purchase,foot_care,Y,Y,,
D02459,HF17-0004,purchase,foot_care,Y,Y,,
D02460,HF17-0005,purchase,foot_care,Y,Y,,
D02461,HF17-0006,purchase,foot_care,Y,Y,,
D02462,HF17-0007,purchase,foot_care,Y,Y,,
D02463,ES17-0001,purchase,electricity,M,Y,,single meter: farmhouse and dairy; about 15% private
D02464,VF17-0001,purchase,telephone,M,Y,,
D02465,HT17-0001,purchase,software,Y,Y,,
D02466,ES17-0002,purchase,electricity,M,Y,,single meter: farmhouse and dairy; about 15% private
D02467,VF17-0002,purchase,telephone,M,Y,,
D02468,HT17-0002,purchase,software,Y,Y,,
D02469,ES17-0003,purchase,electricity,M,Y,,single meter: farmhouse and dairy; about 15% private
D02470,VF17-0003,purchase,telephone,M,Y,,
D02471,HT17-0003,purchase,software,Y,Y,,
D02472,ES17-0004,purchase,electricity,M,Y,,single meter: farmhouse and dairy; about 15% private
D02473,VF17-0004,purchase,telephone,M,Y,,
D02474,HT17-0004,purchase,software,Y,Y,,
D02475,ES17-0005,purchase,electricity,M,Y,,single meter: farmhouse and dairy; about 15% private
D02476,VF17-0005,purchase,telephone,M,Y,,
D02477,HT17-0005,purchase,software,Y,Y,,
D02478,ES17-0006,purchase,electricity,M,Y,,single meter: farmhouse and dairy; about 15% private
D02479,VF17-0006,purchase,telephone,M,Y,,
D02480,HT17-0006,purchase,software,Y,Y,,
D02481,ES17-0007,purchase,electricity,M,Y,,single meter: farmhouse and dairy; about 15% private
D02482,VF17-0007,purchase,telephone,M,Y,,
D02483,HT17-0007,purchase,software,Y,Y,,
D02484,ES17-0008,purchase,electricity,M,Y,,single meter: farmhouse and dairy; about 15% private
D02485,VF17-0008,purchase,telephone,M,Y,,
D02486,HT17-0008,purchase,software,Y,Y,,
D02487,ES17-0009,purchase,electricity,M,Y,,single meter: farmhouse and dairy; about 15% private
D02488,VF17-0009,purchase,telephone,M,Y,,
D02489,HT17-0009,purchase,software,Y,Y,,
D02490,ES17-0010,purchase,electricity,M,Y,,single meter: farmhouse and dairy; about 15% private
D02491,VF17-0010,purchase,telephone,M,Y,,
D02492,HT17-0010,purchase,software,Y,Y,,
D02493,ES17-0011,purchase,electricity,M,Y,,single meter: farmhouse and dairy; about 15% private
D02494,VF17-0011,purchase,telephone,M,Y,,
D02495,HT17-0011,purchase,software,Y,Y,,
D02496,ES17-0012,purchase,electricity,M,Y,,single meter: farmhouse and dairy; about 15% private
D02497,VF17-0012,purchase,telephone,M,Y,,
D02498,HT17-0012,purchase,software,Y,Y,,
D02499,MFI17-0001,purchase,insurance,Y,Y,,
D02500,HC17-0001,purchase,professional_fees,Y,Y,,
D02501,TG17-0001,purchase,professional_fees,Y,Y,,
D02502,WS17-0001,purchase,utilities,M,Y,,
D02503,DOC17-0001,purchase,land_rent,Y,Y,,
D02504,GF18-0001,purchase,feed,Y,Y,,
D02505,GF18-0002,purchase,feed,Y,Y,,
D02506,GF18-0003,purchase,feed,Y,Y,,
D02507,GF18-0004,purchase,feed,Y,Y,,
D02508,GF18-0005,purchase,feed,Y,Y,,
D02509,GF18-0006,purchase,feed,Y,Y,,
D02510,CS18-0001,purchase,feed,Y,Y,,
D02511,CS18-0002,purchase,feed,Y,Y,,
D02512,CS18-0003,purchase,feed,Y,Y,,
D02513,GF18-0007,purchase,feed,Y,Y,,
D02514,CS18-0004,purchase,feed,Y,Y,,
D02515,CS18-0005,purchase,feed,Y,Y,,
D02516,GF18-0008,purchase,feed,Y,Y,,
D02517,CS18-0006,purchase,feed,Y,Y,,
D02518,CS18-0007,purchase,feed,Y,Y,,
D02519,GF18-0009,purchase,feed,Y,Y,,
D02520,GF18-0010,purchase,feed,Y,Y,,
D02521,CS18-0008,purchase,feed,Y,Y,,
D02522,GF18-0011,purchase,feed,Y,Y,,
D02523,GF18-0012,purchase,feed,Y,Y,,
D02524,CS18-0009,purchase,feed,Y,Y,,
D02525,CS18-0010,purchase,feed,Y,Y,,
D02526,GF18-0013,purchase,feed,Y,Y,,
D02527,GF18-0014,purchase,feed,Y,Y,,
D02528,CS18-0011,purchase,feed,Y,Y,,
D02529,CS18-0012,purchase,fertiliser,Y,Y,,
D02530,CS18-0013,purchase,fertiliser,Y,Y,,
D02531,CS18-0014,purchase,fertiliser,Y,Y,,
D02532,CS18-0015,purchase,fertiliser,Y,Y,,
D02533,CS18-0016,purchase,fertiliser,Y,Y,,
D02534,KA18-0001,purchase,fertiliser,Y,Y,,
D02535,CS18-0017,purchase,fertiliser,Y,Y,,
D02536,LV18-0001,purchase,vet_medicine,Y,Y,,
D02537,LV18-0002,purchase,vet_medicine,Y,Y,,
D02538,LV18-0003,purchase,vet_medicine,Y,Y,,
D02539,LV18-0004,purchase,vet_medicine,Y,Y,,
D02540,LV18-0005,purchase,vet_medicine,Y,Y,,
D02541,LV18-0006,purchase,vet_medicine,Y,Y,,
D02542,LV18-0007,purchase,vet_medicine,Y,Y,,
D02543,LV18-0008,purchase,vet_medicine,Y,Y,,
D02544,LV18-0009,purchase,vet_medicine,Y,Y,,
D02545,LV18-0010,purchase,vet_medicine,Y,Y,,
D02546,LV18-0011,purchase,vet_medicine,Y,Y,,
D02547,LV18-0012,purchase,vet_medicine,Y,Y,,
D02548,LV18-0013,purchase,vet_medicine,Y,Y,,
D02549,LV18-0014,purchase,vet_medicine,Y,Y,,
D02550,LV18-0015,purchase,vet_medicine,Y,Y,,
D02551,LV18-0016,purchase,vet_medicine,Y,Y,,
D02552,LV18-0017,purchase,vet_medicine,Y,Y,,
D02553,LV18-0018,purchase,vet_medicine,Y,Y,,
D02554,LV18-0019,purchase,vet_medicine,Y,Y,,
D02555,LV18-0020,purchase,vet_medicine,Y,Y,,
D02556,LV18-0021,purchase,vet_medicine,Y,Y,,
D02557,LV18-0022,purchase,vet_medicine,Y,Y,,
D02558,LV18-0023,purchase,vet_medicine,Y,Y,,
D02559,LV18-0024,purchase,vet_medicine,Y,Y,,
D02561,LV18-0026,purchase,vet_medicine,Y,Y,,
D02562,LV18-0027,purchase,vet_medicine,Y,Y,,
D02563,LV18-0028,purchase,vet_medicine,Y,Y,,
D02564,LV18-0029,purchase,vet_medicine,Y,Y,,
D02565,LV18-0030,purchase,vet_medicine,Y,Y,,
D02566,LV18-0031,purchase,vet_medicine,Y,Y,,
D02567,LV18-0032,purchase,vet_medicine,Y,Y,,
D02568,LV18-0033,purchase,vet_medicine,Y,Y,,
D02569,LV18-0034,purchase,vet_medicine,Y,Y,,
D02570,LV18-0035,purchase,vet_medicine,Y,Y,,
D02571,LV18-0036,purchase,vet_medicine,Y,Y,,
D02572,LV18-0037,purchase,vet_medicine,Y,Y,,
D02573,LV18-0038,purchase,vet_medicine,Y,Y,,
D02574,LV18-0039,purchase,vet_medicine,Y,Y,,
D02575,LV18-0040,purchase,vet_medicine,Y,Y,,
D02576,LV18-0041,purchase,vet_medicine,Y,Y,,
D02577,LV18-0042,purchase,vet_medicine,Y,Y,,
D02578,LV18-0043,purchase,vet_medicine,Y,Y,,
D02579,LV18-0044,purchase,vet_medicine,Y,Y,,
D02580,SG18-0001,purchase,breeding_ai,Y,Y,,
D02581,SG18-0002,purchase,breeding_ai,Y,Y,,
D02582,SG18-0003,purchase,breeding_ai,Y,Y,,
D02583,SG18-0004,purchase,breeding_ai,Y,Y,,
D02584,SG18-0005,purchase,breeding_ai,Y,Y,,
D02585,SG18-0006,purchase,breeding_ai,Y,Y,,
D02586,SG18-0007,purchase,breeding_ai,Y,Y,,
D02587,SG18-0008,purchase,breeding_ai,Y,Y,,
D02588,SG18-0009,purchase,breeding_ai,Y,Y,,
D02589,SG18-0010,purchase,breeding_ai,Y,Y,,
D02590,SG18-0011,purchase,breeding_ai,Y,Y,,
D02591,OB18-0001,purchase,contractors,Y,Y,,
D02592,LAC18-0001,purchase,contractors,Y,Y,,
D02593,LAC18-0002,purchase,contractors,Y,Y,,
D02594,LAC18-0003,purchase,contractors,Y,Y,,
D02595,LAC18-0004,purchase,contractors,Y,Y,,
D02596,LAC18-0005,purchase,contractors,Y,Y,,
D02597,LAC18-0006,purchase,contractors,Y,Y,,
D02598,LAC18-0007,purchase,contractors,Y,Y,,
D02599,LAC18-0008,purchase,contractors,Y,Y,,
D02600,OB18-0002,purchase,contractors,Y,Y,,
D02601,LAC18-0009,purchase,contractors,Y,Y,,
D02602,OB18-0003,purchase,contractors,Y,Y,,
D02603,BF18-0001,purchase,fuel,Y,Y,,
D02604,BF18-0002,purchase,fuel,Y,Y,,
D02605,BF18-0003,purchase,fuel,Y,Y,,
D02606,BF18-0004,purchase,fuel,Y,Y,,
D02607,BF18-0005,purchase,fuel,Y,Y,,
D02608,BF18-0006,purchase,fuel,Y,Y,,
D02609,BF18-0007,purchase,fuel,Y,Y,,
D02610,BF18-0008,purchase,fuel,Y,Y,,
D02611,BF18-0009,purchase,fuel,Y,Y,,
D02612,BF18-0010,purchase,fuel,Y,Y,,
D02613,BF18-0011,purchase,fuel,Y,Y,,
D02614,CFP18-0001,purchase,repairs,Y,Y,,
D02615,CFP18-0002,purchase,repairs,Y,Y,,
D02616,CFP18-0003,purchase,repairs,Y,Y,,
D02617,CFP18-0004,purchase,repairs,Y,Y,,
D02618,CFP18-0005,purchase,repairs,Y,Y,,
D02619,CFP18-0006,purchase,repairs,Y,Y,,
D02620,CFP18-0007,purchase,repairs,Y,Y,,
D02621,CFP18-0008,purchase,repairs,Y,Y,,
D02622,CFP18-0009,purchase,repairs,Y,Y,,
D02623,CFP18-0010,purchase,repairs,Y,Y,,
D02624,CFP18-0011,purchase,repairs,Y,Y,,
D02625,CFP18-0012,purchase,repairs,Y,Y,WRONG_VAT_RATE,VAT charged at 23% on a 13.5% / 0% item
D02626,CFP18-0013,purchase,repairs,Y,Y,,
D02627,CFP18-0014,purchase,repairs,Y,Y,,
D02628,CFP18-0015,purchase,repairs,Y,Y,,
D02629,CFP18-0016,purchase,repairs,Y,Y,,
D02630,CFP18-0017,purchase,repairs,Y,Y,,
D02631,CFP18-0018,purchase,repairs,Y,Y,,
D02632,CFP18-0019,purchase,repairs,Y,Y,,
D02633,CFP18-0020,purchase,repairs,Y,Y,,
D02634,CFP18-0021,purchase,repairs,Y,Y,,
D02635,CFP18-0022,purchase,repairs,Y,Y,,
D02636,CFP18-0023,purchase,repairs,Y,Y,,
D02637,CFP18-0024,purchase,repairs,Y,Y,,
D02638,CFP18-0025,purchase,repairs,Y,Y,,
D02639,CFP18-0026,purchase,repairs,Y,Y,,
D02640,CFP18-0027,purchase,repairs,Y,Y,,
D02641,CFP18-0028,purchase,repairs,Y,Y,,
D02642,CFP18-0029,purchase,repairs,Y,Y,,
D02643,CFP18-0030,purchase,repairs,Y,Y,,
D02644,CFP18-0031,purchase,repairs,Y,Y,,
D02645,CFP18-0032,purchase,repairs,Y,Y,,
D02646,CFP18-0033,purchase,repairs,Y,Y,,
D02647,CFP18-0034,purchase,repairs,Y,Y,,
D02648,CFP18-0035,purchase,repairs,Y,Y,,
D02649,CFP18-0036,purchase,repairs,Y,Y,,
D02650,CFP18-0037,purchase,repairs,Y,Y,,
D02651,CFP18-0038,purchase,repairs,Y,Y,,
D02652,CFP18-0039,purchase,repairs,Y,Y,,
D02653,CFP18-0040,purchase,repairs,Y,Y,,
D02654,CFP18-0041,purchase,repairs,Y,Y,,
D02655,CFP18-0042,purchase,repairs,Y,Y,,
D02656,CFP18-0043,purchase,repairs,Y,Y,,
D02657,CFP18-0044,purchase,repairs,Y,Y,,
D02658,CFP18-0045,purchase,repairs,Y,Y,,
D02659,CFP18-0046,purchase,repairs,Y,Y,,
D02660,CFP18-0047,purchase,repairs,Y,Y,,
D02661,CFP18-0048,purchase,repairs,Y,Y,,
D02662,DHS18-0001,purchase,dairy_hygiene,Y,Y,,
D02663,DHS18-0002,purchase,dairy_hygiene,Y,Y,,
D02664,DHS18-0003,purchase,dairy_hygiene,Y,Y,,
D02665,DHS18-0004,purchase,dairy_hygiene,Y,Y,,
D02666,DHS18-0005,purchase,dairy_hygiene,Y,Y,,
D02667,DHS18-0006,purchase,dairy_hygiene,Y,Y,,
D02668,DHS18-0007,purchase,dairy_hygiene,Y,Y,,
D02669,DHS18-0008,purchase,dairy_hygiene,Y,Y,,
D02670,DHS18-0009,purchase,dairy_hygiene,Y,Y,,
D02671,DHS18-0010,purchase,dairy_hygiene,Y,Y,,
D02672,DHS18-0011,purchase,dairy_hygiene,Y,Y,,
D02673,DHS18-0012,purchase,dairy_hygiene,Y,Y,,
D02674,DHS18-0013,purchase,dairy_hygiene,Y,Y,,
D02675,DHS18-0014,purchase,dairy_hygiene,Y,Y,,
D02676,DHS18-0015,purchase,dairy_hygiene,Y,Y,,
D02677,DHS18-0016,purchase,dairy_hygiene,Y,Y,,
D02678,DHS18-0017,purchase,dairy_hygiene,Y,Y,,
D02679,DHS18-0018,purchase,dairy_hygiene,Y,Y,,
D02680,AW18-0001,purchase,silage_plastic,Y,Y,,
D02681,AW18-0002,purchase,silage_plastic,Y,Y,,
D02682,AW18-0003,purchase,silage_plastic,Y,Y,,
D02683,AW18-0004,purchase,silage_plastic,Y,Y,,
D02684,HF18-0001,purchase,foot_care,Y,Y,,
D02685,HF18-0002,purchase,foot_care,Y,Y,,
D02686,HF18-0003,purchase,foot_care,Y,Y,,
D02687,HF18-0004,purchase,foot_care,Y,Y,,
D02688,HF18-0005,purchase,foot_care,Y,Y,,
D02689,HF18-0006,purchase,foot_care,Y,Y,,
D02690,HF18-0007,purchase,foot_care,Y,Y,,
D02691,ES18-0001,purchase,electricity,M,Y,,single meter: farmhouse and dairy; about 15% private
D02692,VF18-0001,purchase,telephone,M,Y,,
D02693,HT18-0001,purchase,software,Y,Y,,
D02694,ES18-0002,purchase,electricity,M,Y,,single meter: farmhouse and dairy; about 15% private
D02695,VF18-0002,purchase,telephone,M,Y,,
D02696,HT18-0002,purchase,software,Y,Y,,
D02697,ES18-0003,purchase,electricity,M,Y,,single meter: farmhouse and dairy; about 15% private
D02698,VF18-0003,purchase,telephone,M,Y,,
D02699,HT18-0003,purchase,software,Y,Y,,
D02700,ES18-0004,purchase,electricity,M,Y,,single meter: farmhouse and dairy; about 15% private
D02701,VF18-0004,purchase,telephone,M,Y,,
D02702,HT18-0004,purchase,software,Y,Y,,
D02703,ES18-0005,purchase,electricity,M,Y,,single meter: farmhouse and dairy; about 15% private
D02704,VF18-0005,purchase,telephone,M,Y,,
D02705,HT18-0005,purchase,software,Y,Y,,
D02706,ES18-0006,purchase,electricity,M,Y,,single meter: farmhouse and dairy; about 15% private
D02707,VF18-0006,purchase,telephone,M,Y,,
D02708,HT18-0006,purchase,software,Y,Y,,
D02709,ES18-0007,purchase,electricity,M,Y,,single meter: farmhouse and dairy; about 15% private
D02710,VF18-0007,purchase,telephone,M,Y,,
D02711,HT18-0007,purchase,software,Y,Y,,
D02712,ES18-0008,purchase,electricity,M,Y,,single meter: farmhouse and dairy; about 15% private
D02713,VF18-0008,purchase,telephone,M,Y,,
D02714,HT18-0008,purchase,software,Y,Y,,
D02715,ES18-0009,purchase,electricity,M,Y,,single meter: farmhouse and dairy; about 15% private
D02716,VF18-0009,purchase,telephone,M,Y,,
D02717,HT18-0009,purchase,software,Y,Y,,
D02718,ES18-0010,purchase,electricity,M,Y,,single meter: farmhouse and dairy; about 15% private
D02719,VF18-0010,purchase,telephone,M,Y,,
D02720,HT18-0010,purchase,software,Y,Y,,
D02721,ES18-0011,purchase,electricity,M,Y,,single meter: farmhouse and dairy; about 15% private
D02722,VF18-0011,purchase,telephone,M,Y,,
D02723,HT18-0011,purchase,software,Y,Y,,
D02724,ES18-0012,purchase,electricity,M,Y,,single meter: farmhouse and dairy; about 15% private
D02725,VF18-0012,purchase,telephone,M,Y,,
D02726,HT18-0012,purchase,software,Y,Y,,
D02727,MFI18-0001,purchase,insurance,Y,Y,,
D02728,HC18-0001,purchase,professional_fees,Y,Y,,
D02729,TG18-0001,purchase,professional_fees,Y,Y,,
D02730,WS18-0001,purchase,utilities,M,Y,,
D02731,DOC18-0001,purchase,land_rent,Y,Y,,
D02732,GF19-0001,purchase,feed,Y,Y,,
D02733,GF19-0002,purchase,feed,Y,Y,,
D02734,GF19-0003,purchase,feed,Y,Y,,
D02735,GF19-0004,purchase,feed,Y,Y,,
D02736,GF19-0005,purchase,feed,Y,Y,,
D02737,CS19-0001,purchase,feed,Y,Y,,
D02738,GF19-0006,purchase,feed,Y,Y,,
D02739,GF19-0007,purchase,feed,Y,Y,,
D02740,CS19-0002,purchase,feed,Y,Y,,
D02741,GF19-0008,purchase,feed,Y,Y,,
D02742,GF19-0009,purchase,feed,Y,Y,,
D02743,CS19-0003,purchase,feed,Y,Y,,
D02744,CS19-0004,purchase,feed,Y,Y,,
D02745,GF19-0010,purchase,feed,Y,Y,,
D02746,CS19-0005,purchase,feed,Y,Y,,
D02747,CS19-0006,purchase,feed,Y,Y,,
D02748,GF19-0011,purchase,feed,Y,Y,,
D02749,GF19-0012,purchase,feed,Y,Y,,
D02750,CS19-0007,purchase,feed,Y,Y,,
D02751,KA19-0001,purchase,fertiliser,Y,Y,,
D02752,CS19-0008,purchase,fertiliser,Y,Y,,
D02753,KA19-0002,purchase,fertiliser,Y,Y,,
D02754,CS19-0009,purchase,fertiliser,Y,Y,,
D02755,CS19-0010,purchase,fertiliser,Y,Y,,
D02756,CS19-0011,purchase,fertiliser,Y,Y,,
D02757,KA19-0003,purchase,fertiliser,Y,Y,,
D02758,LV19-0001,purchase,vet_medicine,Y,Y,,
D02759,LV19-0002,purchase,vet_medicine,Y,Y,,
D02760,LV19-0003,purchase,vet_medicine,Y,Y,,
D02761,LV19-0004,purchase,vet_medicine,Y,Y,,
D02762,LV19-0005,purchase,vet_medicine,Y,Y,,
D02763,LV19-0006,purchase,vet_medicine,Y,Y,,
D02764,LV19-0007,purchase,vet_medicine,Y,Y,,
D02765,LV19-0008,purchase,vet_medicine,Y,Y,,
D02766,LV19-0009,purchase,vet_medicine,Y,Y,,
D02767,LV19-0010,purchase,vet_medicine,Y,Y,,
D02768,LV19-0011,purchase,vet_medicine,Y,Y,,
D02769,LV19-0012,purchase,vet_medicine,Y,Y,,
D02770,LV19-0013,purchase,vet_medicine,Y,Y,,
D02771,LV19-0014,purchase,vet_medicine,Y,Y,,
D02772,LV19-0015,purchase,vet_medicine,Y,Y,,
D02773,LV19-0016,purchase,vet_medicine,Y,Y,,
D02774,LV19-0017,purchase,vet_medicine,Y,Y,,
D02775,LV19-0018,purchase,vet_medicine,Y,Y,,
D02776,LV19-0019,purchase,vet_medicine,Y,Y,,
D02777,LV19-0020,purchase,vet_medicine,Y,Y,,
D02778,LV19-0021,purchase,vet_medicine,Y,Y,,
D02779,LV19-0022,purchase,vet_medicine,Y,Y,,
D02780,LV19-0023,purchase,vet_medicine,Y,Y,,
D02781,LV19-0024,purchase,vet_medicine,Y,Y,,
D02782,LV19-0025,purchase,vet_medicine,Y,Y,,
D02783,LV19-0026,purchase,vet_medicine,Y,Y,,
D02784,LV19-0027,purchase,vet_medicine,Y,Y,,
D02785,LV19-0028,purchase,vet_medicine,Y,Y,,
D02786,LV19-0029,purchase,vet_medicine,Y,Y,,
D02787,LV19-0030,purchase,vet_medicine,Y,Y,,
D02788,LV19-0031,purchase,vet_medicine,Y,Y,,
D02789,LV19-0032,purchase,vet_medicine,Y,Y,,
D02790,LV19-0033,purchase,vet_medicine,Y,Y,,
D02791,LV19-0034,purchase,vet_medicine,Y,Y,,
D02792,LV19-0035,purchase,vet_medicine,Y,Y,,
D02793,LV19-0036,purchase,vet_medicine,Y,Y,,
D02794,LV19-0037,purchase,vet_medicine,Y,Y,,
D02795,LV19-0038,purchase,vet_medicine,Y,Y,,
D02796,LV19-0039,purchase,vet_medicine,Y,Y,,
D02797,LV19-0040,purchase,vet_medicine,Y,Y,,
D02798,LV19-0041,purchase,vet_medicine,Y,Y,,
D02799,LV19-0042,purchase,vet_medicine,Y,Y,,
D02800,LV19-0043,purchase,vet_medicine,Y,Y,,
D02801,LV19-0044,purchase,vet_medicine,Y,Y,,
D02802,SG19-0001,purchase,breeding_ai,Y,Y,,
D02803,SG19-0002,purchase,breeding_ai,Y,Y,,
D02804,SG19-0003,purchase,breeding_ai,Y,Y,,
D02805,SG19-0004,purchase,breeding_ai,Y,Y,,
D02806,SG19-0005,purchase,breeding_ai,Y,Y,,
D02807,SG19-0006,purchase,breeding_ai,Y,Y,,
D02808,SG19-0007,purchase,breeding_ai,Y,Y,,
D02809,SG19-0008,purchase,breeding_ai,Y,Y,,
D02810,SG19-0009,purchase,breeding_ai,Y,Y,,
D02811,SG19-0010,purchase,breeding_ai,Y,Y,,
D02812,SG19-0011,purchase,breeding_ai,Y,Y,,
D02813,LAC19-0001,purchase,contractors,Y,Y,,
D02814,OB19-0001,purchase,contractors,Y,Y,,
D02815,LAC19-0002,purchase,contractors,Y,Y,,
D02816,LAC19-0003,purchase,contractors,Y,Y,,
D02817,LAC19-0004,purchase,contractors,Y,Y,,
D02818,OB19-0002,purchase,contractors,Y,Y,,
D02819,OB19-0003,purchase,contractors,Y,Y,,
D02820,OB19-0004,purchase,contractors,Y,Y,,
D02821,OB19-0005,purchase,contractors,Y,Y,,
D02822,LAC19-0005,purchase,contractors,Y,Y,,
D02823,LAC19-0006,purchase,contractors,Y,Y,,
D02824,LAC19-0007,purchase,contractors,Y,Y,,
D02825,BF19-0001,purchase,fuel,Y,Y,,
D02826,BF19-0002,purchase,fuel,Y,Y,,
D02827,BF19-0003,purchase,fuel,Y,Y,,
D02828,BF19-0004,purchase,fuel,Y,Y,,
D02829,BF19-0005,purchase,fuel,Y,Y,,
D02830,BF19-0006,purchase,fuel,Y,Y,,
D02831,BF19-0007,purchase,fuel,Y,Y,,
D02832,BF19-0008,purchase,fuel,Y,Y,,
D02833,BF19-0009,purchase,fuel,Y,Y,,
D02834,BF19-0010,purchase,fuel,Y,Y,,
D02835,BF19-0011,purchase,fuel,Y,Y,,
D02836,BF19-0012,purchase,fuel,Y,Y,,
D02837,CFP19-0001,purchase,repairs,Y,Y,,
D02838,CFP19-0002,purchase,repairs,Y,Y,,
D02839,CFP19-0003,purchase,repairs,Y,Y,,
D02840,CFP19-0004,purchase,repairs,Y,Y,,
D02841,CFP19-0005,purchase,repairs,Y,Y,,
D02842,CFP19-0006,purchase,repairs,Y,Y,,
D02843,CFP19-0007,purchase,repairs,Y,Y,,
D02844,CFP19-0008,purchase,repairs,Y,Y,,
D02845,CFP19-0009,purchase,repairs,Y,Y,,
D02846,CFP19-0010,purchase,repairs,Y,Y,,
D02847,CFP19-0011,purchase,repairs,Y,Y,,
D02848,CFP19-0012,purchase,repairs,Y,Y,,
D02849,CFP19-0013,purchase,repairs,Y,Y,,
D02850,CFP19-0014,purchase,repairs,Y,Y,,
D02851,CFP19-0015,purchase,repairs,Y,Y,,
D02852,CFP19-0016,purchase,repairs,Y,Y,,
D02853,CFP19-0017,purchase,repairs,Y,Y,,
D02854,CFP19-0018,purchase,repairs,Y,Y,,
D02855,CFP19-0019,purchase,repairs,Y,Y,,
D02856,CFP19-0020,purchase,repairs,Y,Y,,
D02857,CFP19-0021,purchase,repairs,Y,Y,,
D02859,CFP19-0023,purchase,repairs,Y,Y,,
D02860,CFP19-0024,purchase,repairs,Y,Y,,
D02861,CFP19-0025,purchase,repairs,Y,Y,,
D02862,CFP19-0026,purchase,repairs,Y,Y,,
D02863,CFP19-0027,purchase,repairs,Y,Y,,
D02864,CFP19-0028,purchase,repairs,Y,Y,,
D02865,CFP19-0029,purchase,repairs,Y,Y,,
D02866,CFP19-0030,purchase,repairs,Y,Y,,
D02867,CFP19-0031,purchase,repairs,Y,Y,,
D02868,CFP19-0032,purchase,repairs,Y,Y,,
D02869,CFP19-0033,purchase,repairs,Y,Y,,
D02870,CFP19-0034,purchase,repairs,Y,Y,,
D02871,CFP19-0035,purchase,repairs,Y,Y,,
D02872,CFP19-0036,purchase,repairs,Y,Y,,
D02873,CFP19-0037,purchase,repairs,Y,Y,,
D02874,CFP19-0038,purchase,repairs,Y,Y,,
D02875,CFP19-0039,purchase,repairs,Y,Y,,
D02876,CFP19-0040,purchase,repairs,Y,Y,,
D02877,CFP19-0041,purchase,repairs,Y,Y,,
D02878,CFP19-0042,purchase,repairs,Y,Y,,
D02879,CFP19-0043,purchase,repairs,Y,Y,,
D02880,CFP19-0044,purchase,repairs,Y,Y,,
D02881,CFP19-0045,purchase,repairs,Y,Y,,
D02882,CFP19-0046,purchase,repairs,Y,Y,,
D02883,CFP19-0047,purchase,repairs,Y,Y,,
D02884,CFP19-0048,purchase,repairs,Y,Y,,
D02885,DHS19-0001,purchase,dairy_hygiene,Y,Y,,
D02886,DHS19-0002,purchase,dairy_hygiene,Y,Y,,
D02887,DHS19-0003,purchase,dairy_hygiene,Y,Y,,
D02888,DHS19-0004,purchase,dairy_hygiene,Y,Y,,
D02889,DHS19-0005,purchase,dairy_hygiene,Y,Y,,
D02890,DHS19-0006,purchase,dairy_hygiene,Y,Y,,
D02891,DHS19-0007,purchase,dairy_hygiene,Y,Y,,
D02892,DHS19-0008,purchase,dairy_hygiene,Y,Y,,
D02893,DHS19-0009,purchase,dairy_hygiene,Y,Y,,
D02894,DHS19-0010,purchase,dairy_hygiene,Y,Y,,
D02895,DHS19-0011,purchase,dairy_hygiene,Y,Y,,
D02896,DHS19-0012,purchase,dairy_hygiene,Y,Y,,
D02897,DHS19-0013,purchase,dairy_hygiene,Y,Y,,
D02898,DHS19-0014,purchase,dairy_hygiene,Y,Y,,
D02899,DHS19-0015,purchase,dairy_hygiene,Y,Y,,
D02900,DHS19-0016,purchase,dairy_hygiene,Y,Y,,
D02901,DHS19-0017,purchase,dairy_hygiene,Y,Y,,
D02902,DHS19-0018,purchase,dairy_hygiene,Y,Y,,
D02903,AW19-0001,purchase,silage_plastic,Y,Y,,
D02904,AW19-0002,purchase,silage_plastic,Y,Y,,
D02905,AW19-0003,purchase,silage_plastic,Y,Y,,
D02906,AW19-0004,purchase,silage_plastic,Y,Y,,
D02907,HF19-0001,purchase,foot_care,Y,Y,,
D02908,HF19-0002,purchase,foot_care,Y,Y,,
D02909,HF19-0003,purchase,foot_care,Y,Y,,
D02910,HF19-0004,purchase,foot_care,Y,Y,,
D02911,HF19-0005,purchase,foot_care,Y,Y,,
D02912,HF19-0006,purchase,foot_care,Y,Y,,
D02913,HF19-0007,purchase,foot_care,Y,Y,,
D02914,ES19-0001,purchase,electricity,M,Y,,single meter: farmhouse and dairy; about 15% private
D02915,VF19-0001,purchase,telephone,M,Y,,
D02916,HT19-0001,purchase,software,Y,Y,,
D02917,ES19-0002,purchase,electricity,M,Y,,single meter: farmhouse and dairy; about 15% private
D02918,VF19-0002,purchase,telephone,M,Y,,
D02919,HT19-0002,purchase,software,Y,Y,,
D02920,ES19-0003,purchase,electricity,M,Y,,single meter: farmhouse and dairy; about 15% private
D02921,VF19-0003,purchase,telephone,M,Y,,
D02922,HT19-0003,purchase,software,Y,Y,,
D02923,ES19-0004,purchase,electricity,M,Y,,single meter: farmhouse and dairy; about 15% private
D02924,VF19-0004,purchase,telephone,M,Y,,
D02925,HT19-0004,purchase,software,Y,Y,,
D02926,ES19-0005,purchase,electricity,M,Y,,single meter: farmhouse and dairy; about 15% private
D02927,VF19-0005,purchase,telephone,M,Y,,
D02928,HT19-0005,purchase,software,Y,Y,,
D02929,ES19-0006,purchase,electricity,M,Y,,single meter: farmhouse and dairy; about 15% private
D02930,VF19-0006,purchase,telephone,M,Y,,
D02931,HT19-0006,purchase,software,Y,Y,,
D02932,ES19-0007,purchase,electricity,M,Y,,single meter: farmhouse and dairy; about 15% private
D02933,VF19-0007,purchase,telephone,M,Y,,
D02934,HT19-0007,purchase,software,Y,Y,,
D02935,ES19-0008,purchase,electricity,M,Y,,single meter: farmhouse and dairy; about 15% private
D02936,VF19-0008,purchase,telephone,M,Y,,
D02937,HT19-0008,purchase,software,Y,Y,,
D02938,ES19-0009,purchase,electricity,M,Y,,single meter: farmhouse and dairy; about 15% private
D02939,VF19-0009,purchase,telephone,M,Y,,
D02940,HT19-0009,purchase,software,Y,Y,,
D02941,ES19-0010,purchase,electricity,M,Y,,single meter: farmhouse and dairy; about 15% private
D02942,VF19-0010,purchase,telephone,M,Y,,
D02943,HT19-0010,purchase,software,Y,Y,,
D02944,ES19-0011,purchase,electricity,M,Y,,single meter: farmhouse and dairy; about 15% private
D02945,VF19-0011,purchase,telephone,M,Y,,
D02946,HT19-0011,purchase,software,Y,Y,,
D02947,ES19-0012,purchase,electricity,M,Y,,single meter: farmhouse and dairy; about 15% private
D02948,VF19-0012,purchase,telephone,M,Y,,
D02949,HT19-0012,purchase,software,Y,Y,,
D02950,MFI19-0001,purchase,insurance,Y,Y,,
D02951,HC19-0001,purchase,professional_fees,Y,Y,,
D02952,TG19-0001,purchase,professional_fees,Y,Y,,
D02953,WS19-0001,purchase,utilities,M,Y,,
D02954,DOC19-0001,purchase,land_rent,Y,Y,,
D02955,CS20-0001,purchase,feed,Y,Y,,
D02956,GF20-0001,purchase,feed,Y,Y,,
D02957,GF20-0002,purchase,feed,Y,Y,,
D02958,CS20-0002,purchase,feed,Y,Y,,
D02959,CS20-0003,purchase,feed,Y,Y,,
D02960,GF20-0003,purchase,feed,Y,Y,,
D02961,CS20-0004,purchase,feed,Y,Y,,
D02962,GF20-0004,purchase,feed,Y,Y,,
D02963,CS20-0005,purchase,feed,Y,Y,,
D02964,GF20-0005,purchase,feed,Y,N,NO_VAT_NUMBER,
D02965,GF20-0006,purchase,feed,Y,Y,,
D02966,GF20-0007,purchase,feed,Y,Y,,
D02967,CS20-0006,purchase,feed,Y,Y,,
D02968,GF20-0008,purchase,feed,Y,Y,,
D02969,GF20-0009,purchase,feed,Y,Y,,
D02970,CS20-0007,purchase,feed,Y,Y,,
D02971,CS20-0008,purchase,feed,Y,Y,,
D02972,CS20-0009,purchase,feed,Y,Y,,
D02973,CS20-0010,purchase,fertiliser,Y,Y,,
D02974,KA20-0001,purchase,fertiliser,Y,Y,,
D02975,KA20-0002,purchase,fertiliser,Y,Y,,
D02976,KA20-0003,purchase,fertiliser,Y,Y,,
D02977,CS20-0011,purchase,fertiliser,Y,Y,,
D02978,CS20-0012,purchase,fertiliser,Y,Y,,
D02979,LV20-0001,purchase,vet_medicine,Y,Y,,
D02980,LV20-0002,purchase,vet_medicine,Y,Y,,
D02981,LV20-0003,purchase,vet_medicine,Y,Y,,
D02982,LV20-0004,purchase,vet_medicine,Y,Y,,
D02983,LV20-0005,purchase,vet_medicine,Y,Y,,
D02984,LV20-0006,purchase,vet_medicine,Y,Y,,
D02985,LV20-0007,purchase,vet_medicine,Y,Y,,
D02986,LV20-0008,purchase,vet_medicine,Y,Y,,
D02987,LV20-0009,purchase,vet_medicine,Y,Y,,
D02988,LV20-0010,purchase,vet_medicine,Y,Y,,
D02989,LV20-0011,purchase,vet_medicine,Y,Y,,
D02990,LV20-0012,purchase,vet_medicine,Y,Y,,
D02991,LV20-0013,purchase,vet_medicine,Y,Y,,
D02992,LV20-0014,purchase,vet_medicine,Y,Y,,
D02993,LV20-0015,purchase,vet_medicine,Y,Y,,
D02994,LV20-0016,purchase,vet_medicine,Y,Y,,
D02995,LV20-0017,purchase,vet_medicine,Y,Y,,
D02996,LV20-0018,purchase,vet_medicine,Y,Y,,
D02997,LV20-0019,purchase,vet_medicine,Y,Y,,
D02998,LV20-0020,purchase,vet_medicine,Y,Y,,
D02999,LV20-0021,purchase,vet_medicine,Y,Y,,
D03000,LV20-0022,purchase,vet_medicine,Y,Y,,
D03001,LV20-0023,purchase,vet_medicine,Y,Y,,
D03002,LV20-0024,purchase,vet_medicine,Y,Y,,
D03003,LV20-0025,purchase,vet_medicine,Y,Y,,
D03004,LV20-0026,purchase,vet_medicine,Y,Y,,
D03005,LV20-0027,purchase,vet_medicine,Y,Y,,
D03006,LV20-0028,purchase,vet_medicine,Y,Y,,
D03007,LV20-0029,purchase,vet_medicine,Y,Y,,
D03008,LV20-0030,purchase,vet_medicine,Y,Y,,
D03009,LV20-0031,purchase,vet_medicine,Y,Y,,
D03010,LV20-0032,purchase,vet_medicine,Y,Y,,
D03011,LV20-0033,purchase,vet_medicine,Y,Y,,
D03012,LV20-0034,purchase,vet_medicine,Y,Y,,
D03013,LV20-0035,purchase,vet_medicine,Y,Y,,
D03014,LV20-0036,purchase,vet_medicine,Y,Y,,
D03015,LV20-0037,purchase,vet_medicine,Y,Y,,
D03016,LV20-0038,purchase,vet_medicine,Y,Y,,
D03017,LV20-0039,purchase,vet_medicine,Y,Y,,
D03018,LV20-0040,purchase,vet_medicine,Y,Y,,
D03019,LV20-0041,purchase,vet_medicine,Y,Y,,
D03020,LV20-0042,purchase,vet_medicine,Y,Y,,
D03021,LV20-0043,purchase,vet_medicine,Y,Y,,
D03022,LV20-0044,purchase,vet_medicine,Y,Y,,
D03023,LV20-0045,purchase,vet_medicine,Y,Y,,
D03024,SG20-0001,purchase,breeding_ai,Y,Y,,
D03025,SG20-0002,purchase,breeding_ai,Y,Y,,
D03026,SG20-0003,purchase,breeding_ai,Y,Y,,
D03027,SG20-0004,purchase,breeding_ai,Y,Y,,
D03028,SG20-0005,purchase,breeding_ai,Y,Y,,
D03029,SG20-0006,purchase,breeding_ai,Y,Y,,
D03030,SG20-0007,purchase,breeding_ai,Y,Y,,
D03031,SG20-0008,purchase,breeding_ai,Y,Y,,
D03032,SG20-0009,purchase,breeding_ai,Y,Y,,
D03033,SG20-0010,purchase,breeding_ai,Y,Y,,
D03034,SG20-0011,purchase,breeding_ai,Y,Y,,
D03035,LAC20-0001,purchase,contractors,Y,Y,,
D03036,LAC20-0002,purchase,contractors,Y,Y,,
D03037,LAC20-0003,purchase,contractors,Y,Y,,
D03038,OB20-0001,purchase,contractors,Y,Y,,
D03039,OB20-0002,purchase,contractors,Y,Y,,
D03040,LAC20-0004,purchase,contractors,Y,Y,,
D03041,LAC20-0005,purchase,contractors,Y,Y,,
D03042,LAC20-0006,purchase,contractors,Y,Y,,
D03043,OB20-0003,purchase,contractors,Y,Y,,
D03044,LAC20-0007,purchase,contractors,Y,Y,,
D03045,OB20-0004,purchase,contractors,Y,Y,,
D03046,OB20-0005,purchase,contractors,Y,Y,,
D03047,BF20-0001,purchase,fuel,Y,Y,,
D03048,BF20-0002,purchase,fuel,Y,Y,,
D03049,BF20-0003,purchase,fuel,Y,Y,,
D03050,BF20-0004,purchase,fuel,Y,Y,,
D03051,BF20-0005,purchase,fuel,Y,Y,,
D03052,BF20-0006,purchase,fuel,Y,Y,,
D03053,BF20-0007,purchase,fuel,Y,Y,,
D03054,BF20-0008,purchase,fuel,Y,Y,,
D03055,BF20-0009,purchase,fuel,Y,Y,,
D03056,CFP20-0001,purchase,repairs,Y,Y,,
D03057,CFP20-0002,purchase,repairs,Y,Y,,
D03058,CFP20-0003,purchase,repairs,Y,Y,,
D03059,CFP20-0004,purchase,repairs,Y,Y,,
D03061,CFP20-0006,purchase,repairs,Y,Y,,
D03062,CFP20-0007,purchase,repairs,Y,Y,,
D03063,CFP20-0008,purchase,repairs,Y,Y,,
D03064,CFP20-0009,purchase,repairs,Y,Y,,
D03065,CFP20-0010,purchase,repairs,Y,Y,,
D03066,CFP20-0011,purchase,repairs,Y,Y,,
D03067,CFP20-0012,purchase,repairs,Y,Y,,
D03068,CFP20-0013,purchase,repairs,Y,Y,,
D03069,CFP20-0014,purchase,repairs,Y,Y,,
D03070,CFP20-0015,purchase,repairs,Y,Y,,
D03071,CFP20-0016,purchase,repairs,Y,Y,,
D03072,CFP20-0017,purchase,repairs,Y,Y,,
D03073,CFP20-0018,purchase,repairs,Y,Y,,
D03074,CFP20-0019,purchase,repairs,Y,Y,,
D03075,CFP20-0020,purchase,repairs,Y,Y,,
D03076,CFP20-0021,purchase,repairs,Y,Y,,
D03077,CFP20-0022,purchase,repairs,Y,Y,,
D03078,CFP20-0023,purchase,repairs,Y,Y,,
D03079,CFP20-0024,purchase,repairs,Y,Y,,
D03080,CFP20-0025,purchase,repairs,Y,Y,,
D03081,CFP20-0026,purchase,repairs,Y,Y,,
D03082,CFP20-0027,purchase,repairs,Y,Y,,
D03083,CFP20-0028,purchase,repairs,Y,Y,,
D03084,CFP20-0029,purchase,repairs,Y,Y,,
D03085,CFP20-0030,purchase,repairs,Y,Y,,
D03086,CFP20-0031,purchase,repairs,Y,Y,,
D03087,CFP20-0032,purchase,repairs,Y,Y,,
D03088,CFP20-0033,purchase,repairs,Y,Y,,
D03089,CFP20-0034,purchase,repairs,Y,Y,,
D03090,CFP20-0035,purchase,repairs,Y,Y,,
D03091,CFP20-0036,purchase,repairs,Y,Y,,
D03092,CFP20-0037,purchase,repairs,Y,Y,,
D03093,CFP20-0038,purchase,repairs,Y,Y,,
D03094,CFP20-0039,purchase,repairs,Y,Y,,
D03095,CFP20-0040,purchase,repairs,Y,Y,,
D03096,CFP20-0041,purchase,repairs,Y,Y,,
D03097,CFP20-0042,purchase,repairs,Y,Y,,
D03098,CFP20-0043,purchase,repairs,Y,Y,,
D03099,CFP20-0044,purchase,repairs,Y,Y,,
D03100,CFP20-0045,purchase,repairs,Y,Y,,
D03101,CFP20-0046,purchase,repairs,Y,Y,,
D03102,CFP20-0047,purchase,repairs,Y,Y,,
D03103,CFP20-0048,purchase,repairs,Y,Y,,
D03104,CFP20-0049,purchase,repairs,Y,Y,,
D03105,DHS20-0001,purchase,dairy_hygiene,Y,Y,,
D03106,DHS20-0002,purchase,dairy_hygiene,Y,Y,,
D03107,DHS20-0003,purchase,dairy_hygiene,Y,Y,,
D03108,DHS20-0004,purchase,dairy_hygiene,Y,Y,,
D03109,DHS20-0005,purchase,dairy_hygiene,Y,Y,,
D03110,DHS20-0006,purchase,dairy_hygiene,Y,Y,,
D03111,DHS20-0007,purchase,dairy_hygiene,Y,Y,,
D03112,DHS20-0008,purchase,dairy_hygiene,Y,Y,,
D03113,DHS20-0009,purchase,dairy_hygiene,Y,Y,,
D03114,DHS20-0010,purchase,dairy_hygiene,Y,Y,,
D03115,DHS20-0011,purchase,dairy_hygiene,Y,Y,,
D03116,DHS20-0012,purchase,dairy_hygiene,Y,Y,,
D03117,DHS20-0013,purchase,dairy_hygiene,Y,Y,,
D03118,DHS20-0014,purchase,dairy_hygiene,Y,Y,,
D03119,DHS20-0015,purchase,dairy_hygiene,Y,Y,,
D03120,DHS20-0016,purchase,dairy_hygiene,Y,Y,,
D03121,DHS20-0017,purchase,dairy_hygiene,Y,Y,,
D03122,DHS20-0018,purchase,dairy_hygiene,Y,Y,,
D03123,DHS20-0019,purchase,dairy_hygiene,Y,Y,,
D03124,AW20-0001,purchase,silage_plastic,Y,Y,,
D03125,AW20-0002,purchase,silage_plastic,Y,Y,,
D03126,AW20-0003,purchase,silage_plastic,Y,Y,,
D03127,AW20-0004,purchase,silage_plastic,Y,Y,,
D03128,HF20-0001,purchase,foot_care,Y,Y,,
D03129,HF20-0002,purchase,foot_care,Y,Y,,
D03130,HF20-0003,purchase,foot_care,Y,Y,,
D03131,HF20-0004,purchase,foot_care,Y,Y,,
D03132,HF20-0005,purchase,foot_care,Y,Y,,
D03133,HF20-0006,purchase,foot_care,Y,Y,,
D03134,HF20-0007,purchase,foot_care,Y,Y,,
D03135,ES20-0001,purchase,electricity,M,Y,,single meter: farmhouse and dairy; about 15% private
D03136,VF20-0001,purchase,telephone,M,Y,,
D03137,HT20-0001,purchase,software,Y,Y,,
D03138,ES20-0002,purchase,electricity,M,Y,,single meter: farmhouse and dairy; about 15% private
D03139,VF20-0002,purchase,telephone,M,Y,,
D03140,HT20-0002,purchase,software,Y,Y,,
D03141,ES20-0003,purchase,electricity,M,Y,,single meter: farmhouse and dairy; about 15% private
D03142,VF20-0003,purchase,telephone,M,Y,,
D03143,HT20-0003,purchase,software,Y,Y,,
D03144,ES20-0004,purchase,electricity,M,Y,,single meter: farmhouse and dairy; about 15% private
D03145,VF20-0004,purchase,telephone,M,Y,,
D03146,HT20-0004,purchase,software,Y,Y,,
D03147,ES20-0005,purchase,electricity,M,Y,,single meter: farmhouse and dairy; about 15% private
D03148,VF20-0005,purchase,telephone,M,Y,,
D03149,HT20-0005,purchase,software,Y,Y,,
D03150,ES20-0006,purchase,electricity,M,Y,,single meter: farmhouse and dairy; about 15% private
D03151,VF20-0006,purchase,telephone,M,Y,,
D03152,HT20-0006,purchase,software,Y,Y,,
D03153,ES20-0007,purchase,electricity,M,Y,,single meter: farmhouse and dairy; about 15% private
D03154,VF20-0007,purchase,telephone,M,Y,,
D03155,HT20-0007,purchase,software,Y,Y,,
D03156,ES20-0008,purchase,electricity,M,Y,,single meter: farmhouse and dairy; about 15% private
D03157,VF20-0008,purchase,telephone,M,Y,,
D03158,HT20-0008,purchase,software,Y,Y,,
D03159,ES20-0009,purchase,electricity,M,Y,,single meter: farmhouse and dairy; about 15% private
D03160,VF20-0009,purchase,telephone,M,Y,,
D03161,HT20-0009,purchase,software,Y,Y,,
D03162,ES20-0010,purchase,electricity,M,Y,,single meter: farmhouse and dairy; about 15% private
D03163,VF20-0010,purchase,telephone,M,Y,,
D03164,HT20-0010,purchase,software,Y,Y,,
D03165,ES20-0011,purchase,electricity,M,Y,,single meter: farmhouse and dairy; about 15% private
D03166,VF20-0011,purchase,telephone,M,Y,,
D03167,HT20-0011,purchase,software,Y,Y,,
D03168,ES20-0012,purchase,electricity,M,Y,,single meter: farmhouse and dairy; about 15% private
D03169,VF20-0012,purchase,telephone,M,Y,,
D03170,HT20-0012,purchase,software,Y,Y,,
D03171,MFI20-0001,purchase,insurance,Y,Y,,
D03172,HC20-0001,purchase,professional_fees,Y,Y,,
D03173,TG20-0001,purchase,professional_fees,Y,Y,,
D03174,WS20-0001,purchase,utilities,M,Y,,
D03175,DOC20-0001,purchase,land_rent,Y,Y,,
D03176,CS21-0001,purchase,feed,Y,Y,,
D03177,GF21-0001,purchase,feed,Y,Y,,
D03178,CS21-0002,purchase,feed,Y,Y,,
D03179,GF21-0002,purchase,feed,Y,Y,,
D03180,GF21-0003,purchase,feed,Y,Y,,
D03181,GF21-0004,purchase,feed,Y,Y,,
D03182,GF21-0005,purchase,feed,Y,Y,,
D03183,CS21-0003,purchase,feed,Y,Y,,
D03184,CS21-0004,purchase,feed,Y,Y,,
D03185,GF21-0006,purchase,feed,Y,Y,,
D03186,GF21-0007,purchase,feed,Y,Y,,
D03187,CS21-0005,purchase,feed,Y,Y,ARITH_ERROR,printed gross does not equal net + VAT
D03188,CS21-0006,purchase,feed,Y,Y,,
D03189,GF21-0008,purchase,feed,Y,Y,,
D03190,CS21-0007,purchase,feed,Y,Y,,
D03191,CS21-0008,purchase,feed,Y,Y,,
D03192,GF21-0009,purchase,feed,Y,Y,,
D03193,GF21-0010,purchase,feed,Y,Y,,
D03194,GF21-0011,purchase,feed,Y,Y,,
D03195,GF21-0012,purchase,feed,Y,Y,,
D03196,GF21-0013,purchase,feed,Y,Y,,
D03197,CS21-0009,purchase,feed,Y,Y,,
D03198,CS21-0010,purchase,feed,Y,Y,,
D03199,CS21-0011,purchase,fertiliser,Y,Y,,
D03200,CS21-0012,purchase,fertiliser,Y,Y,,
D03201,CS21-0013,purchase,fertiliser,Y,Y,,
D03202,CS21-0014,purchase,fertiliser,Y,Y,,
D03203,CS21-0015,purchase,fertiliser,Y,Y,,
D03204,CS21-0016,purchase,fertiliser,Y,Y,,
D03205,CS21-0017,purchase,fertiliser,Y,Y,,
D03206,KA21-0001,purchase,fertiliser,Y,Y,,
D03207,CS21-0018,purchase,fertiliser,Y,Y,,
D03208,LV21-0001,purchase,vet_medicine,Y,Y,,
D03209,LV21-0002,purchase,vet_medicine,Y,Y,,
D03210,LV21-0003,purchase,vet_medicine,Y,Y,,
D03211,LV21-0004,purchase,vet_medicine,Y,Y,,
D03212,LV21-0005,purchase,vet_medicine,Y,Y,,
D03213,LV21-0006,purchase,vet_medicine,Y,Y,,
D03214,LV21-0007,purchase,vet_medicine,Y,Y,,
D03215,LV21-0008,purchase,vet_medicine,Y,Y,,
D03216,LV21-0009,purchase,vet_medicine,Y,Y,,
D03217,LV21-0010,purchase,vet_medicine,Y,Y,,
D03218,LV21-0011,purchase,vet_medicine,Y,Y,,
D03219,LV21-0012,purchase,vet_medicine,Y,Y,,
D03220,LV21-0013,purchase,vet_medicine,Y,Y,,
D03221,LV21-0014,purchase,vet_medicine,Y,Y,,
D03222,LV21-0015,purchase,vet_medicine,Y,Y,,
D03223,LV21-0016,purchase,vet_medicine,Y,Y,,
D03224,LV21-0017,purchase,vet_medicine,Y,Y,,
D03225,LV21-0018,purchase,vet_medicine,Y,Y,,
D03226,LV21-0019,purchase,vet_medicine,Y,Y,,
D03227,LV21-0020,purchase,vet_medicine,Y,Y,,
D03228,LV21-0021,purchase,vet_medicine,Y,N,NO_VAT_NUMBER,
D03229,LV21-0022,purchase,vet_medicine,Y,Y,,
D03230,LV21-0023,purchase,vet_medicine,Y,Y,,
D03231,LV21-0024,purchase,vet_medicine,Y,Y,,
D03232,LV21-0025,purchase,vet_medicine,Y,Y,,
D03233,LV21-0026,purchase,vet_medicine,Y,Y,,
D03234,LV21-0027,purchase,vet_medicine,Y,Y,,
D03235,LV21-0028,purchase,vet_medicine,Y,Y,,
D03236,LV21-0029,purchase,vet_medicine,Y,Y,,
D03237,LV21-0030,purchase,vet_medicine,Y,Y,,
D03238,LV21-0031,purchase,vet_medicine,Y,Y,,
D03239,LV21-0032,purchase,vet_medicine,Y,Y,,
D03240,LV21-0033,purchase,vet_medicine,Y,Y,,
D03241,LV21-0034,purchase,vet_medicine,Y,Y,,
D03242,LV21-0035,purchase,vet_medicine,Y,Y,,
D03243,LV21-0036,purchase,vet_medicine,Y,Y,,
D03244,LV21-0037,purchase,vet_medicine,Y,Y,,
D03245,LV21-0038,purchase,vet_medicine,Y,Y,,
D03246,LV21-0039,purchase,vet_medicine,Y,Y,,
D03247,LV21-0040,purchase,vet_medicine,Y,Y,,
D03248,LV21-0041,purchase,vet_medicine,Y,Y,,
D03249,LV21-0042,purchase,vet_medicine,Y,Y,,
D03250,LV21-0043,purchase,vet_medicine,Y,Y,,
D03251,LV21-0044,purchase,vet_medicine,Y,Y,,
D03252,LV21-0045,purchase,vet_medicine,Y,Y,,
D03253,LV21-0046,purchase,vet_medicine,Y,Y,,
D03254,LV21-0047,purchase,vet_medicine,Y,Y,,
D03255,SG21-0001,purchase,breeding_ai,Y,Y,,
D03256,SG21-0002,purchase,breeding_ai,Y,Y,,
D03257,SG21-0003,purchase,breeding_ai,Y,Y,,
D03258,SG21-0004,purchase,breeding_ai,Y,Y,,
D03259,SG21-0005,purchase,breeding_ai,Y,Y,,
D03261,SG21-0007,purchase,breeding_ai,Y,Y,,
D03262,SG21-0008,purchase,breeding_ai,Y,Y,,
D03263,SG21-0009,purchase,breeding_ai,Y,Y,,
D03264,SG21-0010,purchase,breeding_ai,Y,Y,,
D03265,SG21-0011,purchase,breeding_ai,Y,Y,,
D03266,SG21-0012,purchase,breeding_ai,Y,Y,,
D03267,LAC21-0001,purchase,contractors,Y,Y,,
D03268,OB21-0001,purchase,contractors,Y,Y,,
D03269,LAC21-0002,purchase,contractors,Y,Y,,
D03270,LAC21-0003,purchase,contractors,Y,Y,,
D03271,LAC21-0004,purchase,contractors,Y,Y,,
D03272,OB21-0002,purchase,contractors,Y,Y,,
D03273,OB21-0003,purchase,contractors,Y,Y,,
D03274,LAC21-0005,purchase,contractors,Y,Y,,
D03275,LAC21-0006,purchase,contractors,Y,Y,,
D03276,OB21-0004,purchase,contractors,Y,Y,,
D03277,LAC21-0007,purchase,contractors,Y,Y,,
D03278,LAC21-0008,purchase,contractors,Y,Y,ARITH_ERROR,printed gross does not equal net + VAT
D03279,OB21-0005,purchase,contractors,Y,Y,,
D03280,BF21-0001,purchase,fuel,Y,Y,,
D03281,BF21-0002,purchase,fuel,Y,Y,,
D03282,BF21-0003,purchase,fuel,Y,Y,,
D03283,BF21-0004,purchase,fuel,Y,Y,,
D03284,BF21-0005,purchase,fuel,Y,Y,,
D03285,BF21-0006,purchase,fuel,Y,Y,,
D03286,BF21-0007,purchase,fuel,Y,Y,,
D03287,BF21-0008,purchase,fuel,Y,Y,,
D03288,BF21-0009,purchase,fuel,Y,Y,,
D03289,BF21-0010,purchase,fuel,Y,Y,,
D03290,BF21-0011,purchase,fuel,Y,Y,,
D03291,CFP21-0001,purchase,repairs,Y,Y,,
D03292,CFP21-0002,purchase,repairs,Y,Y,,
D03293,CFP21-0003,purchase,repairs,Y,Y,,
D03294,CFP21-0004,purchase,repairs,Y,Y,,
D03295,CFP21-0005,purchase,repairs,Y,Y,,
D03296,CFP21-0006,purchase,repairs,Y,Y,,
D03297,CFP21-0007,purchase,repairs,Y,Y,,
D03298,CFP21-0008,purchase,repairs,Y,Y,,
D03299,CFP21-0009,purchase,repairs,Y,Y,,
D03300,CFP21-0010,purchase,repairs,Y,Y,,
D03301,CFP21-0011,purchase,repairs,Y,Y,,
D03302,CFP21-0012,purchase,repairs,Y,Y,,
D03303,CFP21-0013,purchase,repairs,Y,Y,,
D03304,CFP21-0014,purchase,repairs,Y,Y,,
D03305,CFP21-0015,purchase,repairs,Y,Y,,
D03307,CFP21-0017,purchase,repairs,Y,Y,,
D03308,CFP21-0018,purchase,repairs,Y,Y,,
D03309,CFP21-0019,purchase,repairs,Y,Y,,
D03310,CFP21-0020,purchase,repairs,Y,Y,,
D03311,CFP21-0021,purchase,repairs,Y,Y,,
D03312,CFP21-0022,purchase,repairs,Y,Y,,
D03313,CFP21-0023,purchase,repairs,Y,Y,,
D03314,CFP21-0024,purchase,repairs,Y,Y,,
D03315,CFP21-0025,purchase,repairs,Y,Y,,
D03316,CFP21-0026,purchase,repairs,Y,Y,,
D03317,CFP21-0027,purchase,repairs,Y,Y,,
D03318,CFP21-0028,purchase,repairs,Y,Y,,
D03319,CFP21-0029,purchase,repairs,Y,Y,,
D03320,CFP21-0030,purchase,repairs,Y,Y,,
D03321,CFP21-0031,purchase,repairs,Y,Y,,
D03322,CFP21-0032,purchase,repairs,Y,Y,,
D03323,CFP21-0033,purchase,repairs,Y,Y,,
D03324,CFP21-0034,purchase,repairs,Y,Y,,
D03325,CFP21-0035,purchase,repairs,Y,Y,,
D03326,CFP21-0036,purchase,repairs,Y,Y,,
D03328,CFP21-0038,purchase,repairs,Y,Y,,
D03329,CFP21-0039,purchase,repairs,Y,Y,,
D03330,CFP21-0040,purchase,repairs,Y,Y,,
D03331,CFP21-0041,purchase,repairs,Y,Y,,
D03332,CFP21-0042,purchase,repairs,Y,Y,,
D03333,CFP21-0043,purchase,repairs,Y,Y,,
D03334,CFP21-0044,purchase,repairs,Y,Y,,
D03335,CFP21-0045,purchase,repairs,Y,Y,,
D03336,CFP21-0046,purchase,repairs,Y,Y,,
D03337,CFP21-0047,purchase,repairs,Y,Y,,
D03338,CFP21-0048,purchase,repairs,Y,Y,,
D03339,CFP21-0049,purchase,repairs,Y,Y,,
D03340,CFP21-0050,purchase,repairs,Y,Y,,
D03341,DHS21-0001,purchase,dairy_hygiene,Y,Y,,
D03342,DHS21-0002,purchase,dairy_hygiene,Y,Y,,
D03343,DHS21-0003,purchase,dairy_hygiene,Y,Y,,
D03344,DHS21-0004,purchase,dairy_hygiene,Y,Y,,
D03345,DHS21-0005,purchase,dairy_hygiene,Y,Y,,
D03346,DHS21-0006,purchase,dairy_hygiene,Y,Y,,
D03347,DHS21-0007,purchase,dairy_hygiene,Y,Y,,
D03348,DHS21-0008,purchase,dairy_hygiene,Y,Y,,
D03349,DHS21-0009,purchase,dairy_hygiene,Y,Y,,
D03350,DHS21-0010,purchase,dairy_hygiene,Y,Y,,
D03351,DHS21-0011,purchase,dairy_hygiene,Y,Y,,
D03352,DHS21-0012,purchase,dairy_hygiene,Y,Y,,
D03353,DHS21-0013,purchase,dairy_hygiene,Y,Y,,
D03354,DHS21-0014,purchase,dairy_hygiene,Y,Y,,
D03355,DHS21-0015,purchase,dairy_hygiene,Y,Y,,
D03356,DHS21-0016,purchase,dairy_hygiene,Y,Y,,
D03357,DHS21-0017,purchase,dairy_hygiene,Y,Y,,
D03358,DHS21-0018,purchase,dairy_hygiene,Y,Y,,
D03359,DHS21-0019,purchase,dairy_hygiene,Y,Y,,
D03360,AW21-0001,purchase,silage_plastic,Y,Y,,
D03361,AW21-0002,purchase,silage_plastic,Y,Y,,
D03362,AW21-0003,purchase,silage_plastic,Y,Y,,
D03363,AW21-0004,purchase,silage_plastic,Y,Y,,
D03364,AW21-0005,purchase,silage_plastic,Y,Y,,
D03365,HF21-0001,purchase,foot_care,Y,Y,,
D03366,HF21-0002,purchase,foot_care,Y,Y,,
D03367,HF21-0003,purchase,foot_care,Y,Y,,
D03368,HF21-0004,purchase,foot_care,Y,Y,,
D03369,HF21-0005,purchase,foot_care,Y,Y,,
D03370,HF21-0006,purchase,foot_care,Y,Y,,
D03371,HF21-0007,purchase,foot_care,Y,Y,,
D03372,ES21-0001,purchase,electricity,M,Y,,single meter: farmhouse and dairy; about 15% private
D03373,VF21-0001,purchase,telephone,M,Y,,
D03374,HT21-0001,purchase,software,Y,Y,,
D03375,ES21-0002,purchase,electricity,M,Y,,single meter: farmhouse and dairy; about 15% private
D03376,VF21-0002,purchase,telephone,M,Y,,
D03377,HT21-0002,purchase,software,Y,Y,,
D03378,ES21-0003,purchase,electricity,M,Y,,single meter: farmhouse and dairy; about 15% private
D03379,VF21-0003,purchase,telephone,M,Y,,
D03380,HT21-0003,purchase,software,Y,Y,,
D03381,ES21-0004,purchase,electricity,M,Y,,single meter: farmhouse and dairy; about 15% private
D03382,VF21-0004,purchase,telephone,M,Y,,
D03383,HT21-0004,purchase,software,Y,Y,,
D03384,ES21-0005,purchase,electricity,M,Y,,single meter: farmhouse and dairy; about 15% private
D03385,VF21-0005,purchase,telephone,M,Y,,
D03386,HT21-0005,purchase,software,Y,Y,,
D03387,ES21-0006,purchase,electricity,M,Y,,single meter: farmhouse and dairy; about 15% private
D03388,VF21-0006,purchase,telephone,M,Y,,
D03389,HT21-0006,purchase,software,Y,Y,,
D03390,ES21-0007,purchase,electricity,M,Y,,single meter: farmhouse and dairy; about 15% private
D03391,VF21-0007,purchase,telephone,M,Y,,
D03392,HT21-0007,purchase,software,Y,Y,,
D03393,ES21-0008,purchase,electricity,M,Y,,single meter: farmhouse and dairy; about 15% private
D03394,VF21-0008,purchase,telephone,M,Y,,
D03395,HT21-0008,purchase,software,Y,Y,,
D03396,ES21-0009,purchase,electricity,M,Y,,single meter: farmhouse and dairy; about 15% private
D03397,VF21-0009,purchase,telephone,M,Y,,
D03398,HT21-0009,purchase,software,Y,Y,,
D03399,ES21-0010,purchase,electricity,M,Y,,single meter: farmhouse and dairy; about 15% private
D03400,VF21-0010,purchase,telephone,M,Y,,
D03401,HT21-0010,purchase,software,Y,Y,,
D03402,ES21-0011,purchase,electricity,M,Y,,single meter: farmhouse and dairy; about 15% private
D03403,VF21-0011,purchase,telephone,M,Y,,
D03404,HT21-0011,purchase,software,Y,Y,,
D03405,ES21-0012,purchase,electricity,M,Y,,single meter: farmhouse and dairy; about 15% private
D03406,VF21-0012,purchase,telephone,M,Y,,
D03407,HT21-0012,purchase,software,Y,Y,,
D03408,MFI21-0001,purchase,insurance,Y,Y,,
D03409,HC21-0001,purchase,professional_fees,Y,Y,,
D03410,TG21-0001,purchase,professional_fees,Y,Y,,
D03411,WS21-0001,purchase,utilities,M,Y,,
D03412,DOC21-0001,purchase,land_rent,Y,Y,,
D03413,GF22-0001,purchase,feed,Y,Y,,
D03414,CS22-0001,purchase,feed,Y,Y,,
D03415,CS22-0002,purchase,feed,Y,Y,,
D03416,GF22-0002,purchase,feed,Y,Y,,
D03417,CS22-0003,purchase,feed,Y,Y,,
D03418,CS22-0004,purchase,feed,Y,Y,,
D03419,GF22-0003,purchase,feed,Y,Y,,
D03420,GF22-0004,purchase,feed,Y,Y,,
D03421,CS22-0005,purchase,feed,Y,Y,,
D03422,CS22-0006,purchase,feed,Y,Y,,
D03423,CS22-0007,purchase,feed,Y,Y,,
D03424,GF22-0005,purchase,feed,Y,Y,,
D03425,GF22-0006,purchase,feed,Y,Y,,
D03426,CS22-0008,purchase,feed,Y,Y,,
D03427,GF22-0007,purchase,feed,Y,Y,,
D03428,CS22-0009,purchase,feed,Y,Y,,
D03429,GF22-0008,purchase,feed,Y,Y,,
D03430,GF22-0009,purchase,feed,Y,Y,,
D03431,CS22-0010,purchase,feed,Y,Y,,
D03432,GF22-0010,purchase,feed,Y,Y,,
D03433,CS22-0011,purchase,feed,Y,Y,,
D03434,CS22-0012,purchase,feed,Y,Y,,
D03436,CS22-0013,purchase,feed,Y,Y,,
D03437,CS22-0014,purchase,feed,Y,Y,,
D03438,CS22-0015,purchase,feed,Y,Y,,
D03439,CS22-0016,purchase,feed,Y,Y,,
D03440,CS22-0017,purchase,feed,Y,Y,,
D03441,GF22-0012,purchase,feed,Y,Y,,
D03442,GF22-0013,purchase,feed,Y,Y,,
D03443,CS22-0018,purchase,fertiliser,Y,Y,,
D03444,KA22-0001,purchase,fertiliser,Y,Y,,
D03445,CS22-0019,purchase,fertiliser,Y,Y,,
D03446,KA22-0002,purchase,fertiliser,Y,Y,,
D03447,CS22-0020,purchase,fertiliser,Y,Y,,
D03448,CS22-0021,purchase,fertiliser,Y,Y,,
D03449,CS22-0022,purchase,fertiliser,Y,Y,,
D03450,KA22-0003,purchase,fertiliser,Y,Y,,
D03451,KA22-0004,purchase,fertiliser,Y,Y,,
D03452,KA22-0005,purchase,fertiliser,Y,Y,,
D03453,KA22-0006,purchase,fertiliser,Y,Y,,
D03454,KA22-0007,purchase,fertiliser,Y,Y,,
D03455,CS22-0023,purchase,fertiliser,Y,Y,,
D03456,KA22-0008,purchase,fertiliser,Y,Y,,
D03457,CS22-0024,purchase,fertiliser,Y,Y,,
D03458,CS22-0025,purchase,fertiliser,Y,Y,,
D03459,LV22-0001,purchase,vet_medicine,Y,Y,,
D03460,LV22-0002,purchase,vet_medicine,Y,Y,,
D03461,LV22-0003,purchase,vet_medicine,Y,Y,,
D03462,LV22-0004,purchase,vet_medicine,Y,Y,,
D03463,LV22-0005,purchase,vet_medicine,Y,Y,,
D03464,LV22-0006,purchase,vet_medicine,Y,Y,,
D03465,LV22-0007,purchase,vet_medicine,Y,Y,,
D03466,LV22-0008,purchase,vet_medicine,Y,Y,,
D03467,LV22-0009,purchase,vet_medicine,Y,Y,,
D03468,LV22-0010,purchase,vet_medicine,Y,Y,,
D03469,LV22-0011,purchase,vet_medicine,Y,Y,,
D03470,LV22-0012,purchase,vet_medicine,Y,Y,,
D03471,LV22-0013,purchase,vet_medicine,Y,Y,,
D03472,LV22-0014,purchase,vet_medicine,Y,Y,,
D03473,LV22-0015,purchase,vet_medicine,Y,Y,,
D03474,LV22-0016,purchase,vet_medicine,Y,Y,,
D03475,LV22-0017,purchase,vet_medicine,Y,Y,,
D03476,LV22-0018,purchase,vet_medicine,Y,Y,,
D03477,LV22-0019,purchase,vet_medicine,Y,Y,,
D03478,LV22-0020,purchase,vet_medicine,Y,Y,,
D03479,LV22-0021,purchase,vet_medicine,Y,Y,,
D03480,LV22-0022,purchase,vet_medicine,Y,Y,,
D03481,LV22-0023,purchase,vet_medicine,Y,Y,,
D03482,LV22-0024,purchase,vet_medicine,Y,Y,,
D03483,LV22-0025,purchase,vet_medicine,Y,Y,,
D03484,LV22-0026,purchase,vet_medicine,Y,Y,,
D03485,LV22-0027,purchase,vet_medicine,Y,Y,,
D03486,LV22-0028,purchase,vet_medicine,Y,Y,,
D03487,LV22-0029,purchase,vet_medicine,Y,Y,,
D03488,LV22-0030,purchase,vet_medicine,Y,Y,,
D03489,LV22-0031,purchase,vet_medicine,Y,Y,,
D03490,LV22-0032,purchase,vet_medicine,Y,Y,,
D03491,LV22-0033,purchase,vet_medicine,Y,Y,,
D03492,LV22-0034,purchase,vet_medicine,Y,Y,,
D03493,LV22-0035,purchase,vet_medicine,Y,Y,,
D03494,LV22-0036,purchase,vet_medicine,Y,Y,,
D03495,LV22-0037,purchase,vet_medicine,Y,Y,,
D03496,LV22-0038,purchase,vet_medicine,Y,Y,,
D03497,LV22-0039,purchase,vet_medicine,Y,Y,,
D03498,LV22-0040,purchase,vet_medicine,Y,Y,,
D03499,LV22-0041,purchase,vet_medicine,Y,Y,,
D03500,LV22-0042,purchase,vet_medicine,Y,Y,,
D03501,LV22-0043,purchase,vet_medicine,Y,Y,,
D03502,LV22-0044,purchase,vet_medicine,Y,Y,,
D03503,LV22-0045,purchase,vet_medicine,Y,Y,,
D03504,LV22-0046,purchase,vet_medicine,Y,Y,,
D03505,LV22-0047,purchase,vet_medicine,Y,Y,,
D03506,LV22-0048,purchase,vet_medicine,Y,Y,,
D03507,LV22-0049,purchase,vet_medicine,Y,Y,,
D03508,LV22-0050,purchase,vet_medicine,Y,Y,,
D03509,SG22-0001,purchase,breeding_ai,Y,Y,,
D03510,SG22-0002,purchase,breeding_ai,Y,Y,,
D03511,SG22-0003,purchase,breeding_ai,Y,Y,,
D03512,SG22-0004,purchase,breeding_ai,Y,Y,,
D03513,SG22-0005,purchase,breeding_ai,Y,Y,,
D03514,SG22-0006,purchase,breeding_ai,Y,Y,,
D03515,SG22-0007,purchase,breeding_ai,Y,Y,,
D03516,SG22-0008,purchase,breeding_ai,Y,Y,,
D03517,SG22-0009,purchase,breeding_ai,Y,Y,,
D03518,SG22-0010,purchase,breeding_ai,Y,Y,,
D03519,SG22-0011,purchase,breeding_ai,Y,Y,,
D03520,SG22-0012,purchase,breeding_ai,Y,Y,,
D03521,LAC22-0001,purchase,contractors,Y,Y,,
D03522,OB22-0001,purchase,contractors,Y,Y,,
D03523,OB22-0002,purchase,contractors,Y,Y,,
D03524,LAC22-0002,purchase,contractors,Y,Y,,
D03525,LAC22-0003,purchase,contractors,Y,Y,,
D03526,OB22-0003,purchase,contractors,Y,Y,,
D03527,LAC22-0004,purchase,contractors,Y,Y,,
D03528,LAC22-0005,purchase,contractors,Y,Y,,
D03529,OB22-0004,purchase,contractors,Y,Y,,
D03530,OB22-0005,purchase,contractors,Y,Y,,
D03531,LAC22-0006,purchase,contractors,Y,Y,,
D03532,OB22-0006,purchase,contractors,Y,Y,,
D03533,OB22-0007,purchase,contractors,Y,Y,,
D03534,BF22-0001,purchase,fuel,Y,Y,,
D03535,BF22-0002,purchase,fuel,Y,Y,,
D03536,BF22-0003,purchase,fuel,Y,Y,,
D03537,BF22-0004,purchase,fuel,Y,Y,,
D03538,BF22-0005,purchase,fuel,Y,Y,,
D03539,BF22-0006,purchase,fuel,Y,Y,,
D03540,BF22-0007,purchase,fuel,Y,Y,,
D03541,BF22-0008,purchase,fuel,Y,Y,,
D03542,BF22-0009,purchase,fuel,Y,Y,,
D03543,BF22-0010,purchase,fuel,Y,Y,,
D03544,BF22-0011,purchase,fuel,Y,Y,,
D03545,BF22-0012,purchase,fuel,Y,Y,,
D03546,BF22-0013,purchase,fuel,Y,Y,,
D03547,BF22-0014,purchase,fuel,Y,Y,,
D03548,BF22-0015,purchase,fuel,Y,Y,,
D03549,BF22-0016,purchase,fuel,Y,Y,,
D03550,BF22-0017,purchase,fuel,Y,Y,,
D03551,BF22-0018,purchase,fuel,Y,Y,,
D03552,CFP22-0001,purchase,repairs,Y,Y,,
D03553,CFP22-0002,purchase,repairs,Y,Y,,
D03554,CFP22-0003,purchase,repairs,Y,Y,,
D03555,CFP22-0004,purchase,repairs,Y,Y,,
D03556,CFP22-0005,purchase,repairs,Y,Y,,
D03557,CFP22-0006,purchase,repairs,Y,Y,,
D03558,CFP22-0007,purchase,repairs,Y,Y,,
D03559,CFP22-0008,purchase,repairs,Y,Y,,
D03560,CFP22-0009,purchase,repairs,Y,Y,,
D03561,CFP22-0010,purchase,repairs,Y,Y,,
D03562,CFP22-0011,purchase,repairs,Y,Y,,
D03563,CFP22-0012,purchase,repairs,Y,Y,,
D03564,CFP22-0013,purchase,repairs,Y,Y,,
D03565,CFP22-0014,purchase,repairs,Y,Y,,
D03566,CFP22-0015,purchase,repairs,Y,Y,,
D03567,CFP22-0016,purchase,repairs,Y,Y,,
D03568,CFP22-0017,purchase,repairs,Y,Y,,
D03569,CFP22-0018,purchase,repairs,Y,Y,,
D03570,CFP22-0019,purchase,repairs,Y,Y,,
D03571,CFP22-0020,purchase,repairs,Y,Y,,
D03572,CFP22-0021,purchase,repairs,Y,Y,,
D03573,CFP22-0022,purchase,repairs,Y,Y,,
D03574,CFP22-0023,purchase,repairs,Y,Y,,
D03575,CFP22-0024,purchase,repairs,Y,Y,,
D03576,CFP22-0025,purchase,repairs,Y,Y,,
D03577,CFP22-0026,purchase,repairs,Y,Y,,
D03578,CFP22-0027,purchase,repairs,Y,Y,,
D03579,CFP22-0028,purchase,repairs,Y,Y,,
D03580,CFP22-0029,purchase,repairs,Y,Y,,
D03581,CFP22-0030,purchase,repairs,Y,Y,,
D03582,CFP22-0031,purchase,repairs,Y,Y,,
D03583,CFP22-0032,purchase,repairs,Y,Y,,
D03584,CFP22-0033,purchase,repairs,Y,Y,,
D03585,CFP22-0034,purchase,repairs,Y,Y,,
D03586,CFP22-0035,purchase,repairs,Y,Y,,
D03587,CFP22-0036,purchase,repairs,Y,Y,,
D03588,CFP22-0037,purchase,repairs,Y,Y,,
D03589,CFP22-0038,purchase,repairs,Y,Y,,
D03590,CFP22-0039,purchase,repairs,Y,Y,,
D03591,CFP22-0040,purchase,repairs,Y,Y,,
D03592,CFP22-0041,purchase,repairs,Y,Y,,
D03593,CFP22-0042,purchase,repairs,Y,Y,,
D03594,CFP22-0043,purchase,repairs,Y,Y,,
D03595,CFP22-0044,purchase,repairs,Y,Y,,
D03596,CFP22-0045,purchase,repairs,Y,Y,,
D03597,CFP22-0046,purchase,repairs,Y,Y,,
D03598,CFP22-0047,purchase,repairs,Y,Y,,
D03599,CFP22-0048,purchase,repairs,Y,Y,,
D03600,CFP22-0049,purchase,repairs,Y,Y,,
D03601,CFP22-0050,purchase,repairs,Y,Y,,
D03602,CFP22-0051,purchase,repairs,Y,Y,,
D03603,CFP22-0052,purchase,repairs,Y,Y,,
D03604,CFP22-0053,purchase,repairs,Y,Y,,
D03605,DHS22-0001,purchase,dairy_hygiene,Y,Y,,
D03606,DHS22-0002,purchase,dairy_hygiene,Y,Y,,
D03607,DHS22-0003,purchase,dairy_hygiene,Y,Y,,
D03608,DHS22-0004,purchase,dairy_hygiene,Y,Y,,
D03609,DHS22-0005,purchase,dairy_hygiene,Y,Y,,
D03610,DHS22-0006,purchase,dairy_hygiene,Y,Y,,
D03611,DHS22-0007,purchase,dairy_hygiene,Y,Y,,
D03612,DHS22-0008,purchase,dairy_hygiene,Y,Y,,
D03613,DHS22-0009,purchase,dairy_hygiene,Y,Y,,
D03614,DHS22-0010,purchase,dairy_hygiene,Y,Y,,
D03615,DHS22-0011,purchase,dairy_hygiene,Y,Y,,
D03616,DHS22-0012,purchase,dairy_hygiene,Y,Y,,
D03617,DHS22-0013,purchase,dairy_hygiene,Y,Y,,
D03618,DHS22-0014,purchase,dairy_hygiene,Y,Y,,
D03619,DHS22-0015,purchase,dairy_hygiene,Y,Y,,
D03620,DHS22-0016,purchase,dairy_hygiene,Y,Y,,
D03621,DHS22-0017,purchase,dairy_hygiene,Y,Y,,
D03622,DHS22-0018,purchase,dairy_hygiene,Y,Y,,
D03623,DHS22-0019,purchase,dairy_hygiene,Y,Y,,
D03624,DHS22-0020,purchase,dairy_hygiene,Y,Y,,
D03625,AW22-0001,purchase,silage_plastic,Y,Y,,
D03626,AW22-0002,purchase,silage_plastic,Y,Y,,
D03627,AW22-0003,purchase,silage_plastic,Y,Y,,
D03628,AW22-0004,purchase,silage_plastic,Y,Y,,
D03629,AW22-0005,purchase,silage_plastic,Y,Y,,
D03630,HF22-0001,purchase,foot_care,Y,Y,,
D03631,HF22-0002,purchase,foot_care,Y,Y,,
D03632,HF22-0003,purchase,foot_care,Y,Y,,
D03633,HF22-0004,purchase,foot_care,Y,Y,,
D03634,HF22-0005,purchase,foot_care,Y,Y,,
D03635,HF22-0006,purchase,foot_care,Y,Y,,
D03636,HF22-0007,purchase,foot_care,Y,Y,,
D03637,HF22-0008,purchase,foot_care,Y,Y,,
D03638,ES22-0001,purchase,electricity,M,Y,,single meter: farmhouse and dairy; about 15% private
D03639,VF22-0001,purchase,telephone,M,Y,,
D03640,HT22-0001,purchase,software,Y,Y,,
D03641,ES22-0002,purchase,electricity,M,Y,,single meter: farmhouse and dairy; about 15% private
D03642,VF22-0002,purchase,telephone,M,Y,,
D03643,HT22-0002,purchase,software,Y,Y,,
D03644,ES22-0003,purchase,electricity,M,Y,,single meter: farmhouse and dairy; about 15% private
D03645,VF22-0003,purchase,telephone,M,Y,,
D03646,HT22-0003,purchase,software,Y,Y,,
D03647,ES22-0004,purchase,electricity,M,Y,,single meter: farmhouse and dairy; about 15% private
D03648,VF22-0004,purchase,telephone,M,Y,,
D03649,HT22-0004,purchase,software,Y,Y,,
D03650,ES22-0005,purchase,electricity,M,Y,,single meter: farmhouse and dairy; about 15% private
D03651,VF22-0005,purchase,telephone,M,Y,,
D03652,HT22-0005,purchase,software,Y,Y,,
D03653,ES22-0006,purchase,electricity,M,Y,,single meter: farmhouse and dairy; about 15% private
D03654,VF22-0006,purchase,telephone,M,Y,,
D03655,HT22-0006,purchase,software,Y,Y,,
D03656,ES22-0007,purchase,electricity,M,Y,,single meter: farmhouse and dairy; about 15% private
D03657,VF22-0007,purchase,telephone,M,Y,,
D03658,HT22-0007,purchase,software,Y,Y,,
D03659,ES22-0008,purchase,electricity,M,Y,,single meter: farmhouse and dairy; about 15% private
D03660,VF22-0008,purchase,telephone,M,Y,,
D03661,HT22-0008,purchase,software,Y,Y,,
D03662,ES22-0009,purchase,electricity,M,Y,,single meter: farmhouse and dairy; about 15% private
D03663,VF22-0009,purchase,telephone,M,Y,,
D03664,HT22-0009,purchase,software,Y,Y,,
D03665,ES22-0010,purchase,electricity,M,Y,,single meter: farmhouse and dairy; about 15% private
D03666,VF22-0010,purchase,telephone,M,Y,,
D03667,HT22-0010,purchase,software,Y,Y,,
D03668,ES22-0011,purchase,electricity,M,Y,,single meter: farmhouse and dairy; about 15% private
D03669,VF22-0011,purchase,telephone,M,Y,,
D03670,HT22-0011,purchase,software,Y,Y,,
D03671,ES22-0012,purchase,electricity,M,Y,,single meter: farmhouse and dairy; about 15% private
D03672,VF22-0012,purchase,telephone,M,Y,,
D03673,HT22-0012,purchase,software,Y,Y,,
D03674,MFI22-0001,purchase,insurance,Y,Y,,
D03675,HC22-0001,purchase,professional_fees,Y,Y,,
D03676,TG22-0001,purchase,professional_fees,Y,Y,,
D03677,WS22-0001,purchase,utilities,M,Y,,
D03678,DOC22-0001,purchase,land_rent,Y,Y,,
D03679,GF23-0001,purchase,feed,Y,Y,,
D03680,CS23-0001,purchase,feed,Y,Y,,
D03681,CS23-0002,purchase,feed,Y,Y,,
D03682,CS23-0003,purchase,feed,Y,Y,,
D03683,CS23-0004,purchase,feed,Y,Y,,
D03684,CS23-0005,purchase,feed,Y,Y,,
D03685,CS23-0006,purchase,feed,Y,Y,,
D03686,GF23-0002,purchase,feed,Y,Y,,
D03687,GF23-0003,purchase,feed,Y,Y,,
D03688,GF23-0004,purchase,feed,Y,Y,,
D03689,GF23-0005,purchase,feed,Y,Y,,
D03690,CS23-0007,purchase,feed,Y,Y,,
D03691,CS23-0008,purchase,feed,Y,Y,,
D03692,GF23-0006,purchase,feed,Y,Y,,
D03693,CS23-0009,purchase,feed,Y,Y,,
D03694,GF23-0007,purchase,feed,Y,Y,,
D03695,GF23-0008,purchase,feed,Y,Y,,
D03696,GF23-0009,purchase,feed,Y,Y,,
D03697,GF23-0010,purchase,feed,Y,Y,,
D03698,GF23-0011,purchase,feed,Y,Y,,
D03699,GF23-0012,purchase,feed,Y,Y,,
D03700,GF23-0013,purchase,feed,Y,Y,,
D03701,GF23-0014,purchase,feed,Y,Y,,
D03702,GF23-0015,purchase,feed,Y,Y,,
D03703,KA23-0001,purchase,fertiliser,Y,Y,,
D03704,KA23-0002,purchase,fertiliser,Y,Y,,
D03705,KA23-0003,purchase,fertiliser,Y,Y,,
D03706,CS23-0010,purchase,fertiliser,Y,Y,,
D03707,KA23-0004,purchase,fertiliser,Y,Y,,
D03708,CS23-0011,purchase,fertiliser,Y,Y,,
D03709,CS23-0012,purchase,fertiliser,Y,Y,,
D03710,KA23-0005,purchase,fertiliser,Y,Y,,
D03711,KA23-0006,purchase,fertiliser,Y,Y,,
D03712,CS23-0013,purchase,fertiliser,Y,Y,,
D03713,LV23-0001,purchase,vet_medicine,Y,Y,,
D03714,LV23-0002,purchase,vet_medicine,Y,Y,,
D03715,LV23-0003,purchase,vet_medicine,Y,Y,,
D03716,LV23-0004,purchase,vet_medicine,Y,Y,,
D03717,LV23-0005,purchase,vet_medicine,Y,Y,,
D03718,LV23-0006,purchase,vet_medicine,Y,Y,,
D03719,LV23-0007,purchase,vet_medicine,Y,Y,,
D03720,LV23-0008,purchase,vet_medicine,Y,Y,,
D03721,LV23-0009,purchase,vet_medicine,Y,Y,,
D03722,LV23-0010,purchase,vet_medicine,Y,Y,,
D03723,LV23-0011,purchase,vet_medicine,Y,Y,,
D03724,LV23-0012,purchase,vet_medicine,Y,Y,,
D03725,LV23-0013,purchase,vet_medicine,Y,Y,,
D03726,LV23-0014,purchase,vet_medicine,Y,Y,,
D03727,LV23-0015,purchase,vet_medicine,Y,Y,,
D03728,LV23-0016,purchase,vet_medicine,Y,Y,,
D03729,LV23-0017,purchase,vet_medicine,Y,Y,,
D03730,LV23-0018,purchase,vet_medicine,Y,Y,,
D03731,LV23-0019,purchase,vet_medicine,Y,Y,,
D03732,LV23-0020,purchase,vet_medicine,Y,Y,,
D03733,LV23-0021,purchase,vet_medicine,Y,Y,,
D03734,LV23-0022,purchase,vet_medicine,Y,Y,,
D03735,LV23-0023,purchase,vet_medicine,Y,Y,,
D03736,LV23-0024,purchase,vet_medicine,Y,Y,,
D03737,LV23-0025,purchase,vet_medicine,Y,Y,,
D03738,LV23-0026,purchase,vet_medicine,Y,Y,,
D03739,LV23-0027,purchase,vet_medicine,Y,Y,,
D03740,LV23-0028,purchase,vet_medicine,Y,Y,,
D03741,LV23-0029,purchase,vet_medicine,Y,Y,,
D03742,LV23-0030,purchase,vet_medicine,Y,Y,,
D03743,LV23-0031,purchase,vet_medicine,Y,Y,,
D03744,LV23-0032,purchase,vet_medicine,Y,Y,,
D03745,LV23-0033,purchase,vet_medicine,Y,Y,,
D03746,LV23-0034,purchase,vet_medicine,Y,Y,,
D03747,LV23-0035,purchase,vet_medicine,Y,Y,,
D03748,LV23-0036,purchase,vet_medicine,Y,Y,,
D03749,LV23-0037,purchase,vet_medicine,Y,Y,,
D03750,LV23-0038,purchase,vet_medicine,Y,Y,,
D03751,LV23-0039,purchase,vet_medicine,Y,Y,,
D03752,LV23-0040,purchase,vet_medicine,Y,Y,,
D03753,LV23-0041,purchase,vet_medicine,Y,Y,,
D03754,LV23-0042,purchase,vet_medicine,Y,Y,,
D03755,LV23-0043,purchase,vet_medicine,Y,Y,,
D03756,LV23-0044,purchase,vet_medicine,Y,Y,,
D03757,LV23-0045,purchase,vet_medicine,Y,Y,,
D03758,LV23-0046,purchase,vet_medicine,Y,Y,,
D03759,LV23-0047,purchase,vet_medicine,Y,Y,,
D03760,SG23-0001,purchase,breeding_ai,Y,Y,,
D03761,SG23-0002,purchase,breeding_ai,Y,Y,,
D03762,SG23-0003,purchase,breeding_ai,Y,Y,,
D03763,SG23-0004,purchase,breeding_ai,Y,Y,,
D03764,SG23-0005,purchase,breeding_ai,Y,Y,,
D03765,SG23-0006,purchase,breeding_ai,Y,Y,,
D03766,SG23-0007,purchase,breeding_ai,Y,Y,,
D03767,SG23-0008,purchase,breeding_ai,Y,Y,,
D03768,SG23-0009,purchase,breeding_ai,Y,Y,,
D03769,SG23-0010,purchase,breeding_ai,Y,Y,,
D03770,SG23-0011,purchase,breeding_ai,Y,Y,,
D03771,SG23-0012,purchase,breeding_ai,Y,Y,,
D03772,LAC23-0001,purchase,contractors,Y,Y,,
D03773,OB23-0001,purchase,contractors,Y,Y,,
D03774,LAC23-0002,purchase,contractors,Y,Y,,
D03775,LAC23-0003,purchase,contractors,Y,Y,,
D03776,LAC23-0004,purchase,contractors,Y,Y,,
D03777,OB23-0002,purchase,contractors,Y,Y,,
D03778,LAC23-0005,purchase,contractors,Y,Y,,
D03779,LAC23-0006,purchase,contractors,Y,Y,,
D03780,OB23-0003,purchase,contractors,Y,Y,,
D03781,LAC23-0007,purchase,contractors,Y,Y,,
D03782,LAC23-0008,purchase,contractors,Y,Y,,
D03783,OB23-0004,purchase,contractors,Y,Y,,
D03784,OB23-0005,purchase,contractors,Y,Y,,
D03785,BF23-0001,purchase,fuel,Y,Y,,
D03786,BF23-0002,purchase,fuel,Y,Y,,
D03787,BF23-0003,purchase,fuel,Y,Y,,
D03788,BF23-0004,purchase,fuel,Y,Y,,
D03789,BF23-0005,purchase,fuel,Y,Y,,
D03790,BF23-0006,purchase,fuel,Y,Y,,
D03791,BF23-0007,purchase,fuel,Y,Y,,
D03792,BF23-0008,purchase,fuel,Y,Y,,
D03793,BF23-0009,purchase,fuel,Y,Y,,
D03794,BF23-0010,purchase,fuel,Y,Y,,
D03795,BF23-0011,purchase,fuel,Y,Y,,
D03796,BF23-0012,purchase,fuel,Y,Y,,
D03797,BF23-0013,purchase,fuel,Y,Y,,
D03798,BF23-0014,purchase,fuel,Y,Y,,
D03799,CFP23-0001,purchase,repairs,Y,Y,,
D03800,CFP23-0002,purchase,repairs,Y,Y,,
D03801,CFP23-0003,purchase,repairs,Y,Y,,
D03802,CFP23-0004,purchase,repairs,Y,Y,,
D03803,CFP23-0005,purchase,repairs,Y,Y,,
D03804,CFP23-0006,purchase,repairs,Y,Y,,
D03805,CFP23-0007,purchase,repairs,Y,Y,,
D03806,CFP23-0008,purchase,repairs,Y,Y,,
D03807,CFP23-0009,purchase,repairs,Y,Y,,
D03808,CFP23-0010,purchase,repairs,Y,Y,,
D03809,CFP23-0011,purchase,repairs,Y,Y,,
D03810,CFP23-0012,purchase,repairs,Y,Y,,
D03811,CFP23-0013,purchase,repairs,Y,Y,,
D03812,CFP23-0014,purchase,repairs,Y,Y,,
D03813,CFP23-0015,purchase,repairs,Y,Y,,
D03814,CFP23-0016,purchase,repairs,Y,Y,,
D03815,CFP23-0017,purchase,repairs,Y,Y,,
D03816,CFP23-0018,purchase,repairs,Y,Y,,
D03817,CFP23-0019,purchase,repairs,Y,Y,,
D03818,CFP23-0020,purchase,repairs,Y,Y,,
D03819,CFP23-0021,purchase,repairs,Y,Y,,
D03820,CFP23-0022,purchase,repairs,Y,Y,,
D03821,CFP23-0023,purchase,repairs,Y,Y,,
D03822,CFP23-0024,purchase,repairs,Y,Y,,
D03823,CFP23-0025,purchase,repairs,Y,Y,,
D03824,CFP23-0026,purchase,repairs,Y,Y,,
D03825,CFP23-0027,purchase,repairs,Y,Y,,
D03826,CFP23-0028,purchase,repairs,Y,Y,,
D03827,CFP23-0029,purchase,repairs,Y,Y,,
D03828,CFP23-0030,purchase,repairs,Y,Y,,
D03829,CFP23-0031,purchase,repairs,Y,Y,,
D03830,CFP23-0032,purchase,repairs,Y,Y,,
D03831,CFP23-0033,purchase,repairs,Y,Y,,
D03832,CFP23-0034,purchase,repairs,Y,Y,,
D03833,CFP23-0035,purchase,repairs,Y,Y,,
D03834,CFP23-0036,purchase,repairs,Y,Y,,
D03835,CFP23-0037,purchase,repairs,Y,Y,,
D03836,CFP23-0038,purchase,repairs,Y,Y,,
D03837,CFP23-0039,purchase,repairs,Y,Y,,
D03838,CFP23-0040,purchase,repairs,Y,Y,,
D03839,CFP23-0041,purchase,repairs,Y,Y,,
D03840,CFP23-0042,purchase,repairs,Y,Y,,
D03841,CFP23-0043,purchase,repairs,Y,Y,,
D03842,CFP23-0044,purchase,repairs,Y,Y,,
D03843,CFP23-0045,purchase,repairs,Y,Y,,
D03844,CFP23-0046,purchase,repairs,Y,Y,,
D03845,CFP23-0047,purchase,repairs,Y,Y,,
D03846,CFP23-0048,purchase,repairs,Y,Y,,
D03847,CFP23-0049,purchase,repairs,Y,Y,,
D03848,CFP23-0050,purchase,repairs,Y,Y,,
D03849,CFP23-0051,purchase,repairs,Y,Y,,
D03850,DHS23-0001,purchase,dairy_hygiene,Y,Y,,
D03851,DHS23-0002,purchase,dairy_hygiene,Y,Y,,
D03852,DHS23-0003,purchase,dairy_hygiene,Y,Y,,
D03853,DHS23-0004,purchase,dairy_hygiene,Y,Y,,
D03854,DHS23-0005,purchase,dairy_hygiene,Y,Y,,
D03855,DHS23-0006,purchase,dairy_hygiene,Y,Y,,
D03856,DHS23-0007,purchase,dairy_hygiene,Y,Y,,
D03857,DHS23-0008,purchase,dairy_hygiene,Y,Y,,
D03858,DHS23-0009,purchase,dairy_hygiene,Y,Y,,
D03860,DHS23-0011,purchase,dairy_hygiene,Y,Y,,
D03861,DHS23-0012,purchase,dairy_hygiene,Y,Y,,
D03862,DHS23-0013,purchase,dairy_hygiene,Y,Y,,
D03863,DHS23-0014,purchase,dairy_hygiene,Y,Y,,
D03865,DHS23-0016,purchase,dairy_hygiene,Y,Y,,
D03867,DHS23-0018,purchase,dairy_hygiene,Y,Y,,
D03868,DHS23-0019,purchase,dairy_hygiene,Y,Y,,
D03869,DHS23-0020,purchase,dairy_hygiene,Y,Y,,
D03870,AW23-0001,purchase,silage_plastic,Y,Y,,
D03871,AW23-0002,purchase,silage_plastic,Y,Y,,
D03872,AW23-0003,purchase,silage_plastic,Y,Y,,
D03873,AW23-0004,purchase,silage_plastic,Y,Y,,
D03874,AW23-0005,purchase,silage_plastic,Y,Y,,
D03875,HF23-0001,purchase,foot_care,Y,Y,,
D03876,HF23-0002,purchase,foot_care,Y,Y,,
D03877,HF23-0003,purchase,foot_care,Y,Y,,
D03878,HF23-0004,purchase,foot_care,Y,Y,,
D03879,HF23-0005,purchase,foot_care,Y,Y,,
D03880,HF23-0006,purchase,foot_care,Y,Y,,
D03881,HF23-0007,purchase,foot_care,Y,Y,,
D03882,HF23-0008,purchase,foot_care,Y,Y,,
D03883,ES23-0001,purchase,electricity,M,Y,,single meter: farmhouse and dairy; about 15% private
D03884,VF23-0001,purchase,telephone,M,Y,,
D03885,HT23-0001,purchase,software,Y,Y,,
D03886,ES23-0002,purchase,electricity,M,Y,,single meter: farmhouse and dairy; about 15% private
D03887,VF23-0002,purchase,telephone,M,Y,,
D03888,HT23-0002,purchase,software,Y,Y,,
D03889,ES23-0003,purchase,electricity,M,Y,,single meter: farmhouse and dairy; about 15% private
D03890,VF23-0003,purchase,telephone,M,Y,,
D03891,HT23-0003,purchase,software,Y,Y,,
D03892,ES23-0004,purchase,electricity,M,Y,,single meter: farmhouse and dairy; about 15% private
D03893,VF23-0004,purchase,telephone,M,Y,,
D03894,HT23-0004,purchase,software,Y,Y,,
D03895,ES23-0005,purchase,electricity,M,Y,,single meter: farmhouse and dairy; about 15% private
D03896,VF23-0005,purchase,telephone,M,Y,,
D03897,HT23-0005,purchase,software,Y,Y,,
D03898,ES23-0006,purchase,electricity,M,Y,,single meter: farmhouse and dairy; about 15% private
D03899,VF23-0006,purchase,telephone,M,Y,,
D03900,HT23-0006,purchase,software,Y,Y,,
D03901,ES23-0007,purchase,electricity,M,Y,,single meter: farmhouse and dairy; about 15% private
D03902,VF23-0007,purchase,telephone,M,Y,,
D03903,HT23-0007,purchase,software,Y,Y,,
D03904,ES23-0008,purchase,electricity,M,Y,,single meter: farmhouse and dairy; about 15% private
D03905,VF23-0008,purchase,telephone,M,Y,,
D03906,HT23-0008,purchase,software,Y,Y,,
D03907,ES23-0009,purchase,electricity,M,Y,,single meter: farmhouse and dairy; about 15% private
D03908,VF23-0009,purchase,telephone,M,Y,,
D03909,HT23-0009,purchase,software,Y,Y,,
D03910,ES23-0010,purchase,electricity,M,Y,,single meter: farmhouse and dairy; about 15% private
D03911,VF23-0010,purchase,telephone,M,Y,,
D03912,HT23-0010,purchase,software,Y,Y,,
D03913,ES23-0011,purchase,electricity,M,Y,,single meter: farmhouse and dairy; about 15% private
D03914,VF23-0011,purchase,telephone,M,Y,,
D03915,HT23-0011,purchase,software,Y,Y,,
D03916,ES23-0012,purchase,electricity,M,Y,,single meter: farmhouse and dairy; about 15% private
D03917,VF23-0012,purchase,telephone,M,Y,,
D03918,HT23-0012,purchase,software,Y,Y,,
D03919,MFI23-0001,purchase,insurance,Y,Y,,
D03920,HC23-0001,purchase,professional_fees,Y,Y,,
D03921,TG23-0001,purchase,professional_fees,Y,Y,,
D03922,WS23-0001,purchase,utilities,M,Y,,
D03923,DOC23-0001,purchase,land_rent,Y,Y,,
D03924,GF24-0001,purchase,feed,Y,Y,,
D03925,CS24-0001,purchase,feed,Y,Y,,
D03926,CS24-0002,purchase,feed,Y,Y,,
D03927,CS24-0003,purchase,feed,Y,Y,,
D03928,CS24-0004,purchase,feed,Y,Y,,
D03929,CS24-0005,purchase,feed,Y,Y,,
D03930,GF24-0002,purchase,feed,Y,Y,,
D03931,GF24-0003,purchase,feed,Y,Y,,
D03932,CS24-0006,purchase,feed,Y,Y,,
D03933,CS24-0007,purchase,feed,Y,Y,,
D03934,GF24-0004,purchase,feed,Y,Y,,
D03935,GF24-0005,purchase,feed,Y,Y,,
D03936,GF24-0006,purchase,feed,Y,Y,,
D03937,GF24-0007,purchase,feed,Y,Y,,
D03938,GF24-0008,purchase,feed,Y,Y,WRONG_VAT_RATE,VAT charged at 23% on a 13.5% / 0% item
D03939,GF24-0009,purchase,feed,Y,Y,,
D03940,GF24-0010,purchase,feed,Y,Y,,
D03941,CS24-0008,purchase,feed,Y,Y,,
D03942,GF24-0011,purchase,feed,Y,Y,,
D03943,CS24-0009,purchase,fertiliser,Y,Y,,
D03944,KA24-0001,purchase,fertiliser,Y,Y,,
D03945,KA24-0002,purchase,fertiliser,Y,Y,,
D03946,KA24-0003,purchase,fertiliser,Y,Y,,
D03947,KA24-0004,purchase,fertiliser,Y,Y,,
D03948,KA24-0005,purchase,fertiliser,Y,Y,,
D03949,KA24-0006,purchase,fertiliser,Y,Y,,
D03950,CS24-0010,purchase,fertiliser,Y,Y,,
D03951,LV24-0001,purchase,vet_medicine,Y,Y,,
D03952,LV24-0002,purchase,vet_medicine,Y,Y,,
D03953,LV24-0003,purchase,vet_medicine,Y,Y,,
D03954,LV24-0004,purchase,vet_medicine,Y,Y,,
D03955,LV24-0005,purchase,vet_medicine,Y,Y,,
D03956,LV24-0006,purchase,vet_medicine,Y,Y,,
D03957,LV24-0007,purchase,vet_medicine,Y,Y,WRONG_VAT_RATE,VAT charged at 23% on a 13.5% / 0% item
D03958,LV24-0008,purchase,vet_medicine,Y,Y,,
D03959,LV24-0009,purchase,vet_medicine,Y,Y,,
D03960,LV24-0010,purchase,vet_medicine,Y,Y,,
D03961,LV24-0011,purchase,vet_medicine,Y,Y,,
D03962,LV24-0012,purchase,vet_medicine,Y,Y,,
D03963,LV24-0013,purchase,vet_medicine,Y,Y,,
D03964,LV24-0014,purchase,vet_medicine,Y,Y,,
D03965,LV24-0015,purchase,vet_medicine,Y,Y,,
D03966,LV24-0016,purchase,vet_medicine,Y,Y,,
D03967,LV24-0017,purchase,vet_medicine,Y,Y,,
D03968,LV24-0018,purchase,vet_medicine,Y,Y,,
D03969,LV24-0019,purchase,vet_medicine,Y,Y,,
D03970,LV24-0020,purchase,vet_medicine,Y,Y,,
D03971,LV24-0021,purchase,vet_medicine,Y,Y,,
D03972,LV24-0022,purchase,vet_medicine,Y,Y,,
D03973,LV24-0023,purchase,vet_medicine,Y,Y,,
D03974,LV24-0024,purchase,vet_medicine,Y,Y,,
D03975,LV24-0025,purchase,vet_medicine,Y,Y,,
D03976,LV24-0026,purchase,vet_medicine,Y,Y,,
D03977,LV24-0027,purchase,vet_medicine,Y,Y,,
D03978,LV24-0028,purchase,vet_medicine,Y,Y,,
D03979,LV24-0029,purchase,vet_medicine,Y,Y,,
D03980,LV24-0030,purchase,vet_medicine,Y,Y,,
D03981,LV24-0031,purchase,vet_medicine,Y,Y,,
D03982,LV24-0032,purchase,vet_medicine,Y,Y,,
D03983,LV24-0033,purchase,vet_medicine,Y,Y,,
D03984,LV24-0034,purchase,vet_medicine,Y,Y,,
D03985,LV24-0035,purchase,vet_medicine,Y,Y,,
D03986,LV24-0036,purchase,vet_medicine,Y,Y,,
D03987,LV24-0037,purchase,vet_medicine,Y,Y,,
D03988,LV24-0038,purchase,vet_medicine,Y,Y,,
D03989,LV24-0039,purchase,vet_medicine,Y,Y,,
D03990,LV24-0040,purchase,vet_medicine,Y,Y,,
D03991,LV24-0041,purchase,vet_medicine,Y,Y,,
D03992,LV24-0042,purchase,vet_medicine,Y,Y,,
D03993,LV24-0043,purchase,vet_medicine,Y,Y,,
D03994,LV24-0044,purchase,vet_medicine,Y,Y,,
D03995,LV24-0045,purchase,vet_medicine,Y,Y,,
D03996,LV24-0046,purchase,vet_medicine,Y,Y,,
D03997,LV24-0047,purchase,vet_medicine,Y,Y,,
D03998,LV24-0048,purchase,vet_medicine,Y,Y,,
D03999,SG24-0001,purchase,breeding_ai,Y,Y,,
D04000,SG24-0002,purchase,breeding_ai,Y,Y,,
D04002,SG24-0004,purchase,breeding_ai,Y,Y,,
D04003,SG24-0005,purchase,breeding_ai,Y,Y,,
D04004,SG24-0006,purchase,breeding_ai,Y,Y,,
D04005,SG24-0007,purchase,breeding_ai,Y,Y,,
D04006,SG24-0008,purchase,breeding_ai,Y,Y,,
D04007,SG24-0009,purchase,breeding_ai,Y,Y,,
D04008,SG24-0010,purchase,breeding_ai,Y,Y,,
D04009,SG24-0011,purchase,breeding_ai,Y,Y,,
D04010,SG24-0012,purchase,breeding_ai,Y,Y,,
D04011,LAC24-0001,purchase,contractors,Y,Y,,
D04012,OB24-0001,purchase,contractors,Y,Y,,
D04013,LAC24-0002,purchase,contractors,Y,Y,,
D04014,OB24-0002,purchase,contractors,Y,Y,,
D04015,LAC24-0003,purchase,contractors,Y,Y,,
D04016,LAC24-0004,purchase,contractors,Y,Y,,
D04017,LAC24-0005,purchase,contractors,Y,Y,,
D04018,OB24-0003,purchase,contractors,Y,Y,,
D04019,LAC24-0006,purchase,contractors,Y,Y,,
D04020,LAC24-0007,purchase,contractors,Y,Y,,
D04021,LAC24-0008,purchase,contractors,Y,Y,,
D04022,LAC24-0009,purchase,contractors,Y,Y,,
D04023,LAC24-0010,purchase,contractors,Y,Y,,
D04024,BF24-0001,purchase,fuel,Y,Y,,
D04025,BF24-0002,purchase,fuel,Y,Y,,
D04026,BF24-0003,purchase,fuel,Y,Y,,
D04027,BF24-0004,purchase,fuel,Y,Y,,
D04028,BF24-0005,purchase,fuel,Y,Y,,
D04029,BF24-0006,purchase,fuel,Y,Y,,
D04030,BF24-0007,purchase,fuel,Y,Y,,
D04031,BF24-0008,purchase,fuel,Y,Y,,
D04032,BF24-0009,purchase,fuel,Y,Y,,
D04033,BF24-0010,purchase,fuel,Y,Y,,
D04034,BF24-0011,purchase,fuel,Y,Y,,
D04035,BF24-0012,purchase,fuel,Y,Y,,
D04036,CFP24-0001,purchase,repairs,Y,Y,,
D04037,CFP24-0002,purchase,repairs,Y,Y,,
D04038,CFP24-0003,purchase,repairs,Y,Y,,
D04039,CFP24-0004,purchase,repairs,Y,Y,,
D04040,CFP24-0005,purchase,repairs,Y,Y,,
D04041,CFP24-0006,purchase,repairs,Y,Y,,
D04042,CFP24-0007,purchase,repairs,Y,Y,,
D04043,CFP24-0008,purchase,repairs,Y,Y,,
D04044,CFP24-0009,purchase,repairs,Y,Y,,
D04045,CFP24-0010,purchase,repairs,Y,Y,,
D04046,CFP24-0011,purchase,repairs,Y,Y,,
D04047,CFP24-0012,purchase,repairs,Y,Y,,
D04048,CFP24-0013,purchase,repairs,Y,Y,,
D04049,CFP24-0014,purchase,repairs,Y,Y,,
D04050,CFP24-0015,purchase,repairs,Y,Y,,
D04051,CFP24-0016,purchase,repairs,Y,Y,,
D04052,CFP24-0017,purchase,repairs,Y,Y,,
D04053,CFP24-0018,purchase,repairs,Y,Y,,
D04054,CFP24-0019,purchase,repairs,Y,Y,,
D04055,CFP24-0020,purchase,repairs,Y,Y,,
D04056,CFP24-0021,purchase,repairs,Y,Y,,
D04057,CFP24-0022,purchase,repairs,Y,Y,,
D04058,CFP24-0023,purchase,repairs,Y,Y,,
D04059,CFP24-0024,purchase,repairs,Y,Y,,
D04060,CFP24-0025,purchase,repairs,Y,Y,,
D04061,CFP24-0026,purchase,repairs,Y,Y,,
D04062,CFP24-0027,purchase,repairs,Y,Y,,
D04063,CFP24-0028,purchase,repairs,Y,Y,,
D04064,CFP24-0029,purchase,repairs,Y,Y,,
D04065,CFP24-0030,purchase,repairs,Y,Y,,
D04066,CFP24-0031,purchase,repairs,Y,Y,,
D04067,CFP24-0032,purchase,repairs,Y,Y,,
D04068,CFP24-0033,purchase,repairs,Y,Y,,
D04069,CFP24-0034,purchase,repairs,Y,Y,,
D04070,CFP24-0035,purchase,repairs,Y,Y,,
D04071,CFP24-0036,purchase,repairs,Y,Y,,
D04073,CFP24-0038,purchase,repairs,Y,Y,,
D04074,CFP24-0039,purchase,repairs,Y,Y,,
D04075,CFP24-0040,purchase,repairs,Y,Y,ARITH_ERROR,printed gross does not equal net + VAT
D04076,CFP24-0041,purchase,repairs,Y,Y,,
D04077,CFP24-0042,purchase,repairs,Y,Y,,
D04078,CFP24-0043,purchase,repairs,Y,Y,,
D04079,CFP24-0044,purchase,repairs,Y,Y,,
D04080,CFP24-0045,purchase,repairs,Y,Y,,
D04081,CFP24-0046,purchase,repairs,Y,Y,,
D04082,CFP24-0047,purchase,repairs,Y,Y,,
D04083,CFP24-0048,purchase,repairs,Y,Y,,
D04084,CFP24-0049,purchase,repairs,Y,Y,,
D04085,CFP24-0050,purchase,repairs,Y,Y,,
D04086,CFP24-0051,purchase,repairs,Y,Y,,
D04087,CFP24-0052,purchase,repairs,Y,Y,,
D04088,DHS24-0001,purchase,dairy_hygiene,Y,Y,,
D04089,DHS24-0002,purchase,dairy_hygiene,Y,Y,,
D04090,DHS24-0003,purchase,dairy_hygiene,Y,Y,,
D04091,DHS24-0004,purchase,dairy_hygiene,Y,Y,,
D04092,DHS24-0005,purchase,dairy_hygiene,Y,Y,,
D04093,DHS24-0006,purchase,dairy_hygiene,Y,Y,,
D04094,DHS24-0007,purchase,dairy_hygiene,Y,Y,,
D04095,DHS24-0008,purchase,dairy_hygiene,Y,Y,,
D04096,DHS24-0009,purchase,dairy_hygiene,Y,Y,,
D04097,DHS24-0010,purchase,dairy_hygiene,Y,Y,,
D04098,DHS24-0011,purchase,dairy_hygiene,Y,Y,,
D04099,DHS24-0012,purchase,dairy_hygiene,Y,Y,,
D04100,DHS24-0013,purchase,dairy_hygiene,Y,Y,,
D04101,DHS24-0014,purchase,dairy_hygiene,Y,Y,,
D04102,DHS24-0015,purchase,dairy_hygiene,Y,Y,,
D04103,DHS24-0016,purchase,dairy_hygiene,Y,Y,,
D04104,DHS24-0017,purchase,dairy_hygiene,Y,Y,,
D04105,DHS24-0018,purchase,dairy_hygiene,Y,Y,,
D04106,DHS24-0019,purchase,dairy_hygiene,Y,Y,,
D04107,DHS24-0020,purchase,dairy_hygiene,Y,Y,,
D04108,AW24-0001,purchase,silage_plastic,Y,Y,,
D04109,AW24-0002,purchase,silage_plastic,Y,Y,,
D04110,AW24-0003,purchase,silage_plastic,Y,Y,,
D04111,AW24-0004,purchase,silage_plastic,Y,Y,,
D04112,AW24-0005,purchase,silage_plastic,Y,Y,,
D04113,HF24-0001,purchase,foot_care,Y,Y,,
D04114,HF24-0002,purchase,foot_care,Y,Y,,
D04115,HF24-0003,purchase,foot_care,Y,Y,,
D04116,HF24-0004,purchase,foot_care,Y,Y,,
D04117,HF24-0005,purchase,foot_care,Y,Y,,
D04118,HF24-0006,purchase,foot_care,Y,Y,,
D04119,HF24-0007,purchase,foot_care,Y,Y,,
D04120,HF24-0008,purchase,foot_care,Y,Y,,
D04121,ES24-0001,purchase,electricity,M,Y,,single meter: farmhouse and dairy; about 15% private
D04122,VF24-0001,purchase,telephone,M,Y,,
D04123,HT24-0001,purchase,software,Y,Y,,
D04124,ES24-0002,purchase,electricity,M,Y,,single meter: farmhouse and dairy; about 15% private
D04125,VF24-0002,purchase,telephone,M,Y,,
D04126,HT24-0002,purchase,software,Y,Y,,
D04127,ES24-0003,purchase,electricity,M,Y,,single meter: farmhouse and dairy; about 15% private
D04128,VF24-0003,purchase,telephone,M,Y,,
D04129,HT24-0003,purchase,software,Y,Y,,
D04130,ES24-0004,purchase,electricity,M,Y,,single meter: farmhouse and dairy; about 15% private
D04131,VF24-0004,purchase,telephone,M,Y,,
D04132,HT24-0004,purchase,software,Y,Y,,
D04133,ES24-0005,purchase,electricity,M,Y,,single meter: farmhouse and dairy; about 15% private
D04134,VF24-0005,purchase,telephone,M,Y,,
D04135,HT24-0005,purchase,software,Y,Y,,
D04136,ES24-0006,purchase,electricity,M,Y,,single meter: farmhouse and dairy; about 15% private
D04137,VF24-0006,purchase,telephone,M,Y,,
D04138,HT24-0006,purchase,software,Y,Y,,
D04139,ES24-0007,purchase,electricity,M,Y,,single meter: farmhouse and dairy; about 15% private
D04140,VF24-0007,purchase,telephone,M,Y,,
D04141,HT24-0007,purchase,software,Y,Y,,
D04142,ES24-0008,purchase,electricity,M,Y,,single meter: farmhouse and dairy; about 15% private
D04143,VF24-0008,purchase,telephone,M,Y,,
D04144,HT24-0008,purchase,software,Y,Y,,
D04145,ES24-0009,purchase,electricity,M,Y,,single meter: farmhouse and dairy; about 15% private
D04146,VF24-0009,purchase,telephone,M,Y,,
D04147,HT24-0009,purchase,software,Y,Y,,
D04148,ES24-0010,purchase,electricity,M,Y,,single meter: farmhouse and dairy; about 15% private
D04149,VF24-0010,purchase,telephone,M,Y,,
D04150,HT24-0010,purchase,software,Y,Y,,
D04151,ES24-0011,purchase,electricity,M,Y,,single meter: farmhouse and dairy; about 15% private
D04152,VF24-0011,purchase,telephone,M,Y,,
D04153,HT24-0011,purchase,software,Y,Y,,
D04154,ES24-0012,purchase,electricity,M,Y,,single meter: farmhouse and dairy; about 15% private
D04155,VF24-0012,purchase,telephone,M,Y,,
D04156,HT24-0012,purchase,software,Y,Y,,
D04157,MFI24-0001,purchase,insurance,Y,Y,,
D04158,HC24-0001,purchase,professional_fees,Y,Y,,
D04159,TG24-0001,purchase,professional_fees,Y,Y,,
D04160,WS24-0001,purchase,utilities,M,Y,,
D04161,DOC24-0001,purchase,land_rent,Y,Y,,
D04162,CS25-0001,purchase,feed,Y,Y,,
D04163,GF25-0001,purchase,feed,Y,Y,,
D04164,CS25-0002,purchase,feed,Y,Y,,
D04165,CS25-0003,purchase,feed,Y,Y,,
D04166,CS25-0004,purchase,feed,Y,Y,,
D04167,CS25-0005,purchase,feed,Y,Y,,
D04168,CS25-0006,purchase,feed,Y,Y,,
D04169,GF25-0002,purchase,feed,Y,Y,,
D04170,GF25-0003,purchase,feed,Y,Y,,
D04171,CS25-0007,purchase,feed,Y,Y,,
D04172,GF25-0004,purchase,feed,Y,Y,,
D04173,CS25-0008,purchase,feed,Y,Y,,
D04174,CS25-0009,purchase,feed,Y,Y,,
D04175,GF25-0005,purchase,feed,Y,Y,,
D04176,CS25-0010,purchase,feed,Y,Y,,
D04177,GF25-0006,purchase,feed,Y,Y,,
D04178,GF25-0007,purchase,feed,Y,Y,,
D04179,GF25-0008,purchase,feed,Y,Y,,
D04180,GF25-0009,purchase,feed,Y,Y,,
D04181,CS25-0011,purchase,fertiliser,Y,Y,,
D04182,CS25-0012,purchase,fertiliser,Y,Y,,
D04183,CS25-0013,purchase,fertiliser,Y,Y,,
D04184,CS25-0014,purchase,fertiliser,Y,Y,,
D04185,CS25-0015,purchase,fertiliser,Y,Y,,
D04186,CS25-0016,purchase,fertiliser,Y,Y,,
D04187,CS25-0017,purchase,fertiliser,Y,Y,,
D04188,CS25-0018,purchase,fertiliser,Y,Y,,
D04189,LV25-0001,purchase,vet_medicine,Y,Y,,
D04190,LV25-0002,purchase,vet_medicine,Y,Y,,
D04191,LV25-0003,purchase,vet_medicine,Y,Y,,
D04192,LV25-0004,purchase,vet_medicine,Y,Y,,
D04193,LV25-0005,purchase,vet_medicine,Y,Y,,
D04194,LV25-0006,purchase,vet_medicine,Y,Y,,
D04195,LV25-0007,purchase,vet_medicine,Y,Y,,
D04196,LV25-0008,purchase,vet_medicine,Y,Y,,
D04197,LV25-0009,purchase,vet_medicine,Y,Y,,
D04198,LV25-0010,purchase,vet_medicine,Y,Y,,
D04199,LV25-0011,purchase,vet_medicine,Y,Y,,
D04200,LV25-0012,purchase,vet_medicine,Y,Y,,
D04201,LV25-0013,purchase,vet_medicine,Y,Y,,
D04202,LV25-0014,purchase,vet_medicine,Y,Y,,
D04203,LV25-0015,purchase,vet_medicine,Y,Y,,
D04204,LV25-0016,purchase,vet_medicine,Y,Y,,
D04205,LV25-0017,purchase,vet_medicine,Y,Y,,
D04206,LV25-0018,purchase,vet_medicine,Y,Y,,
D04207,LV25-0019,purchase,vet_medicine,Y,Y,,
D04208,LV25-0020,purchase,vet_medicine,Y,Y,,
D04209,LV25-0021,purchase,vet_medicine,Y,Y,,
D04210,LV25-0022,purchase,vet_medicine,Y,Y,,
D04211,LV25-0023,purchase,vet_medicine,Y,Y,,
D04212,LV25-0024,purchase,vet_medicine,Y,Y,,
D04213,LV25-0025,purchase,vet_medicine,Y,Y,,
D04214,LV25-0026,purchase,vet_medicine,Y,Y,,
D04215,LV25-0027,purchase,vet_medicine,Y,Y,,
D04216,LV25-0028,purchase,vet_medicine,Y,Y,,
D04217,LV25-0029,purchase,vet_medicine,Y,Y,,
D04218,LV25-0030,purchase,vet_medicine,Y,Y,,
D04219,LV25-0031,purchase,vet_medicine,Y,Y,,
D04220,LV25-0032,purchase,vet_medicine,Y,Y,,
D04221,LV25-0033,purchase,vet_medicine,Y,Y,,
D04222,LV25-0034,purchase,vet_medicine,Y,Y,,
D04223,LV25-0035,purchase,vet_medicine,Y,Y,,
D04224,LV25-0036,purchase,vet_medicine,Y,Y,,
D04225,LV25-0037,purchase,vet_medicine,Y,Y,,
D04226,LV25-0038,purchase,vet_medicine,Y,Y,,
D04227,LV25-0039,purchase,vet_medicine,Y,Y,,
D04228,LV25-0040,purchase,vet_medicine,Y,Y,,
D04229,LV25-0041,purchase,vet_medicine,Y,Y,,
D04230,LV25-0042,purchase,vet_medicine,Y,Y,,
D04231,LV25-0043,purchase,vet_medicine,Y,Y,,
D04232,LV25-0044,purchase,vet_medicine,Y,Y,,
D04233,LV25-0045,purchase,vet_medicine,Y,Y,,
D04234,LV25-0046,purchase,vet_medicine,Y,Y,,
D04235,LV25-0047,purchase,vet_medicine,Y,Y,,
D04236,LV25-0048,purchase,vet_medicine,Y,Y,,
D04237,LV25-0049,purchase,vet_medicine,Y,Y,,
D04238,LV25-0050,purchase,vet_medicine,Y,Y,,
D04239,SG25-0001,purchase,breeding_ai,Y,Y,,
D04240,SG25-0002,purchase,breeding_ai,Y,Y,,
D04241,SG25-0003,purchase,breeding_ai,Y,Y,,
D04242,SG25-0004,purchase,breeding_ai,Y,Y,,
D04243,SG25-0005,purchase,breeding_ai,Y,Y,,
D04244,SG25-0006,purchase,breeding_ai,Y,Y,,
D04245,SG25-0007,purchase,breeding_ai,Y,Y,,
D04246,SG25-0008,purchase,breeding_ai,Y,Y,,
D04247,SG25-0009,purchase,breeding_ai,Y,Y,,
D04248,SG25-0010,purchase,breeding_ai,Y,Y,,
D04249,SG25-0011,purchase,breeding_ai,Y,Y,,
D04250,SG25-0012,purchase,breeding_ai,Y,Y,,
D04251,SG25-0013,purchase,breeding_ai,Y,Y,,
D04252,OB25-0001,purchase,contractors,Y,Y,,
D04253,LAC25-0001,purchase,contractors,Y,Y,,
D04254,OB25-0002,purchase,contractors,Y,Y,,
D04255,OB25-0003,purchase,contractors,Y,Y,,
D04256,LAC25-0002,purchase,contractors,Y,Y,,
D04257,LAC25-0003,purchase,contractors,Y,Y,,
D04258,OB25-0004,purchase,contractors,Y,Y,,
D04259,OB25-0005,purchase,contractors,Y,Y,,
D04260,OB25-0006,purchase,contractors,Y,Y,,
D04261,LAC25-0004,purchase,contractors,Y,Y,,
D04262,LAC25-0005,purchase,contractors,Y,Y,,
D04263,OB25-0007,purchase,contractors,Y,Y,,
D04264,LAC25-0006,purchase,contractors,Y,Y,,
D04265,LAC25-0007,purchase,contractors,Y,Y,,
D04266,BF25-0001,purchase,fuel,Y,Y,,
D04267,BF25-0002,purchase,fuel,Y,Y,,
D04268,BF25-0003,purchase,fuel,Y,Y,,
D04269,BF25-0004,purchase,fuel,Y,Y,,
D04270,BF25-0005,purchase,fuel,Y,Y,,
D04271,BF25-0006,purchase,fuel,Y,Y,,
D04272,BF25-0007,purchase,fuel,Y,Y,,
D04273,BF25-0008,purchase,fuel,Y,Y,,
D04274,BF25-0009,purchase,fuel,Y,Y,,
D04275,BF25-0010,purchase,fuel,Y,Y,,
D04276,BF25-0011,purchase,fuel,Y,Y,,
D04277,BF25-0012,purchase,fuel,Y,Y,,
D04278,CFP25-0001,purchase,repairs,Y,Y,,
D04279,CFP25-0002,purchase,repairs,Y,Y,,
D04280,CFP25-0003,purchase,repairs,Y,Y,,
D04281,CFP25-0004,purchase,repairs,Y,Y,,
D04282,CFP25-0005,purchase,repairs,Y,Y,,
D04283,CFP25-0006,purchase,repairs,Y,Y,,
D04284,CFP25-0007,purchase,repairs,Y,Y,,
D04285,CFP25-0008,purchase,repairs,Y,Y,,
D04286,CFP25-0009,purchase,repairs,Y,Y,,
D04287,CFP25-0010,purchase,repairs,Y,Y,,
D04288,CFP25-0011,purchase,repairs,Y,Y,,
D04289,CFP25-0012,purchase,repairs,Y,Y,,
D04290,CFP25-0013,purchase,repairs,Y,Y,,
D04291,CFP25-0014,purchase,repairs,Y,Y,,
D04292,CFP25-0015,purchase,repairs,Y,Y,,
D04293,CFP25-0016,purchase,repairs,Y,Y,,
D04294,CFP25-0017,purchase,repairs,Y,Y,,
D04295,CFP25-0018,purchase,repairs,Y,Y,,
D04296,CFP25-0019,purchase,repairs,Y,Y,,
D04297,CFP25-0020,purchase,repairs,Y,Y,,
D04298,CFP25-0021,purchase,repairs,Y,Y,,
D04299,CFP25-0022,purchase,repairs,Y,Y,,
D04301,CFP25-0024,purchase,repairs,Y,Y,,
D04302,CFP25-0025,purchase,repairs,Y,Y,,
D04303,CFP25-0026,purchase,repairs,Y,Y,,
D04304,CFP25-0027,purchase,repairs,Y,Y,,
D04305,CFP25-0028,purchase,repairs,Y,Y,,
D04306,CFP25-0029,purchase,repairs,Y,Y,,
D04307,CFP25-0030,purchase,repairs,Y,Y,,
D04308,CFP25-0031,purchase,repairs,Y,Y,,
D04309,CFP25-0032,purchase,repairs,Y,Y,,
D04310,CFP25-0033,purchase,repairs,Y,Y,,
D04311,CFP25-0034,purchase,repairs,Y,Y,,
D04312,CFP25-0035,purchase,repairs,Y,Y,,
D04313,CFP25-0036,purchase,repairs,Y,Y,,
D04314,CFP25-0037,purchase,repairs,Y,Y,,
D04316,CFP25-0039,purchase,repairs,Y,Y,,
D04317,CFP25-0040,purchase,repairs,Y,Y,,
D04318,CFP25-0041,purchase,repairs,Y,Y,,
D04319,CFP25-0042,purchase,repairs,Y,Y,,
D04320,CFP25-0043,purchase,repairs,Y,Y,,
D04321,CFP25-0044,purchase,repairs,Y,Y,,
D04322,CFP25-0045,purchase,repairs,Y,Y,,
D04323,CFP25-0046,purchase,repairs,Y,Y,,
D04324,CFP25-0047,purchase,repairs,Y,Y,,
D04325,CFP25-0048,purchase,repairs,Y,Y,,
D04326,CFP25-0049,purchase,repairs,Y,Y,,
D04327,CFP25-0050,purchase,repairs,Y,Y,,
D04328,CFP25-0051,purchase,repairs,Y,Y,,
D04329,CFP25-0052,purchase,repairs,Y,Y,,
D04330,CFP25-0053,purchase,repairs,Y,Y,,
D04331,CFP25-0054,purchase,repairs,Y,Y,,
D04332,DHS25-0001,purchase,dairy_hygiene,Y,Y,,
D04333,DHS25-0002,purchase,dairy_hygiene,Y,Y,,
D04334,DHS25-0003,purchase,dairy_hygiene,Y,Y,,
D04335,DHS25-0004,purchase,dairy_hygiene,Y,Y,,
D04336,DHS25-0005,purchase,dairy_hygiene,Y,Y,,
D04337,DHS25-0006,purchase,dairy_hygiene,Y,Y,,
D04338,DHS25-0007,purchase,dairy_hygiene,Y,Y,,
D04339,DHS25-0008,purchase,dairy_hygiene,Y,Y,,
D04340,DHS25-0009,purchase,dairy_hygiene,Y,Y,,
D04341,DHS25-0010,purchase,dairy_hygiene,Y,Y,,
D04342,DHS25-0011,purchase,dairy_hygiene,Y,Y,,
D04343,DHS25-0012,purchase,dairy_hygiene,Y,Y,,
D04344,DHS25-0013,purchase,dairy_hygiene,Y,Y,,
D04345,DHS25-0014,purchase,dairy_hygiene,Y,Y,,
D04346,DHS25-0015,purchase,dairy_hygiene,Y,Y,,
D04347,DHS25-0016,purchase,dairy_hygiene,Y,Y,,
D04348,DHS25-0017,purchase,dairy_hygiene,Y,Y,,
D04349,DHS25-0018,purchase,dairy_hygiene,Y,Y,,
D04350,DHS25-0019,purchase,dairy_hygiene,Y,Y,,
D04351,DHS25-0020,purchase,dairy_hygiene,Y,Y,,
D04352,DHS25-0021,purchase,dairy_hygiene,Y,Y,,
D04353,AW25-0001,purchase,silage_plastic,Y,Y,,
D04354,AW25-0002,purchase,silage_plastic,Y,Y,,
D04355,AW25-0003,purchase,silage_plastic,Y,Y,,
D04356,AW25-0004,purchase,silage_plastic,Y,Y,,
D04357,AW25-0005,purchase,silage_plastic,Y,Y,,
D04358,HF25-0001,purchase,foot_care,Y,Y,,
D04359,HF25-0002,purchase,foot_care,Y,Y,,
D04360,HF25-0003,purchase,foot_care,Y,Y,,
D04361,HF25-0004,purchase,foot_care,Y,Y,,
D04362,HF25-0005,purchase,foot_care,Y,Y,,
D04363,HF25-0006,purchase,foot_care,Y,Y,,
D04364,HF25-0007,purchase,foot_care,Y,Y,,
D04365,HF25-0008,purchase,foot_care,Y,Y,,
D04366,ES25-0001,purchase,electricity,M,Y,,single meter: farmhouse and dairy; about 15% private
D04367,VF25-0001,purchase,telephone,M,Y,,
D04368,HT25-0001,purchase,software,Y,Y,,
D04369,ES25-0002,purchase,electricity,M,Y,,single meter: farmhouse and dairy; about 15% private
D04370,VF25-0002,purchase,telephone,M,Y,,
D04371,HT25-0002,purchase,software,Y,Y,,
D04372,ES25-0003,purchase,electricity,M,Y,,single meter: farmhouse and dairy; about 15% private
D04373,VF25-0003,purchase,telephone,M,Y,,
D04374,HT25-0003,purchase,software,Y,Y,,
D04375,ES25-0004,purchase,electricity,M,Y,,single meter: farmhouse and dairy; about 15% private
D04376,VF25-0004,purchase,telephone,M,Y,,
D04377,HT25-0004,purchase,software,Y,Y,,
D04378,ES25-0005,purchase,electricity,M,Y,,single meter: farmhouse and dairy; about 15% private
D04379,VF25-0005,purchase,telephone,M,Y,,
D04380,HT25-0005,purchase,software,Y,Y,,
D04381,ES25-0006,purchase,electricity,M,Y,,single meter: farmhouse and dairy; about 15% private
D04382,VF25-0006,purchase,telephone,M,Y,,
D04383,HT25-0006,purchase,software,Y,Y,,
D04384,ES25-0007,purchase,electricity,M,Y,,single meter: farmhouse and dairy; about 15% private
D04385,VF25-0007,purchase,telephone,M,Y,,
D04386,HT25-0007,purchase,software,Y,Y,,
D04387,ES25-0008,purchase,electricity,M,Y,,single meter: farmhouse and dairy; about 15% private
D04388,VF25-0008,purchase,telephone,M,Y,,
D04389,HT25-0008,purchase,software,Y,Y,,
D04390,ES25-0009,purchase,electricity,M,Y,,single meter: farmhouse and dairy; about 15% private
D04391,VF25-0009,purchase,telephone,M,Y,,
D04392,HT25-0009,purchase,software,Y,Y,,
D04393,ES25-0010,purchase,electricity,M,Y,,single meter: farmhouse and dairy; about 15% private
D04394,VF25-0010,purchase,telephone,M,Y,,
D04395,HT25-0010,purchase,software,Y,Y,,
D04396,ES25-0011,purchase,electricity,M,Y,,single meter: farmhouse and dairy; about 15% private
D04397,VF25-0011,purchase,telephone,M,Y,,
D04398,HT25-0011,purchase,software,Y,Y,,
D04399,ES25-0012,purchase,electricity,M,Y,,single meter: farmhouse and dairy; about 15% private
D04400,VF25-0012,purchase,telephone,M,Y,,
D04401,HT25-0012,purchase,software,Y,Y,,
D04402,MFI25-0001,purchase,insurance,Y,Y,,
D04403,HC25-0001,purchase,professional_fees,Y,Y,,
D04404,TG25-0001,purchase,professional_fees,Y,Y,,
D04405,WS25-0001,purchase,utilities,M,Y,,
D04406,DOC25-0001,purchase,land_rent,Y,Y,,
D04407,MR06-0001,purchase,fallen_animals,Y,Y,,
D04408,MR06-0002,purchase,fallen_animals,Y,Y,,
D04409,LD-06-7211,sales,livestock_sales,Y,Y,,
D04410,LD06-0001,purchase,mart_commission,Y,Y,,
D04411,LD-06-3245,sales,livestock_sales,Y,Y,,
D04412,LD06-0002,purchase,mart_commission,Y,Y,,
D04413,LD-06-9901,sales,livestock_sales,Y,Y,,
D04414,LD06-0003,purchase,mart_commission,Y,Y,,
D04415,LD-06-3513,sales,livestock_sales,Y,Y,,
D04416,LD06-0004,purchase,mart_commission,Y,Y,,
D04417,LD-06-3590,sales,livestock_sales,Y,Y,,
D04418,LD06-0005,purchase,mart_commission,Y,Y,,
D04419,LD-06-2783,sales,livestock_sales,Y,Y,,
D04420,LD06-0006,purchase,mart_commission,Y,Y,,
D04421,LD-06-6927,sales,livestock_sales,Y,Y,,
D04422,LD06-0007,purchase,mart_commission,Y,Y,,
D04423,LD-06-1583,sales,livestock_sales,Y,Y,,
D04424,LD06-0008,purchase,mart_commission,Y,Y,,
D04425,LD-06-5225,sales,livestock_sales,Y,Y,,
D04426,LD06-0009,purchase,mart_commission,Y,Y,,
D04427,LD-06-7930,sales,livestock_sales,Y,Y,,
D04428,LD06-0010,purchase,mart_commission,Y,Y,,
D04429,LD-06-6790,sales,livestock_sales,Y,Y,,
D04430,LD06-0011,purchase,mart_commission,Y,Y,,
D04431,SM-06-7555,sales,livestock_sales,Y,Y,,
D04432,LD-06-9059,sales,livestock_sales,Y,Y,,
D04433,LD06-0012,purchase,mart_commission,Y,Y,,
D04434,MR07-0001,purchase,fallen_animals,Y,Y,,
D04435,MR07-0002,purchase,fallen_animals,Y,Y,,
D04436,LD-07-3577,sales,livestock_sales,Y,Y,,
D04437,LD07-0001,purchase,mart_commission,Y,Y,,
D04438,LD-07-9247,sales,livestock_sales,Y,Y,,
D04439,LD07-0002,purchase,mart_commission,Y,Y,,
D04440,LD-07-1517,sales,livestock_sales,Y,Y,,
D04441,LD07-0003,purchase,mart_commission,Y,Y,,
D04442,LD-07-5892,sales,livestock_sales,Y,Y,,
D04443,LD07-0004,purchase,mart_commission,Y,Y,,
D04444,LD-07-6088,sales,livestock_sales,Y,Y,,
D04445,LD07-0005,purchase,mart_commission,Y,Y,,
D04446,SM-07-1141,sales,livestock_sales,Y,Y,,
D04447,LD-07-4585,sales,livestock_sales,Y,Y,,
D04448,LD07-0006,purchase,mart_commission,Y,Y,,
D04449,SM-07-9170,sales,livestock_sales,Y,Y,,
D04450,MR08-0001,purchase,fallen_animals,Y,Y,,
D04451,MR08-0002,purchase,fallen_animals,Y,Y,,
D04452,LD-08-9349,sales,livestock_sales,Y,Y,,
D04453,LD08-0001,purchase,mart_commission,Y,Y,,
D04454,LD-08-6936,sales,livestock_sales,Y,Y,,
D04455,LD08-0002,purchase,mart_commission,Y,Y,,
D04456,LD-08-1522,sales,livestock_sales,Y,Y,,
D04457,LD08-0003,purchase,mart_commission,Y,Y,,
D04458,LD-08-9205,sales,livestock_sales,Y,Y,,
D04459,LD08-0004,purchase,mart_commission,Y,Y,,
D04460,LD-08-3516,sales,livestock_sales,Y,Y,,
D04461,LD08-0005,purchase,mart_commission,Y,Y,,
D04462,LD-08-4728,sales,livestock_sales,Y,Y,,
D04463,LD08-0006,purchase,mart_commission,Y,Y,,
D04464,LD-08-6011,sales,livestock_sales,Y,Y,,
D04465,LD08-0007,purchase,mart_commission,Y,Y,,
D04466,LD-08-9969,sales,livestock_sales,Y,Y,,
D04467,LD08-0008,purchase,mart_commission,Y,Y,,
D04468,LD-08-6321,sales,livestock_sales,Y,Y,,
D04469,LD08-0009,purchase,mart_commission,Y,Y,,
D04470,LD-08-9830,sales,livestock_sales,Y,Y,,
D04471,LD08-0010,purchase,mart_commission,Y,Y,,
D04472,LD-08-2755,sales,livestock_sales,Y,Y,,
D04473,LD08-0011,purchase,mart_commission,Y,Y,,
D04474,LD-08-1564,sales,livestock_sales,Y,Y,,
D04475,LD08-0012,purchase,mart_commission,Y,Y,,
D04476,MR09-0001,purchase,fallen_animals,Y,Y,,
D04477,MR09-0002,purchase,fallen_animals,Y,Y,,
D04478,MR09-0003,purchase,fallen_animals,Y,Y,,
D04479,LD-09-3717,sales,livestock_sales,Y,Y,,
D04480,LD09-0001,purchase,mart_commission,Y,Y,,
D04481,LD-09-5320,sales,livestock_sales,Y,Y,,
D04482,LD09-0002,purchase,mart_commission,Y,Y,,
D04483,LD-09-3943,sales,livestock_sales,Y,Y,,
D04484,LD09-0003,purchase,mart_commission,Y,Y,,
D04485,LD-09-2724,sales,livestock_sales,Y,Y,,
D04486,LD09-0004,purchase,mart_commission,Y,Y,,
D04487,LD-09-3765,sales,livestock_sales,Y,Y,,
D04488,LD09-0005,purchase,mart_commission,Y,Y,,
D04489,LD-09-9455,sales,livestock_sales,Y,Y,,
D04490,LD09-0006,purchase,mart_commission,Y,Y,,
D04491,LD-09-6103,sales,livestock_sales,Y,Y,,
D04492,LD09-0007,purchase,mart_commission,Y,Y,,
D04493,LD-09-4286,sales,livestock_sales,Y,Y,,
D04494,LD09-0008,purchase,mart_commission,Y,Y,,
D04495,LD-09-6204,sales,livestock_sales,Y,Y,,
D04496,LD09-0009,purchase,mart_commission,Y,Y,,
D04497,LD-09-6750,sales,livestock_sales,Y,Y,,
D04498,LD09-0010,purchase,mart_commission,Y,Y,,
D04499,SM-09-4544,sales,livestock_sales,Y,Y,,
D04500,LD-09-7075,sales,livestock_sales,Y,Y,,
D04501,LD09-0011,purchase,mart_commission,Y,Y,,
D04502,MR10-0001,purchase,fallen_animals,Y,Y,,
D04503,MR10-0002,purchase,fallen_animals,Y,Y,,
D04504,LD-10-5300,sales,livestock_sales,Y,Y,,
D04505,LD10-0001,purchase,mart_commission,Y,Y,,
D04506,LD-10-8175,sales,livestock_sales,Y,Y,,
D04507,LD10-0002,purchase,mart_commission,Y,Y,,
D04508,LD-10-2128,sales,livestock_sales,Y,Y,,
D04509,LD10-0003,purchase,mart_commission,Y,Y,,
D04510,LD-10-6821,sales,livestock_sales,Y,Y,,
D04511,LD10-0004,purchase,mart_commission,Y,Y,,
D04512,LD-10-3049,sales,livestock_sales,Y,Y,,
D04513,LD10-0005,purchase,mart_commission,Y,Y,,
D04514,LD-10-5677,sales,livestock_sales,Y,Y,,
D04515,LD10-0006,purchase,mart_commission,Y,Y,,
D04516,LD-10-9572,sales,livestock_sales,Y,Y,,
D04517,LD10-0007,purchase,mart_commission,Y,Y,,
D04518,SM-10-6776,sales,livestock_sales,Y,Y,,
D04519,SM-10-1548,sales,livestock_sales,Y,Y,,
D04520,LD-10-9736,sales,livestock_sales,Y,Y,,
D04521,LD10-0008,purchase,mart_commission,Y,Y,,
D04522,LD-10-9992,sales,livestock_sales,Y,Y,,
D04523,LD10-0009,purchase,mart_commission,Y,Y,,
D04524,SM-10-8135,sales,livestock_sales,Y,Y,,
D04525,MR11-0001,purchase,fallen_animals,Y,Y,,
D04526,MR11-0002,purchase,fallen_animals,Y,Y,,
D04527,LD-11-9365,sales,livestock_sales,Y,Y,,
D04528,LD11-0001,purchase,mart_commission,Y,Y,,
D04529,LD-11-1409,sales,livestock_sales,Y,Y,,
D04530,LD11-0002,purchase,mart_commission,Y,Y,,
D04531,LD-11-1843,sales,livestock_sales,Y,Y,,
D04532,LD11-0003,purchase,mart_commission,Y,Y,,
D04533,LD-11-7174,sales,livestock_sales,Y,Y,,
D04534,LD11-0004,purchase,mart_commission,Y,Y,,
D04535,LD-11-2922,sales,livestock_sales,Y,Y,,
D04536,LD11-0005,purchase,mart_commission,Y,Y,,
D04537,LD-11-7167,sales,livestock_sales,Y,Y,,
D04538,LD11-0006,purchase,mart_commission,Y,Y,,
D04539,SM-11-7972,sales,livestock_sales,Y,Y,,
D04540,LD-11-5684,sales,livestock_sales,Y,Y,,
D04541,LD11-0007,purchase,mart_commission,Y,Y,,
D04542,SM-11-9682,sales,livestock_sales,Y,Y,,
D04543,SM-11-1453,sales,livestock_sales,Y,Y,,
D04544,MR12-0001,purchase,fallen_animals,Y,Y,,
D04545,MR12-0002,purchase,fallen_animals,Y,Y,,
D04546,LD-12-1734,sales,livestock_sales,Y,Y,,
D04547,LD12-0001,purchase,mart_commission,Y,Y,,
D04548,LD-12-9512,sales,livestock_sales,Y,Y,,
D04549,LD12-0002,purchase,mart_commission,Y,Y,,
D04550,LD-12-7453,sales,livestock_sales,Y,Y,,
D04551,LD12-0003,purchase,mart_commission,Y,Y,,
D04552,LD-12-5761,sales,livestock_sales,Y,Y,,
D04553,LD12-0004,purchase,mart_commission,Y,Y,,
D04554,LD-12-6661,sales,livestock_sales,Y,Y,,
D04555,LD12-0005,purchase,mart_commission,Y,Y,,
D04556,LD-12-1369,sales,livestock_sales,Y,Y,,
D04557,LD12-0006,purchase,mart_commission,Y,Y,,
D04558,LD-12-2357,sales,livestock_sales,Y,Y,,
D04559,LD12-0007,purchase,mart_commission,Y,Y,,
D04560,LD-12-5400,sales,livestock_sales,Y,Y,,
D04561,LD12-0008,purchase,mart_commission,Y,Y,,
D04562,LD-12-1630,sales,livestock_sales,Y,Y,,
D04563,LD12-0009,purchase,mart_commission,Y,Y,,
D04564,SM-12-7891,sales,livestock_sales,Y,Y,,
D04565,SM-12-6617,sales,livestock_sales,Y,Y,,
D04566,SM-12-7112,sales,livestock_sales,Y,Y,,
D04567,LD-12-1792,sales,livestock_sales,Y,Y,,
D04568,LD12-0010,purchase,mart_commission,Y,Y,,
D04569,LD-12-1753,sales,livestock_sales,Y,Y,,
D04570,LD12-0011,purchase,mart_commission,Y,Y,,
D04571,LD-12-6990,sales,livestock_sales,Y,Y,,
D04572,LD12-0012,purchase,mart_commission,Y,Y,,
D04573,MR13-0001,purchase,fallen_animals,Y,Y,,
D04574,MR13-0002,purchase,fallen_animals,Y,Y,,
D04575,LD-13-4292,sales,livestock_sales,Y,Y,,
D04576,LD13-0001,purchase,mart_commission,Y,Y,,
D04577,LD-13-1968,sales,livestock_sales,Y,Y,,
D04578,LD13-0002,purchase,mart_commission,Y,Y,,
D04579,LD-13-3006,sales,livestock_sales,Y,Y,,
D04580,LD13-0003,purchase,mart_commission,Y,Y,,
D04581,LD-13-2901,sales,livestock_sales,Y,Y,,
D04582,LD13-0004,purchase,mart_commission,Y,Y,,
D04583,LD-13-2320,sales,livestock_sales,Y,Y,,
D04584,LD13-0005,purchase,mart_commission,Y,Y,,
D04585,LD-13-1285,sales,livestock_sales,Y,Y,,
D04586,LD13-0006,purchase,mart_commission,Y,Y,,
D04587,SM-13-2591,sales,livestock_sales,Y,Y,,
D04588,SM-13-6437,sales,livestock_sales,Y,Y,,
D04589,LD-13-9853,sales,livestock_sales,Y,Y,,
D04590,LD13-0007,purchase,mart_commission,Y,Y,,
D04591,SM-13-4083,sales,livestock_sales,Y,Y,,
D04592,SM-13-5597,sales,livestock_sales,Y,Y,,
D04593,MR14-0001,purchase,fallen_animals,Y,Y,,
D04594,LD-14-1462,sales,livestock_sales,Y,Y,,
D04595,LD14-0001,purchase,mart_commission,Y,Y,,
D04596,LD-14-7043,sales,livestock_sales,Y,Y,,
D04597,LD14-0002,purchase,mart_commission,Y,Y,,
D04598,LD-14-2711,sales,livestock_sales,Y,Y,,
D04599,LD14-0003,purchase,mart_commission,Y,Y,,
D04600,LD-14-9043,sales,livestock_sales,Y,Y,,
D04601,LD14-0004,purchase,mart_commission,Y,Y,,
D04602,LD-14-1881,sales,livestock_sales,Y,Y,,
D04603,LD14-0005,purchase,mart_commission,Y,Y,,
D04604,LD-14-6361,sales,livestock_sales,Y,Y,,
D04605,LD14-0006,purchase,mart_commission,Y,Y,,
D04606,LD-14-5083,sales,livestock_sales,Y,Y,,
D04607,LD14-0007,purchase,mart_commission,Y,Y,,
D04608,LD-14-7615,sales,livestock_sales,Y,Y,,
D04609,LD14-0008,purchase,mart_commission,Y,Y,,
D04610,SM-14-8683,sales,livestock_sales,Y,Y,,
D04611,LD-14-9765,sales,livestock_sales,Y,Y,,
D04612,LD14-0009,purchase,mart_commission,Y,Y,,
D04613,LD-14-6010,sales,livestock_sales,Y,Y,,
D04614,LD14-0010,purchase,mart_commission,Y,Y,,
D04615,SM-14-2897,sales,livestock_sales,Y,Y,,
D04616,MR15-0001,purchase,fallen_animals,Y,Y,,
D04617,MR15-0002,purchase,fallen_animals,Y,Y,,
D04618,LD-15-4107,sales,livestock_sales,Y,Y,,
D04619,LD15-0001,purchase,mart_commission,Y,Y,,
D04620,LD-15-5487,sales,livestock_sales,Y,Y,,
D04621,LD15-0002,purchase,mart_commission,Y,Y,,
D04622,LD-15-8004,sales,livestock_sales,Y,Y,,
D04623,LD15-0003,purchase,mart_commission,Y,Y,,
D04624,LD-15-2839,sales,livestock_sales,Y,Y,,
D04625,LD15-0004,purchase,mart_commission,Y,Y,,
D04626,LD-15-2116,sales,livestock_sales,Y,Y,,
D04627,LD15-0005,purchase,mart_commission,Y,Y,,
D04628,SM-15-3699,sales,livestock_sales,Y,Y,,
D04629,SM-15-2500,sales,livestock_sales,Y,Y,,
D04630,SM-15-8792,sales,livestock_sales,Y,Y,,
D04631,LD-15-6960,sales,livestock_sales,Y,Y,,
D04632,LD15-0006,purchase,mart_commission,Y,Y,,
D04633,LD-15-4375,sales,livestock_sales,Y,Y,,
D04634,LD15-0007,purchase,mart_commission,Y,Y,,
D04635,LD-15-1241,purchase,livestock_purchases,Y,Y,,
D04636,LD15-0008,purchase,mart_commission,Y,Y,,
D04637,MR16-0001,purchase,fallen_animals,Y,Y,,
D04638,MR16-0002,purchase,fallen_animals,Y,Y,,
D04639,MR16-0003,purchase,fallen_animals,Y,Y,,
D04640,LD-16-7710,sales,livestock_sales,Y,Y,,
D04641,LD16-0001,purchase,mart_commission,Y,Y,,
D04642,LD-16-8229,sales,livestock_sales,Y,Y,,
D04643,LD16-0002,purchase,mart_commission,Y,Y,,
D04644,LD-16-4257,sales,livestock_sales,Y,Y,,
D04645,LD16-0003,purchase,mart_commission,Y,Y,,
D04646,LD-16-2439,sales,livestock_sales,Y,Y,,
D04647,LD16-0004,purchase,mart_commission,Y,Y,,
D04648,LD-16-7803,sales,livestock_sales,Y,Y,,
D04649,LD16-0005,purchase,mart_commission,Y,Y,,
D04650,LD-16-6100,sales,livestock_sales,Y,Y,,
D04651,LD16-0006,purchase,mart_commission,Y,Y,,
D04652,SM-16-3761,sales,livestock_sales,Y,Y,,
D04653,LD-16-3089,sales,livestock_sales,Y,Y,,
D04654,LD16-0007,purchase,mart_commission,Y,Y,,
D04655,SM-16-4850,sales,livestock_sales,Y,Y,,
D04656,LD-16-2795,sales,livestock_sales,Y,Y,,
D04657,LD16-0008,purchase,mart_commission,Y,Y,,
D04658,LD-16-5004,purchase,livestock_purchases,Y,Y,,
D04659,LD16-0009,purchase,mart_commission,Y,Y,,
D04660,MR17-0001,purchase,fallen_animals,Y,Y,,
D04661,MR17-0002,purchase,fallen_animals,Y,Y,,
D04662,MR17-0003,purchase,fallen_animals,Y,Y,,
D04663,LD-17-1794,sales,livestock_sales,Y,Y,,
D04664,LD17-0001,purchase,mart_commission,Y,Y,,
D04665,LD-17-3292,sales,livestock_sales,Y,Y,,
D04666,LD17-0002,purchase,mart_commission,Y,Y,,
D04667,LD-17-5760,sales,livestock_sales,Y,Y,,
D04668,LD17-0003,purchase,mart_commission,Y,Y,,
D04669,LD-17-9587,sales,livestock_sales,Y,Y,,
D04670,LD17-0004,purchase,mart_commission,Y,Y,,
D04671,LD-17-2206,sales,livestock_sales,Y,Y,,
D04672,LD17-0005,purchase,mart_commission,Y,Y,,
D04673,LD-17-8789,sales,livestock_sales,Y,Y,,
D04674,LD17-0006,purchase,mart_commission,Y,Y,,
D04675,LD-17-8636,sales,livestock_sales,Y,Y,,
D04676,LD17-0007,purchase,mart_commission,Y,Y,,
D04677,LD-17-2106,sales,livestock_sales,Y,Y,,
D04678,LD17-0008,purchase,mart_commission,Y,Y,,
D04679,LD-17-9283,sales,livestock_sales,Y,Y,,
D04680,LD17-0009,purchase,mart_commission,Y,Y,,
D04681,LD-17-8201,sales,livestock_sales,Y,Y,,
D04682,LD17-0010,purchase,mart_commission,Y,Y,,
D04683,SM-17-8013,sales,livestock_sales,Y,Y,,
D04684,LD-17-6587,purchase,livestock_purchases,Y,Y,,
D04685,LD17-0011,purchase,mart_commission,Y,Y,,
D04686,MR18-0001,purchase,fallen_animals,Y,Y,,
D04687,MR18-0002,purchase,fallen_animals,Y,Y,,
D04688,LD-18-1733,sales,livestock_sales,Y,Y,,
D04689,LD18-0001,purchase,mart_commission,Y,Y,,
D04690,LD-18-7405,sales,livestock_sales,Y,Y,,
D04691,LD18-0002,purchase,mart_commission,Y,Y,,
D04692,LD-18-9776,sales,livestock_sales,Y,Y,,
D04693,LD18-0003,purchase,mart_commission,Y,Y,,
D04694,LD-18-9422,sales,livestock_sales,Y,Y,,
D04695,LD18-0004,purchase,mart_commission,Y,Y,,
D04696,LD-18-2971,sales,livestock_sales,Y,Y,,
D04697,LD18-0005,purchase,mart_commission,Y,Y,,
D04698,LD-18-2474,sales,livestock_sales,Y,Y,,
D04699,LD18-0006,purchase,mart_commission,Y,Y,,
D04700,LD-18-8277,sales,livestock_sales,Y,Y,,
D04701,LD18-0007,purchase,mart_commission,Y,Y,,
D04702,SM-18-8652,sales,livestock_sales,Y,Y,,
D04703,SM-18-8146,sales,livestock_sales,Y,Y,,
D04704,LD-18-5826,sales,livestock_sales,Y,Y,,
D04705,LD18-0008,purchase,mart_commission,Y,Y,,
D04706,SM-18-5628,sales,livestock_sales,Y,Y,,
D04707,LD-18-2553,sales,livestock_sales,Y,Y,,
D04708,LD18-0009,purchase,mart_commission,Y,Y,,
D04709,MR19-0001,purchase,fallen_animals,Y,Y,,
D04710,MR19-0002,purchase,fallen_animals,Y,Y,,
D04711,MR19-0003,purchase,fallen_animals,Y,Y,,
D04712,LD-19-9083,sales,livestock_sales,Y,Y,,
D04713,LD19-0001,purchase,mart_commission,Y,Y,,
D04714,LD-19-9803,sales,livestock_sales,Y,Y,,
D04715,LD19-0002,purchase,mart_commission,Y,Y,,
D04716,LD-19-4931,sales,livestock_sales,Y,Y,,
D04717,LD19-0003,purchase,mart_commission,Y,Y,,
D04718,LD-19-4810,sales,livestock_sales,Y,Y,,
D04719,LD19-0004,purchase,mart_commission,Y,Y,,
D04720,LD-19-4412,sales,livestock_sales,Y,Y,,
D04721,LD19-0005,purchase,mart_commission,Y,Y,,
D04722,LD-19-4565,sales,livestock_sales,Y,Y,,
D04723,LD19-0006,purchase,mart_commission,Y,Y,,
D04724,LD-19-8392,sales,livestock_sales,Y,Y,,
D04725,LD19-0007,purchase,mart_commission,Y,Y,,
D04726,SM-19-8424,sales,livestock_sales,Y,Y,,
D04727,SM-19-6880,sales,livestock_sales,Y,Y,,
D04728,SM-19-6204,sales,livestock_sales,Y,Y,,
D04729,LD-19-3126,sales,livestock_sales,Y,Y,,
D04730,LD19-0008,purchase,mart_commission,Y,Y,,
D04731,MR20-0001,purchase,fallen_animals,Y,Y,,
D04732,MR20-0002,purchase,fallen_animals,Y,Y,,
D04733,MR20-0003,purchase,fallen_animals,Y,Y,,
D04734,LD-20-3262,sales,livestock_sales,Y,Y,,
D04735,LD20-0001,purchase,mart_commission,Y,Y,,
D04736,LD-20-5878,sales,livestock_sales,Y,Y,,
D04737,LD20-0002,purchase,mart_commission,Y,Y,,
D04738,LD-20-4331,sales,livestock_sales,Y,Y,,
D04739,LD20-0003,purchase,mart_commission,Y,Y,,
D04740,LD-20-9751,sales,livestock_sales,Y,Y,,
D04741,LD20-0004,purchase,mart_commission,Y,Y,,
D04742,LD-20-4185,sales,livestock_sales,Y,Y,,
D04743,LD20-0005,purchase,mart_commission,Y,Y,,
D04744,LD-20-9127,sales,livestock_sales,Y,Y,,
D04745,LD20-0006,purchase,mart_commission,Y,Y,,
D04746,LD-20-9240,sales,livestock_sales,Y,Y,,
D04747,LD20-0007,purchase,mart_commission,Y,Y,,
D04748,LD-20-9186,sales,livestock_sales,Y,Y,,
D04749,LD20-0008,purchase,mart_commission,Y,Y,,
D04750,SM-20-1134,sales,livestock_sales,Y,Y,,
D04751,SM-20-5881,sales,livestock_sales,Y,Y,,
D04752,SM-20-6783,sales,livestock_sales,Y,Y,,
D04753,LD-20-2159,sales,livestock_sales,Y,Y,,
D04754,LD20-0009,purchase,mart_commission,Y,Y,,
D04755,SM-20-2873,sales,livestock_sales,Y,Y,,
D04756,LD-20-7764,sales,livestock_sales,Y,Y,,
D04757,LD20-0010,purchase,mart_commission,Y,Y,,
D04758,MR21-0001,purchase,fallen_animals,Y,Y,,
D04759,MR21-0002,purchase,fallen_animals,Y,Y,,
D04760,LD-21-6396,sales,livestock_sales,Y,Y,,
D04761,LD21-0001,purchase,mart_commission,Y,Y,,
D04762,LD-21-8724,sales,livestock_sales,Y,Y,,
D04763,LD21-0002,purchase,mart_commission,Y,Y,,
D04764,LD-21-1768,sales,livestock_sales,Y,Y,,
D04765,LD21-0003,purchase,mart_commission,Y,Y,,
D04766,LD-21-6110,sales,livestock_sales,Y,Y,,
D04767,LD21-0004,purchase,mart_commission,Y,Y,,
D04768,LD-21-1528,sales,livestock_sales,Y,Y,,
D04769,LD21-0005,purchase,mart_commission,Y,Y,,
D04770,LD-21-4240,sales,livestock_sales,Y,Y,,
D04771,LD21-0006,purchase,mart_commission,Y,Y,,
D04772,SM-21-4853,sales,livestock_sales,Y,Y,,
D04773,SM-21-5597,sales,livestock_sales,Y,Y,,
D04774,SM-21-8621,sales,livestock_sales,Y,Y,,
D04775,LD-21-1482,sales,livestock_sales,Y,Y,,
D04776,LD21-0007,purchase,mart_commission,Y,Y,,
D04777,LD-21-7049,sales,livestock_sales,Y,Y,,
D04778,LD21-0008,purchase,mart_commission,Y,Y,,
D04779,SM-21-2460,sales,livestock_sales,Y,Y,,
D04780,MR22-0001,purchase,fallen_animals,Y,Y,,
D04781,MR22-0002,purchase,fallen_animals,Y,Y,,
D04782,MR22-0003,purchase,fallen_animals,Y,Y,,
D04783,LD-22-2723,sales,livestock_sales,Y,Y,,
D04784,LD22-0001,purchase,mart_commission,Y,Y,,
D04785,LD-22-8999,sales,livestock_sales,Y,Y,,
D04786,LD22-0002,purchase,mart_commission,Y,Y,,
D04787,LD-22-4521,sales,livestock_sales,Y,Y,,
D04788,LD22-0003,purchase,mart_commission,Y,Y,,
D04789,LD-22-7001,sales,livestock_sales,Y,Y,,
D04790,LD22-0004,purchase,mart_commission,Y,Y,,
D04791,LD-22-3873,sales,livestock_sales,Y,Y,,
D04792,LD22-0005,purchase,mart_commission,Y,Y,,
D04793,SM-22-3385,sales,livestock_sales,Y,Y,,
D04794,LD-22-4897,sales,livestock_sales,Y,Y,,
D04795,LD22-0006,purchase,mart_commission,Y,Y,,
D04796,LD-22-8146,sales,livestock_sales,Y,Y,,
D04797,LD22-0007,purchase,mart_commission,Y,Y,,
D04798,SM-22-2725,sales,livestock_sales,Y,Y,,
D04799,LD-22-2922,sales,livestock_sales,Y,Y,,
D04800,LD22-0008,purchase,mart_commission,Y,Y,,
D04801,MR23-0001,purchase,fallen_animals,Y,Y,,
D04802,MR23-0002,purchase,fallen_animals,Y,Y,,
D04803,MR23-0003,purchase,fallen_animals,Y,Y,,
D04804,LD-23-3294,sales,livestock_sales,Y,Y,,
D04805,LD23-0001,purchase,mart_commission,Y,Y,,
D04806,LD-23-9065,sales,livestock_sales,Y,Y,,
D04807,LD23-0002,purchase,mart_commission,Y,Y,,
D04808,LD-23-8893,sales,livestock_sales,Y,Y,,
D04809,LD23-0003,purchase,mart_commission,Y,Y,,
D04810,LD-23-4252,sales,livestock_sales,Y,Y,,
D04811,LD23-0004,purchase,mart_commission,Y,Y,,
D04812,LD-23-5586,sales,livestock_sales,Y,Y,,
D04813,LD23-0005,purchase,mart_commission,Y,Y,,
D04814,LD-23-9195,sales,livestock_sales,Y,Y,,
D04815,LD23-0006,purchase,mart_commission,Y,Y,,
D04816,SM-23-3659,sales,livestock_sales,Y,Y,,
D04817,LD-23-9491,sales,livestock_sales,Y,Y,,
D04818,LD23-0007,purchase,mart_commission,Y,Y,,
D04819,MR24-0001,purchase,fallen_animals,Y,Y,,
D04820,MR24-0002,purchase,fallen_animals,Y,Y,,
D04821,MR24-0003,purchase,fallen_animals,Y,Y,,
D04822,LD-24-8430,sales,livestock_sales,Y,Y,,
D04823,LD24-0001,purchase,mart_commission,Y,Y,,
D04824,LD-24-4525,sales,livestock_sales,Y,Y,,
D04825,LD24-0002,purchase,mart_commission,Y,Y,,
D04826,LD-24-3824,sales,livestock_sales,Y,Y,,
D04827,LD24-0003,purchase,mart_commission,Y,Y,,
D04828,LD-24-3057,sales,livestock_sales,Y,Y,,
D04829,LD24-0004,purchase,mart_commission,Y,Y,,
D04830,LD-24-8458,sales,livestock_sales,Y,Y,,
D04831,LD24-0005,purchase,mart_commission,Y,Y,,
D04832,LD-24-9099,sales,livestock_sales,Y,Y,,
D04833,LD24-0006,purchase,mart_commission,Y,Y,,
D04834,LD-24-2216,sales,livestock_sales,Y,Y,,
D04835,LD24-0007,purchase,mart_commission,Y,Y,,
D04836,LD-24-9592,sales,livestock_sales,Y,Y,,
D04837,LD24-0008,purchase,mart_commission,Y,Y,,
D04838,SM-24-1966,sales,livestock_sales,Y,Y,,
D04839,LD-24-6615,sales,livestock_sales,Y,Y,,
D04840,LD24-0009,purchase,mart_commission,Y,Y,,
D04841,LD-24-3950,sales,livestock_sales,Y,Y,,
D04842,LD24-0010,purchase,mart_commission,Y,Y,,
D04843,LD-24-3157,sales,livestock_sales,Y,Y,,
D04844,LD24-0011,purchase,mart_commission,Y,Y,,
D04845,SM-24-7203,sales,livestock_sales,Y,Y,,
D04846,MR25-0001,purchase,fallen_animals,Y,Y,,
D04847,MR25-0002,purchase,fallen_animals,Y,Y,,
D04848,MR25-0003,purchase,fallen_animals,Y,Y,,
D04849,LD-25-6538,sales,livestock_sales,Y,Y,,
D04850,LD25-0001,purchase,mart_commission,Y,Y,,
D04851,LD-25-5644,sales,livestock_sales,Y,Y,,
D04852,LD25-0002,purchase,mart_commission,Y,Y,,
D04853,LD-25-2778,sales,livestock_sales,Y,Y,,
D04854,LD25-0003,purchase,mart_commission,Y,Y,,
D04855,LD-25-8257,sales,livestock_sales,Y,Y,,
D04856,LD25-0004,purchase,mart_commission,Y,Y,,
D04857,LD-25-3542,sales,livestock_sales,Y,Y,,
D04858,LD25-0005,purchase,mart_commission,Y,Y,,
D04859,LD-25-4826,sales,livestock_sales,Y,Y,,
D04860,LD25-0006,purchase,mart_commission,Y,Y,,
D04861,LD-25-1008,sales,livestock_sales,Y,Y,,
D04862,LD25-0007,purchase,mart_commission,Y,Y,,
D04863,SM-25-4103,sales,livestock_sales,Y,Y,,
D04864,SM-25-1304,sales,livestock_sales,Y,Y,,
D04865,SM-25-6126,sales,livestock_sales,Y,Y,,
D04866,LD-25-7113,sales,livestock_sales,Y,Y,,
D04867,LD25-0008,purchase,mart_commission,Y,Y,,
D04868,SM-25-9049,sales,livestock_sales,Y,Y,,
D04869,DOC11-0001,sales,contracting_income,Y,Y,,
D04870,DOC11-0002,sales,contracting_income,Y,Y,,
D04871,DOC11-0001,sales,contracting_income,Y,Y,,
D04872,DOC11-0001,sales,contracting_income,Y,Y,,
D04873,DOC11-0001,sales,contracting_income,Y,Y,,
D04874,DOC12-0001,sales,contracting_income,Y,Y,,
D04875,DOC12-0001,sales,contracting_income,Y,Y,,
D04876,DOC12-0001,sales,contracting_income,Y,Y,UNPAID_SALE,never settled; bad debt
D04877,DOC12-0002,sales,contracting_income,Y,Y,,
D04878,DOC12-0001,sales,contracting_income,Y,Y,,
D04879,DOC12-0001,sales,contracting_income,Y,Y,,
D04880,DOC13-0001,sales,contracting_income,Y,Y,,
D04881,DOC13-0001,sales,contracting_income,Y,Y,,
D04882,DOC13-0002,sales,contracting_income,Y,Y,,
D04883,DOC13-0001,sales,contracting_income,Y,Y,,
D04884,DOC13-0001,sales,contracting_income,Y,Y,,
D04885,DOC13-0002,sales,contracting_income,Y,Y,,
D04886,DOC13-0001,sales,contracting_income,Y,Y,,
D04887,DOC14-0001,sales,contracting_income,Y,Y,,
D04888,DOC14-0002,sales,contracting_income,Y,Y,,
D04889,DOC14-0001,sales,contracting_income,Y,Y,,
D04890,DOC14-0001,sales,contracting_income,Y,Y,,
D04891,DOC14-0001,sales,contracting_income,Y,Y,,
D04892,DOC14-0001,sales,contracting_income,Y,Y,,
D04893,DOC14-0002,sales,contracting_income,Y,Y,UNPAID_SALE,never settled; bad debt
D04894,DOC14-0001,sales,contracting_income,Y,Y,,
D04895,DOC15-0001,sales,contracting_income,Y,Y,E3-2014,
D04896,DOC15-0001,sales,contracting_income,Y,Y,,
D04897,DOC15-0001,sales,contracting_income,Y,Y,,
D04898,DOC15-0001,sales,contracting_income,Y,Y,,
D04899,DOC15-0001,sales,contracting_income,Y,Y,,
D04900,DOC15-0002,sales,contracting_income,Y,Y,,
D04901,DOC15-0002,sales,contracting_income,Y,Y,,
D04902,DOC15-0003,sales,contracting_income,Y,Y,,
D04903,DOC15-0002,sales,contracting_income,Y,Y,,
D04904,DOC15-0001,sales,contracting_income,Y,Y,,
D04905,DOC16-0001,sales,contracting_income,Y,Y,,
D04906,DOC16-0001,sales,contracting_income,Y,Y,,
D04907,DOC16-0001,sales,contracting_income,Y,Y,,
D04908,DOC16-0001,sales,contracting_income,Y,Y,,
D04909,DOC16-0001,sales,contracting_income,Y,Y,UNPAID_SALE,never settled; bad debt
D04910,DOC16-0002,sales,contracting_income,Y,Y,,
D04911,DOC16-0001,sales,contracting_income,Y,Y,,
D04912,DOC16-0002,sales,contracting_income,Y,Y,,
D04913,DOC16-0002,sales,contracting_income,Y,Y,,
D04914,DOC16-0002,sales,contracting_income,Y,Y,,
D04915,DOC17-0001,sales,contracting_income,Y,Y,,
D04916,DOC17-0001,sales,contracting_income,Y,Y,,
D04917,DOC17-0001,sales,contracting_income,Y,Y,,
D04918,DOC17-0001,sales,contracting_income,Y,Y,,
D04919,DOC17-0001,sales,contracting_income,Y,Y,,
D04920,DOC17-0001,sales,contracting_income,Y,Y,,
D04921,DOC17-0002,sales,contracting_income,Y,Y,,
D04922,DOC17-0001,sales,contracting_income,Y,Y,,
D04923,DOC17-0003,sales,contracting_income,Y,Y,,
D04924,DOC17-0002,sales,contracting_income,Y,Y,,
D04925,DOC17-0001,sales,contracting_income,Y,Y,,
D04926,DOC18-0001,sales,contracting_income,Y,Y,,
D04927,DOC18-0001,sales,contracting_income,Y,Y,,
D04928,DOC18-0002,sales,contracting_income,Y,Y,UNPAID_SALE,never settled; bad debt
D04929,DOC18-0001,sales,contracting_income,Y,Y,,
D04930,DOC18-0001,sales,contracting_income,Y,Y,,
D04931,DOC18-0001,sales,contracting_income,Y,Y,,
D04932,DOC18-0002,sales,contracting_income,Y,Y,,
D04933,DOC18-0001,sales,contracting_income,Y,Y,,
D04934,DOC18-0002,sales,contracting_income,Y,Y,,
D04935,DOC18-0002,sales,contracting_income,Y,Y,UNPAID_SALE,never settled; bad debt
D04936,DOC18-0003,sales,contracting_income,Y,Y,,
D04937,DOC18-0001,sales,contracting_income,Y,Y,,
D04938,DOC19-0001,sales,contracting_income,Y,Y,,
D04939,DOC19-0001,sales,contracting_income,Y,Y,,
D04940,DOC19-0001,sales,contracting_income,Y,Y,,
D04941,DOC19-0001,sales,contracting_income,Y,Y,,
D04942,DOC19-0002,sales,contracting_income,Y,Y,,
D04943,DOC19-0001,sales,contracting_income,Y,Y,,
D04944,DOC19-0002,sales,contracting_income,Y,Y,,
D04945,DOC19-0002,sales,contracting_income,Y,Y,,
D04946,DOC19-0001,sales,contracting_income,Y,Y,,
D04947,DOC19-0003,sales,contracting_income,Y,Y,,
D04948,DOC19-0003,sales,contracting_income,Y,Y,,
D04949,DOC19-0001,sales,contracting_income,Y,Y,,
D04950,DOC19-0001,sales,contracting_income,Y,Y,,
D04951,DOC19-0004,sales,contracting_income,Y,Y,,
D04952,DOC20-0001,sales,contracting_income,Y,Y,,
D04953,DOC20-0002,sales,contracting_income,Y,Y,,
D04954,DOC20-0001,sales,contracting_income,Y,Y,UNPAID_SALE,never settled; bad debt
D04955,DOC20-0001,sales,contracting_income,Y,Y,,
D04956,DOC20-0001,sales,contracting_income,Y,Y,,
D04957,DOC20-0003,sales,contracting_income,Y,Y,,
D04958,DOC20-0002,sales,contracting_income,Y,Y,,
D04959,DOC20-0003,sales,contracting_income,Y,Y,,
D04960,DOC20-0001,sales,contracting_income,Y,Y,,
D04961,DOC20-0001,sales,contracting_income,Y,Y,,
D04962,DOC20-0001,sales,contracting_income,Y,Y,UNPAID_SALE,never settled; bad debt
D04963,DOC20-0001,sales,contracting_income,Y,Y,,
D04964,DOC20-0002,sales,contracting_income,Y,Y,,
D04965,DOC20-0001,sales,contracting_income,Y,Y,,
D04966,DOC20-0002,sales,contracting_income,Y,Y,,
D04967,DOC20-0004,sales,contracting_income,Y,Y,,
D04968,DOC20-0002,sales,contracting_income,Y,Y,,
D04969,DOC21-0001,sales,contracting_income,Y,Y,,
D04970,DOC21-0001,sales,contracting_income,Y,Y,,
D04971,DOC21-0001,sales,contracting_income,Y,Y,,
D04972,DOC21-0002,sales,contracting_income,Y,Y,,
D04973,DOC21-0001,sales,contracting_income,Y,Y,,
D04974,DOC21-0002,sales,contracting_income,Y,Y,,
D04975,DOC21-0001,sales,contracting_income,Y,Y,,
D04976,DOC21-0001,sales,contracting_income,Y,Y,,
D04977,DOC21-0001,sales,contracting_income,Y,Y,,
D04978,DOC21-0001,sales,contracting_income,Y,Y,,
D04979,DOC21-0002,sales,contracting_income,Y,Y,,
D04980,DOC21-0003,sales,contracting_income,Y,Y,,
D04981,DOC21-0001,sales,contracting_income,Y,Y,,
D04982,DOC21-0002,sales,contracting_income,Y,Y,,
D04983,DOC21-0001,sales,contracting_income,Y,Y,,
D04984,DOC21-0002,sales,contracting_income,Y,Y,,
D04985,DOC21-0002,sales,contracting_income,Y,Y,,
D04986,DOC21-0003,sales,contracting_income,Y,Y,,
D04987,DOC22-0001,sales,contracting_income,Y,Y,E3-2021,
D04988,DOC22-0001,sales,contracting_income,Y,Y,,
D04989,DOC22-0001,sales,contracting_income,Y,Y,,
D04990,DOC22-0001,sales,contracting_income,Y,Y,,
D04991,DOC22-0001,sales,contracting_income,Y,Y,,
D04992,DOC22-0002,sales,contracting_income,Y,Y,,
D04993,DOC22-0001,sales,contracting_income,Y,Y,,
D04994,DOC22-0001,sales,contracting_income,Y,Y,,
D04995,DOC22-0002,sales,contracting_income,Y,Y,,
D04996,DOC22-0002,sales,contracting_income,Y,Y,,
D04997,DOC22-0002,sales,contracting_income,Y,Y,,
D04998,DOC22-0003,sales,contracting_income,Y,Y,,
D04999,DOC22-0001,sales,contracting_income,Y,Y,,
D05000,DOC22-0001,sales,contracting_income,Y,Y,,
D05001,DOC22-0003,sales,contracting_income,Y,Y,,
D05002,DOC22-0002,sales,contracting_income,Y,Y,UNPAID_SALE,never settled; bad debt
D05003,DOC22-0002,sales,contracting_income,Y,Y,UNPAID_SALE,never settled; bad debt
D05004,DOC22-0003,sales,contracting_income,Y,Y,,
D05005,DOC22-0004,sales,contracting_income,Y,Y,,
D05006,DOC22-0005,sales,contracting_income,Y,Y,,
D05007,DOC22-0001,sales,contracting_income,Y,Y,,
D05008,DOC22-0004,sales,contracting_income,Y,Y,,
D05009,DOC23-0001,sales,contracting_income,Y,Y,,
D05010,DOC23-0001,sales,contracting_income,Y,Y,,
D05011,DOC23-0001,sales,contracting_income,Y,Y,,
D05012,DOC23-0001,sales,contracting_income,Y,Y,,
D05013,DOC23-0002,sales,contracting_income,Y,Y,,
D05014,DOC23-0003,sales,contracting_income,Y,Y,,
D05015,DOC23-0001,sales,contracting_income,Y,Y,,
D05016,DOC23-0002,sales,contracting_income,Y,Y,,
D05017,DOC23-0002,sales,contracting_income,Y,Y,,
D05018,DOC23-0001,sales,contracting_income,Y,Y,,
D05019,DOC23-0002,sales,contracting_income,Y,Y,,
D05020,DOC23-0001,sales,contracting_income,Y,Y,,
D05021,DOC23-0002,sales,contracting_income,Y,Y,,
D05022,DOC23-0001,sales,contracting_income,Y,Y,,
D05023,DOC23-0003,sales,contracting_income,Y,Y,,
D05024,DOC23-0003,sales,contracting_income,Y,Y,,
D05025,DOC23-0001,sales,contracting_income,Y,Y,,
D05026,DOC23-0004,sales,contracting_income,Y,Y,,
D05027,DOC23-0002,sales,contracting_income,Y,Y,,
D05028,DOC23-0002,sales,contracting_income,Y,Y,,
D05029,DOC23-0003,sales,contracting_income,Y,Y,,
D05030,DOC23-0002,sales,contracting_income,Y,Y,,
D05031,DOC23-0003,sales,contracting_income,Y,Y,,
D05032,DOC23-0004,sales,contracting_income,Y,Y,,
D05033,DOC24-0001,sales,contracting_income,Y,Y,,
D05034,DOC24-0001,sales,contracting_income,Y,Y,,
D05035,DOC24-0001,sales,contracting_income,Y,Y,,
D05036,DOC24-0001,sales,contracting_income,Y,Y,,
D05037,DOC24-0001,sales,contracting_income,Y,Y,,
D05038,DOC24-0001,sales,contracting_income,Y,Y,,
D05039,DOC24-0001,sales,contracting_income,Y,Y,,
D05040,DOC24-0002,sales,contracting_income,Y,Y,,
D05041,DOC24-0001,sales,contracting_income,Y,Y,,
D05042,DOC24-0001,sales,contracting_income,Y,Y,,
D05043,DOC24-0001,sales,contracting_income,Y,Y,,
D05044,DOC24-0002,sales,contracting_income,Y,Y,,
D05045,DOC24-0002,sales,contracting_income,Y,Y,,
D05046,DOC24-0003,sales,contracting_income,Y,Y,,
D05047,DOC24-0002,sales,contracting_income,Y,Y,,
D05048,DOC24-0002,sales,contracting_income,Y,Y,,
D05049,DOC24-0003,sales,contracting_income,Y,Y,,
D05050,DOC24-0002,sales,contracting_income,Y,Y,,
D05051,DOC24-0002,sales,contracting_income,Y,Y,,
D05052,DOC24-0003,sales,contracting_income,Y,Y,,
D05053,DOC24-0002,sales,contracting_income,Y,Y,,
D05054,DOC24-0002,sales,contracting_income,Y,Y,,
D05055,DOC24-0003,sales,contracting_income,Y,Y,,
D05056,DOC24-0001,sales,contracting_income,Y,Y,,
D05057,DOC24-0002,sales,contracting_income,Y,Y,,
D05058,DOC24-0002,sales,contracting_income,Y,Y,,
D05059,DOC24-0001,sales,contracting_income,Y,Y,,
D05060,DOC25-0001,sales,contracting_income,Y,Y,,
D05061,DOC25-0001,sales,contracting_income,Y,Y,,
D05062,DOC25-0001,sales,contracting_income,Y,Y,,
D05063,DOC25-0001,sales,contracting_income,Y,Y,,
D05064,DOC25-0002,sales,contracting_income,Y,Y,,
D05065,DOC25-0002,sales,contracting_income,Y,Y,,
D05066,DOC25-0001,sales,contracting_income,Y,Y,,
D05067,DOC25-0001,sales,contracting_income,Y,Y,,
D05068,DOC25-0001,sales,contracting_income,Y,Y,,
D05069,DOC25-0001,sales,contracting_income,Y,Y,,
D05070,DOC25-0001,sales,contracting_income,Y,Y,,
D05071,DOC25-0002,sales,contracting_income,Y,Y,,
D05072,DOC25-0002,sales,contracting_income,Y,Y,,
D05073,DOC25-0003,sales,contracting_income,Y,Y,,
D05074,DOC25-0001,sales,contracting_income,Y,Y,,
D05075,DOC25-0002,sales,contracting_income,Y,Y,,
D05076,DOC25-0003,sales,contracting_income,Y,Y,,
D05077,DOC25-0004,sales,contracting_income,Y,Y,,
D05078,DOC25-0004,sales,contracting_income,Y,Y,UNPAID_SALE,never settled; bad debt
D05079,DOC25-0003,sales,contracting_income,Y,Y,,
D05080,DOC25-0003,sales,contracting_income,Y,Y,,
D05081,DOC25-0002,sales,contracting_income,Y,Y,,
D05082,DOC25-0002,sales,contracting_income,Y,Y,,
D05083,DOC25-0002,sales,contracting_income,Y,Y,,
D05084,DOC25-0001,sales,contracting_income,Y,Y,UNPAID_SALE,never settled; bad debt
D05085,DOC25-0002,sales,contracting_income,Y,Y,,
D05086,DOC25-0004,sales,contracting_income,Y,Y,,
D05087,DOC25-0002,sales,contracting_income,Y,Y,,
D05088,DOC25-0005,sales,contracting_income,Y,Y,,
D05089,DT06-0001,purchase,capital_equipment,Y,Y,,
D05090,CB07-0001,purchase,capital_equipment,Y,Y,,
D05091,MSF07-0001,purchase,capital_equipment,Y,Y,,
D05092,MT08-0001,purchase,capital_equipment,Y,Y,,trade-in credited on invoice
D05093,DT10-0001,purchase,capital_equipment,Y,Y,,
D05094,DT10-0002,purchase,capital_equipment,Y,Y,,accelerated capital allowance candidate
D05095,RM12-0001,purchase,motor_vehicle,M,N,,passenger car: 50% private use claimed in the books; input VAT never reclaimable
D05096,RM13-0001,purchase,family_car,N,N,E7-car,family car invoiced as a farm vehicle
D05097,MT14-0001,purchase,capital_equipment,Y,Y,,
D05098,DT15-0001,purchase,capital_equipment,Y,Y,,
D05099,CB15-0001,purchase,capital_equipment,Y,Y,,
D05100,OB15-0004,purchase,capital_equipment,Y,Y,,
D05101,CB15-0002,purchase,capital_equipment,Y,Y,,
D05102,DT15-0002,purchase,capital_equipment,Y,Y,,
D05103,MSF16-0001,purchase,capital_equipment,Y,Y,E8-tams,"invoice inflated, EUR 7,500 returned in cash"
D05104,MT16-0001,purchase,capital_equipment,Y,Y,,
D05105,RM16-0001,purchase,motor_vehicle,M,N,M3-vat,double-cab pickup: input VAT restriction applies
D05106,DT17-0001,purchase,capital_equipment,Y,Y,,
D05107,CB17-0001,purchase,capital_equipment,Y,Y,,
D05108,FS18-0001,purchase,professional_fees,Y,Y,,
D05109,DT19-0001,purchase,capital_equipment,Y,Y,,
D05110,SF19-0001,purchase,capital_equipment,Y,Y,,first PV array; accelerated allowance candidate
D05111,MT19-0388,purchase,capital_equipment,Y,Y,E9-dupclaim,
D05112,MT20-0001,purchase,capital_equipment,Y,Y,,
D05113,DT20-0001,purchase,capital_equipment,Y,Y,,
D05114,DT21-0001,purchase,capital_equipment,Y,Y,,
D05115,DT21-0002,purchase,capital_equipment,Y,Y,,
D05116,DT22-0001,purchase,capital_equipment,Y,Y,,
D05117,MT22-0719,purchase,capital_equipment,Y,Y,,
D05118,MT23-0001,purchase,capital_equipment,Y,Y,,
D05119,SF24-0001,purchase,solar_pv,Y,Y,E10-solar,"printed price is inflated by EUR 8,000 vs what was paid"
D05120,SF25-0001,purchase,solar_pv,Y,Y,,
D05121,AG12-0001,purchase,family_holiday,N,N,E11-holiday,
D05122,LP16-0001,purchase,family_holiday,N,N,E11-holiday,
D05123,AG19-0001,purchase,family_holiday,N,N,E11-holiday,
D05124,PC-664,purchase,ghost_supplier,Y,Y,E12-ghost,"no VAT number, round sums, no work evidence"
D05125,PC-721,purchase,ghost_supplier,Y,Y,E12-ghost,"no VAT number, round sums, no work evidence"
D05126,PC-708,purchase,ghost_supplier,Y,Y,E12-ghost,"no VAT number, round sums, no work evidence"
D05127,PC-359,purchase,ghost_supplier,Y,Y,E12-ghost,"no VAT number, round sums, no work evidence"
D05128,PC-961,purchase,ghost_supplier,Y,Y,E12-ghost,"no VAT number, round sums, no work evidence"
D05129,PC-362,purchase,ghost_supplier,Y,Y,E12-ghost,"no VAT number, round sums, no work evidence"
D05130,PC-714,purchase,ghost_supplier,Y,Y,E12-ghost,"no VAT number, round sums, no work evidence"
D05131,PC-331,purchase,ghost_supplier,Y,Y,E12-ghost,"no VAT number, round sums, no work evidence"
D05132,KA21-0002,purchase,fertiliser,Y,Y,E13-cutoff,
D05133,KA22-0009,purchase,fertiliser,Y,Y,E13-cutoff,
D05134,TI20-0001,purchase,personal_groceries,N,N,E14-vat-grocery,
D05135,CFP20-0015,purchase,repairs,Y,Y,DUPLICATE_INVOICE,resent copy of CFP20-0015
D05136,CS22-0016,purchase,feed,Y,Y,DUPLICATE_INVOICE,resent copy of CS22-0016
D05137,CFP21-0009,purchase,repairs,Y,Y,DUPLICATE_INVOICE,resent copy of CFP21-0009
D05138,GF13-0008,purchase,feed,Y,Y,DUPLICATE_INVOICE,resent copy of GF13-0008
D05139,LV19-0019,purchase,vet_medicine,Y,Y,DUPLICATE_INVOICE,resent copy of LV19-0019
D05140,CFP19-0047,purchase,repairs,Y,Y,DUPLICATE_INVOICE,resent copy of CFP19-0047
D05141,CN-CFP13-0016,purchase,repairs,Y,Y,CREDIT_NOTE,
D05142,CN-CS08-0004,purchase,feed,Y,Y,CREDIT_NOTE,
D05143,CN-CFP08-0030,purchase,repairs,Y,Y,CREDIT_NOTE,
D05144,CN-LV14-0019,purchase,vet_medicine,Y,Y,CREDIT_NOTE,
D05145,CN-CS21-0016,purchase,fertiliser,Y,Y,CREDIT_NOTE,
D05146,CN-CFP08-0022,purchase,repairs,Y,Y,CREDIT_NOTE,
D05147,CN-CFP19-0043,purchase,repairs,Y,Y,CREDIT_NOTE,
D05148,CN-LV10-0008,purchase,vet_medicine,Y,Y,CREDIT_NOTE,
D05149,CN-LV22-0001,purchase,vet_medicine,Y,Y,CREDIT_NOTE,
D05150,CN-CFP11-0005,purchase,repairs,Y,Y,CREDIT_NOTE,
D05151,YD16-0001,purchase,repairs,Y,Y,GBP_INVOICE,
D05152,YD16-0002,purchase,repairs,Y,Y,GBP_INVOICE,
D05153,YD17-0001,purchase,repairs,Y,Y,GBP_INVOICE,
D05154,YD17-0002,purchase,repairs,Y,Y,GBP_INVOICE,
D05155,YD18-0001,purchase,repairs,Y,Y,GBP_INVOICE,
D05156,YD18-0002,purchase,repairs,Y,Y,GBP_INVOICE,
D05157,YD19-0001,purchase,repairs,Y,Y,GBP_INVOICE,
D05158,YD19-0002,purchase,repairs,Y,Y,GBP_INVOICE,
