invoiceNumber,date,party,description,net,vat,gross,due,currency,reference,type,supplyDate,partyVatNo,docId
CL-200512,31/12/2005,Slieve Dairy Co-Operative Society Ltd,"Co-op haulage, milk testing, levies Dec 2005",100.18,21.04,121.22,31/12/2005,EUR,deducted from MS-200512,invoice,,IE9462300P,D00002
ES06-0001,07/01/2006,ESB Electric Supply,Electricity Jan 2006 (farm + house meter),661.56,89.31,750.87,06/02/2006,EUR,,invoice,,IE4752023D,D00594
GF06-0001,09/01/2006,Glenfern Feeds Ltd,Dairy ration 18% nuts - 13.0 t,3628.37,0.00,3628.37,08/02/2006,EUR,,invoice,,IE8573822O,D00483
BF06-0004,10/01/2006,Ballyhoura Fuels Ltd,"Marked gas oil, bulk delivery",1617.70,218.39,1836.09,09/02/2006,EUR,,invoice,,IE4197223U,D00542
VF06-0001,12/01/2006,Vodafone Ireland,Mobile and broadband,120.52,25.31,145.83,11/02/2006,EUR,,invoice,,IE8398493D,D00595
LV06-0008,13/01/2006,Lisheen Veterinary Clinic,Vaccines (BVD/IBR/lepto),537.44,112.86,650.30,12/02/2006,EUR,,invoice,,IE3593885U,D00504
CFP06-0018,13/01/2006,Charleville Farm Parts & Tyres Ltd,Welding rods / steel,545.92,114.64,660.56,12/02/2006,EUR,,invoice,,IE3017449G,D00563
GF06-0005,14/01/2006,Glenfern Feeds Ltd,Dairy ration 18% nuts - 15.2 t,4234.87,0.00,4234.87,13/02/2006,EUR,,invoice,,IE8573822O,D00487
LV06-0003,15/01/2006,Lisheen Veterinary Clinic,Fertility scanning,581.64,122.14,703.78,14/02/2006,EUR,,invoice,,IE3593885U,D00499
LV06-0022,17/01/2006,Lisheen Veterinary Clinic,Herd health visit + drugs,400.78,84.16,484.94,16/02/2006,EUR,,invoice,,IE3593885U,D00518
DHS06-0004,25/01/2006,Dairy Hygiene Supplies Ltd,"Parlour detergents, teat dip, filter socks",675.18,141.79,816.97,24/02/2006,EUR,,invoice,,IE1520123Q,D00579
CL-200601,31/01/2006,Slieve Dairy Co-Operative Society Ltd,"Co-op haulage, milk testing, levies Jan 2006",130.51,27.41,157.92,31/01/2006,EUR,deducted from MS-200601,invoice,,IE9462300P,D00004
LV06-0006,01/02/2006,Lisheen Veterinary Clinic,Herd health visit + drugs,656.10,137.78,793.88,03/03/2006,EUR,,invoice,,IE3593885U,D00502
CFP06-0004,02/02/2006,Charleville Farm Parts & Tyres Ltd,Tyres and tubes,362.40,76.10,438.50,04/03/2006,EUR,,invoice,,IE3017449G,D00549
ES06-0002,07/02/2006,ESB Electric Supply,Electricity Feb 2006 (farm + house meter),632.15,85.34,717.49,09/03/2006,EUR,,invoice,,IE4752023D,D00596
CFP06-0017,08/02/2006,Charleville Farm Parts & Tyres Ltd,Hydraulic hoses,516.92,108.55,625.47,10/03/2006,EUR,,invoice,,IE3017449G,D00562
LV06-0014,09/02/2006,Lisheen Veterinary Clinic,Dry cow therapy / sealers,438.36,92.06,530.42,11/03/2006,EUR,,invoice,,IE3593885U,D00510
LV06-0021,09/02/2006,Lisheen Veterinary Clinic,Vaccines (BVD/IBR/lepto),323.81,68.00,391.81,11/03/2006,EUR,,invoice,,IE3593885U,D00517
DHS06-0010,10/02/2006,Dairy Hygiene Supplies Ltd,"Parlour detergents, teat dip, filter socks",445.12,93.48,538.60,12/03/2006,EUR,,invoice,,IE1520123Q,D00585
VF06-0002,11/02/2006,Vodafone Ireland,Mobile and broadband,134.04,28.15,162.19,13/03/2006,EUR,,invoice,,IE8398493D,D00597
LV06-0010,12/02/2006,Lisheen Veterinary Clinic,Dry cow therapy / sealers,669.36,140.57,809.93,14/03/2006,EUR,,invoice,,IE3593885U,D00506
LV06-0004,15/02/2006,Lisheen Veterinary Clinic,Vaccines (BVD/IBR/lepto),393.06,82.54,475.60,17/03/2006,EUR,,invoice,,IE3593885U,D00500
LV06-0025,16/02/2006,Lisheen Veterinary Clinic,Dry cow therapy / sealers,735.93,154.55,890.48,18/03/2006,EUR,,invoice,,IE3593885U,D00521
CFP06-0019,16/02/2006,Charleville Farm Parts & Tyres Ltd,Gate and fencing repairs,414.79,87.11,501.90,18/03/2006,EUR,,invoice,,IE3017449G,D00564
CS06-0001,17/02/2006,Slieve Dairy Co-Op Farm Stores,Mineral supplement - 15.0 t,4188.47,0.00,4188.47,19/03/2006,EUR,netted off milk payment,invoice,,IE8007456W,D00491
CS06-0002,17/02/2006,Slieve Dairy Co-Op Farm Stores,Dairy ration 18% nuts - 8.4 t,2341.93,0.00,2341.93,19/03/2006,EUR,netted off milk payment,invoice,,IE8007456W,D00492
MFI06-0001,17/02/2006,Munster Farm Insurance Ltd,"Farm policy renewal (buildings, liability, machinery, employer liability)",7145.00,0.00,7145.00,19/03/2006,EUR,,invoice,,,D00618
GF06-0007,18/02/2006,Glenfern Feeds Ltd,Dairy ration 16% bulk - 10.7 t,2995.76,0.00,2995.76,20/03/2006,EUR,,invoice,,IE8573822O,D00489
LV06-0019,22/02/2006,Lisheen Veterinary Clinic,Fertility scanning,466.60,97.99,564.59,24/03/2006,EUR,,invoice,,IE3593885U,D00515
CFP06-0014,23/02/2006,Charleville Farm Parts & Tyres Ltd,Welding rods / steel,322.43,67.71,390.14,25/03/2006,EUR,,invoice,,IE3017449G,D00559
BF06-0007,24/02/2006,Ballyhoura Fuels Ltd,"Marked gas oil, bulk delivery",1755.44,236.98,1992.42,26/03/2006,EUR,,invoice,,IE4197223U,D00545
CL-200602,28/02/2006,Slieve Dairy Co-Operative Society Ltd,"Co-op haulage, milk testing, levies Feb 2006",239.35,50.26,289.61,28/02/2006,EUR,deducted from MS-200602,invoice,,IE9462300P,D00006
CFP06-0005,28/02/2006,Charleville Farm Parts & Tyres Ltd,Parlour liners,389.37,81.77,471.14,30/03/2006,EUR,,invoice,,IE3017449G,D00550
SG06-0003,04/03/2006,Southern Genetics Co-Op,Semen straws + AI technician service,384.66,80.78,465.44,03/04/2006,EUR,,invoice,,IE2815241Q,D00527
HC06-0001,04/03/2006,Hegarty & Co Farm Accountants,"Accounts, tax returns and payroll year 2005",2760.00,579.60,3339.60,03/04/2006,EUR,,invoice,,IE6025428V,D00619
KA06-0002,06/03/2006,Kilcummin Agri Supplies Ltd,Pasture sward 24-2.5-10 bulk spread,3532.28,476.86,4009.14,05/04/2006,EUR,,invoice,,IE2092142W,D00494
LV06-0015,06/03/2006,Lisheen Veterinary Clinic,Vaccines (BVD/IBR/lepto),287.53,60.38,347.91,05/04/2006,EUR,,invoice,,IE3593885U,D00511
LV06-0012,07/03/2006,Lisheen Veterinary Clinic,Herd health visit + drugs,550.03,115.51,665.54,06/04/2006,EUR,,invoice,,IE3593885U,D00508
DHS06-0008,07/03/2006,Dairy Hygiene Supplies Ltd,"Parlour detergents, teat dip, filter socks",450.01,94.50,544.51,06/04/2006,EUR,,invoice,,IE1520123Q,D00583
KA06-0003,08/03/2006,Kilcummin Agri Supplies Ltd,CAN 27% bulk spread,8166.75,1102.51,9269.26,07/04/2006,EUR,,invoice,,IE2092142W,D00495
LD06-0001,08/03/2006,Kilbeg Livestock Mart Ltd,Mart commission and levies on LD-06-7211,118.73,24.93,143.66,08/03/2006,EUR,LD-06-7211,invoice,,IE6958430T,D04410
ES06-0003,09/03/2006,ESB Electric Supply,Electricity Mar 2006 (farm + house meter),765.66,103.36,869.02,08/04/2006,EUR,,invoice,,IE4752023D,D00598
VF06-0003,12/03/2006,Vodafone Ireland,Mobile and broadband,125.47,26.35,151.82,11/04/2006,EUR,,invoice,,IE8398493D,D00599
CFP06-0016,13/03/2006,Charleville Farm Parts & Tyres Ltd,Welding rods / steel,276.93,58.16,335.09,12/04/2006,EUR,,invoice,,IE3017449G,D00561
LV06-0011,17/03/2006,Lisheen Veterinary Clinic,Vaccines (BVD/IBR/lepto),740.04,155.41,895.45,16/04/2006,EUR,,invoice,,IE3593885U,D00507
DHS06-0005,18/03/2006,Dairy Hygiene Supplies Ltd,"Parlour detergents, teat dip, filter socks",293.08,61.55,354.63,17/04/2006,EUR,,invoice,,IE1520123Q,D00580
LV06-0016,19/03/2006,Lisheen Veterinary Clinic,Mastitis treatments,731.77,153.67,885.44,18/04/2006,EUR,,invoice,,IE3593885U,D00512
BF06-0005,20/03/2006,Ballyhoura Fuels Ltd,"Marked gas oil, bulk delivery",1551.93,209.51,1761.44,19/04/2006,EUR,,invoice,,IE4197223U,D00543
DHS06-0011,20/03/2006,Dairy Hygiene Supplies Ltd,"Parlour detergents, teat dip, filter socks",533.06,111.94,645.00,19/04/2006,EUR,,invoice,,IE1520123Q,D00586
LD06-0002,20/03/2006,Kilbeg Livestock Mart Ltd,Mart commission and levies on LD-06-3245,118.03,24.79,142.82,20/03/2006,EUR,LD-06-3245,invoice,,IE6958430T,D04412
GF06-0008,22/03/2006,Glenfern Feeds Ltd,Mineral supplement - 8.5 t,2373.80,0.00,2373.80,21/04/2006,EUR,,invoice,,IE8573822O,D00490
LD06-0003,28/03/2006,Kilbeg Livestock Mart Ltd,Mart commission and levies on LD-06-9901,113.04,23.74,136.78,28/03/2006,EUR,LD-06-9901,invoice,,IE6958430T,D04414
CL-200603,31/03/2006,Slieve Dairy Co-Operative Society Ltd,"Co-op haulage, milk testing, levies Mar 2006",391.99,82.32,474.31,31/03/2006,EUR,deducted from MS-200603,invoice,,IE9462300P,D00008
CFP06-0008,01/04/2006,Charleville Farm Parts & Tyres Ltd,Mower blades,401.99,84.42,486.41,01/05/2006,EUR,,invoice,,IE3017449G,D00553
SG06-0007,05/04/2006,Southern Genetics Co-Op,Semen straws + AI technician service,594.80,124.91,719.71,05/05/2006,EUR,,invoice,,IE2815241Q,D00531
ES06-0004,06/04/2006,ESB Electric Supply,Electricity Apr 2006 (farm + house meter),613.47,82.82,696.29,06/05/2006,EUR,,invoice,,IE4752023D,D00600
LD06-0004,07/04/2006,Kilbeg Livestock Mart Ltd,Mart commission and levies on LD-06-3513,105.53,22.16,127.69,07/04/2006,EUR,LD-06-3513,invoice,,IE6958430T,D04416
SG06-0001,09/04/2006,Southern Genetics Co-Op,Semen straws + AI technician service,723.72,151.98,875.70,09/05/2006,EUR,,invoice,,IE2815241Q,D00525
SG06-0004,10/04/2006,Southern Genetics Co-Op,Semen straws + AI technician service,493.62,103.66,597.28,10/05/2006,EUR,,invoice,,IE2815241Q,D00528
LV06-0027,12/04/2006,Lisheen Veterinary Clinic,Herd health visit + drugs,726.23,152.51,878.74,12/05/2006,EUR,,invoice,,IE3593885U,D00523
VF06-0004,12/04/2006,Vodafone Ireland,Mobile and broadband,119.04,25.00,144.04,12/05/2006,EUR,,invoice,,IE8398493D,D00601
DHS06-0003,14/04/2006,Dairy Hygiene Supplies Ltd,"Parlour detergents, teat dip, filter socks",439.64,92.32,531.96,14/05/2006,EUR,,invoice,,IE1520123Q,D00578
KA06-0001,15/04/2006,Kilcummin Agri Supplies Ltd,CAN 27% bulk spread,5785.65,781.06,6566.71,15/05/2006,EUR,,invoice,,IE2092142W,D00493
SG06-0005,20/04/2006,Southern Genetics Co-Op,Semen straws + AI technician service,750.64,157.63,908.27,20/05/2006,EUR,,invoice,,IE2815241Q,D00529
LV06-0009,23/04/2006,Lisheen Veterinary Clinic,Mastitis treatments,308.30,64.74,373.04,23/05/2006,EUR,,invoice,,IE3593885U,D00505
LD06-0005,24/04/2006,Kilbeg Livestock Mart Ltd,Mart commission and levies on LD-06-3590,110.84,23.28,134.12,24/04/2006,EUR,LD-06-3590,invoice,,IE6958430T,D04418
GF06-0002,26/04/2006,Glenfern Feeds Ltd,Calf starter + milk replacer - 18.5 t,5171.02,0.00,5171.02,26/05/2006,EUR,,invoice,,IE8573822O,D00484
LV06-0002,27/04/2006,Lisheen Veterinary Clinic,Mastitis treatments,304.82,64.01,368.83,27/05/2006,EUR,,invoice,,IE3593885U,D00498
CL-200604,30/04/2006,Slieve Dairy Co-Operative Society Ltd,"Co-op haulage, milk testing, levies Apr 2006",525.19,110.29,635.48,30/04/2006,EUR,deducted from MS-200604,invoice,,IE9462300P,D00010
LD06-0006,01/05/2006,Kilbeg Livestock Mart Ltd,Mart commission and levies on LD-06-2783,105.48,22.15,127.63,01/05/2006,EUR,LD-06-2783,invoice,,IE6958430T,D04420
LAC06-0002,02/05/2006,Lyons Agri Contracting Ltd,Baling + wrapping,1698.49,229.30,1927.79,01/06/2006,EUR,,invoice,,IE9219903D,D00533
MR06-0001,05/05/2006,Munster Rendering Ltd,Fallen animal collection,95.00,19.95,114.95,04/06/2006,EUR,,invoice,,IE4033776E,D04407
LV06-0023,07/05/2006,Lisheen Veterinary Clinic,Calving assistance,616.53,129.47,746.00,06/06/2006,EUR,,invoice,,IE3593885U,D00519
ES06-0005,07/05/2006,ESB Electric Supply,Electricity May 2006 (farm + house meter),685.92,92.60,778.52,06/06/2006,EUR,,invoice,,IE4752023D,D00602
BF06-0002,09/05/2006,Ballyhoura Fuels Ltd,"Marked gas oil, bulk delivery",1970.02,265.95,2235.97,08/06/2006,EUR,,invoice,,IE4197223U,D00540
LD06-0007,09/05/2006,Kilbeg Livestock Mart Ltd,Mart commission and levies on LD-06-6927,113.97,23.93,137.90,09/05/2006,EUR,LD-06-6927,invoice,,IE6958430T,D04422
DT06-0001,10/05/2006,DairyTech Milking Systems Ltd,"Bulk milk tank 8,000L, replacement",14200.00,2982.00,17182.00,09/06/2006,EUR,,invoice,,IE7122550D,D05089
VF06-0005,11/05/2006,Vodafone Ireland,Mobile and broadband,141.12,29.64,170.76,10/06/2006,EUR,,invoice,,IE8398493D,D00603
LAC06-0003,12/05/2006,Lyons Agri Contracting Ltd,Reseeding / ploughing,3815.95,515.15,4331.10,11/06/2006,EUR,,invoice,,IE9219903D,D00534
WS06-0001,15/05/2006,County Council Water Services,"Water charges (metered, farm)",620.00,0.00,620.00,14/06/2006,EUR,,invoice,,IE7854060O,D00621
LD06-0008,17/05/2006,Kilbeg Livestock Mart Ltd,Mart commission and levies on LD-06-1583,114.90,24.13,139.03,17/05/2006,EUR,LD-06-1583,invoice,,IE6958430T,D04424
LAC06-0006,22/05/2006,Lyons Agri Contracting Ltd,Silage harvesting (2nd cut),2747.12,370.86,3117.98,21/06/2006,EUR,,invoice,,IE9219903D,D00538
KA06-0004,27/05/2006,Kilcummin Agri Supplies Ltd,Protected urea bulk spread,4481.10,604.95,5086.05,26/06/2006,EUR,,invoice,,IE2092142W,D00496
CFP06-0015,27/05/2006,Charleville Farm Parts & Tyres Ltd,Parlour liners,336.98,70.77,407.75,26/06/2006,EUR,,invoice,,IE3017449G,D00560
CFP06-0023,27/05/2006,Charleville Farm Parts & Tyres Ltd,Tractor service parts,537.86,112.95,650.81,26/06/2006,EUR,,invoice,,IE3017449G,D00568
CL-200605,31/05/2006,Slieve Dairy Co-Operative Society Ltd,"Co-op haulage, milk testing, levies May 2006",536.41,112.65,649.06,31/05/2006,EUR,deducted from MS-200605,invoice,,IE9462300P,D00012
GF06-0006,02/06/2006,Glenfern Feeds Ltd,Calf starter + milk replacer - 15.1 t,4209.93,0.00,4209.93,02/07/2006,EUR,,invoice,,IE8573822O,D00488
TG06-0001,02/06/2006,Teagasc,Advisory service annual fee,900.00,189.00,1089.00,02/07/2006,EUR,,invoice,,IE7259700V,D00620
ES06-0006,03/06/2006,ESB Electric Supply,Electricity Jun 2006 (farm + house meter),615.14,83.04,698.18,03/07/2006,EUR,,invoice,,IE4752023D,D00604
CFP06-0027,08/06/2006,Charleville Farm Parts & Tyres Ltd,Tractor service parts,256.45,53.85,310.30,08/07/2006,EUR,,invoice,,IE3017449G,D00572
VF06-0006,11/06/2006,Vodafone Ireland,Mobile and broadband,129.59,27.21,156.80,11/07/2006,EUR,,invoice,,IE8398493D,D00605
LV06-0013,18/06/2006,Lisheen Veterinary Clinic,Dry cow therapy / sealers,575.50,120.86,696.36,18/07/2006,EUR,,invoice,,IE3593885U,D00509
SG06-0002,21/06/2006,Southern Genetics Co-Op,Semen straws + AI technician service,510.89,107.29,618.18,21/07/2006,EUR,,invoice,,IE2815241Q,D00526
CFP06-0013,26/06/2006,Charleville Farm Parts & Tyres Ltd,Gate and fencing repairs,380.79,79.97,460.76,26/07/2006,EUR,,invoice,,IE3017449G,D00558
LAC06-0005,27/06/2006,Lyons Agri Contracting Ltd,Reseeding / ploughing,4019.19,542.59,4561.78,27/07/2006,EUR,,invoice,,IE9219903D,D00537
CFP06-0030,28/06/2006,Charleville Farm Parts & Tyres Ltd,Tyres and tubes,538.55,113.10,651.65,28/07/2006,EUR,,invoice,,IE3017449G,D00575
CL-200606,30/06/2006,Slieve Dairy Co-Operative Society Ltd,"Co-op haulage, milk testing, levies Jun 2006",526.42,110.55,636.97,30/06/2006,EUR,deducted from MS-200606,invoice,,IE9462300P,D00014
BF06-0006,05/07/2006,Ballyhoura Fuels Ltd,"Marked gas oil, bulk delivery",1090.24,147.18,1237.42,04/08/2006,EUR,,invoice,,IE4197223U,D00544
CFP06-0020,08/07/2006,Charleville Farm Parts & Tyres Ltd,Tyres and tubes,233.45,49.02,282.47,07/08/2006,EUR,,invoice,,IE3017449G,D00565
ES06-0007,08/07/2006,ESB Electric Supply,Electricity Jul 2006 (farm + house meter),699.10,94.38,793.48,07/08/2006,EUR,,invoice,,IE4752023D,D00606
VF06-0007,11/07/2006,Vodafone Ireland,Mobile and broadband,131.16,27.54,158.70,10/08/2006,EUR,,invoice,,IE8398493D,D00607
SG06-0006,12/07/2006,Southern Genetics Co-Op,Semen straws + AI technician service,797.47,167.47,964.94,11/08/2006,EUR,,invoice,,IE2815241Q,D00530
AW06-0002,13/07/2006,AgriWrap Plastics Ltd,"Silage plastic, bale net, twine",1183.33,248.50,1431.83,12/08/2006,EUR,,invoice,,IE7984856V,D00588
DHS06-0001,15/07/2006,Dairy Hygiene Supplies Ltd,"Parlour detergents, teat dip, filter socks",585.68,122.99,708.67,14/08/2006,EUR,,invoice,,IE1520123Q,D00576
AW06-0001,18/07/2006,AgriWrap Plastics Ltd,"Silage plastic, bale net, twine",729.61,153.22,882.83,17/08/2006,EUR,,invoice,,IE7984856V,D00587
LAC06-0001,20/07/2006,Lyons Agri Contracting Ltd,Slurry spreading (trailing shoe),1707.57,230.52,1938.09,19/08/2006,EUR,,invoice,,IE9219903D,D00532
DHS06-0002,22/07/2006,Dairy Hygiene Supplies Ltd,"Parlour detergents, teat dip, filter socks",449.73,94.44,544.17,21/08/2006,EUR,,invoice,,IE1520123Q,D00577
CFP06-0010,24/07/2006,Charleville Farm Parts & Tyres Ltd,Mower blades,425.15,89.28,514.43,23/08/2006,EUR,,invoice,,IE3017449G,D00555
HF06-0002,26/07/2006,Cork Hoof Care Services,Hoof trimming / footbaths,440.84,92.58,533.42,25/08/2006,EUR,,invoice,,IE1248259R,D00591
CL-200607,31/07/2006,Slieve Dairy Co-Operative Society Ltd,"Co-op haulage, milk testing, levies Jul 2006",479.83,100.76,580.59,31/07/2006,EUR,deducted from MS-200607,invoice,,IE9462300P,D00016
ES06-0008,03/08/2006,ESB Electric Supply,Electricity Aug 2006 (farm + house meter),647.01,87.35,734.36,02/09/2006,EUR,,invoice,,IE4752023D,D00608
VF06-0008,10/08/2006,Vodafone Ireland,Mobile and broadband,135.27,28.41,163.68,09/09/2006,EUR,,invoice,,IE8398493D,D00609
CFP06-0021,14/08/2006,Charleville Farm Parts & Tyres Ltd,Gate and fencing repairs,257.20,54.01,311.21,13/09/2006,EUR,,invoice,,IE3017449G,D00566
AW06-0003,14/08/2006,AgriWrap Plastics Ltd,"Silage plastic, bale net, twine",929.84,195.27,1125.11,13/09/2006,EUR,,invoice,,IE7984856V,D00589
LD06-0010,14/08/2006,Kilbeg Livestock Mart Ltd,Mart commission and levies on LD-06-7930,153.93,32.33,186.26,14/08/2006,EUR,LD-06-7930,invoice,,IE6958430T,D04428
CFP06-0026,19/08/2006,Charleville Farm Parts & Tyres Ltd,Hydraulic hoses,402.13,84.45,486.58,18/09/2006,EUR,,invoice,,IE3017449G,D00571
LV06-0020,20/08/2006,Lisheen Veterinary Clinic,Dry cow therapy / sealers,397.46,83.47,480.93,19/09/2006,EUR,,invoice,,IE3593885U,D00516
CFP06-0029,21/08/2006,Charleville Farm Parts & Tyres Ltd,Tractor service parts,299.12,62.82,361.94,20/09/2006,EUR,,invoice,,IE3017449G,D00574
CFP06-0028,24/08/2006,Charleville Farm Parts & Tyres Ltd,Mower blades,435.86,91.53,527.39,23/09/2006,EUR,,invoice,,IE3017449G,D00573
CFP06-0024,25/08/2006,Charleville Farm Parts & Tyres Ltd,Mower blades,336.22,70.61,406.83,24/09/2006,EUR,,invoice,,IE3017449G,D00569
LV06-0024,26/08/2006,Lisheen Veterinary Clinic,Fertility scanning,532.39,111.80,644.19,25/09/2006,EUR,,invoice,,IE3593885U,D00520
CL-200608,31/08/2006,Slieve Dairy Co-Operative Society Ltd,"Co-op haulage, milk testing, levies Aug 2006",440.23,92.45,532.68,31/08/2006,EUR,deducted from MS-200608,invoice,,IE9462300P,D00018
BF06-0003,02/09/2006,Ballyhoura Fuels Ltd,"Marked gas oil, bulk delivery",824.11,111.25,935.36,02/10/2006,EUR,,invoice,,IE4197223U,D00541
DHS06-0007,02/09/2006,Dairy Hygiene Supplies Ltd,"Parlour detergents, teat dip, filter socks",606.68,127.40,734.08,02/10/2006,EUR,,invoice,,IE1520123Q,D00582
BF06-0001,04/09/2006,Ballyhoura Fuels Ltd,"Marked gas oil, bulk delivery",1974.42,266.55,2240.97,04/10/2006,EUR,,invoice,,IE4197223U,D00539
ES06-0009,06/09/2006,ESB Electric Supply,Electricity Sep 2006 (farm + house meter),639.88,86.38,726.26,06/10/2006,EUR,,invoice,,IE4752023D,D00610
LV06-0026,07/09/2006,Lisheen Veterinary Clinic,Vaccines (BVD/IBR/lepto),694.36,145.82,840.18,07/10/2006,EUR,,invoice,,IE3593885U,D00522
CFP06-0007,10/09/2006,Charleville Farm Parts & Tyres Ltd,Tyres and tubes,331.87,69.69,401.56,10/10/2006,EUR,,invoice,,IE3017449G,D00552
VF06-0009,12/09/2006,Vodafone Ireland,Mobile and broadband,142.66,29.96,172.62,12/10/2006,EUR,,invoice,,IE8398493D,D00611
LD06-0012,21/09/2006,Kilbeg Livestock Mart Ltd,Mart commission and levies on LD-06-9059,187.91,39.46,227.37,21/09/2006,EUR,LD-06-9059,invoice,,IE6958430T,D04433
LAC06-0004,27/09/2006,Lyons Agri Contracting Ltd,Baling + wrapping,4036.74,544.96,4581.70,27/10/2006,EUR,,invoice,,IE9219903D,D00536
CL-200609,30/09/2006,Slieve Dairy Co-Operative Society Ltd,"Co-op haulage, milk testing, levies Sep 2006",356.17,74.80,430.97,30/09/2006,EUR,deducted from MS-200609,invoice,,IE9462300P,D00020
DHS06-0006,03/10/2006,Dairy Hygiene Supplies Ltd,"Parlour detergents, teat dip, filter socks",298.09,62.60,360.69,02/11/2006,EUR,,invoice,,IE1520123Q,D00581
HF06-0004,04/10/2006,Cork Hoof Care Services,Hoof trimming / footbaths,527.63,110.80,638.43,03/11/2006,EUR,,invoice,,IE1248259R,D00593
CFP06-0011,05/10/2006,Charleville Farm Parts & Tyres Ltd,Parlour liners,445.99,93.66,539.65,04/11/2006,EUR,,invoice,,IE3017449G,D00556
CFP06-0012,05/10/2006,Charleville Farm Parts & Tyres Ltd,Parlour liners,432.22,90.77,522.99,04/11/2006,EUR,,invoice,,IE3017449G,D00557
OB06-0001,06/10/2006,O'Brien Plant Hire Ltd,Baling + wrapping,2550.21,344.28,2894.49,05/11/2006,EUR,,invoice,,IE9729960P,D00535
HF06-0001,06/10/2006,Cork Hoof Care Services,Hoof trimming / footbaths,1049.20,220.33,1269.53,05/11/2006,EUR,,invoice,,IE1248259R,D00590
ES06-0010,09/10/2006,ESB Electric Supply,Electricity Oct 2006 (farm + house meter),636.02,85.86,721.88,08/11/2006,EUR,,invoice,,IE4752023D,D00612
VF06-0010,12/10/2006,Vodafone Ireland,Mobile and broadband,126.89,26.65,153.54,11/11/2006,EUR,,invoice,,IE8398493D,D00613
LD06-0011,16/10/2006,Kilbeg Livestock Mart Ltd,Mart commission and levies on LD-06-6790,157.21,33.01,190.22,16/10/2006,EUR,LD-06-6790,invoice,,IE6958430T,D04430
CFP06-0003,17/10/2006,Charleville Farm Parts & Tyres Ltd,Tyres and tubes,222.50,46.72,269.22,16/11/2006,EUR,,invoice,,IE3017449G,D00548
CFP06-0022,19/10/2006,Charleville Farm Parts & Tyres Ltd,Tyres and tubes,221.16,46.44,267.60,18/11/2006,EUR,,invoice,,IE3017449G,D00567
CL-200610,31/10/2006,Slieve Dairy Co-Operative Society Ltd,"Co-op haulage, milk testing, levies Oct 2006",254.50,53.44,307.94,31/10/2006,EUR,deducted from MS-200610,invoice,,IE9462300P,D00022
MR06-0002,01/11/2006,Munster Rendering Ltd,Fallen animal collection,160.00,33.60,193.60,01/12/2006,EUR,,invoice,,IE4033776E,D04408
CFP06-0009,02/11/2006,Charleville Farm Parts & Tyres Ltd,Tyres and tubes,271.57,57.03,328.60,02/12/2006,EUR,,invoice,,IE3017449G,D00554
DHS06-0009,02/11/2006,Dairy Hygiene Supplies Ltd,"Parlour detergents, teat dip, filter socks",264.39,55.52,319.91,02/12/2006,EUR,,invoice,,IE1520123Q,D00584
LD06-0009,03/11/2006,Kilbeg Livestock Mart Ltd,Mart commission and levies on LD-06-5225,150.48,31.60,182.08,03/11/2006,EUR,LD-06-5225,invoice,,IE6958430T,D04426
LV06-0007,06/11/2006,Lisheen Veterinary Clinic,Herd health visit + drugs,683.00,143.43,826.43,06/12/2006,EUR,,invoice,,IE3593885U,D00503
ES06-0011,06/11/2006,ESB Electric Supply,Electricity Nov 2006 (farm + house meter),650.29,87.79,738.08,06/12/2006,EUR,,invoice,,IE4752023D,D00614
CFP06-0025,08/11/2006,Charleville Farm Parts & Tyres Ltd,Tyres and tubes,546.99,114.87,661.86,08/12/2006,EUR,,invoice,,IE3017449G,D00570
VF06-0011,10/11/2006,Vodafone Ireland,Mobile and broadband,142.08,29.84,171.92,10/12/2006,EUR,,invoice,,IE8398493D,D00615
LV06-0005,11/11/2006,Lisheen Veterinary Clinic,Fertility scanning,389.41,81.78,471.19,11/12/2006,EUR,,invoice,,IE3593885U,D00501
DOC06-0001,20/11/2006,"T. Buckley (landlord, conacre)",Conacre rent 2006: 45 acres @ 240/acre,10800.00,0.00,10800.00,20/12/2006,EUR,,rent_receipt,,,D00622
HF06-0003,21/11/2006,Cork Hoof Care Services,Hoof trimming / footbaths,1005.13,211.08,1216.21,21/12/2006,EUR,,invoice,,IE1248259R,D00592
LV06-0018,27/11/2006,Lisheen Veterinary Clinic,Mastitis treatments,341.65,71.75,413.40,27/12/2006,EUR,,invoice,,IE3593885U,D00514
GF06-0004,28/11/2006,Glenfern Feeds Ltd,Dairy ration 18% nuts - 12.6 t,3505.47,0.00,3505.47,28/12/2006,EUR,,invoice,,IE8573822O,D00486
CL-200611,30/11/2006,Slieve Dairy Co-Operative Society Ltd,"Co-op haulage, milk testing, levies Nov 2006",163.69,34.37,198.06,30/11/2006,EUR,deducted from MS-200611,invoice,,IE9462300P,D00024
GF06-0003,02/12/2006,Glenfern Feeds Ltd,Dairy ration 16% bulk - 14.2 t,3971.32,0.00,3971.32,01/01/2007,EUR,,invoice,,IE8573822O,D00485
LV06-0028,03/12/2006,Lisheen Veterinary Clinic,Fertility scanning,663.60,139.36,802.96,02/01/2007,EUR,,invoice,,IE3593885U,D00524
ES06-0012,07/12/2006,ESB Electric Supply,Electricity Dec 2006 (farm + house meter),654.58,88.37,742.95,06/01/2007,EUR,,invoice,,IE4752023D,D00616
VF06-0012,10/12/2006,Vodafone Ireland,Mobile and broadband,140.78,29.56,170.34,09/01/2007,EUR,,invoice,,IE8398493D,D00617
CFP06-0001,11/12/2006,Charleville Farm Parts & Tyres Ltd,Parlour liners,444.77,93.40,538.17,10/01/2007,EUR,,invoice,,IE3017449G,D00546
LV06-0017,12/12/2006,Lisheen Veterinary Clinic,Fertility scanning,567.66,119.21,686.87,11/01/2007,EUR,,invoice,,IE3593885U,D00513
LV06-0001,22/12/2006,Lisheen Veterinary Clinic,Fertility scanning,633.72,133.08,766.80,21/01/2007,EUR,,invoice,,IE3593885U,D00497
CFP06-0006,22/12/2006,Charleville Farm Parts & Tyres Ltd,Tyres and tubes,451.21,94.75,545.96,21/01/2007,EUR,,invoice,,IE3017449G,D00551
CL-200612,31/12/2006,Slieve Dairy Co-Operative Society Ltd,"Co-op haulage, milk testing, levies Dec 2006",101.47,21.31,122.78,31/12/2006,EUR,deducted from MS-200612,invoice,,IE9462300P,D00026
LV07-0029,02/01/2007,Lisheen Veterinary Clinic,Calving assistance,601.99,126.42,728.41,01/02/2007,EUR,,invoice,,IE3593885U,D00666
ES07-0001,04/01/2007,ESB Electric Supply,Electricity Jan 2007 (farm + house meter),849.73,114.71,964.44,03/02/2007,EUR,,invoice,,IE4752023D,D00740
LV07-0001,06/01/2007,Lisheen Veterinary Clinic,Vaccines (BVD/IBR/lepto),321.91,67.60,389.51,05/02/2007,EUR,,invoice,,IE3593885U,D00638
DHS07-0004,06/01/2007,Dairy Hygiene Supplies Ltd,"Parlour detergents, teat dip, filter socks",581.42,122.10,703.52,05/02/2007,EUR,,invoice,,IE1520123Q,D00723
LV07-0016,10/01/2007,Lisheen Veterinary Clinic,Dry cow therapy / sealers,631.97,132.71,764.68,09/02/2007,EUR,,invoice,,IE3593885U,D00653
VF07-0001,11/01/2007,Vodafone Ireland,Mobile and broadband,141.87,29.79,171.66,10/02/2007,EUR,,invoice,,IE8398493D,D00741
GF07-0006,14/01/2007,Glenfern Feeds Ltd,Mineral supplement - 10.6 t,3387.56,0.00,3387.56,13/02/2007,EUR,,invoice,,IE8573822O,D00631
GF07-0004,18/01/2007,Glenfern Feeds Ltd,Calf starter + milk replacer - 16.1 t,5174.00,0.00,5174.00,17/02/2007,EUR,,invoice,,IE8573822O,D00628
CFP07-0022,19/01/2007,Charleville Farm Parts & Tyres Ltd,Tyres and tubes,448.99,94.29,543.28,18/02/2007,EUR,,invoice,,IE3017449G,D00710
LV07-0026,23/01/2007,Lisheen Veterinary Clinic,Calving assistance,538.98,113.19,652.17,22/02/2007,EUR,,invoice,,IE3593885U,D00663
CS07-0001,25/01/2007,Slieve Dairy Co-Op Farm Stores,Maize meal / soya hulls blend - 13.9 t,4461.00,0.00,4461.00,24/02/2007,EUR,netted off milk payment,invoice,,IE8007456W,D00624
CFP07-0001,25/01/2007,Charleville Farm Parts & Tyres Ltd,Gate and fencing repairs,572.44,120.21,692.65,24/02/2007,EUR,,invoice,,IE3017449G,D00689
CFP07-0005,26/01/2007,Charleville Farm Parts & Tyres Ltd,Hydraulic hoses,383.44,80.52,463.96,25/02/2007,EUR,,invoice,,IE3017449G,D00693
CL-200701,31/01/2007,Slieve Dairy Co-Operative Society Ltd,"Co-op haulage, milk testing, levies Jan 2007",135.87,28.53,164.40,31/01/2007,EUR,deducted from MS-200701,invoice,,IE9462300P,D00028
CFP07-0025,03/02/2007,Charleville Farm Parts & Tyres Ltd,Tyres and tubes,367.86,77.25,445.11,05/03/2007,EUR,,invoice,,IE3017449G,D00713
ES07-0002,04/02/2007,ESB Electric Supply,Electricity Feb 2007 (farm + house meter),735.96,99.35,835.31,06/03/2007,EUR,,invoice,,IE4752023D,D00742
CFP07-0008,05/02/2007,Charleville Farm Parts & Tyres Ltd,Mower blades,498.52,104.69,603.21,07/03/2007,EUR,,invoice,,IE3017449G,D00696
VF07-0002,11/02/2007,Vodafone Ireland,Mobile and broadband,137.96,28.97,166.93,13/03/2007,EUR,,invoice,,IE8398493D,D00743
LV07-0003,12/02/2007,Lisheen Veterinary Clinic,Vaccines (BVD/IBR/lepto),663.87,139.41,803.28,14/03/2007,EUR,,invoice,,IE3593885U,D00640
MFI07-0001,13/02/2007,Munster Farm Insurance Ltd,"Farm policy renewal (buildings, liability, machinery, employer liability)",7473.28,0.00,7473.28,15/03/2007,EUR,,invoice,,,D00764
LV07-0019,15/02/2007,Lisheen Veterinary Clinic,Dry cow therapy / sealers,755.67,158.69,914.36,17/03/2007,EUR,,invoice,,IE3593885U,D00656
CFP07-0027,17/02/2007,Charleville Farm Parts & Tyres Ltd,Hydraulic hoses,301.48,63.31,364.79,19/03/2007,EUR,,invoice,,IE3017449G,D00715
CFP07-0026,18/02/2007,Charleville Farm Parts & Tyres Ltd,Tyres and tubes,334.65,70.28,404.93,20/03/2007,EUR,,invoice,,IE3017449G,D00714
KA07-0003,21/02/2007,Kilcummin Agri Supplies Ltd,18-6-12 compound bulk spread,7128.47,962.34,8090.81,23/03/2007,EUR,,invoice,,IE2092142W,D00637
LAC07-0002,26/02/2007,Lyons Agri Contracting Ltd,Silage harvesting (2nd cut),1748.88,236.10,1984.98,28/03/2007,EUR,,invoice,,IE9219903D,D00675
CL-200702,28/02/2007,Slieve Dairy Co-Operative Society Ltd,"Co-op haulage, milk testing, levies Feb 2007",250.97,52.70,303.67,28/02/2007,EUR,deducted from MS-200702,invoice,,IE9462300P,D00030
LV07-0023,03/03/2007,Lisheen Veterinary Clinic,Fertility scanning,484.34,101.71,586.05,02/04/2007,EUR,,invoice,,IE3593885U,D00660
DHS07-0003,05/03/2007,Dairy Hygiene Supplies Ltd,"Parlour detergents, teat dip, filter socks",256.24,53.81,310.05,04/04/2007,EUR,,invoice,,IE1520123Q,D00722
SG07-0002,06/03/2007,Southern Genetics Co-Op,Semen straws + AI technician service,567.59,119.19,686.78,05/04/2007,EUR,,invoice,,IE2815241Q,D00668
HC07-0001,06/03/2007,Hegarty & Co Farm Accountants,"Accounts, tax returns and payroll year 2006",2870.40,602.78,3473.18,05/04/2007,EUR,,invoice,,IE6025428V,D00765
ES07-0003,07/03/2007,ESB Electric Supply,Electricity Mar 2007 (farm + house meter),708.59,95.66,804.25,06/04/2007,EUR,,invoice,,IE4752023D,D00744
CFP07-0007,11/03/2007,Charleville Farm Parts & Tyres Ltd,Hydraulic hoses,447.76,94.03,541.79,10/04/2007,EUR,,invoice,,IE3017449G,D00695
DHS07-0010,11/03/2007,Dairy Hygiene Supplies Ltd,"Parlour detergents, teat dip, filter socks",331.58,69.63,401.21,10/04/2007,EUR,,invoice,,IE1520123Q,D00729
VF07-0003,12/03/2007,Vodafone Ireland,Mobile and broadband,132.52,27.83,160.35,11/04/2007,EUR,,invoice,,IE8398493D,D00745
LD07-0001,12/03/2007,Kilbeg Livestock Mart Ltd,Mart commission and levies on LD-07-3577,190.67,40.04,230.71,12/03/2007,EUR,LD-07-3577,invoice,,IE6958430T,D04437
GF07-0002,13/03/2007,Glenfern Feeds Ltd,Maize meal / soya hulls blend - 12.9 t,4126.07,0.00,4126.07,12/04/2007,EUR,,invoice,,IE8573822O,D00626
LV07-0002,16/03/2007,Lisheen Veterinary Clinic,Calving assistance,456.68,95.90,552.58,15/04/2007,EUR,,invoice,,IE3593885U,D00639
CFP07-0020,20/03/2007,Charleville Farm Parts & Tyres Ltd,Hydraulic hoses,266.87,56.04,322.91,19/04/2007,EUR,,invoice,,IE3017449G,D00708
CB07-0001,20/03/2007,Corcaigh Building Contractors Ltd,"Cubicle shed extension, 100 cubicles, labour and materials",118000.00,15930.00,133930.00,19/04/2007,EUR,,invoice,,IE7080305N,D05090
BF07-0005,21/03/2007,Ballyhoura Fuels Ltd,"Marked gas oil, bulk delivery",1270.35,171.50,1441.85,20/04/2007,EUR,,invoice,,IE4197223U,D00686
LV07-0027,22/03/2007,Lisheen Veterinary Clinic,Herd health visit + drugs,341.34,71.68,413.02,21/04/2007,EUR,,invoice,,IE3593885U,D00664
CFP07-0004,22/03/2007,Charleville Farm Parts & Tyres Ltd,Welding rods / steel,273.70,57.48,331.18,21/04/2007,EUR,,invoice,,IE3017449G,D00692
LV07-0021,25/03/2007,Lisheen Veterinary Clinic,Dry cow therapy / sealers,776.25,163.01,939.26,24/04/2007,EUR,,invoice,,IE3593885U,D00658
CFP07-0016,26/03/2007,Charleville Farm Parts & Tyres Ltd,Gate and fencing repairs,558.25,117.23,675.48,25/04/2007,EUR,,invoice,,IE3017449G,D00704
LD07-0002,27/03/2007,Kilbeg Livestock Mart Ltd,Mart commission and levies on LD-07-9247,175.04,36.76,211.80,27/03/2007,EUR,LD-07-9247,invoice,,IE6958430T,D04439
CL-200703,31/03/2007,Slieve Dairy Co-Operative Society Ltd,"Co-op haulage, milk testing, levies Mar 2007",425.69,89.39,515.08,31/03/2007,EUR,deducted from MS-200703,invoice,,IE9462300P,D00032
MSF07-0001,02/04/2007,Murphy Steel Fabrication Ltd,"Steel fabrication: gates, feed barrier, cubicle divisions",22000.00,4620.00,26620.00,02/05/2007,EUR,,invoice,,IE6565970F,D05091
LAC07-0004,03/04/2007,Lyons Agri Contracting Ltd,Slurry spreading (trailing shoe),1886.78,254.72,2141.50,03/05/2007,EUR,,invoice,,IE9219903D,D00679
ES07-0004,03/04/2007,ESB Electric Supply,Electricity Apr 2007 (farm + house meter),743.40,100.36,843.76,03/05/2007,EUR,,invoice,,IE4752023D,D00746
SG07-0003,05/04/2007,Southern Genetics Co-Op,Semen straws + AI technician service,669.21,140.53,809.74,05/05/2007,EUR,,invoice,,IE2815241Q,D00669
SG07-0007,06/04/2007,Southern Genetics Co-Op,Semen straws + AI technician service,376.37,79.04,455.41,06/05/2007,EUR,,invoice,,IE2815241Q,D00673
LV07-0028,07/04/2007,Lisheen Veterinary Clinic,Herd health visit + drugs,555.79,116.72,672.51,07/05/2007,EUR,,invoice,,IE3593885U,D00665
LV07-0022,09/04/2007,Lisheen Veterinary Clinic,Dry cow therapy / sealers,404.46,84.94,489.40,09/05/2007,EUR,,invoice,,IE3593885U,D00659
LV07-0010,10/04/2007,Lisheen Veterinary Clinic,Herd health visit + drugs,756.27,158.82,915.09,10/05/2007,EUR,,invoice,,IE3593885U,D00647
LV07-0006,11/04/2007,Lisheen Veterinary Clinic,Dry cow therapy / sealers,449.20,94.33,543.53,11/05/2007,EUR,,invoice,,IE3593885U,D00643
VF07-0004,11/04/2007,Vodafone Ireland,Mobile and broadband,123.77,25.99,149.76,11/05/2007,EUR,,invoice,,IE8398493D,D00747
LD07-0003,12/04/2007,Kilbeg Livestock Mart Ltd,Mart commission and levies on LD-07-1517,185.69,38.99,224.68,12/04/2007,EUR,LD-07-1517,invoice,,IE6958430T,D04441
SG07-0006,13/04/2007,Southern Genetics Co-Op,Semen straws + AI technician service,667.80,140.24,808.04,13/05/2007,EUR,,invoice,,IE2815241Q,D00672
CFP07-0015,17/04/2007,Charleville Farm Parts & Tyres Ltd,Hydraulic hoses,556.46,116.86,673.32,17/05/2007,EUR,,invoice,,IE3017449G,D00703
CFP07-0028,18/04/2007,Charleville Farm Parts & Tyres Ltd,Gate and fencing repairs,449.75,94.45,544.20,18/05/2007,EUR,,invoice,,IE3017449G,D00716
CFP07-0021,21/04/2007,Charleville Farm Parts & Tyres Ltd,Parlour liners,453.32,95.20,548.52,21/05/2007,EUR,,invoice,,IE3017449G,D00709
LV07-0014,22/04/2007,Lisheen Veterinary Clinic,Herd health visit + drugs,690.98,145.11,836.09,22/05/2007,EUR,,invoice,,IE3593885U,D00651
LD07-0004,27/04/2007,Kilbeg Livestock Mart Ltd,Mart commission and levies on LD-07-5892,184.28,38.70,222.98,27/04/2007,EUR,LD-07-5892,invoice,,IE6958430T,D04443
CL-200704,30/04/2007,Slieve Dairy Co-Operative Society Ltd,"Co-op haulage, milk testing, levies Apr 2007",554.81,116.51,671.32,30/04/2007,EUR,deducted from MS-200704,invoice,,IE9462300P,D00034
LV07-0015,02/05/2007,Lisheen Veterinary Clinic,Calving assistance,617.35,129.64,746.99,01/06/2007,EUR,,invoice,,IE3593885U,D00652
ES07-0005,05/05/2007,ESB Electric Supply,Electricity May 2007 (farm + house meter),802.21,108.30,910.51,04/06/2007,EUR,,invoice,,IE4752023D,D00748
WS07-0001,08/05/2007,County Council Water Services,"Water charges (metered, farm)",644.80,0.00,644.80,07/06/2007,EUR,,invoice,,IE7854060O,D00767
SG07-0001,10/05/2007,Southern Genetics Co-Op,Semen straws + AI technician service,898.81,188.75,1087.56,09/06/2007,EUR,,invoice,,IE2815241Q,D00667
GF07-0001,11/05/2007,Glenfern Feeds Ltd,Dairy ration 18% nuts - 15.5 t,4962.56,0.00,4962.56,10/06/2007,EUR,,invoice,,IE8573822O,D00623
VF07-0005,12/05/2007,Vodafone Ireland,Mobile and broadband,125.67,26.39,152.06,11/06/2007,EUR,,invoice,,IE8398493D,D00749
SG07-0004,13/05/2007,Southern Genetics Co-Op,Semen straws + AI technician service,831.41,174.60,1006.01,12/06/2007,EUR,,invoice,,IE2815241Q,D00670
LD07-0005,15/05/2007,Kilbeg Livestock Mart Ltd,Mart commission and levies on LD-07-6088,180.39,37.88,218.27,15/05/2007,EUR,LD-07-6088,invoice,,IE6958430T,D04445
CFP07-0011,16/05/2007,Charleville Farm Parts & Tyres Ltd,Tractor service parts,447.25,93.92,541.17,15/06/2007,EUR,,invoice,,IE3017449G,D00699
MR07-0001,19/05/2007,Munster Rendering Ltd,Fallen animal collection,166.40,34.94,201.34,18/06/2007,EUR,,invoice,,IE4033776E,D04434
CFP07-0002,24/05/2007,Charleville Farm Parts & Tyres Ltd,Welding rods / steel,380.88,79.98,460.86,23/06/2007,EUR,,invoice,,IE3017449G,D00690
LV07-0005,25/05/2007,Lisheen Veterinary Clinic,Vaccines (BVD/IBR/lepto),605.95,127.25,733.20,24/06/2007,EUR,,invoice,,IE3593885U,D00642
KA07-0002,28/05/2007,Kilcummin Agri Supplies Ltd,Protected urea bulk spread,8269.48,1116.38,9385.86,27/06/2007,EUR,,invoice,,IE2092142W,D00636
CL-200705,31/05/2007,Slieve Dairy Co-Operative Society Ltd,"Co-op haulage, milk testing, levies May 2007",566.93,119.06,685.99,31/05/2007,EUR,deducted from MS-200705,invoice,,IE9462300P,D00036
DHS07-0007,03/06/2007,Dairy Hygiene Supplies Ltd,"Parlour detergents, teat dip, filter socks",486.03,102.07,588.10,03/07/2007,EUR,,invoice,,IE1520123Q,D00726
ES07-0006,06/06/2007,ESB Electric Supply,Electricity Jun 2007 (farm + house meter),692.02,93.42,785.44,06/07/2007,EUR,,invoice,,IE4752023D,D00750
LAC07-0003,07/06/2007,Lyons Agri Contracting Ltd,Silage harvesting (1st cut),2096.40,283.01,2379.41,07/07/2007,EUR,,invoice,,IE9219903D,D00676
CFP07-0003,08/06/2007,Charleville Farm Parts & Tyres Ltd,Gate and fencing repairs,302.77,63.58,366.35,08/07/2007,EUR,,invoice,,IE3017449G,D00691
TG07-0001,10/06/2007,Teagasc,Advisory service annual fee,936.00,196.56,1132.56,10/07/2007,EUR,,invoice,,IE7259700V,D00766
VF07-0006,12/06/2007,Vodafone Ireland,Mobile and broadband,137.72,28.92,166.64,12/07/2007,EUR,,invoice,,IE8398493D,D00751
AW07-0001,13/06/2007,AgriWrap Plastics Ltd,"Silage plastic, bale net, twine",1114.17,233.98,1348.15,13/07/2007,EUR,,invoice,,IE7984856V,D00732
LV07-0012,25/06/2007,Lisheen Veterinary Clinic,Dry cow therapy / sealers,391.17,82.15,473.32,25/07/2007,EUR,,invoice,,IE3593885U,D00649
BF07-0006,25/06/2007,Ballyhoura Fuels Ltd,"Marked gas oil, bulk delivery",1183.59,159.78,1343.37,25/07/2007,EUR,,invoice,,IE4197223U,D00687
CFP07-0024,28/06/2007,Charleville Farm Parts & Tyres Ltd,Gate and fencing repairs,261.32,54.88,316.20,28/07/2007,EUR,,invoice,,IE3017449G,D00712
CL-200706,30/06/2007,Slieve Dairy Co-Operative Society Ltd,"Co-op haulage, milk testing, levies Jun 2007",563.64,118.36,682.00,30/06/2007,EUR,deducted from MS-200706,invoice,,IE9462300P,D00038
LV07-0017,02/07/2007,Lisheen Veterinary Clinic,Fertility scanning,412.79,86.69,499.48,01/08/2007,EUR,,invoice,,IE3593885U,D00654
ES07-0007,04/07/2007,ESB Electric Supply,Electricity Jul 2007 (farm + house meter),790.82,106.76,897.58,03/08/2007,EUR,,invoice,,IE4752023D,D00752
CFP07-0017,06/07/2007,Charleville Farm Parts & Tyres Ltd,Welding rods / steel,500.53,105.11,605.64,05/08/2007,EUR,,invoice,,IE3017449G,D00705
DHS07-0002,08/07/2007,Dairy Hygiene Supplies Ltd,"Parlour detergents, teat dip, filter socks",675.91,141.94,817.85,07/08/2007,EUR,,invoice,,IE1520123Q,D00721
SG07-0005,11/07/2007,Southern Genetics Co-Op,Semen straws + AI technician service,494.39,103.82,598.21,10/08/2007,EUR,,invoice,,IE2815241Q,D00671
VF07-0007,12/07/2007,Vodafone Ireland,Mobile and broadband,123.56,25.95,149.51,11/08/2007,EUR,,invoice,,IE8398493D,D00753
LV07-0020,16/07/2007,Lisheen Veterinary Clinic,Dry cow therapy / sealers,386.88,81.24,468.12,15/08/2007,EUR,,invoice,,IE3593885U,D00657
DHS07-0012,17/07/2007,Dairy Hygiene Supplies Ltd,"Parlour detergents, teat dip, filter socks",312.61,65.65,378.26,16/08/2007,EUR,,invoice,,IE1520123Q,D00731
AW07-0003,17/07/2007,AgriWrap Plastics Ltd,"Silage plastic, bale net, twine",543.81,114.20,658.01,16/08/2007,EUR,,invoice,,IE7984856V,D00734
OB07-0003,18/07/2007,O'Brien Plant Hire Ltd,Reseeding / ploughing,1603.10,216.42,1819.52,17/08/2007,EUR,,invoice,,IE9729960P,D00681
AW07-0002,23/07/2007,AgriWrap Plastics Ltd,"Silage plastic, bale net, twine",1201.96,252.41,1454.37,22/08/2007,EUR,,invoice,,IE7984856V,D00733
OB07-0001,25/07/2007,O'Brien Plant Hire Ltd,Slurry spreading (trailing shoe),2174.16,293.51,2467.67,24/08/2007,EUR,,invoice,,IE9729960P,D00677
BF07-0007,27/07/2007,Ballyhoura Fuels Ltd,"Marked gas oil, bulk delivery",1062.05,143.38,1205.43,26/08/2007,EUR,,invoice,,IE4197223U,D00688
CL-200707,31/07/2007,Slieve Dairy Co-Operative Society Ltd,"Co-op haulage, milk testing, levies Jul 2007",513.48,107.83,621.31,31/07/2007,EUR,deducted from MS-200707,invoice,,IE9462300P,D00040
CS07-0003,01/08/2007,Slieve Dairy Co-Op Farm Stores,Maize meal / soya hulls blend - 9.2 t,2964.90,0.00,2964.90,31/08/2007,EUR,netted off milk payment,invoice,,IE8007456W,D00630
ES07-0008,05/08/2007,ESB Electric Supply,Electricity Aug 2007 (farm + house meter),662.74,89.47,752.21,04/09/2007,EUR,,invoice,,IE4752023D,D00754
DHS07-0001,06/08/2007,Dairy Hygiene Supplies Ltd,"Parlour detergents, teat dip, filter socks",259.26,54.44,313.70,05/09/2007,EUR,,invoice,,IE1520123Q,D00720
CFP07-0006,07/08/2007,Charleville Farm Parts & Tyres Ltd,Parlour liners,359.25,75.44,434.69,06/09/2007,EUR,,invoice,,IE3017449G,D00694
LAC07-0005,11/08/2007,Lyons Agri Contracting Ltd,Silage harvesting (1st cut),2331.42,314.74,2646.16,10/09/2007,EUR,,invoice,,IE9219903D,D00680
VF07-0008,11/08/2007,Vodafone Ireland,Mobile and broadband,140.27,29.46,169.73,10/09/2007,EUR,,invoice,,IE8398493D,D00755
CFP07-0018,18/08/2007,Charleville Farm Parts & Tyres Ltd,Gate and fencing repairs,274.28,57.60,331.88,17/09/2007,EUR,,invoice,,IE3017449G,D00706
KA07-0001,20/08/2007,Kilcummin Agri Supplies Ltd,Pasture sward 24-2.5-10 bulk spread,8428.20,1137.81,9566.01,19/09/2007,EUR,,invoice,,IE2092142W,D00635
MR07-0002,23/08/2007,Munster Rendering Ltd,Fallen animal collection,98.80,20.75,119.55,22/09/2007,EUR,,invoice,,IE4033776E,D04435
LV07-0004,28/08/2007,Lisheen Veterinary Clinic,Dry cow therapy / sealers,628.70,132.03,760.73,27/09/2007,EUR,,invoice,,IE3593885U,D00641
CL-200708,31/08/2007,Slieve Dairy Co-Operative Society Ltd,"Co-op haulage, milk testing, levies Aug 2007",452.94,95.12,548.06,31/08/2007,EUR,deducted from MS-200708,invoice,,IE9462300P,D00042
BF07-0004,08/09/2007,Ballyhoura Fuels Ltd,"Marked gas oil, bulk delivery",1357.53,183.27,1540.80,08/10/2007,EUR,,invoice,,IE4197223U,D00685
ES07-0009,09/09/2007,ESB Electric Supply,Electricity Sep 2007 (farm + house meter),727.38,98.20,825.58,09/10/2007,EUR,,invoice,,IE4752023D,D00756
CFP07-0012,11/09/2007,Charleville Farm Parts & Tyres Ltd,Parlour liners,357.02,74.97,431.99,11/10/2007,EUR,,invoice,,IE3017449G,D00700
VF07-0009,12/09/2007,Vodafone Ireland,Mobile and broadband,137.41,28.86,166.27,12/10/2007,EUR,,invoice,,IE8398493D,D00757
OB07-0002,14/09/2007,O'Brien Plant Hire Ltd,Silage harvesting (1st cut),1947.35,262.89,2210.24,14/10/2007,EUR,,invoice,,IE9729960P,D00678
LV07-0008,18/09/2007,Lisheen Veterinary Clinic,Herd health visit + drugs,688.75,144.64,833.39,18/10/2007,EUR,,invoice,,IE3593885U,D00645
LAC07-0001,18/09/2007,Lyons Agri Contracting Ltd,Hedge cutting,3601.23,486.17,4087.40,18/10/2007,EUR,,invoice,,IE9219903D,D00674
CS07-0005,19/09/2007,Slieve Dairy Co-Op Farm Stores,Dairy ration 18% nuts - 9.0 t,2872.26,0.00,2872.26,19/10/2007,EUR,netted off milk payment,invoice,,IE8007456W,D00633
BF07-0002,20/09/2007,Ballyhoura Fuels Ltd,"Marked gas oil, bulk delivery",1955.32,263.97,2219.29,20/10/2007,EUR,,invoice,,IE4197223U,D00683
CFP07-0019,24/09/2007,Charleville Farm Parts & Tyres Ltd,Gate and fencing repairs,474.03,99.55,573.58,24/10/2007,EUR,,invoice,,IE3017449G,D00707
LV07-0007,26/09/2007,Lisheen Veterinary Clinic,Calving assistance,416.38,87.44,503.82,26/10/2007,EUR,,invoice,,IE3593885U,D00644
CS07-0006,27/09/2007,Slieve Dairy Co-Op Farm Stores,18-6-12 compound bulk spread,7431.34,1003.23,8434.57,27/10/2007,EUR,netted off milk payment,invoice,,IE8007456W,D00634
CL-200709,30/09/2007,Slieve Dairy Co-Operative Society Ltd,"Co-op haulage, milk testing, levies Sep 2007",377.67,79.31,456.98,30/09/2007,EUR,deducted from MS-200709,invoice,,IE9462300P,D00044
HF07-0001,02/10/2007,Cork Hoof Care Services,Hoof trimming / footbaths,786.92,165.25,952.17,01/11/2007,EUR,,invoice,,IE1248259R,D00735
ES07-0010,04/10/2007,ESB Electric Supply,Electricity Oct 2007 (farm + house meter),720.68,97.29,817.97,03/11/2007,EUR,,invoice,,IE4752023D,D00758
CS07-0002,06/10/2007,Slieve Dairy Co-Op Farm Stores,Dairy ration 16% bulk - 8.8 t,2814.28,0.00,2814.28,05/11/2007,EUR,netted off milk payment,invoice,,IE8007456W,D00625
CFP07-0009,06/10/2007,Charleville Farm Parts & Tyres Ltd,Mower blades,525.35,110.32,635.67,05/11/2007,EUR,,invoice,,IE3017449G,D00697
HF07-0003,06/10/2007,Cork Hoof Care Services,Hoof trimming / footbaths,697.17,146.41,843.58,05/11/2007,EUR,,invoice,,IE1248259R,D00737
VF07-0010,10/10/2007,Vodafone Ireland,Mobile and broadband,127.12,26.70,153.82,09/11/2007,EUR,,invoice,,IE8398493D,D00759
LV07-0009,13/10/2007,Lisheen Veterinary Clinic,Herd health visit + drugs,507.30,106.53,613.83,12/11/2007,EUR,,invoice,,IE3593885U,D00646
LV07-0011,13/10/2007,Lisheen Veterinary Clinic,Calving assistance,763.01,160.23,923.24,12/11/2007,EUR,,invoice,,IE3593885U,D00648
LV07-0018,19/10/2007,Lisheen Veterinary Clinic,Calving assistance,407.83,85.64,493.47,18/11/2007,EUR,,invoice,,IE3593885U,D00655
HF07-0002,21/10/2007,Cork Hoof Care Services,Hoof trimming / footbaths,605.72,127.20,732.92,20/11/2007,EUR,,invoice,,IE1248259R,D00736
CL-200710,31/10/2007,Slieve Dairy Co-Operative Society Ltd,"Co-op haulage, milk testing, levies Oct 2007",263.84,55.41,319.25,31/10/2007,EUR,deducted from MS-200710,invoice,,IE9462300P,D00046
DHS07-0006,05/11/2007,Dairy Hygiene Supplies Ltd,"Parlour detergents, teat dip, filter socks",411.60,86.44,498.04,05/12/2007,EUR,,invoice,,IE1520123Q,D00725
LD07-0006,05/11/2007,Kilbeg Livestock Mart Ltd,Mart commission and levies on LD-07-4585,294.49,61.84,356.33,05/11/2007,EUR,LD-07-4585,invoice,,IE6958430T,D04448
LV07-0024,08/11/2007,Lisheen Veterinary Clinic,Calving assistance,365.65,76.79,442.44,08/12/2007,EUR,,invoice,,IE3593885U,D00661
ES07-0011,08/11/2007,ESB Electric Supply,Electricity Nov 2007 (farm + house meter),658.74,88.93,747.67,08/12/2007,EUR,,invoice,,IE4752023D,D00760
LV07-0013,11/11/2007,Lisheen Veterinary Clinic,Herd health visit + drugs,559.21,117.43,676.64,11/12/2007,EUR,,invoice,,IE3593885U,D00650
BF07-0001,11/11/2007,Ballyhoura Fuels Ltd,"Marked gas oil, bulk delivery",1964.35,265.19,2229.54,11/12/2007,EUR,,invoice,,IE4197223U,D00682
CFP07-0029,11/11/2007,Charleville Farm Parts & Tyres Ltd,Tyres and tubes,445.71,93.60,539.31,11/12/2007,EUR,,invoice,,IE3017449G,D00717
VF07-0011,12/11/2007,Vodafone Ireland,Mobile and broadband,140.00,29.40,169.40,12/12/2007,EUR,,invoice,,IE8398493D,D00761
CFP07-0014,14/11/2007,Charleville Farm Parts & Tyres Ltd,Parlour liners,293.20,61.57,354.77,14/12/2007,EUR,,invoice,,IE3017449G,D00702
GF07-0003,16/11/2007,Glenfern Feeds Ltd,Calf starter + milk replacer - 11.8 t,3798.17,0.00,3798.17,16/12/2007,EUR,,invoice,,IE8573822O,D00627
CFP07-0030,18/11/2007,Charleville Farm Parts & Tyres Ltd,Tractor service parts,332.01,69.72,401.73,18/12/2007,EUR,,invoice,,IE3017449G,D00718
DOC07-0001,20/11/2007,"T. Buckley (landlord, conacre)",Conacre rent 2007: 45 acres @ 260/acre,11700.00,0.00,11700.00,20/12/2007,EUR,,rent_receipt,,,D00768
CFP07-0023,22/11/2007,Charleville Farm Parts & Tyres Ltd,Gate and fencing repairs,461.70,96.96,558.66,22/12/2007,EUR,,invoice,,IE3017449G,D00711
CFP07-0010,23/11/2007,Charleville Farm Parts & Tyres Ltd,Mower blades,440.87,92.58,533.45,23/12/2007,EUR,,invoice,,IE3017449G,D00698
CFP07-0031,24/11/2007,Charleville Farm Parts & Tyres Ltd,Mower blades,262.52,55.13,317.65,24/12/2007,EUR,,invoice,,IE3017449G,D00719
DHS07-0008,24/11/2007,Dairy Hygiene Supplies Ltd,"Parlour detergents, teat dip, filter socks",490.74,103.06,593.80,24/12/2007,EUR,,invoice,,IE1520123Q,D00727
HF07-0004,26/11/2007,Cork Hoof Care Services,Hoof trimming / footbaths,471.42,99.00,570.42,26/12/2007,EUR,,invoice,,IE1248259R,D00738
CS07-0004,27/11/2007,Slieve Dairy Co-Op Farm Stores,Dairy ration 16% bulk - 6.5 t,2092.40,0.00,2092.40,27/12/2007,EUR,netted off milk payment,invoice,,IE8007456W,D00632
HF07-0005,27/11/2007,Cork Hoof Care Services,Hoof trimming / footbaths,579.51,121.70,701.21,27/12/2007,EUR,,invoice,,IE1248259R,D00739
CL-200711,30/11/2007,Slieve Dairy Co-Operative Society Ltd,"Co-op haulage, milk testing, levies Nov 2007",168.70,35.43,204.13,30/11/2007,EUR,deducted from MS-200711,invoice,,IE9462300P,D00048
DHS07-0009,04/12/2007,Dairy Hygiene Supplies Ltd,"Parlour detergents, teat dip, filter socks",255.49,53.65,309.14,03/01/2008,EUR,,invoice,,IE1520123Q,D00728
ES07-0012,05/12/2007,ESB Electric Supply,Electricity Dec 2007 (farm + house meter),653.30,88.20,741.50,04/01/2008,EUR,,invoice,,IE4752023D,D00762
VF07-0012,10/12/2007,Vodafone Ireland,Mobile and broadband,129.82,27.26,157.08,09/01/2008,EUR,,invoice,,IE8398493D,D00763
LV07-0025,12/12/2007,Lisheen Veterinary Clinic,Calving assistance,774.20,162.58,936.78,11/01/2008,EUR,,invoice,,IE3593885U,D00662
CFP07-0013,16/12/2007,Charleville Farm Parts & Tyres Ltd,Hydraulic hoses,468.20,98.32,566.52,15/01/2008,EUR,,invoice,,IE3017449G,D00701
GF07-0005,19/12/2007,Glenfern Feeds Ltd,Mineral supplement - 12.0 t,3845.76,0.00,3845.76,18/01/2008,EUR,,invoice,,IE8573822O,D00629
DHS07-0011,25/12/2007,Dairy Hygiene Supplies Ltd,"Parlour detergents, teat dip, filter socks",658.30,138.24,796.54,24/01/2008,EUR,,invoice,,IE1520123Q,D00730
BF07-0003,28/12/2007,Ballyhoura Fuels Ltd,"Marked gas oil, bulk delivery",1266.71,171.01,1437.72,27/01/2008,EUR,,invoice,,IE4197223U,D00684
CL-200712,31/12/2007,Slieve Dairy Co-Operative Society Ltd,"Co-op haulage, milk testing, levies Dec 2007",101.00,21.21,122.21,31/12/2007,EUR,deducted from MS-200712,invoice,,IE9462300P,D00050
LV08-0026,02/01/2008,Lisheen Veterinary Clinic,Herd health visit + drugs,411.24,86.36,497.60,01/02/2008,EUR,,invoice,,IE3593885U,D00815
CFP08-0019,06/01/2008,Charleville Farm Parts & Tyres Ltd,Hydraulic hoses,351.79,73.88,425.67,05/02/2008,EUR,,invoice,,IE3017449G,D00865
ES08-0001,06/01/2008,ESB Electric Supply,Electricity Jan 2008 (farm + house meter),1021.30,137.88,1159.18,05/02/2008,EUR,,invoice,,IE4752023D,D00901
VF08-0001,10/01/2008,Vodafone Ireland,Mobile and broadband,137.39,28.85,166.24,09/02/2008,EUR,,invoice,,IE8398493D,D00902
LV08-0023,12/01/2008,Lisheen Veterinary Clinic,Dry cow therapy / sealers,401.50,84.32,485.82,11/02/2008,EUR,,invoice,,IE3593885U,D00812
CFP08-0005,12/01/2008,Charleville Farm Parts & Tyres Ltd,Welding rods / steel,459.88,96.57,556.45,11/02/2008,EUR,,invoice,,IE3017449G,D00851
HF08-0004,14/01/2008,Cork Hoof Care Services,Hoof trimming / footbaths,791.59,166.23,957.82,13/02/2008,EUR,,invoice,,IE1248259R,D00899
GF08-0002,15/01/2008,Glenfern Feeds Ltd,Mineral supplement - 5.8 t,2269.35,0.00,2269.35,14/02/2008,EUR,,invoice,,IE8573822O,D00770
DHS08-0010,15/01/2008,Dairy Hygiene Supplies Ltd,"Parlour detergents, teat dip, filter socks",644.35,135.31,779.66,14/02/2008,EUR,,invoice,,IE1520123Q,D00889
BF08-0001,16/01/2008,Ballyhoura Fuels Ltd,"Marked gas oil, bulk delivery",1541.53,208.11,1749.64,15/02/2008,EUR,,invoice,,IE4197223U,D00837
LV08-0001,17/01/2008,Lisheen Veterinary Clinic,Dry cow therapy / sealers,464.00,97.44,561.44,16/02/2008,EUR,,invoice,,IE3593885U,D00790
DHS08-0007,17/01/2008,Dairy Hygiene Supplies Ltd,"Parlour detergents, teat dip, filter socks",321.75,67.57,389.32,16/02/2008,EUR,,invoice,,IE1520123Q,D00886
DHS08-0001,18/01/2008,Dairy Hygiene Supplies Ltd,"Parlour detergents, teat dip, filter socks",629.55,132.21,761.76,17/02/2008,EUR,,invoice,,IE1520123Q,D00880
LV08-0018,19/01/2008,Lisheen Veterinary Clinic,Fertility scanning,575.41,120.84,696.25,18/02/2008,EUR,,invoice,,IE3593885U,D00807
HF08-0001,19/01/2008,Cork Hoof Care Services,Hoof trimming / footbaths,916.91,192.55,1109.46,18/02/2008,EUR,,invoice,,IE1248259R,D00896
LV08-0017,21/01/2008,Lisheen Veterinary Clinic,Fertility scanning,518.31,108.85,627.16,20/02/2008,EUR,,invoice,,IE3593885U,D00806
DHS08-0003,26/01/2008,Dairy Hygiene Supplies Ltd,"Parlour detergents, teat dip, filter socks",342.14,71.85,413.99,25/02/2008,EUR,,invoice,,IE1520123Q,D00882
BF08-0009,27/01/2008,Ballyhoura Fuels Ltd,"Marked gas oil, bulk delivery",1609.72,217.31,1827.03,26/02/2008,EUR,,invoice,,IE4197223U,D00845
CL-200801,31/01/2008,Slieve Dairy Co-Operative Society Ltd,"Co-op haulage, milk testing, levies Jan 2008",138.18,29.02,167.20,31/01/2008,EUR,deducted from MS-200801,invoice,,IE9462300P,D00052
ES08-0002,04/02/2008,ESB Electric Supply,Electricity Feb 2008 (farm + house meter),1021.60,137.92,1159.52,05/03/2008,EUR,,invoice,,IE4752023D,D00903
CFP08-0024,06/02/2008,Charleville Farm Parts & Tyres Ltd,Mower blades,320.90,67.39,388.29,07/03/2008,EUR,,invoice,,IE3017449G,D00870
LV08-0031,08/02/2008,Lisheen Veterinary Clinic,Vaccines (BVD/IBR/lepto),748.11,157.10,905.21,09/03/2008,EUR,,invoice,,IE3593885U,D00820
LV08-0029,11/02/2008,Lisheen Veterinary Clinic,Mastitis treatments,650.57,136.62,787.19,12/03/2008,EUR,,invoice,,IE3593885U,D00818
VF08-0002,11/02/2008,Vodafone Ireland,Mobile and broadband,146.30,30.72,177.02,12/03/2008,EUR,,invoice,,IE8398493D,D00904
CFP08-0016,12/02/2008,Charleville Farm Parts & Tyres Ltd,Welding rods / steel,303.29,63.69,366.98,13/03/2008,EUR,,invoice,,IE3017449G,D00862
LV08-0027,14/02/2008,Lisheen Veterinary Clinic,Fertility scanning,418.79,87.95,506.74,15/03/2008,EUR,,invoice,,IE3593885U,D00816
GF08-0005,15/02/2008,Glenfern Feeds Ltd,Dairy ration 18% nuts - 9.6 t,3745.50,0.00,3745.50,16/03/2008,EUR,,invoice,,IE8573822O,D00774
CS08-0002,15/02/2008,Slieve Dairy Co-Op Farm Stores,Dairy ration 18% nuts - 9.3 t,3626.37,0.00,3626.37,16/03/2008,EUR,netted off milk payment,invoice,,IE8007456W,D00775
CFP08-0010,15/02/2008,Charleville Farm Parts & Tyres Ltd,Gate and fencing repairs,402.89,84.61,487.50,16/03/2008,EUR,,invoice,,,D00856
CS08-0003,17/02/2008,Slieve Dairy Co-Op Farm Stores,Mineral supplement - 10.7 t,4190.65,0.00,4190.65,18/03/2008,EUR,netted off milk payment,invoice,,IE8007456W,D00777
MFI08-0001,18/02/2008,Munster Farm Insurance Ltd,"Farm policy renewal (buildings, liability, machinery, employer liability)",7839.84,0.00,7839.84,19/03/2008,EUR,,invoice,,,D00925
CS08-0004,19/02/2008,Slieve Dairy Co-Op Farm Stores,Calf starter + milk replacer - 12.4 t,4857.69,0.00,4857.69,20/03/2008,EUR,netted off milk payment,invoice,,IE8007456W,D00778
LV08-0025,20/02/2008,Lisheen Veterinary Clinic,Mastitis treatments,720.70,151.35,872.05,21/03/2008,EUR,,invoice,,IE3593885U,D00814
CL-200802,29/02/2008,Slieve Dairy Co-Operative Society Ltd,"Co-op haulage, milk testing, levies Feb 2008",269.06,56.50,325.56,29/02/2008,EUR,deducted from MS-200802,invoice,,IE9462300P,D00054
SL-2008,29/02/2008,Slieve Dairy Co-Operative Society Ltd,Milk quota super-levy assessment 2007/08 (over-production),12400.00,0.00,12400.00,29/02/2008,EUR,deducted from MS-200802,invoice,,IE9462300P,D00055
SG08-0007,01/03/2008,Southern Genetics Co-Op,Semen straws + AI technician service,371.50,78.02,449.52,31/03/2008,EUR,,invoice,,IE2815241Q,D00827
ES08-0003,05/03/2008,ESB Electric Supply,Electricity Mar 2008 (farm + house meter),872.43,117.78,990.21,04/04/2008,EUR,,invoice,,IE4752023D,D00905
DHS08-0005,06/03/2008,Dairy Hygiene Supplies Ltd,"Parlour detergents, teat dip, filter socks",294.49,61.84,356.33,05/04/2008,EUR,,invoice,,IE1520123Q,D00884
CN-CS08-0004,07/03/2008,Slieve Dairy Co-Op Farm Stores,Credit note: returned / short delivered goods against CS08-0004,1700.19,0.00,1700.19,20/03/2008,EUR,netted off milk payment,credit_note,,IE8007456W,D05142
LV08-0024,10/03/2008,Lisheen Veterinary Clinic,Herd health visit + drugs,433.49,91.03,524.52,09/04/2008,EUR,,invoice,,IE3593885U,D00813
VF08-0003,10/03/2008,Vodafone Ireland,Mobile and broadband,147.76,31.03,178.79,09/04/2008,EUR,,invoice,,IE8398493D,D00906
LD08-0001,10/03/2008,Kilbeg Livestock Mart Ltd,Mart commission and levies on LD-08-9349,115.99,24.36,140.35,10/03/2008,EUR,LD-08-9349,invoice,,IE6958430T,D04453
CFP08-0012,11/03/2008,Charleville Farm Parts & Tyres Ltd,Gate and fencing repairs,283.85,59.61,343.46,10/04/2008,EUR,,invoice,,IE3017449G,D00858
HC08-0001,11/03/2008,Hegarty & Co Farm Accountants,"Accounts, tax returns and payroll year 2007",2980.80,625.97,3606.77,10/04/2008,EUR,,invoice,,IE6025428V,D00926
GF08-0006,12/03/2008,Glenfern Feeds Ltd,Mineral supplement - 11.7 t,4588.81,0.00,4588.81,11/04/2008,EUR,,invoice,,IE8573822O,D00776
LV08-0021,12/03/2008,Lisheen Veterinary Clinic,Herd health visit + drugs,698.78,146.74,845.52,11/04/2008,EUR,,invoice,,IE3593885U,D00810
CFP08-0017,17/03/2008,Charleville Farm Parts & Tyres Ltd,Welding rods / steel,517.24,108.62,625.86,16/04/2008,EUR,,invoice,,IE3017449G,D00863
LV08-0006,18/03/2008,Lisheen Veterinary Clinic,Calving assistance,585.91,123.04,708.95,17/04/2008,EUR,,invoice,,IE3593885U,D00795
LD08-0002,19/03/2008,Kilbeg Livestock Mart Ltd,Mart commission and levies on LD-08-6936,117.12,24.60,141.72,19/03/2008,EUR,LD-08-6936,invoice,,IE6958430T,D04455
CFP08-0009,21/03/2008,Charleville Farm Parts & Tyres Ltd,Tyres and tubes,524.14,110.07,634.21,20/04/2008,EUR,,invoice,,IE3017449G,D00855
GF08-0008,22/03/2008,Glenfern Feeds Ltd,Dairy ration 18% nuts - 5.4 t,2109.67,0.00,2109.67,21/04/2008,EUR,,invoice,,IE8573822O,D00780
LV08-0003,24/03/2008,Lisheen Veterinary Clinic,Herd health visit + drugs,591.41,124.20,715.61,23/04/2008,EUR,,invoice,,IE3593885U,D00792
LV08-0020,25/03/2008,Lisheen Veterinary Clinic,Herd health visit + drugs,566.38,118.94,685.32,24/04/2008,EUR,,invoice,,IE3593885U,D00809
GF08-0003,26/03/2008,Glenfern Feeds Ltd,Dairy ration 16% bulk - 9.5 t,3695.07,0.00,3695.07,25/04/2008,EUR,,invoice,,IE8573822O,D00771
CL-200803,31/03/2008,Slieve Dairy Co-Operative Society Ltd,"Co-op haulage, milk testing, levies Mar 2008",450.02,94.50,544.52,31/03/2008,EUR,deducted from MS-200803,invoice,,IE9462300P,D00057
LD08-0003,01/04/2008,Kilbeg Livestock Mart Ltd,Mart commission and levies on LD-08-1522,106.20,22.30,128.50,01/04/2008,EUR,LD-08-1522,invoice,,IE6958430T,D04457
LV08-0007,02/04/2008,Lisheen Veterinary Clinic,Mastitis treatments,347.88,73.05,420.93,02/05/2008,EUR,,invoice,,IE3593885U,D00796
DHS08-0013,03/04/2008,Dairy Hygiene Supplies Ltd,"Parlour detergents, teat dip, filter socks",488.49,102.58,591.07,03/05/2008,EUR,,invoice,,IE1520123Q,D00892
ES08-0004,03/04/2008,ESB Electric Supply,Electricity Apr 2008 (farm + house meter),959.25,129.50,1088.75,03/05/2008,EUR,,invoice,,IE4752023D,D00907
KA08-0001,05/04/2008,Kilcummin Agri Supplies Ltd,18-6-12 compound bulk spread,4020.57,542.78,4563.35,05/05/2008,EUR,,invoice,,IE2092142W,D00783
KA08-0004,09/04/2008,Kilcummin Agri Supplies Ltd,Ground limestone bulk spread,6039.18,815.29,6854.47,09/05/2008,EUR,,invoice,,IE2092142W,D00789
CS08-0006,10/04/2008,Slieve Dairy Co-Op Farm Stores,Calf starter + milk replacer - 12.0 t,4677.94,0.00,4677.94,10/05/2008,EUR,netted off milk payment,invoice,,IE8007456W,D00782
VF08-0004,10/04/2008,Vodafone Ireland,Mobile and broadband,138.37,29.06,167.43,10/05/2008,EUR,,invoice,,IE8398493D,D00908
CFP08-0029,12/04/2008,Charleville Farm Parts & Tyres Ltd,Tractor service parts,226.94,47.66,274.60,12/05/2008,EUR,,invoice,,IE3017449G,D00875
LD08-0004,14/04/2008,Kilbeg Livestock Mart Ltd,Mart commission and levies on LD-08-9205,104.19,21.88,126.07,14/04/2008,EUR,LD-08-9205,invoice,,IE6958430T,D04459
LV08-0019,15/04/2008,Lisheen Veterinary Clinic,Fertility scanning,693.76,145.69,839.45,15/05/2008,EUR,,invoice,,IE3593885U,D00808
MT08-0001,15/04/2008,Munster Tractors Ltd,"New 100hp tractor, less trade-in EUR 18,000",64000.00,13440.00,77440.00,15/05/2008,EUR,,invoice,,IE5139076N,D05092
DHS08-0012,16/04/2008,Dairy Hygiene Supplies Ltd,"Parlour detergents, teat dip, filter socks",392.27,82.38,474.65,16/05/2008,EUR,,invoice,,IE1520123Q,D00891
LD08-0005,21/04/2008,Kilbeg Livestock Mart Ltd,Mart commission and levies on LD-08-3516,104.12,21.87,125.99,21/04/2008,EUR,LD-08-3516,invoice,,IE6958430T,D04461
BF08-0003,23/04/2008,Ballyhoura Fuels Ltd,"Marked gas oil, bulk delivery",893.17,120.58,1013.75,23/05/2008,EUR,,invoice,,IE4197223U,D00839
SG08-0006,27/04/2008,Southern Genetics Co-Op,Semen straws + AI technician service,753.68,158.27,911.95,27/05/2008,EUR,,invoice,,IE2815241Q,D00826
CL-200804,30/04/2008,Slieve Dairy Co-Operative Society Ltd,"Co-op haulage, milk testing, levies Apr 2008",588.49,123.58,712.07,30/04/2008,EUR,deducted from MS-200804,invoice,,IE9462300P,D00059
LD08-0006,02/05/2008,Kilbeg Livestock Mart Ltd,Mart commission and levies on LD-08-4728,111.17,23.35,134.52,02/05/2008,EUR,LD-08-4728,invoice,,IE6958430T,D04463
SG08-0008,07/05/2008,Southern Genetics Co-Op,Semen straws + AI technician service,476.64,100.09,576.73,06/06/2008,EUR,,invoice,,IE2815241Q,D00828
LD08-0007,07/05/2008,Kilbeg Livestock Mart Ltd,Mart commission and levies on LD-08-6011,103.86,21.81,125.67,07/05/2008,EUR,LD-08-6011,invoice,,IE6958430T,D04465
ES08-0005,08/05/2008,ESB Electric Supply,Electricity May 2008 (farm + house meter),999.03,134.87,1133.90,07/06/2008,EUR,,invoice,,IE4752023D,D00909
WS08-0001,08/05/2008,County Council Water Services,"Water charges (metered, farm)",669.60,0.00,669.60,07/06/2008,EUR,,invoice,,IE7854060O,D00928
VF08-0005,10/05/2008,Vodafone Ireland,Mobile and broadband,136.24,28.61,164.85,09/06/2008,EUR,,invoice,,IE8398493D,D00910
AW08-0002,12/05/2008,AgriWrap Plastics Ltd,"Silage plastic, bale net, twine",1144.00,240.24,1384.24,11/06/2008,EUR,,invoice,,IE7984856V,D00894
SG08-0001,17/05/2008,Southern Genetics Co-Op,Semen straws + AI technician service,559.55,117.51,677.06,16/06/2008,EUR,,invoice,,IE2815241Q,D00821
LD08-0008,20/05/2008,Kilbeg Livestock Mart Ltd,Mart commission and levies on LD-08-9969,109.67,23.03,132.70,20/05/2008,EUR,LD-08-9969,invoice,,IE6958430T,D04467
CFP08-0014,23/05/2008,Charleville Farm Parts & Tyres Ltd,Parlour liners,236.60,49.69,286.29,22/06/2008,EUR,,invoice,,IE3017449G,D00860
BF08-0005,25/05/2008,Ballyhoura Fuels Ltd,"Marked gas oil, bulk delivery",1949.50,263.18,2212.68,24/06/2008,EUR,,invoice,,IE4197223U,D00841
CFP08-0032,27/05/2008,Charleville Farm Parts & Tyres Ltd,Hydraulic hoses,537.43,112.86,650.29,26/06/2008,EUR,,invoice,,IE3017449G,D00878
CFP08-0018,28/05/2008,Charleville Farm Parts & Tyres Ltd,Welding rods / steel,438.97,92.18,531.15,27/06/2008,EUR,,invoice,,IE3017449G,D00864
CL-200805,31/05/2008,Slieve Dairy Co-Operative Society Ltd,"Co-op haulage, milk testing, levies May 2008",625.35,131.32,756.67,31/05/2008,EUR,deducted from MS-200805,invoice,,IE9462300P,D00061
LV08-0011,01/06/2008,Lisheen Veterinary Clinic,Calving assistance,415.94,87.35,503.29,01/07/2008,EUR,,invoice,,IE3593885U,D00800
SG08-0002,05/06/2008,Southern Genetics Co-Op,Semen straws + AI technician service,444.62,93.37,537.99,05/07/2008,EUR,,invoice,,IE2815241Q,D00822
OB08-0005,05/06/2008,O'Brien Plant Hire Ltd,Slurry spreading (trailing shoe),3907.34,527.49,4434.83,05/07/2008,EUR,,invoice,,IE9729960P,D00834
ES08-0006,06/06/2008,ESB Electric Supply,Electricity Jun 2008 (farm + house meter),991.06,133.79,1124.85,06/07/2008,EUR,,invoice,,IE4752023D,D00911
LV08-0010,08/06/2008,Lisheen Veterinary Clinic,Dry cow therapy / sealers,563.20,118.27,681.47,08/07/2008,EUR,,invoice,,IE3593885U,D00799
LV08-0016,11/06/2008,Lisheen Veterinary Clinic,Fertility scanning,576.96,121.16,698.12,11/07/2008,EUR,,invoice,,IE3593885U,D00805
VF08-0006,12/06/2008,Vodafone Ireland,Mobile and broadband,127.14,26.70,153.84,12/07/2008,EUR,,invoice,,IE8398493D,D00912
TG08-0001,15/06/2008,Teagasc,Advisory service annual fee,972.00,204.12,1176.12,15/07/2008,EUR,,invoice,,IE7259700V,D00927
LV08-0014,16/06/2008,Lisheen Veterinary Clinic,Vaccines (BVD/IBR/lepto),722.80,151.79,874.59,16/07/2008,EUR,,invoice,,IE3593885U,D00803
AW08-0003,22/06/2008,AgriWrap Plastics Ltd,"Silage plastic, bale net, twine",568.86,119.46,688.32,22/07/2008,EUR,,invoice,,IE7984856V,D00895
LV08-0015,23/06/2008,Lisheen Veterinary Clinic,Vaccines (BVD/IBR/lepto),620.93,130.40,751.33,23/07/2008,EUR,,invoice,,IE3593885U,D00804
BF08-0002,23/06/2008,Ballyhoura Fuels Ltd,"Marked gas oil, bulk delivery",2053.31,277.20,2330.51,23/07/2008,EUR,,invoice,,IE4197223U,D00838
BF08-0007,27/06/2008,Ballyhoura Fuels Ltd,"Marked gas oil, bulk delivery",1909.56,257.79,2167.35,27/07/2008,EUR,,invoice,,IE4197223U,D00843
CL-200806,30/06/2008,Slieve Dairy Co-Operative Society Ltd,"Co-op haulage, milk testing, levies Jun 2008",605.99,127.26,733.25,30/06/2008,EUR,deducted from MS-200806,invoice,,IE9462300P,D00063
KA08-0003,01/07/2008,Kilcummin Agri Supplies Ltd,Ground limestone bulk spread,9696.21,1308.99,11005.20,31/07/2008,EUR,,invoice,,IE2092142W,D00787
CFP08-0006,01/07/2008,Charleville Farm Parts & Tyres Ltd,Mower blades,418.61,87.91,506.52,31/07/2008,EUR,,invoice,,IE3017449G,D00852
BF08-0004,02/07/2008,Ballyhoura Fuels Ltd,"Marked gas oil, bulk delivery",2150.96,290.38,2441.34,01/08/2008,EUR,,invoice,,IE4197223U,D00840
CS08-0001,04/07/2008,Slieve Dairy Co-Op Farm Stores,Maize meal / soya hulls blend - 9.8 t,3819.79,0.00,3819.79,03/08/2008,EUR,netted off milk payment,invoice,,IE8007456W,D00773
OB08-0004,05/07/2008,O'Brien Plant Hire Ltd,Slurry spreading (trailing shoe),2006.12,270.83,2276.95,04/08/2008,EUR,,invoice,,IE9729960P,D00833
ES08-0007,09/07/2008,ESB Electric Supply,Electricity Jul 2008 (farm + house meter),784.78,105.95,890.73,08/08/2008,EUR,,invoice,,IE4752023D,D00913
VF08-0007,12/07/2008,Vodafone Ireland,Mobile and broadband,127.18,26.71,153.89,11/08/2008,EUR,,invoice,,IE8398493D,D00914
AW08-0001,14/07/2008,AgriWrap Plastics Ltd,"Silage plastic, bale net, twine",623.34,130.90,754.24,13/08/2008,EUR,,invoice,,IE7984856V,D00893
OB08-0006,15/07/2008,O'Brien Plant Hire Ltd,Hedge cutting,1777.75,240.00,2017.75,14/08/2008,EUR,,invoice,,IE9729960P,D00836
CFP08-0027,15/07/2008,Charleville Farm Parts & Tyres Ltd,Hydraulic hoses,565.31,118.72,684.03,14/08/2008,EUR,,invoice,,IE3017449G,D00873
HF08-0003,15/07/2008,Cork Hoof Care Services,Hoof trimming / footbaths,779.45,163.68,943.13,14/08/2008,EUR,,invoice,,IE1248259R,D00898
SG08-0004,18/07/2008,Southern Genetics Co-Op,Semen straws + AI technician service,467.12,98.10,565.22,17/08/2008,EUR,,invoice,,IE2815241Q,D00824
CFP08-0030,21/07/2008,Charleville Farm Parts & Tyres Ltd,Gate and fencing repairs,436.33,91.63,527.96,20/08/2008,EUR,,invoice,,IE3017449G,D00876
LD08-0012,21/07/2008,Kilbeg Livestock Mart Ltd,Mart commission and levies on LD-08-1564,238.83,50.15,288.98,21/07/2008,EUR,LD-08-1564,invoice,,IE6958430T,D04475
KA08-0002,27/07/2008,Kilcummin Agri Supplies Ltd,18-6-12 compound bulk spread,7123.77,961.71,8085.48,26/08/2008,EUR,,invoice,,IE2092142W,D00784
LV08-0008,27/07/2008,Lisheen Veterinary Clinic,Vaccines (BVD/IBR/lepto),772.43,162.21,934.64,26/08/2008,EUR,,invoice,,IE3593885U,D00797
CL-200807,31/07/2008,Slieve Dairy Co-Operative Society Ltd,"Co-op haulage, milk testing, levies Jul 2008",541.00,113.61,654.61,31/07/2008,EUR,deducted from MS-200807,invoice,,IE9462300P,D00065
CN-CFP08-0030,31/07/2008,Charleville Farm Parts & Tyres Ltd,Credit note: returned / short delivered goods against CFP08-0030,43.63,9.16,52.79,20/08/2008,EUR,,credit_note,,IE3017449G,D05143
LV08-0012,05/08/2008,Lisheen Veterinary Clinic,Mastitis treatments,745.72,156.60,902.32,04/09/2008,EUR,,invoice,,IE3593885U,D00801
ES08-0008,05/08/2008,ESB Electric Supply,Electricity Aug 2008 (farm + house meter),940.90,127.02,1067.92,04/09/2008,EUR,,invoice,,IE4752023D,D00915
LAC08-0002,08/08/2008,Lyons Agri Contracting Ltd,Baling + wrapping,1881.01,253.94,2134.95,07/09/2008,EUR,,invoice,,IE9219903D,D00835
VF08-0008,12/08/2008,Vodafone Ireland,Mobile and broadband,127.48,26.77,154.25,11/09/2008,EUR,,invoice,,IE8398493D,D00916
DHS08-0002,13/08/2008,Dairy Hygiene Supplies Ltd,"Parlour detergents, teat dip, filter socks",347.71,73.02,420.73,12/09/2008,EUR,,invoice,,IE1520123Q,D00881
OB08-0001,14/08/2008,O'Brien Plant Hire Ltd,Hedge cutting,3417.19,461.32,3878.51,13/09/2008,EUR,,invoice,,IE9729960P,D00830
CFP08-0011,14/08/2008,Charleville Farm Parts & Tyres Ltd,Tyres and tubes,356.18,74.80,430.98,13/09/2008,EUR,,invoice,,IE3017449G,D00857
LAC08-0001,18/08/2008,Lyons Agri Contracting Ltd,Baling + wrapping,2299.99,310.50,2610.49,17/09/2008,EUR,,invoice,,IE9219903D,D00829
LV08-0004,19/08/2008,Lisheen Veterinary Clinic,Calving assistance,640.01,134.40,774.41,18/09/2008,EUR,,invoice,,IE3593885U,D00793
MR08-0001,19/08/2008,Munster Rendering Ltd,Fallen animal collection,151.20,31.75,182.95,18/09/2008,EUR,,invoice,,IE4033776E,D04450
LV08-0022,26/08/2008,Lisheen Veterinary Clinic,Fertility scanning,395.68,83.09,478.77,25/09/2008,EUR,,invoice,,IE3593885U,D00811
DHS08-0011,26/08/2008,Dairy Hygiene Supplies Ltd,"Parlour detergents, teat dip, filter socks",265.07,55.66,320.73,25/09/2008,EUR,,invoice,,IE1520123Q,D00890
CS08-0007,27/08/2008,Slieve Dairy Co-Op Farm Stores,Protected urea bulk spread,3847.12,519.36,4366.48,26/09/2008,EUR,netted off milk payment,invoice,,IE8007456W,D00785
CFP08-0001,28/08/2008,Charleville Farm Parts & Tyres Ltd,Mower blades,254.82,53.51,308.33,27/09/2008,EUR,,invoice,,IE3017449G,D00847
CL-200808,31/08/2008,Slieve Dairy Co-Operative Society Ltd,"Co-op haulage, milk testing, levies Aug 2008",458.63,96.31,554.94,31/08/2008,EUR,deducted from MS-200808,invoice,,IE9462300P,D00067
CFP08-0007,02/09/2008,Charleville Farm Parts & Tyres Ltd,Tractor service parts,379.95,79.79,459.74,02/10/2008,EUR,,invoice,,IE3017449G,D00853
CS08-0009,04/09/2008,Slieve Dairy Co-Op Farm Stores,18-6-12 compound bulk spread,5085.42,686.53,5771.95,04/10/2008,EUR,netted off milk payment,invoice,,IE8007456W,D00788
ES08-0009,05/09/2008,ESB Electric Supply,Electricity Sep 2008 (farm + house meter),900.20,121.53,1021.73,05/10/2008,EUR,,invoice,,IE4752023D,D00917
CFP08-0004,08/09/2008,Charleville Farm Parts & Tyres Ltd,Tyres and tubes,375.84,78.93,454.77,08/10/2008,EUR,,invoice,,IE3017449G,D00850
CS08-0008,10/09/2008,Slieve Dairy Co-Op Farm Stores,CAN 27% bulk spread,5391.81,727.89,6119.70,10/10/2008,EUR,netted off milk payment,invoice,,IE8007456W,D00786
LV08-0028,10/09/2008,Lisheen Veterinary Clinic,Calving assistance,310.36,65.18,375.54,10/10/2008,EUR,,invoice,,IE3593885U,D00817
VF08-0009,10/09/2008,Vodafone Ireland,Mobile and broadband,140.23,29.45,169.68,10/10/2008,EUR,,invoice,,IE8398493D,D00918
GF08-0007,12/09/2008,Glenfern Feeds Ltd,Dairy ration 16% bulk - 6.8 t,2662.33,0.00,2662.33,12/10/2008,EUR,,invoice,,IE8573822O,D00779
LV08-0002,13/09/2008,Lisheen Veterinary Clinic,Herd health visit + drugs,365.33,76.72,442.05,13/10/2008,EUR,,invoice,,IE3593885U,D00791
CFP08-0003,15/09/2008,Charleville Farm Parts & Tyres Ltd,Parlour liners,289.50,60.80,350.30,15/10/2008,EUR,,invoice,,IE3017449G,D00849
LV08-0009,16/09/2008,Lisheen Veterinary Clinic,Dry cow therapy / sealers,432.84,90.90,523.74,16/10/2008,EUR,,invoice,,IE3593885U,D00798
BF08-0010,20/09/2008,Ballyhoura Fuels Ltd,"Marked gas oil, bulk delivery",1553.16,209.68,1762.84,20/10/2008,EUR,,invoice,,IE4197223U,D00846
CFP08-0015,22/09/2008,Charleville Farm Parts & Tyres Ltd,Gate and fencing repairs,330.14,69.33,399.47,22/10/2008,EUR,,invoice,,IE3017449G,D00861
CFP08-0026,26/09/2008,Charleville Farm Parts & Tyres Ltd,Mower blades,472.78,99.28,572.06,26/10/2008,EUR,,invoice,,IE3017449G,D00872
DHS08-0004,27/09/2008,Dairy Hygiene Supplies Ltd,"Parlour detergents, teat dip, filter socks",520.45,109.29,629.74,27/10/2008,EUR,,invoice,,IE1520123Q,D00883
LV08-0013,28/09/2008,Lisheen Veterinary Clinic,Fertility scanning,694.90,145.93,840.83,28/10/2008,EUR,,invoice,,IE3593885U,D00802
CFP08-0021,28/09/2008,Charleville Farm Parts & Tyres Ltd,Gate and fencing repairs,321.13,67.44,388.57,28/10/2008,EUR,,invoice,,IE3017449G,D00867
CFP08-0028,28/09/2008,Charleville Farm Parts & Tyres Ltd,Tractor service parts,566.14,118.89,685.03,28/10/2008,EUR,,invoice,,IE3017449G,D00874
CL-200809,30/09/2008,Slieve Dairy Co-Operative Society Ltd,"Co-op haulage, milk testing, levies Sep 2008",396.30,83.22,479.52,30/09/2008,EUR,deducted from MS-200809,invoice,,IE9462300P,D00069
DHS08-0009,03/10/2008,Dairy Hygiene Supplies Ltd,"Parlour detergents, teat dip, filter socks",659.01,138.39,797.40,02/11/2008,EUR,,invoice,,IE1520123Q,D00888
MR08-0002,03/10/2008,Munster Rendering Ltd,Fallen animal collection,118.80,24.95,143.75,02/11/2008,EUR,,invoice,,IE4033776E,D04451
OB08-0002,06/10/2008,O'Brien Plant Hire Ltd,Hedge cutting,2827.90,381.77,3209.67,05/11/2008,EUR,,invoice,,IE9729960P,D00831
CFP08-0025,07/10/2008,Charleville Farm Parts & Tyres Ltd,Tyres and tubes,410.93,86.30,497.23,06/11/2008,EUR,,invoice,,IE3017449G,D00871
ES08-0010,09/10/2008,ESB Electric Supply,Electricity Oct 2008 (farm + house meter),786.02,106.11,892.13,08/11/2008,EUR,,invoice,,IE4752023D,D00919
VF08-0010,11/10/2008,Vodafone Ireland,Mobile and broadband,134.84,28.32,163.16,10/11/2008,EUR,,invoice,,IE8398493D,D00920
HF08-0005,13/10/2008,Cork Hoof Care Services,Hoof trimming / footbaths,583.11,122.45,705.56,12/11/2008,EUR,,invoice,,IE1248259R,D00900
LV08-0005,21/10/2008,Lisheen Veterinary Clinic,Mastitis treatments,398.68,83.72,482.40,20/11/2008,EUR,,invoice,,IE3593885U,D00794
BF08-0006,22/10/2008,Ballyhoura Fuels Ltd,"Marked gas oil, bulk delivery",1186.73,160.21,1346.94,21/11/2008,EUR,,invoice,,IE4197223U,D00842
DHS08-0006,23/10/2008,Dairy Hygiene Supplies Ltd,"Parlour detergents, teat dip, filter socks",353.90,74.32,428.22,22/11/2008,EUR,,invoice,,IE1520123Q,D00885
CFP08-0002,24/10/2008,Charleville Farm Parts & Tyres Ltd,Parlour liners,383.87,80.61,464.48,23/11/2008,EUR,,invoice,,IE3017449G,D00848
CFP08-0023,24/10/2008,Charleville Farm Parts & Tyres Ltd,Tyres and tubes,490.35,102.97,593.32,23/11/2008,EUR,,invoice,,IE3017449G,D00869
CL-200810,31/10/2008,Slieve Dairy Co-Operative Society Ltd,"Co-op haulage, milk testing, levies Oct 2008",273.26,57.38,330.64,31/10/2008,EUR,deducted from MS-200810,invoice,,IE9462300P,D00071
CS08-0005,05/11/2008,Slieve Dairy Co-Op Farm Stores,Mineral supplement - 9.8 t,3821.28,0.00,3821.28,05/12/2008,EUR,netted off milk payment,invoice,,IE8007456W,D00781
ES08-0011,05/11/2008,ESB Electric Supply,Electricity Nov 2008 (farm + house meter),774.68,104.58,879.26,05/12/2008,EUR,,invoice,,IE4752023D,D00921
HF08-0002,06/11/2008,Cork Hoof Care Services,Hoof trimming / footbaths,933.85,196.11,1129.96,06/12/2008,EUR,,invoice,,IE1248259R,D00897
OB08-0003,07/11/2008,O'Brien Plant Hire Ltd,Silage harvesting (2nd cut),4021.16,542.86,4564.02,07/12/2008,EUR,,invoice,,IE9729960P,D00832
LV08-0030,09/11/2008,Lisheen Veterinary Clinic,Herd health visit + drugs,754.35,158.41,912.76,09/12/2008,EUR,,invoice,,IE3593885U,D00819
CFP08-0022,09/11/2008,Charleville Farm Parts & Tyres Ltd,Tyres and tubes,433.14,90.96,524.10,09/12/2008,EUR,,invoice,,IE3017449G,D00868
CFP08-0008,10/11/2008,Charleville Farm Parts & Tyres Ltd,Tyres and tubes,357.15,75.00,432.15,10/12/2008,EUR,,invoice,,IE3017449G,D00854
VF08-0011,11/11/2008,Vodafone Ireland,Mobile and broadband,134.07,28.15,162.22,11/12/2008,EUR,,invoice,,IE8398493D,D00922
LD08-0011,12/11/2008,Kilbeg Livestock Mart Ltd,Mart commission and levies on LD-08-2755,232.52,48.83,281.35,12/11/2008,EUR,LD-08-2755,invoice,,IE6958430T,D04473
BF08-0008,13/11/2008,Ballyhoura Fuels Ltd,"Marked gas oil, bulk delivery",1311.30,177.03,1488.33,13/12/2008,EUR,,invoice,,IE4197223U,D00844
LD08-0010,14/11/2008,Kilbeg Livestock Mart Ltd,Mart commission and levies on LD-08-9830,217.81,45.74,263.55,14/11/2008,EUR,LD-08-9830,invoice,,IE6958430T,D04471
DOC08-0001,20/11/2008,"T. Buckley (landlord, conacre)",Conacre rent 2008: 45 acres @ 270/acre,12150.00,0.00,12150.00,20/12/2008,EUR,,rent_receipt,,,D00929
LD08-0009,20/11/2008,Kilbeg Livestock Mart Ltd,Mart commission and levies on LD-08-6321,200.06,42.01,242.07,20/11/2008,EUR,LD-08-6321,invoice,,IE6958430T,D04469
CFP08-0031,21/11/2008,Charleville Farm Parts & Tyres Ltd,Tyres and tubes,327.43,68.76,396.19,21/12/2008,EUR,,invoice,,IE3017449G,D00877
SG08-0005,22/11/2008,Southern Genetics Co-Op,Semen straws + AI technician service,670.33,140.77,811.10,22/12/2008,EUR,,invoice,,IE2815241Q,D00825
GF08-0004,26/11/2008,Glenfern Feeds Ltd,Calf starter + milk replacer - 11.1 t,4348.63,0.00,4348.63,26/12/2008,EUR,,invoice,,IE8573822O,D00772
CL-200811,30/11/2008,Slieve Dairy Co-Operative Society Ltd,"Co-op haulage, milk testing, levies Nov 2008",173.00,36.33,209.33,30/11/2008,EUR,deducted from MS-200811,invoice,,IE9462300P,D00073
DHS08-0008,01/12/2008,Dairy Hygiene Supplies Ltd,"Parlour detergents, teat dip, filter socks",579.06,124.50,703.56,31/12/2008,EUR,,invoice,,IE1520123Q,D00887
ES08-0012,05/12/2008,ESB Electric Supply,Electricity Dec 2008 (farm + house meter),960.87,129.72,1090.59,04/01/2009,EUR,,invoice,,IE4752023D,D00923
CFP08-0033,06/12/2008,Charleville Farm Parts & Tyres Ltd,Welding rods / steel,300.31,64.57,364.88,05/01/2009,EUR,,invoice,,IE3017449G,D00879
CFP08-0020,07/12/2008,Charleville Farm Parts & Tyres Ltd,Mower blades,241.59,51.94,293.53,06/01/2009,EUR,,invoice,,IE3017449G,D00866
VF08-0012,11/12/2008,Vodafone Ireland,Mobile and broadband,138.06,29.68,167.74,10/01/2009,EUR,,invoice,,IE8398493D,D00924
CN-CFP08-0022,17/12/2008,Charleville Farm Parts & Tyres Ltd,Credit note: returned / short delivered goods against CFP08-0022,151.59,31.83,183.42,09/12/2008,EUR,,credit_note,,IE3017449G,D05146
SG08-0003,20/12/2008,Southern Genetics Co-Op,Semen straws + AI technician service,834.95,179.51,1014.46,19/01/2009,EUR,,invoice,,IE2815241Q,D00823
CFP08-0013,24/12/2008,Charleville Farm Parts & Tyres Ltd,Welding rods / steel,333.02,71.60,404.62,23/01/2009,EUR,,invoice,,IE3017449G,D00859
CL-200812,31/12/2008,Slieve Dairy Co-Operative Society Ltd,"Co-op haulage, milk testing, levies Dec 2008",102.41,22.02,124.43,31/12/2008,EUR,deducted from MS-200812,invoice,,IE9462300P,D00075
LV09-0015,01/01/2009,Lisheen Veterinary Clinic,Herd health visit + drugs,359.51,77.29,436.80,31/01/2009,EUR,,invoice,,IE3593885U,D00961
LV09-0017,04/01/2009,Lisheen Veterinary Clinic,Herd health visit + drugs,683.51,146.95,830.46,03/02/2009,EUR,,invoice,,IE3593885U,D00963
ES09-0001,04/01/2009,ESB Electric Supply,Electricity Jan 2009 (farm + house meter),929.23,125.45,1054.68,03/02/2009,EUR,,invoice,,IE4752023D,D01053
BF09-0001,05/01/2009,Ballyhoura Fuels Ltd,"Marked gas oil, bulk delivery",855.89,115.55,971.44,04/02/2009,EUR,,invoice,,IE4197223U,D00993
HF09-0003,06/01/2009,Cork Hoof Care Services,Hoof trimming / footbaths,880.82,189.38,1070.20,05/02/2009,EUR,,invoice,,IE1248259R,D01050
DHS09-0005,07/01/2009,Dairy Hygiene Supplies Ltd,"Parlour detergents, teat dip, filter socks",304.16,65.39,369.55,06/02/2009,EUR,,invoice,,IE1520123Q,D01037
VF09-0001,10/01/2009,Vodafone Ireland,Mobile and broadband,134.38,28.89,163.27,09/02/2009,EUR,,invoice,,IE8398493D,D01054
CFP09-0026,12/01/2009,Charleville Farm Parts & Tyres Ltd,Parlour liners,490.25,105.40,595.65,11/02/2009,EUR,,invoice,,IE3017449G,D01025
CS09-0001,13/01/2009,Slieve Dairy Co-Op Farm Stores,Maize meal / soya hulls blend - 13.3 t,4458.35,0.00,4458.35,12/02/2009,EUR,netted off milk payment,invoice,,IE8007456W,D00933
CFP09-0019,14/01/2009,Charleville Farm Parts & Tyres Ltd,Mower blades,372.07,80.00,452.07,13/02/2009,EUR,,invoice,,IE3017449G,D01018
CFP09-0014,17/01/2009,Charleville Farm Parts & Tyres Ltd,Tractor service parts,399.11,85.81,484.92,16/02/2009,EUR,,invoice,,IE3017449G,D01013
CFP09-0032,25/01/2009,Charleville Farm Parts & Tyres Ltd,Parlour liners,448.27,96.38,544.65,24/02/2009,EUR,,invoice,,IE3017449G,D01031
HF09-0005,26/01/2009,Cork Hoof Care Services,Hoof trimming / footbaths,437.41,94.04,531.45,25/02/2009,EUR,,invoice,,IE1248259R,D01052
CFP09-0017,28/01/2009,Charleville Farm Parts & Tyres Ltd,Welding rods / steel,382.92,82.33,465.25,27/02/2009,EUR,,invoice,,IE3017449G,D01016
CL-200901,31/01/2009,Slieve Dairy Co-Operative Society Ltd,"Co-op haulage, milk testing, levies Jan 2009",137.67,29.60,167.27,31/01/2009,EUR,deducted from MS-200901,invoice,,IE9462300P,D00077
LV09-0023,02/02/2009,Lisheen Veterinary Clinic,Dry cow therapy / sealers,726.04,156.10,882.14,04/03/2009,EUR,,invoice,,IE3593885U,D00969
LV09-0018,04/02/2009,Lisheen Veterinary Clinic,Vaccines (BVD/IBR/lepto),349.35,75.11,424.46,06/03/2009,EUR,,invoice,,IE3593885U,D00964
LV09-0026,07/02/2009,Lisheen Veterinary Clinic,Dry cow therapy / sealers,758.28,163.03,921.31,09/03/2009,EUR,,invoice,,IE3593885U,D00972
ES09-0002,09/02/2009,ESB Electric Supply,Electricity Feb 2009 (farm + house meter),1030.30,139.09,1169.39,11/03/2009,EUR,,invoice,,IE4752023D,D01055
LV09-0012,12/02/2009,Lisheen Veterinary Clinic,Mastitis treatments,722.89,155.42,878.31,14/03/2009,EUR,,invoice,,IE3593885U,D00958
VF09-0002,12/02/2009,Vodafone Ireland,Mobile and broadband,136.25,29.29,165.54,14/03/2009,EUR,,invoice,,IE8398493D,D01056
CFP09-0002,13/02/2009,Charleville Farm Parts & Tyres Ltd,Hydraulic hoses,230.00,49.45,279.45,15/03/2009,EUR,,invoice,,IE3017449G,D01001
GF09-0004,15/02/2009,Glenfern Feeds Ltd,Dairy ration 18% nuts - 13.0 t,4346.66,999.73,5346.39,17/03/2009,EUR,,invoice,,IE8573822O,D00934
GF09-0005,15/02/2009,Glenfern Feeds Ltd,Dairy ration 18% nuts - 13.8 t,4606.21,0.00,4606.21,17/03/2009,EUR,,invoice,,IE8573822O,D00935
MFI09-0001,15/02/2009,Munster Farm Insurance Ltd,"Farm policy renewal (buildings, liability, machinery, employer liability)",7714.56,0.00,7714.56,17/03/2009,EUR,,invoice,,,D01077
CS09-0004,20/02/2009,Slieve Dairy Co-Op Farm Stores,Dairy ration 18% nuts - 15.1 t,5056.79,0.00,5056.79,22/03/2009,EUR,netted off milk payment,invoice,,IE8007456W,D00938
LV09-0025,22/02/2009,Lisheen Veterinary Clinic,Dry cow therapy / sealers,748.75,160.98,909.73,24/03/2009,EUR,,invoice,,IE3593885U,D00971
LV09-0021,25/02/2009,Lisheen Veterinary Clinic,Dry cow therapy / sealers,763.19,164.09,927.28,27/03/2009,EUR,,invoice,,IE3593885U,D00967
CL-200902,28/02/2009,Slieve Dairy Co-Operative Society Ltd,"Co-op haulage, milk testing, levies Feb 2009",274.45,59.01,333.46,28/02/2009,EUR,deducted from MS-200902,invoice,,IE9462300P,D00079
LV09-0024,28/02/2009,Lisheen Veterinary Clinic,Mastitis treatments,396.94,85.34,482.28,30/03/2009,EUR,,invoice,,IE3593885U,D00970
OB09-0002,28/02/2009,O'Brien Plant Hire Ltd,Baling + wrapping,2798.72,377.83,3176.55,30/03/2009,EUR,,invoice,,IE9729960P,D00990
CFP09-0011,02/03/2009,Charleville Farm Parts & Tyres Ltd,Mower blades,485.11,104.30,589.41,01/04/2009,EUR,,invoice,,IE3017449G,D01010
LV09-0020,03/03/2009,Lisheen Veterinary Clinic,Herd health visit + drugs,770.97,165.76,936.73,02/04/2009,EUR,,invoice,,IE3593885U,D00966
SG09-0001,04/03/2009,Southern Genetics Co-Op,Semen straws + AI technician service,599.04,128.79,727.83,03/04/2009,EUR,,invoice,,IE2815241Q,D00977
LV09-0013,06/03/2009,Lisheen Veterinary Clinic,Fertility scanning,741.38,159.40,900.78,05/04/2009,EUR,,invoice,,IE3593885U,D00959
OB09-0003,06/03/2009,O'Brien Plant Hire Ltd,Silage harvesting (1st cut),1917.34,258.84,2176.18,05/04/2009,EUR,,invoice,,IE9729960P,D00992
ES09-0003,09/03/2009,ESB Electric Supply,Electricity Mar 2009 (farm + house meter),841.10,113.55,954.65,08/04/2009,EUR,,invoice,,IE4752023D,D01057
HC09-0001,09/03/2009,Hegarty & Co Farm Accountants,"Accounts, tax returns and payroll year 2008",2870.40,617.14,3487.54,08/04/2009,EUR,,invoice,,IE6025428V,D01078
LD09-0001,09/03/2009,Kilbeg Livestock Mart Ltd,Mart commission and levies on LD-09-3717,114.44,24.60,139.04,09/03/2009,EUR,LD-09-3717,invoice,,IE6958430T,D04480
LV09-0014,10/03/2009,Lisheen Veterinary Clinic,Vaccines (BVD/IBR/lepto),637.08,136.97,774.05,09/04/2009,EUR,,invoice,,IE3593885U,D00960
VF09-0003,10/03/2009,Vodafone Ireland,Mobile and broadband,141.62,30.45,172.07,09/04/2009,EUR,,invoice,,IE8398493D,D01058
GF09-0003,12/03/2009,Glenfern Feeds Ltd,Dairy ration 18% nuts - 8.4 t,2801.00,0.00,2801.00,11/04/2009,EUR,,invoice,,IE8573822O,D00932
CS09-0006,12/03/2009,Slieve Dairy Co-Op Farm Stores,Ground limestone bulk spread,7897.50,1066.16,8963.66,11/04/2009,EUR,netted off milk payment,invoice,,IE8007456W,D00943
LV09-0005,21/03/2009,Lisheen Veterinary Clinic,Herd health visit + drugs,722.41,155.32,877.73,20/04/2009,EUR,,invoice,,IE3593885U,D00951
CS09-0008,22/03/2009,Slieve Dairy Co-Op Farm Stores,Ground limestone bulk spread,8457.69,1141.79,9599.48,21/04/2009,EUR,netted off milk payment,invoice,,IE8007456W,D00946
LAC09-0004,23/03/2009,Lyons Agri Contracting Ltd,Silage harvesting (2nd cut),2447.03,330.35,2777.38,22/04/2009,EUR,,invoice,,IE9219903D,D00989
LD09-0002,25/03/2009,Kilbeg Livestock Mart Ltd,Mart commission and levies on LD-09-5320,108.55,23.34,131.89,25/03/2009,EUR,LD-09-5320,invoice,,IE6958430T,D04482
SG09-0006,26/03/2009,Southern Genetics Co-Op,Semen straws + AI technician service,730.72,157.10,887.82,25/04/2009,EUR,,invoice,,IE2815241Q,D00982
OB09-0001,26/03/2009,O'Brien Plant Hire Ltd,Baling + wrapping,2128.54,287.35,2415.89,25/04/2009,EUR,,invoice,,IE9729960P,D00985
CL-200903,31/03/2009,Slieve Dairy Co-Operative Society Ltd,"Co-op haulage, milk testing, levies Mar 2009",436.22,93.79,530.01,31/03/2009,EUR,deducted from MS-200903,invoice,,IE9462300P,D00081
ES09-0004,04/04/2009,ESB Electric Supply,Electricity Apr 2009 (farm + house meter),832.04,112.33,944.37,04/05/2009,EUR,,invoice,,IE4752023D,D01059
LD09-0003,06/04/2009,Kilbeg Livestock Mart Ltd,Mart commission and levies on LD-09-3943,111.96,24.07,136.03,06/04/2009,EUR,LD-09-3943,invoice,,IE6958430T,D04484
SG09-0008,07/04/2009,Southern Genetics Co-Op,Semen straws + AI technician service,402.97,86.64,489.61,07/05/2009,EUR,,invoice,,IE2815241Q,D00984
SG09-0002,08/04/2009,Southern Genetics Co-Op,Semen straws + AI technician service,768.60,165.25,933.85,08/05/2009,EUR,,invoice,,IE2815241Q,D00978
DHS09-0009,09/04/2009,Dairy Hygiene Supplies Ltd,"Parlour detergents, teat dip, filter socks",397.00,85.36,482.36,09/05/2009,EUR,,invoice,,IE1520123Q,D01041
VF09-0004,12/04/2009,Vodafone Ireland,Mobile and broadband,127.52,27.42,154.94,12/05/2009,EUR,,invoice,,IE8398493D,D01060
LV09-0006,13/04/2009,Lisheen Veterinary Clinic,Dry cow therapy / sealers,599.60,128.91,728.51,13/05/2009,EUR,,invoice,,IE3593885U,D00952
DHS09-0006,15/04/2009,Dairy Hygiene Supplies Ltd,"Parlour detergents, teat dip, filter socks",327.13,70.33,397.46,15/05/2009,EUR,,invoice,,IE1520123Q,D01038
BF09-0002,16/04/2009,Ballyhoura Fuels Ltd,"Marked gas oil, bulk delivery",1672.30,225.76,1898.06,16/05/2009,EUR,,invoice,,IE4197223U,D00994
LV09-0030,17/04/2009,Lisheen Veterinary Clinic,Fertility scanning,531.91,114.36,646.27,17/05/2009,EUR,,invoice,,IE3593885U,D00976
LD09-0004,17/04/2009,Kilbeg Livestock Mart Ltd,Mart commission and levies on LD-09-2724,108.81,23.39,132.20,17/04/2009,EUR,LD-09-2724,invoice,,IE6958430T,D04486
DHS09-0012,21/04/2009,Dairy Hygiene Supplies Ltd,"Parlour detergents, teat dip, filter socks",651.76,140.13,791.89,21/05/2009,EUR,,invoice,,IE1520123Q,D01044
SG09-0003,26/04/2009,Southern Genetics Co-Op,Semen straws + AI technician service,623.08,133.96,757.04,26/05/2009,EUR,,invoice,,IE2815241Q,D00979
LD09-0005,27/04/2009,Kilbeg Livestock Mart Ltd,Mart commission and levies on LD-09-3765,103.76,22.31,126.07,27/04/2009,EUR,LD-09-3765,invoice,,IE6958430T,D04488
CFP09-0007,28/04/2009,Charleville Farm Parts & Tyres Ltd,Mower blades,474.53,102.02,576.55,28/05/2009,EUR,,invoice,,IE3017449G,D01006
CL-200904,30/04/2009,Slieve Dairy Co-Operative Society Ltd,"Co-op haulage, milk testing, levies Apr 2009",564.98,121.47,686.45,30/04/2009,EUR,deducted from MS-200904,invoice,,IE9462300P,D00083
LV09-0022,01/05/2009,Lisheen Veterinary Clinic,Mastitis treatments,447.49,96.21,543.70,31/05/2009,EUR,,invoice,,IE3593885U,D00968
CFP09-0029,01/05/2009,Charleville Farm Parts & Tyres Ltd,Hydraulic hoses,515.44,110.82,626.26,31/05/2009,EUR,,invoice,,IE3017449G,D01028
CFP09-0031,01/05/2009,Charleville Farm Parts & Tyres Ltd,Tractor service parts,545.58,117.30,662.88,31/05/2009,EUR,,invoice,,IE3017449G,D01030
ES09-0005,04/05/2009,ESB Electric Supply,Electricity May 2009 (farm + house meter),972.96,131.35,1104.31,03/06/2009,EUR,,invoice,,IE4752023D,D01061
LD09-0006,04/05/2009,Kilbeg Livestock Mart Ltd,Mart commission and levies on LD-09-9455,104.57,22.48,127.05,04/05/2009,EUR,LD-09-9455,invoice,,IE6958430T,D04490
WS09-0001,09/05/2009,County Council Water Services,"Water charges (metered, farm)",644.80,0.00,644.80,08/06/2009,EUR,,invoice,,IE7854060O,D01080
VF09-0005,10/05/2009,Vodafone Ireland,Mobile and broadband,129.97,27.94,157.91,09/06/2009,EUR,,invoice,,IE8398493D,D01062
CFP09-0005,14/05/2009,Charleville Farm Parts & Tyres Ltd,Welding rods / steel,316.81,68.11,384.92,13/06/2009,EUR,,invoice,,IE3017449G,D01004
CFP09-0024,15/05/2009,Charleville Farm Parts & Tyres Ltd,Tyres and tubes,361.69,77.76,439.45,14/06/2009,EUR,,invoice,,IE3017449G,D01023
LAC09-0001,16/05/2009,Lyons Agri Contracting Ltd,Slurry spreading (trailing shoe),2675.48,361.19,3036.67,15/06/2009,EUR,,invoice,,IE9219903D,D00986
CFP09-0023,17/05/2009,Charleville Farm Parts & Tyres Ltd,Gate and fencing repairs,352.45,75.78,428.23,16/06/2009,EUR,,invoice,,IE3017449G,D01022
CS09-0007,18/05/2009,Slieve Dairy Co-Op Farm Stores,Ground limestone bulk spread,7407.59,1000.02,8407.61,17/06/2009,EUR,netted off milk payment,invoice,,IE8007456W,D00945
LV09-0019,18/05/2009,Lisheen Veterinary Clinic,Dry cow therapy / sealers,309.65,66.57,376.22,17/06/2009,EUR,,invoice,,IE3593885U,D00965
AW09-0003,18/05/2009,AgriWrap Plastics Ltd,"Silage plastic, bale net, twine",1033.69,222.24,1255.93,17/06/2009,EUR,,invoice,,IE7984856V,D01047
LD09-0007,21/05/2009,Kilbeg Livestock Mart Ltd,Mart commission and levies on LD-09-6103,107.49,23.11,130.60,21/05/2009,EUR,LD-09-6103,invoice,,IE6958430T,D04492
GF09-0002,24/05/2009,Glenfern Feeds Ltd,Calf starter + milk replacer - 8.4 t,2818.58,0.00,2818.58,23/06/2009,EUR,,invoice,,IE8573822O,D00931
LAC09-0005,24/05/2009,Lyons Agri Contracting Ltd,Silage harvesting (1st cut),3551.23,479.42,4030.65,23/06/2009,EUR,,invoice,,IE9219903D,D00991
CFP09-0010,24/05/2009,Charleville Farm Parts & Tyres Ltd,Gate and fencing repairs,482.17,103.67,585.84,23/06/2009,EUR,,invoice,,IE3017449G,D01009
MR09-0001,24/05/2009,Munster Rendering Ltd,Fallen animal collection,114.40,24.60,139.00,23/06/2009,EUR,,invoice,,IE4033776E,D04476
DHS09-0011,25/05/2009,Dairy Hygiene Supplies Ltd,"Parlour detergents, teat dip, filter socks",442.03,95.04,537.07,24/06/2009,EUR,,invoice,,IE1520123Q,D01043
LV09-0002,26/05/2009,Lisheen Veterinary Clinic,Calving assistance,722.49,155.34,877.83,25/06/2009,EUR,,invoice,,IE3593885U,D00948
CFP09-0013,28/05/2009,Charleville Farm Parts & Tyres Ltd,Parlour liners,308.42,66.31,374.73,27/06/2009,EUR,,invoice,,IE3017449G,D01012
CL-200905,31/05/2009,Slieve Dairy Co-Operative Society Ltd,"Co-op haulage, milk testing, levies May 2009",639.47,137.49,776.96,31/05/2009,EUR,deducted from MS-200905,invoice,,IE9462300P,D00085
TG09-0001,02/06/2009,Teagasc,Advisory service annual fee,936.00,201.24,1137.24,02/07/2009,EUR,,invoice,,IE7259700V,D01079
SG09-0007,05/06/2009,Southern Genetics Co-Op,Semen straws + AI technician service,569.21,122.38,691.59,05/07/2009,EUR,,invoice,,IE2815241Q,D00983
DHS09-0001,06/06/2009,Dairy Hygiene Supplies Ltd,"Parlour detergents, teat dip, filter socks",684.58,147.18,831.76,06/07/2009,EUR,,invoice,,IE1520123Q,D01033
DHS09-0002,07/06/2009,Dairy Hygiene Supplies Ltd,"Parlour detergents, teat dip, filter socks",484.95,104.26,589.21,07/07/2009,EUR,,invoice,,IE1520123Q,D01034
CS09-0005,09/06/2009,Slieve Dairy Co-Op Farm Stores,Calf starter + milk replacer - 11.5 t,3866.32,0.00,3866.32,09/07/2009,EUR,netted off milk payment,invoice,,IE8007456W,D00940
ES09-0006,09/06/2009,ESB Electric Supply,Electricity Jun 2009 (farm + house meter),861.76,116.34,978.10,09/07/2009,EUR,,invoice,,IE4752023D,D01063
VF09-0006,10/06/2009,Vodafone Ireland,Mobile and broadband,125.45,26.97,152.42,10/07/2009,EUR,,invoice,,IE8398493D,D01064
LV09-0028,17/06/2009,Lisheen Veterinary Clinic,Herd health visit + drugs,667.29,143.47,810.76,17/07/2009,EUR,,invoice,,IE3593885U,D00974
BF09-0007,20/06/2009,Ballyhoura Fuels Ltd,"Marked gas oil, bulk delivery",1381.63,186.52,1568.15,20/07/2009,EUR,,invoice,,IE4197223U,D00999
CFP09-0020,20/06/2009,Charleville Farm Parts & Tyres Ltd,Hydraulic hoses,373.80,80.37,454.17,20/07/2009,EUR,,invoice,,IE3017449G,D01019
LV09-0011,23/06/2009,Lisheen Veterinary Clinic,Fertility scanning,753.03,161.90,914.93,23/07/2009,EUR,,invoice,,IE3593885U,D00957
BF09-0005,23/06/2009,Ballyhoura Fuels Ltd,"Marked gas oil, bulk delivery",1807.44,244.00,2051.44,23/07/2009,EUR,,invoice,,IE4197223U,D00997
LAC09-0003,25/06/2009,Lyons Agri Contracting Ltd,Silage harvesting (2nd cut),3328.97,449.41,3778.38,25/07/2009,EUR,,invoice,,IE9219903D,D00988
LV09-0008,28/06/2009,Lisheen Veterinary Clinic,Fertility scanning,647.05,139.12,786.17,28/07/2009,EUR,,invoice,,IE3593885U,D00954
CL-200906,30/06/2009,Slieve Dairy Co-Operative Society Ltd,"Co-op haulage, milk testing, levies Jun 2009",575.81,123.80,699.61,30/06/2009,EUR,deducted from MS-200906,invoice,,IE9462300P,D00087
ES09-0007,03/07/2009,ESB Electric Supply,Electricity Jul 2009 (farm + house meter),1027.73,138.74,1166.47,02/08/2009,EUR,,invoice,,IE4752023D,D01065
LV09-0010,04/07/2009,Lisheen Veterinary Clinic,Dry cow therapy / sealers,306.70,65.94,372.64,03/08/2009,EUR,,invoice,,IE3593885U,D00956
CFP09-0016,07/07/2009,Charleville Farm Parts & Tyres Ltd,Hydraulic hoses,498.85,107.25,606.10,06/08/2009,EUR,,invoice,,IE3017449G,D01015
LD09-0008,08/07/2009,Kilbeg Livestock Mart Ltd,Mart commission and levies on LD-09-4286,127.09,27.32,154.41,08/07/2009,EUR,LD-09-4286,invoice,,IE6958430T,D04494
KA09-0001,12/07/2009,Kilcummin Agri Supplies Ltd,18-6-12 compound bulk spread,6598.64,890.82,7489.46,11/08/2009,EUR,,invoice,,IE2092142W,D00942
CFP09-0033,12/07/2009,Charleville Farm Parts & Tyres Ltd,Mower blades,395.56,85.05,480.61,11/08/2009,EUR,,invoice,,IE3017449G,D01032
VF09-0007,12/07/2009,Vodafone Ireland,Mobile and broadband,127.89,27.50,155.39,11/08/2009,EUR,,invoice,,IE8398493D,D01066
HF09-0002,13/07/2009,Cork Hoof Care Services,Hoof trimming / footbaths,405.83,87.25,493.08,12/08/2009,EUR,,invoice,,IE1248259R,D01049
AW09-0002,14/07/2009,AgriWrap Plastics Ltd,"Silage plastic, bale net, twine",859.71,184.84,1044.55,13/08/2009,EUR,,invoice,,IE7984856V,D01046
CFP09-0008,16/07/2009,Charleville Farm Parts & Tyres Ltd,Gate and fencing repairs,477.78,102.72,580.50,15/08/2009,EUR,,invoice,,IE3017449G,D01007
LV09-0003,19/07/2009,Lisheen Veterinary Clinic,Dry cow therapy / sealers,742.19,159.57,901.76,18/08/2009,EUR,,invoice,,IE3593885U,D00949
CFP09-0027,19/07/2009,Charleville Farm Parts & Tyres Ltd,Tyres and tubes,276.53,59.45,335.98,18/08/2009,EUR,,invoice,,IE3017449G,D01026
CFP09-0003,21/07/2009,Charleville Farm Parts & Tyres Ltd,Tyres and tubes,213.68,45.94,259.62,20/08/2009,EUR,,invoice,,IE3017449G,D01002
LD09-0010,22/07/2009,Kilbeg Livestock Mart Ltd,Mart commission and levies on LD-09-6750,149.77,32.20,181.97,22/07/2009,EUR,LD-09-6750,invoice,,IE6958430T,D04498
AW09-0001,28/07/2009,AgriWrap Plastics Ltd,"Silage plastic, bale net, twine",1215.57,261.35,1476.92,27/08/2009,EUR,,invoice,,IE7984856V,D01045
CL-200907,31/07/2009,Slieve Dairy Co-Operative Society Ltd,"Co-op haulage, milk testing, levies Jul 2009",528.32,113.59,641.91,31/07/2009,EUR,deducted from MS-200907,invoice,,IE9462300P,D00089
BF09-0003,05/08/2009,Ballyhoura Fuels Ltd,"Marked gas oil, bulk delivery",881.91,119.06,1000.97,04/09/2009,EUR,,invoice,,IE4197223U,D00995
ES09-0008,06/08/2009,ESB Electric Supply,Electricity Aug 2009 (farm + house meter),998.47,134.79,1133.26,05/09/2009,EUR,,invoice,,IE4752023D,D01067
LD09-0011,11/08/2009,Kilbeg Livestock Mart Ltd,Mart commission and levies on LD-09-7075,152.17,32.72,184.89,11/08/2009,EUR,LD-09-7075,invoice,,IE6958430T,D04501
VF09-0008,12/08/2009,Vodafone Ireland,Mobile and broadband,141.80,30.49,172.29,11/09/2009,EUR,,invoice,,IE8398493D,D01068
SG09-0004,15/08/2009,Southern Genetics Co-Op,Semen straws + AI technician service,557.61,119.89,677.50,14/09/2009,EUR,,invoice,,IE2815241Q,D00980
CFP09-0004,17/08/2009,Charleville Farm Parts & Tyres Ltd,Parlour liners,300.69,64.65,365.34,16/09/2009,EUR,,invoice,,IE3017449G,D01003
CFP09-0012,17/08/2009,Charleville Farm Parts & Tyres Ltd,Tyres and tubes,385.20,82.82,468.02,16/09/2009,EUR,,invoice,,IE3017449G,D01011
DHS09-0007,19/08/2009,Dairy Hygiene Supplies Ltd,"Parlour detergents, teat dip, filter socks",286.67,61.63,348.30,18/09/2009,EUR,,invoice,,IE1520123Q,D01039
CFP09-0018,20/08/2009,Charleville Farm Parts & Tyres Ltd,Welding rods / steel,457.61,98.39,556.00,19/09/2009,EUR,,invoice,,IE3017449G,D01017
CL-200908,31/08/2009,Slieve Dairy Co-Operative Society Ltd,"Co-op haulage, milk testing, levies Aug 2009",479.12,103.01,582.13,31/08/2009,EUR,deducted from MS-200908,invoice,,IE9462300P,D00091
LV09-0004,02/09/2009,Lisheen Veterinary Clinic,Mastitis treatments,684.59,147.19,831.78,02/10/2009,EUR,,invoice,,IE3593885U,D00950
BF09-0006,03/09/2009,Ballyhoura Fuels Ltd,"Marked gas oil, bulk delivery",1196.40,161.51,1357.91,03/10/2009,EUR,,invoice,,IE4197223U,D00998
ES09-0009,05/09/2009,ESB Electric Supply,Electricity Sep 2009 (farm + house meter),967.66,130.63,1098.29,05/10/2009,EUR,,invoice,,IE4752023D,D01069
LV09-0009,07/09/2009,Lisheen Veterinary Clinic,Calving assistance,608.12,130.75,738.87,07/10/2009,EUR,,invoice,,IE3593885U,D00955
KA09-0002,08/09/2009,Kilcummin Agri Supplies Ltd,Ground limestone bulk spread,4122.75,556.57,4679.32,08/10/2009,EUR,,invoice,,IE2092142W,D00944
VF09-0009,11/09/2009,Vodafone Ireland,Mobile and broadband,128.84,27.70,156.54,11/10/2009,EUR,,invoice,,IE8398493D,D01070
LV09-0029,13/09/2009,Lisheen Veterinary Clinic,Dry cow therapy / sealers,645.42,138.77,784.19,13/10/2009,EUR,,invoice,,IE3593885U,D00975
LAC09-0002,14/09/2009,Lyons Agri Contracting Ltd,Hedge cutting,1926.94,260.14,2187.08,14/10/2009,EUR,,invoice,,IE9219903D,D00987
CFP09-0025,24/09/2009,Charleville Farm Parts & Tyres Ltd,Welding rods / steel,295.99,63.64,359.63,24/10/2009,EUR,,invoice,,IE3017449G,D01024
CS09-0002,26/09/2009,Slieve Dairy Co-Op Farm Stores,Maize meal / soya hulls blend - 6.5 t,2172.06,0.00,2172.06,26/10/2009,EUR,netted off milk payment,invoice,,IE8007456W,D00936
LV09-0016,27/09/2009,Lisheen Veterinary Clinic,Herd health visit + drugs,358.43,77.06,435.49,27/10/2009,EUR,,invoice,,IE3593885U,D00962
CFP09-0021,27/09/2009,Charleville Farm Parts & Tyres Ltd,Parlour liners,552.18,118.72,670.90,27/10/2009,EUR,,invoice,,IE3017449G,D01020
CFP09-0028,27/09/2009,Charleville Farm Parts & Tyres Ltd,Hydraulic hoses,554.26,119.17,673.43,27/10/2009,EUR,,invoice,,IE3017449G,D01027
CL-200909,30/09/2009,Slieve Dairy Co-Operative Society Ltd,"Co-op haulage, milk testing, levies Sep 2009",393.85,84.68,478.53,30/09/2009,EUR,deducted from MS-200909,invoice,,IE9462300P,D00093
CFP09-0009,01/10/2009,Charleville Farm Parts & Tyres Ltd,Gate and fencing repairs,344.70,74.11,418.81,31/10/2009,EUR,,invoice,,IE3017449G,D01008
LV09-0007,07/10/2009,Lisheen Veterinary Clinic,Dry cow therapy / sealers,570.61,122.68,693.29,06/11/2009,EUR,,invoice,,IE3593885U,D00953
HF09-0001,07/10/2009,Cork Hoof Care Services,Hoof trimming / footbaths,776.48,166.94,943.42,06/11/2009,EUR,,invoice,,IE1248259R,D01048
DHS09-0008,08/10/2009,Dairy Hygiene Supplies Ltd,"Parlour detergents, teat dip, filter socks",335.18,72.06,407.24,07/11/2009,EUR,,invoice,,IE1520123Q,D01040
ES09-0010,08/10/2009,ESB Electric Supply,Electricity Oct 2009 (farm + house meter),989.74,133.61,1123.35,07/11/2009,EUR,,invoice,,IE4752023D,D01071
CFP09-0022,10/10/2009,Charleville Farm Parts & Tyres Ltd,Gate and fencing repairs,232.79,50.05,282.84,09/11/2009,EUR,,invoice,,IE3017449G,D01021
LV09-0001,12/10/2009,Lisheen Veterinary Clinic,Fertility scanning,753.89,162.09,915.98,11/11/2009,EUR,,invoice,,IE3593885U,D00947
VF09-0010,12/10/2009,Vodafone Ireland,Mobile and broadband,148.36,31.90,180.26,11/11/2009,EUR,,invoice,,IE8398493D,D01072
MR09-0002,12/10/2009,Munster Rendering Ltd,Fallen animal collection,145.60,31.30,176.90,11/11/2009,EUR,,invoice,,IE4033776E,D04477
LD09-0009,19/10/2009,Kilbeg Livestock Mart Ltd,Mart commission and levies on LD-09-6204,139.23,29.93,169.16,19/10/2009,EUR,LD-09-6204,invoice,,IE6958430T,D04496
CL-200910,31/10/2009,Slieve Dairy Co-Operative Society Ltd,"Co-op haulage, milk testing, levies Oct 2009",275.84,59.31,335.15,31/10/2009,EUR,deducted from MS-200910,invoice,,IE9462300P,D00095
LV09-0027,01/11/2009,Lisheen Veterinary Clinic,Calving assistance,348.01,74.82,422.83,01/12/2009,EUR,,invoice,,IE3593885U,D00973
DHS09-0003,06/11/2009,Dairy Hygiene Supplies Ltd,"Parlour detergents, teat dip, filter socks",433.38,93.18,526.56,06/12/2009,EUR,,invoice,,IE1520123Q,D01035
DHS09-0004,07/11/2009,Dairy Hygiene Supplies Ltd,"Parlour detergents, teat dip, filter socks",341.90,73.51,415.41,07/12/2009,EUR,,invoice,,IE1520123Q,D01036
CS09-0003,08/11/2009,Slieve Dairy Co-Op Farm Stores,Mineral supplement - 15.4 t,5172.62,0.00,5172.62,08/12/2009,EUR,netted off milk payment,invoice,,IE8007456W,D00937
GF09-0006,09/11/2009,Glenfern Feeds Ltd,Dairy ration 16% bulk - 15.2 t,5075.94,0.00,5075.94,09/12/2009,EUR,,invoice,,IE8573822O,D00939
ES09-0011,09/11/2009,ESB Electric Supply,Electricity Nov 2009 (farm + house meter),1003.23,135.44,1138.67,09/12/2009,EUR,,invoice,,IE4752023D,D01073
VF09-0011,10/11/2009,Vodafone Ireland,Mobile and broadband,145.66,31.32,176.98,10/12/2009,EUR,,invoice,,IE8398493D,D01074
GF09-0001,12/11/2009,Glenfern Feeds Ltd,Mineral supplement - 6.1 t,2053.25,0.00,2053.25,12/12/2009,EUR,,invoice,,IE8573822O,D00930
DHS09-0010,15/11/2009,Dairy Hygiene Supplies Ltd,"Parlour detergents, teat dip, filter socks",421.15,90.55,511.70,15/12/2009,EUR,,invoice,,IE1520123Q,D01042
CFP09-0015,18/11/2009,Charleville Farm Parts & Tyres Ltd,Parlour liners,412.77,88.75,501.52,18/12/2009,EUR,,invoice,,IE3017449G,D01014
DOC09-0001,20/11/2009,"T. Buckley (landlord, conacre)",Conacre rent 2009: 45 acres @ 250/acre,11250.00,0.00,11250.00,20/12/2009,EUR,,rent_receipt,,,D01081
CFP09-0030,21/11/2009,Charleville Farm Parts & Tyres Ltd,Parlour liners,363.21,78.09,441.30,21/12/2009,EUR,,invoice,,IE3017449G,D01029
MR09-0003,22/11/2009,Munster Rendering Ltd,Fallen animal collection,145.60,31.30,176.90,22/12/2009,EUR,,invoice,,IE4033776E,D04478
GF09-0007,24/11/2009,Glenfern Feeds Ltd,Dairy ration 18% nuts - 16.2 t,5435.51,0.00,5435.51,24/12/2009,EUR,,invoice,,IE8573822O,D00941
HF09-0004,26/11/2009,Cork Hoof Care Services,Hoof trimming / footbaths,606.23,130.34,736.57,26/12/2009,EUR,,invoice,,IE1248259R,D01051
CL-200911,30/11/2009,Slieve Dairy Co-Operative Society Ltd,"Co-op haulage, milk testing, levies Nov 2009",177.33,38.13,215.46,30/11/2009,EUR,deducted from MS-200911,invoice,,IE9462300P,D00097
CFP09-0006,01/12/2009,Charleville Farm Parts & Tyres Ltd,Welding rods / steel,305.15,65.61,370.76,31/12/2009,EUR,,invoice,,IE3017449G,D01005
ES09-0012,05/12/2009,ESB Electric Supply,Electricity Dec 2009 (farm + house meter),1013.39,136.81,1150.20,04/01/2010,EUR,,invoice,,IE4752023D,D01075
VF09-0012,10/12/2009,Vodafone Ireland,Mobile and broadband,149.92,32.23,182.15,09/01/2010,EUR,,invoice,,IE8398493D,D01076
BF09-0004,16/12/2009,Ballyhoura Fuels Ltd,"Marked gas oil, bulk delivery",2196.20,296.49,2492.69,15/01/2010,EUR,,invoice,,IE4197223U,D00996
CFP09-0001,16/12/2009,Charleville Farm Parts & Tyres Ltd,Mower blades,511.98,110.08,622.06,15/01/2010,EUR,,invoice,,IE3017449G,D01000
CL-200912,31/12/2009,Slieve Dairy Co-Operative Society Ltd,"Co-op haulage, milk testing, levies Dec 2009",103.45,22.24,125.69,31/12/2009,EUR,deducted from MS-200912,invoice,,IE9462300P,D00099
CFP10-0014,02/01/2010,Charleville Farm Parts & Tyres Ltd,Gate and fencing repairs,303.01,63.63,366.64,01/02/2010,EUR,,invoice,,IE3017449G,D01167
ES10-0001,07/01/2010,ESB Electric Supply,Electricity Jan 2010 (farm + house meter),966.53,130.48,1097.01,06/02/2010,EUR,,invoice,,IE4752023D,D01208
CS10-0001,10/01/2010,Slieve Dairy Co-Op Farm Stores,Dairy ration 16% bulk - 10.6 t,3411.51,0.00,3411.51,09/02/2010,EUR,netted off milk payment,invoice,,IE8007456W,D01085
CS10-0005,11/01/2010,Slieve Dairy Co-Op Farm Stores,Protected urea bulk spread,5952.97,803.65,6756.62,10/02/2010,EUR,netted off milk payment,invoice,,IE8007456W,D01096
VF10-0001,11/01/2010,Vodafone Ireland,Mobile and broadband,134.03,28.15,162.18,10/02/2010,EUR,,invoice,,IE8398493D,D01209
DHS10-0002,15/01/2010,Dairy Hygiene Supplies Ltd,"Parlour detergents, teat dip, filter socks",511.71,107.46,619.17,14/02/2010,EUR,,invoice,,IE1520123Q,D01188
LV10-0015,16/01/2010,Lisheen Veterinary Clinic,Mastitis treatments,677.18,142.21,819.39,15/02/2010,EUR,,invoice,,IE3593885U,D01113
MR10-0002,16/01/2010,Munster Rendering Ltd,Fallen animal collection,97.85,20.55,118.40,15/02/2010,EUR,,invoice,,IE4033776E,D04503
LV10-0030,18/01/2010,Lisheen Veterinary Clinic,Vaccines (BVD/IBR/lepto),330.57,69.42,399.99,17/02/2010,EUR,,invoice,,,D01128
CFP10-0016,21/01/2010,Charleville Farm Parts & Tyres Ltd,Parlour liners,434.09,91.16,525.25,20/02/2010,EUR,,invoice,,IE3017449G,D01169
GF10-0008,26/01/2010,Glenfern Feeds Ltd,Dairy ration 16% bulk - 10.7 t,3424.99,0.00,3424.99,25/02/2010,EUR,,invoice,,IE8573822O,D01093
LV10-0010,27/01/2010,Lisheen Veterinary Clinic,Vaccines (BVD/IBR/lepto),599.83,125.96,725.79,26/02/2010,EUR,,invoice,,IE3593885U,D01108
CL-201001,31/01/2010,Slieve Dairy Co-Operative Society Ltd,"Co-op haulage, milk testing, levies Jan 2010",142.12,29.85,171.97,31/01/2010,EUR,deducted from MS-201001,invoice,,IE9462300P,D00101
KA10-0001,01/02/2010,Kilcummin Agri Supplies Ltd,CAN 27% bulk spread,4156.24,561.09,4717.33,03/03/2010,EUR,,invoice,,IE2092142W,D01094
LV10-0013,03/02/2010,Lisheen Veterinary Clinic,Herd health visit + drugs,657.95,138.17,796.12,05/03/2010,EUR,,invoice,,IE3593885U,D01111
CFP10-0033,04/02/2010,Charleville Farm Parts & Tyres Ltd,Mower blades,440.12,92.43,532.55,06/03/2010,EUR,,invoice,,IE3017449G,D01186
CFP10-0012,05/02/2010,Charleville Farm Parts & Tyres Ltd,Tyres and tubes,220.06,46.21,266.27,07/03/2010,EUR,,invoice,,IE3017449G,D01165
DHS10-0007,05/02/2010,Dairy Hygiene Supplies Ltd,"Parlour detergents, teat dip, filter socks",575.67,120.89,696.56,07/03/2010,EUR,,invoice,,IE1520123Q,D01193
ES10-0002,06/02/2010,ESB Electric Supply,Electricity Feb 2010 (farm + house meter),794.79,107.30,902.09,08/03/2010,EUR,,invoice,,IE4752023D,D01210
VF10-0002,10/02/2010,Vodafone Ireland,Mobile and broadband,131.33,27.58,158.91,12/03/2010,EUR,,invoice,,IE8398493D,D01211
CFP10-0026,12/02/2010,Charleville Farm Parts & Tyres Ltd,Parlour liners,341.89,71.80,413.69,14/03/2010,EUR,,invoice,,IE3017449G,D01179
MFI10-0001,12/02/2010,Munster Farm Insurance Ltd,"Farm policy renewal (buildings, liability, machinery, employer liability)",7771.40,0.00,7771.40,14/03/2010,EUR,,invoice,,,D01232
LV10-0002,14/02/2010,Lisheen Veterinary Clinic,Calving assistance,536.93,112.76,649.69,16/03/2010,EUR,,invoice,,IE3593885U,D01100
LV10-0029,18/02/2010,Lisheen Veterinary Clinic,Vaccines (BVD/IBR/lepto),344.95,72.44,417.39,20/03/2010,EUR,,invoice,,IE3593885U,D01127
CFP10-0032,25/02/2010,Charleville Farm Parts & Tyres Ltd,Gate and fencing repairs,231.28,48.57,279.85,27/03/2010,EUR,,invoice,,IE3017449G,D01185
CL-201002,28/02/2010,Slieve Dairy Co-Operative Society Ltd,"Co-op haulage, milk testing, levies Feb 2010",282.64,59.35,341.99,28/02/2010,EUR,deducted from MS-201002,invoice,,IE9462300P,D00103
CFP10-0009,06/03/2010,Charleville Farm Parts & Tyres Ltd,Hydraulic hoses,265.85,55.83,321.68,05/04/2010,EUR,,invoice,,IE3017449G,D01162
ES10-0003,07/03/2010,ESB Electric Supply,Electricity Mar 2010 (farm + house meter),856.28,115.60,971.88,06/04/2010,EUR,,invoice,,IE4752023D,D01212
GF10-0005,08/03/2010,Glenfern Feeds Ltd,Calf starter + milk replacer - 16.0 t,5147.68,0.00,5147.68,07/04/2010,EUR,,invoice,,IE8573822O,D01090
LD10-0001,09/03/2010,Kilbeg Livestock Mart Ltd,Mart commission and levies on LD-10-5300,134.22,28.19,162.41,09/03/2010,EUR,LD-10-5300,invoice,,IE6958430T,D04505
VF10-0003,11/03/2010,Vodafone Ireland,Mobile and broadband,134.98,28.35,163.33,10/04/2010,EUR,,invoice,,IE8398493D,D01213
HC10-0001,13/03/2010,Hegarty & Co Farm Accountants,"Accounts, tax returns and payroll year 2009",2842.80,596.99,3439.79,12/04/2010,EUR,,invoice,,IE6025428V,D01233
CFP10-0015,16/03/2010,Charleville Farm Parts & Tyres Ltd,Welding rods / steel,260.75,54.76,315.51,15/04/2010,EUR,,invoice,,IE3017449G,D01168
CFP10-0030,16/03/2010,Charleville Farm Parts & Tyres Ltd,Welding rods / steel,477.19,100.21,577.40,15/04/2010,EUR,,invoice,,IE3017449G,D01183
LV10-0009,22/03/2010,Lisheen Veterinary Clinic,Fertility scanning,312.39,65.60,377.99,21/04/2010,EUR,,invoice,,IE3593885U,D01107
LD10-0002,24/03/2010,Kilbeg Livestock Mart Ltd,Mart commission and levies on LD-10-8175,130.76,27.46,158.22,24/03/2010,EUR,LD-10-8175,invoice,,IE6958430T,D04507
LAC10-0001,25/03/2010,Lyons Agri Contracting Ltd,Baling + wrapping,2218.09,299.44,2517.53,24/04/2010,EUR,,invoice,,IE9219903D,D01138
CFP10-0022,25/03/2010,Charleville Farm Parts & Tyres Ltd,Parlour liners,560.18,117.64,677.82,24/04/2010,EUR,,invoice,,IE3017449G,D01175
LV10-0025,28/03/2010,Lisheen Veterinary Clinic,Vaccines (BVD/IBR/lepto),633.73,133.08,766.81,27/04/2010,EUR,,invoice,,IE3593885U,D01123
CL-201003,31/03/2010,Slieve Dairy Co-Operative Society Ltd,"Co-op haulage, milk testing, levies Mar 2010",477.80,100.34,578.14,31/03/2010,EUR,deducted from MS-201003,invoice,,IE9462300P,D00105
LD10-0003,02/04/2010,Kilbeg Livestock Mart Ltd,Mart commission and levies on LD-10-2128,130.45,27.39,157.84,02/04/2010,EUR,LD-10-2128,invoice,,IE6958430T,D04509
CS10-0007,07/04/2010,Slieve Dairy Co-Op Farm Stores,Ground limestone bulk spread,8232.13,1111.34,9343.47,07/05/2010,EUR,netted off milk payment,invoice,,IE8007456W,D01098
CFP10-0010,09/04/2010,Charleville Farm Parts & Tyres Ltd,Gate and fencing repairs,240.36,50.48,290.84,09/05/2010,EUR,,invoice,,IE3017449G,D01163
ES10-0004,09/04/2010,ESB Electric Supply,Electricity Apr 2010 (farm + house meter),827.08,111.66,938.74,09/05/2010,EUR,,invoice,,IE4752023D,D01214
LV10-0024,11/04/2010,Lisheen Veterinary Clinic,Dry cow therapy / sealers,456.47,95.86,552.33,11/05/2010,EUR,,invoice,,IE3593885U,D01122
CFP10-0004,11/04/2010,Charleville Farm Parts & Tyres Ltd,Hydraulic hoses,420.30,88.26,508.56,11/05/2010,EUR,,invoice,,IE3017449G,D01157
VF10-0004,11/04/2010,Vodafone Ireland,Mobile and broadband,141.70,29.76,171.46,11/05/2010,EUR,,invoice,,IE8398493D,D01215
CFP10-0019,12/04/2010,Charleville Farm Parts & Tyres Ltd,Welding rods / steel,492.04,103.33,595.37,12/05/2010,EUR,,invoice,,IE3017449G,D01172
LD10-0004,14/04/2010,Kilbeg Livestock Mart Ltd,Mart commission and levies on LD-10-6821,132.23,27.77,160.00,14/04/2010,EUR,LD-10-6821,invoice,,IE6958430T,D04511
BF10-0004,19/04/2010,Ballyhoura Fuels Ltd,"Marked gas oil, bulk delivery",1463.68,197.60,1661.28,19/05/2010,EUR,,invoice,,IE4197223U,D01149
LV10-0023,20/04/2010,Lisheen Veterinary Clinic,Mastitis treatments,754.51,158.45,912.96,20/05/2010,EUR,,invoice,,IE3593885U,D01121
CS10-0004,22/04/2010,Slieve Dairy Co-Op Farm Stores,Maize meal / soya hulls blend - 8.4 t,2703.83,0.00,2703.83,22/05/2010,EUR,netted off milk payment,invoice,,IE8007456W,D01088
LV10-0031,22/04/2010,Lisheen Veterinary Clinic,Vaccines (BVD/IBR/lepto),382.12,80.25,462.37,22/05/2010,EUR,,invoice,,IE3593885U,D01129
LD10-0005,23/04/2010,Kilbeg Livestock Mart Ltd,Mart commission and levies on LD-10-3049,133.63,28.06,161.69,23/04/2010,EUR,LD-10-3049,invoice,,IE6958430T,D04513
SG10-0003,24/04/2010,Southern Genetics Co-Op,Semen straws + AI technician service,390.00,81.90,471.90,24/05/2010,EUR,,invoice,,IE2815241Q,D01132
BF10-0007,24/04/2010,Ballyhoura Fuels Ltd,"Marked gas oil, bulk delivery",1867.82,252.16,2119.98,24/05/2010,EUR,,invoice,,IE4197223U,D01152
CFP10-0029,24/04/2010,Charleville Farm Parts & Tyres Ltd,Tyres and tubes,213.23,44.78,258.01,24/05/2010,EUR,,invoice,,IE3017449G,D01182
GF10-0007,25/04/2010,Glenfern Feeds Ltd,Calf starter + milk replacer - 8.3 t,2675.55,0.00,2675.55,25/05/2010,EUR,,invoice,,IE8573822O,D01092
BF10-0001,28/04/2010,Ballyhoura Fuels Ltd,"Marked gas oil, bulk delivery",2166.07,292.42,2458.49,28/05/2010,EUR,,invoice,,IE4197223U,D01146
CL-201004,30/04/2010,Slieve Dairy Co-Operative Society Ltd,"Co-op haulage, milk testing, levies Apr 2010",642.97,135.02,777.99,30/04/2010,EUR,deducted from MS-201004,invoice,,IE9462300P,D00107
BF10-0006,01/05/2010,Ballyhoura Fuels Ltd,"Marked gas oil, bulk delivery",1112.65,150.21,1262.86,31/05/2010,EUR,,invoice,,IE4197223U,D01151
LV10-0011,02/05/2010,Lisheen Veterinary Clinic,Herd health visit + drugs,449.42,94.38,543.80,01/06/2010,EUR,,invoice,,IE3593885U,D01109
LV10-0019,04/05/2010,Lisheen Veterinary Clinic,Herd health visit + drugs,405.91,85.24,491.15,03/06/2010,EUR,,invoice,,IE3593885U,D01117
LD10-0006,04/05/2010,Kilbeg Livestock Mart Ltd,Mart commission and levies on LD-10-5677,126.66,26.60,153.26,04/05/2010,EUR,LD-10-5677,invoice,,IE6958430T,D04515
WS10-0001,07/05/2010,County Council Water Services,"Water charges (metered, farm)",638.60,0.00,638.60,06/06/2010,EUR,,invoice,,IE7854060O,D01235
ES10-0005,08/05/2010,ESB Electric Supply,Electricity May 2010 (farm + house meter),983.10,132.72,1115.82,07/06/2010,EUR,,invoice,,IE4752023D,D01216
VF10-0005,12/05/2010,Vodafone Ireland,Mobile and broadband,133.24,27.98,161.22,11/06/2010,EUR,,invoice,,IE8398493D,D01217
CFP10-0006,13/05/2010,Charleville Farm Parts & Tyres Ltd,Tractor service parts,403.35,84.70,488.05,12/06/2010,EUR,,invoice,,IE3017449G,D01159
KA10-0002,15/05/2010,Kilcummin Agri Supplies Ltd,CAN 27% bulk spread,6631.50,895.25,7526.75,14/06/2010,EUR,,invoice,,IE2092142W,D01095
LD10-0007,17/05/2010,Kilbeg Livestock Mart Ltd,Mart commission and levies on LD-10-9572,133.50,28.04,161.54,17/05/2010,EUR,LD-10-9572,invoice,,IE6958430T,D04517
SG10-0005,21/05/2010,Southern Genetics Co-Op,Semen straws + AI technician service,505.70,106.20,611.90,20/06/2010,EUR,,invoice,,IE2815241Q,D01134
SG10-0006,23/05/2010,Southern Genetics Co-Op,Semen straws + AI technician service,872.57,183.24,1055.81,22/06/2010,EUR,,invoice,,IE2815241Q,D01135
DHS10-0009,25/05/2010,Dairy Hygiene Supplies Ltd,"Parlour detergents, teat dip, filter socks",643.68,135.17,778.85,24/06/2010,EUR,,invoice,,IE1520123Q,D01195
CL-201005,31/05/2010,Slieve Dairy Co-Operative Society Ltd,"Co-op haulage, milk testing, levies May 2010",686.53,144.17,830.70,31/05/2010,EUR,deducted from MS-201005,invoice,,IE9462300P,D00109
LV10-0022,01/06/2010,Lisheen Veterinary Clinic,Dry cow therapy / sealers,751.68,157.85,909.53,01/07/2010,EUR,,invoice,,IE3593885U,D01120
TG10-0001,03/06/2010,Teagasc,Advisory service annual fee,927.00,194.67,1121.67,03/07/2010,EUR,,invoice,,IE7259700V,D01234
CFP10-0023,07/06/2010,Charleville Farm Parts & Tyres Ltd,Gate and fencing repairs,241.51,50.72,292.23,07/07/2010,EUR,,invoice,,IE3017449G,D01176
LV10-0026,08/06/2010,Lisheen Veterinary Clinic,Herd health visit + drugs,730.21,153.34,883.55,08/07/2010,EUR,,invoice,,IE3593885U,D01124
DHS10-0008,08/06/2010,Dairy Hygiene Supplies Ltd,"Parlour detergents, teat dip, filter socks",260.70,54.75,315.45,08/07/2010,EUR,,invoice,,IE1520123Q,D01194
DT10-0001,08/06/2010,DairyTech Milking Systems Ltd,Parlour upgrade 24 to 30 units with automatic cluster removers,58000.00,12180.00,70180.00,08/07/2010,EUR,,invoice,,IE7122550D,D05093
DHS10-0010,09/06/2010,Dairy Hygiene Supplies Ltd,"Parlour detergents, teat dip, filter socks",485.09,101.87,586.96,09/07/2010,EUR,,invoice,,IE1520123Q,D01196
ES10-0006,09/06/2010,ESB Electric Supply,Electricity Jun 2010 (farm + house meter),1022.52,138.04,1160.56,09/07/2010,EUR,,invoice,,IE4752023D,D01218
VF10-0006,11/06/2010,Vodafone Ireland,Mobile and broadband,129.44,27.18,156.62,11/07/2010,EUR,,invoice,,IE8398493D,D01219
LV10-0028,12/06/2010,Lisheen Veterinary Clinic,Mastitis treatments,609.41,127.98,737.39,12/07/2010,EUR,,invoice,,IE3593885U,D01126
CFP10-0008,12/06/2010,Charleville Farm Parts & Tyres Ltd,Tyres and tubes,242.42,50.91,293.33,12/07/2010,EUR,,invoice,,IE3017449G,D01161
CFP10-0027,13/06/2010,Charleville Farm Parts & Tyres Ltd,Gate and fencing repairs,448.45,94.17,542.62,13/07/2010,EUR,,invoice,,IE3017449G,D01180
CFP10-0003,16/06/2010,Charleville Farm Parts & Tyres Ltd,Mower blades,408.64,85.81,494.45,16/07/2010,EUR,,invoice,,IE3017449G,D01156
DHS10-0011,17/06/2010,Dairy Hygiene Supplies Ltd,"Parlour detergents, teat dip, filter socks",455.52,95.66,551.18,17/07/2010,EUR,,invoice,,IE1520123Q,D01197
LV10-0014,18/06/2010,Lisheen Veterinary Clinic,Herd health visit + drugs,537.01,112.77,649.78,18/07/2010,EUR,,invoice,,IE3593885U,D01112
DHS10-0004,18/06/2010,Dairy Hygiene Supplies Ltd,"Parlour detergents, teat dip, filter socks",495.87,104.13,600.00,18/07/2010,EUR,,invoice,,IE1520123Q,D01190
SG10-0007,19/06/2010,Southern Genetics Co-Op,Semen straws + AI technician service,847.04,177.88,1024.92,19/07/2010,EUR,,invoice,,IE2815241Q,D01136
CFP10-0013,22/06/2010,Charleville Farm Parts & Tyres Ltd,Mower blades,494.89,103.93,598.82,22/07/2010,EUR,,invoice,,IE3017449G,D01166
AW10-0002,25/06/2010,AgriWrap Plastics Ltd,"Silage plastic, bale net, twine",958.88,201.36,1160.24,25/07/2010,EUR,,invoice,,IE7984856V,D01201
LV10-0018,26/06/2010,Lisheen Veterinary Clinic,Mastitis treatments,744.54,156.35,900.89,26/07/2010,EUR,,invoice,,IE3593885U,D01116
LV10-0020,26/06/2010,Lisheen Veterinary Clinic,Vaccines (BVD/IBR/lepto),421.26,88.46,509.72,26/07/2010,EUR,,invoice,,IE3593885U,D01118
CFP10-0011,27/06/2010,Charleville Farm Parts & Tyres Ltd,Mower blades,395.69,83.09,478.78,27/07/2010,EUR,,invoice,,IE3017449G,D01164
AW10-0001,27/06/2010,AgriWrap Plastics Ltd,"Silage plastic, bale net, twine",598.89,125.77,724.66,27/07/2010,EUR,,invoice,,IE7984856V,D01200
CL-201006,30/06/2010,Slieve Dairy Co-Operative Society Ltd,"Co-op haulage, milk testing, levies Jun 2010",641.27,134.67,775.94,30/06/2010,EUR,deducted from MS-201006,invoice,,IE9462300P,D00111
DT10-0002,02/07/2010,DairyTech Milking Systems Ltd,Plate cooler and variable-speed vacuum pump (energy efficient equipment),8500.00,1785.00,10285.00,01/08/2010,EUR,,invoice,,IE7122550D,D05094
SG10-0002,06/07/2010,Southern Genetics Co-Op,Semen straws + AI technician service,861.30,180.87,1042.17,05/08/2010,EUR,,invoice,,IE2815241Q,D01131
ES10-0007,08/07/2010,ESB Electric Supply,Electricity Jul 2010 (farm + house meter),923.27,124.64,1047.91,07/08/2010,EUR,,invoice,,IE4752023D,D01220
VF10-0007,11/07/2010,Vodafone Ireland,Mobile and broadband,136.51,28.67,165.18,10/08/2010,EUR,,invoice,,IE8398493D,D01221
OB10-0002,14/07/2010,O'Brien Plant Hire Ltd,Silage harvesting (2nd cut),2068.77,279.28,2348.05,13/08/2010,EUR,,invoice,,IE9729960P,D01143
DHS10-0013,15/07/2010,Dairy Hygiene Supplies Ltd,"Parlour detergents, teat dip, filter socks",339.64,71.32,410.96,14/08/2010,EUR,,invoice,,IE1520123Q,D01199
CS10-0006,16/07/2010,Slieve Dairy Co-Op Farm Stores,Ground limestone bulk spread,5745.37,775.62,6520.99,15/08/2010,EUR,netted off milk payment,invoice,,IE8007456W,D01097
LD10-0009,19/07/2010,Kilbeg Livestock Mart Ltd,Mart commission and levies on LD-10-9992,177.53,37.28,214.81,19/07/2010,EUR,LD-10-9992,invoice,,IE6958430T,D04523
OB10-0001,23/07/2010,O'Brien Plant Hire Ltd,Slurry spreading (trailing shoe),3839.49,518.33,4357.82,22/08/2010,EUR,,invoice,,IE9729960P,D01139
SG10-0004,25/07/2010,Southern Genetics Co-Op,Semen straws + AI technician service,346.61,72.79,419.40,24/08/2010,EUR,,invoice,,IE2815241Q,D01133
HF10-0004,26/07/2010,Cork Hoof Care Services,Hoof trimming / footbaths,651.34,136.78,788.12,25/08/2010,EUR,,invoice,,IE1248259R,D01206
CL-201007,31/07/2010,Slieve Dairy Co-Operative Society Ltd,"Co-op haulage, milk testing, levies Jul 2010",567.63,119.20,686.83,31/07/2010,EUR,deducted from MS-201007,invoice,,IE9462300P,D00113
BF10-0008,03/08/2010,Ballyhoura Fuels Ltd,"Marked gas oil, bulk delivery",1521.08,205.35,1726.43,02/09/2010,EUR,,invoice,,IE4197223U,D01153
AW10-0003,03/08/2010,AgriWrap Plastics Ltd,"Silage plastic, bale net, twine",518.65,108.92,627.57,02/09/2010,EUR,,invoice,,IE7984856V,D01202
LAC10-0006,05/08/2010,Lyons Agri Contracting Ltd,Silage harvesting (2nd cut),1893.50,255.62,2149.12,04/09/2010,EUR,,invoice,,IE9219903D,D01145
LV10-0021,06/08/2010,Lisheen Veterinary Clinic,Calving assistance,499.87,104.97,604.84,05/09/2010,EUR,,invoice,,IE3593885U,D01119
CFP10-0018,08/08/2010,Charleville Farm Parts & Tyres Ltd,Tractor service parts,471.14,98.94,570.08,07/09/2010,EUR,,invoice,,IE3017449G,D01171
ES10-0008,09/08/2010,ESB Electric Supply,Electricity Aug 2010 (farm + house meter),963.75,130.11,1093.86,08/09/2010,EUR,,invoice,,IE4752023D,D01222
VF10-0008,10/08/2010,Vodafone Ireland,Mobile and broadband,128.33,26.95,155.28,09/09/2010,EUR,,invoice,,IE8398493D,D01223
CFP10-0025,11/08/2010,Charleville Farm Parts & Tyres Ltd,Mower blades,397.13,83.40,480.53,10/09/2010,EUR,,invoice,,IE3017449G,D01178
DHS10-0006,23/08/2010,Dairy Hygiene Supplies Ltd,"Parlour detergents, teat dip, filter socks",560.94,117.80,678.74,22/09/2010,EUR,,invoice,,IE1520123Q,D01192
DHS10-0003,24/08/2010,Dairy Hygiene Supplies Ltd,"Parlour detergents, teat dip, filter socks",459.63,96.52,556.15,23/09/2010,EUR,,invoice,,IE1520123Q,D01189
LAC10-0005,27/08/2010,Lyons Agri Contracting Ltd,Hedge cutting,2199.16,296.89,2496.05,26/09/2010,EUR,,invoice,,IE9219903D,D01144
CL-201008,31/08/2010,Slieve Dairy Co-Operative Society Ltd,"Co-op haulage, milk testing, levies Aug 2010",507.42,106.56,613.98,31/08/2010,EUR,deducted from MS-201008,invoice,,IE9462300P,D00115
GF10-0006,02/09/2010,Glenfern Feeds Ltd,Dairy ration 16% bulk - 7.7 t,2460.56,0.00,2460.56,02/10/2010,EUR,,invoice,,IE8573822O,D01091
LV10-0017,06/09/2010,Lisheen Veterinary Clinic,Dry cow therapy / sealers,750.79,157.67,908.46,06/10/2010,EUR,,invoice,,IE3593885U,D01115
GF10-0003,07/09/2010,Glenfern Feeds Ltd,Dairy ration 18% nuts - 16.3 t,5224.39,0.00,5224.39,07/10/2010,EUR,,invoice,,IE8573822O,D01084
LV10-0006,07/09/2010,Lisheen Veterinary Clinic,Fertility scanning,282.52,59.33,341.85,07/10/2010,EUR,,invoice,,IE3593885U,D01104
ES10-0009,08/09/2010,ESB Electric Supply,Electricity Sep 2010 (farm + house meter),790.41,106.71,897.12,08/10/2010,EUR,,invoice,,IE4752023D,D01224
CFP10-0028,10/09/2010,Charleville Farm Parts & Tyres Ltd,Welding rods / steel,394.58,82.86,477.44,10/10/2010,EUR,,invoice,,IE3017449G,D01181
VF10-0009,10/09/2010,Vodafone Ireland,Mobile and broadband,151.55,31.83,183.38,10/10/2010,EUR,,invoice,,IE8398493D,D01225
LAC10-0003,19/09/2010,Lyons Agri Contracting Ltd,Slurry spreading (trailing shoe),2540.33,342.94,2883.27,19/10/2010,EUR,,invoice,,IE9219903D,D01141
CFP10-0002,19/09/2010,Charleville Farm Parts & Tyres Ltd,Tyres and tubes,456.94,95.96,552.90,19/10/2010,EUR,,invoice,,IE3017449G,D01155
LAC10-0002,22/09/2010,Lyons Agri Contracting Ltd,Silage harvesting (2nd cut),2321.97,313.47,2635.44,22/10/2010,EUR,,invoice,,IE9219903D,D01140
LAC10-0004,22/09/2010,Lyons Agri Contracting Ltd,Hedge cutting,1571.62,212.17,1783.79,22/10/2010,EUR,,invoice,,IE9219903D,D01142
CL-201009,30/09/2010,Slieve Dairy Co-Operative Society Ltd,"Co-op haulage, milk testing, levies Sep 2010",434.86,91.32,526.18,30/09/2010,EUR,deducted from MS-201009,invoice,,IE9462300P,D00117
HF10-0002,01/10/2010,Cork Hoof Care Services,Hoof trimming / footbaths,498.63,104.71,603.34,31/10/2010,EUR,,invoice,,IE1248259R,D01204
HF10-0003,04/10/2010,Cork Hoof Care Services,Hoof trimming / footbaths,585.20,122.89,708.09,03/11/2010,EUR,,invoice,,IE1248259R,D01205
CFP10-0001,06/10/2010,Charleville Farm Parts & Tyres Ltd,Tyres and tubes,536.63,112.69,649.32,05/11/2010,EUR,,invoice,,IE3017449G,D01154
CFP10-0017,07/10/2010,Charleville Farm Parts & Tyres Ltd,Parlour liners,239.60,50.32,289.92,06/11/2010,EUR,,invoice,,IE3017449G,D01170
DHS10-0005,07/10/2010,Dairy Hygiene Supplies Ltd,"Parlour detergents, teat dip, filter socks",573.02,120.33,693.35,06/11/2010,EUR,,invoice,,IE1520123Q,D01191
ES10-0010,07/10/2010,ESB Electric Supply,Electricity Oct 2010 (farm + house meter),918.94,124.06,1043.00,06/11/2010,EUR,,invoice,,IE4752023D,D01226
DHS10-0012,08/10/2010,Dairy Hygiene Supplies Ltd,"Parlour detergents, teat dip, filter socks",613.00,128.73,741.73,07/11/2010,EUR,,invoice,,IE1520123Q,D01198
BF10-0005,11/10/2010,Ballyhoura Fuels Ltd,"Marked gas oil, bulk delivery",1888.49,254.95,2143.44,10/11/2010,EUR,,invoice,,IE4197223U,D01150
LD10-0008,11/10/2010,Kilbeg Livestock Mart Ltd,Mart commission and levies on LD-10-9736,171.75,36.07,207.82,11/10/2010,EUR,LD-10-9736,invoice,,IE6958430T,D04521
VF10-0010,12/10/2010,Vodafone Ireland,Mobile and broadband,142.48,29.92,172.40,11/11/2010,EUR,,invoice,,IE8398493D,D01227
CFP10-0020,15/10/2010,Charleville Farm Parts & Tyres Ltd,Welding rods / steel,248.28,52.14,300.42,14/11/2010,EUR,,invoice,,IE3017449G,D01173
GF10-0001,16/10/2010,Glenfern Feeds Ltd,Maize meal / soya hulls blend - 13.3 t,4282.33,0.00,4282.33,15/11/2010,EUR,,invoice,,IE8573822O,D01082
LV10-0001,16/10/2010,Lisheen Veterinary Clinic,Mastitis treatments,393.83,82.70,476.53,15/11/2010,EUR,,invoice,,IE3593885U,D01099
CFP10-0021,21/10/2010,Charleville Farm Parts & Tyres Ltd,Tractor service parts,302.87,63.60,366.47,20/11/2010,EUR,,invoice,,IE3017449G,D01174
LV10-0012,24/10/2010,Lisheen Veterinary Clinic,Calving assistance,540.51,113.51,654.02,23/11/2010,EUR,,invoice,,IE3593885U,D01110
MR10-0001,24/10/2010,Munster Rendering Ltd,Fallen animal collection,164.80,34.61,199.41,23/11/2010,EUR,,invoice,,IE4033776E,D04502
BF10-0003,25/10/2010,Ballyhoura Fuels Ltd,"Marked gas oil, bulk delivery",2260.88,305.22,2566.10,24/11/2010,EUR,,invoice,,IE4197223U,D01148
CL-201010,31/10/2010,Slieve Dairy Co-Operative Society Ltd,"Co-op haulage, milk testing, levies Oct 2010",294.58,61.86,356.44,31/10/2010,EUR,deducted from MS-201010,invoice,,IE9462300P,D00119
LV10-0005,03/11/2010,Lisheen Veterinary Clinic,Vaccines (BVD/IBR/lepto),291.10,61.13,352.23,03/12/2010,EUR,,invoice,,IE3593885U,D01103
ES10-0011,03/11/2010,ESB Electric Supply,Electricity Nov 2010 (farm + house meter),949.49,128.18,1077.67,03/12/2010,EUR,,invoice,,IE4752023D,D01228
GF10-0004,05/11/2010,Glenfern Feeds Ltd,Mineral supplement - 14.1 t,4529.97,0.00,4529.97,05/12/2010,EUR,,invoice,,IE8573822O,D01089
LV10-0007,09/11/2010,Lisheen Veterinary Clinic,Herd health visit + drugs,715.99,150.36,866.35,09/12/2010,EUR,,invoice,,IE3593885U,D01105
CFP10-0024,10/11/2010,Charleville Farm Parts & Tyres Ltd,Tyres and tubes,417.41,87.66,505.07,10/12/2010,EUR,,invoice,,IE3017449G,D01177
HF10-0001,10/11/2010,Cork Hoof Care Services,Hoof trimming / footbaths,644.53,135.35,779.88,10/12/2010,EUR,,invoice,,IE1248259R,D01203
VF10-0011,11/11/2010,Vodafone Ireland,Mobile and broadband,152.62,32.05,184.67,11/12/2010,EUR,,invoice,,IE8398493D,D01229
HF10-0005,17/11/2010,Cork Hoof Care Services,Hoof trimming / footbaths,495.27,104.01,599.28,17/12/2010,EUR,,invoice,,IE1248259R,D01207
CFP10-0005,19/11/2010,Charleville Farm Parts & Tyres Ltd,Tractor service parts,367.10,77.09,444.19,19/12/2010,EUR,,invoice,,IE3017449G,D01158
LV10-0004,20/11/2010,Lisheen Veterinary Clinic,Calving assistance,639.58,134.31,773.89,20/12/2010,EUR,,invoice,,IE3593885U,D01102
CFP10-0031,20/11/2010,Charleville Farm Parts & Tyres Ltd,Welding rods / steel,466.17,97.90,564.07,20/12/2010,EUR,,invoice,,IE3017449G,D01184
DOC10-0001,20/11/2010,"T. Buckley (landlord, conacre)",Conacre rent 2010: 50 acres @ 240/acre,12000.00,0.00,12000.00,20/12/2010,EUR,,rent_receipt,,,D01236
DHS10-0001,24/11/2010,Dairy Hygiene Supplies Ltd,"Parlour detergents, teat dip, filter socks",564.71,118.59,683.30,24/12/2010,EUR,,invoice,,IE1520123Q,D01187
LV10-0003,26/11/2010,Lisheen Veterinary Clinic,Calving assistance,484.90,101.83,586.73,26/12/2010,EUR,,invoice,,IE3593885U,D01101
CL-201011,30/11/2010,Slieve Dairy Co-Operative Society Ltd,"Co-op haulage, milk testing, levies Nov 2010",180.78,37.96,218.74,30/11/2010,EUR,deducted from MS-201011,invoice,,IE9462300P,D00121
SG10-0008,08/12/2010,Southern Genetics Co-Op,Semen straws + AI technician service,543.18,114.07,657.25,07/01/2011,EUR,,invoice,,IE2815241Q,D01137
ES10-0012,09/12/2010,ESB Electric Supply,Electricity Dec 2010 (farm + house meter),886.17,119.63,1005.80,08/01/2011,EUR,,invoice,,IE4752023D,D01230
CFP10-0007,12/12/2010,Charleville Farm Parts & Tyres Ltd,Hydraulic hoses,211.70,44.46,256.16,11/01/2011,EUR,,invoice,,IE3017449G,D01160
VF10-0012,12/12/2010,Vodafone Ireland,Mobile and broadband,140.10,29.42,169.52,11/01/2011,EUR,,invoice,,IE8398493D,D01231
LV10-0008,14/12/2010,Lisheen Veterinary Clinic,Fertility scanning,603.06,126.64,729.70,13/01/2011,EUR,,invoice,,IE3593885U,D01106
PC-664,15/12/2010,P. Crowley Plant & Labour,Labour and plant hire as agreed,3500.00,0.00,3500.00,14/01/2011,EUR,,invoice,,,D05124
GF10-0002,16/12/2010,Glenfern Feeds Ltd,Dairy ration 18% nuts - 12.5 t,4000.79,0.00,4000.79,15/01/2011,EUR,,invoice,,IE8573822O,D01083
CS10-0002,17/12/2010,Slieve Dairy Co-Op Farm Stores,Dairy ration 16% bulk - 6.3 t,2028.97,0.00,2028.97,16/01/2011,EUR,netted off milk payment,invoice,,IE8007456W,D01086
PC-721,18/12/2010,P. Crowley Plant & Labour,Labour and plant hire as agreed,5000.00,0.00,5000.00,17/01/2011,EUR,,invoice,,,D05125
CS10-0003,19/12/2010,Slieve Dairy Co-Op Farm Stores,Mineral supplement - 8.5 t,2725.70,0.00,2725.70,18/01/2011,EUR,netted off milk payment,invoice,,IE8007456W,D01087
BF10-0002,24/12/2010,Ballyhoura Fuels Ltd,"Marked gas oil, bulk delivery",2047.25,276.38,2323.63,23/01/2011,EUR,,invoice,,IE4197223U,D01147
LV10-0016,25/12/2010,Lisheen Veterinary Clinic,Dry cow therapy / sealers,575.09,120.77,695.86,24/01/2011,EUR,,invoice,,IE3593885U,D01114
CL-201012,31/12/2010,Slieve Dairy Co-Operative Society Ltd,"Co-op haulage, milk testing, levies Dec 2010",104.79,22.01,126.80,31/12/2010,EUR,deducted from MS-201012,invoice,,IE9462300P,D00123
DHS11-0008,03/01/2011,Dairy Hygiene Supplies Ltd,"Parlour detergents, teat dip, filter socks",330.10,69.32,399.42,02/02/2011,EUR,,invoice,,IE1520123Q,D01354
GF11-0006,06/01/2011,Glenfern Feeds Ltd,Maize meal / soya hulls blend - 12.9 t,5020.62,0.00,5020.62,05/02/2011,EUR,,invoice,,IE8573822O,D01249
ES11-0001,08/01/2011,ESB Electric Supply,Electricity Jan 2011 (farm + house meter),1065.51,143.84,1209.35,07/02/2011,EUR,,invoice,,IE4752023D,D01368
CN-LV10-0008,11/01/2011,Lisheen Veterinary Clinic,Credit note: returned / short delivered goods against LV10-0008,120.61,25.32,145.93,13/01/2011,EUR,,credit_note,,IE3593885U,D05148
VF11-0001,12/01/2011,Vodafone Ireland,Mobile and broadband,144.74,30.40,175.14,11/02/2011,EUR,,invoice,,IE8398493D,D01369
CS11-0004,14/01/2011,Slieve Dairy Co-Op Farm Stores,Mineral supplement - 11.5 t,4502.01,0.00,4502.01,13/02/2011,EUR,netted off milk payment,invoice,,IE8007456W,D01242
CFP11-0002,21/01/2011,Charleville Farm Parts & Tyres Ltd,Parlour liners,448.26,94.13,542.39,20/02/2011,EUR,,invoice,,IE3017449G,D01315
GF11-0002,25/01/2011,Glenfern Feeds Ltd,Dairy ration 18% nuts - 11.5 t,4476.94,0.00,4476.94,24/02/2011,EUR,,invoice,,IE8573822O,D01241
CL-201101,31/01/2011,Slieve Dairy Co-Operative Society Ltd,"Co-op haulage, milk testing, levies Jan 2011",145.51,30.56,176.07,31/01/2011,EUR,deducted from MS-201101,invoice,,IE9462300P,D00125
LV11-0014,04/02/2011,Lisheen Veterinary Clinic,Vaccines (BVD/IBR/lepto),376.43,79.05,455.48,06/03/2011,EUR,,invoice,,IE3593885U,D01270
CFP11-0025,05/02/2011,Charleville Farm Parts & Tyres Ltd,Tyres and tubes,311.81,65.48,377.29,07/03/2011,EUR,,invoice,,IE3017449G,D01338
ES11-0002,05/02/2011,ESB Electric Supply,Electricity Feb 2011 (farm + house meter),819.90,110.69,930.59,07/03/2011,EUR,,invoice,,IE4752023D,D01370
LV11-0011,06/02/2011,Lisheen Veterinary Clinic,Vaccines (BVD/IBR/lepto),706.97,148.46,855.43,08/03/2011,EUR,,invoice,,IE3593885U,D01267
MFI11-0001,08/02/2011,Munster Farm Insurance Ltd,"Farm policy renewal (buildings, liability, machinery, employer liability)",7838.10,0.00,7838.10,10/03/2011,EUR,,invoice,,,D01392
LV11-0001,11/02/2011,Lisheen Veterinary Clinic,Dry cow therapy / sealers,633.38,133.01,766.39,13/03/2011,EUR,,invoice,,IE3593885U,D01257
VF11-0002,11/02/2011,Vodafone Ireland,Mobile and broadband,150.31,31.57,181.88,13/03/2011,EUR,,invoice,,IE8398493D,D01371
CFP11-0030,12/02/2011,Charleville Farm Parts & Tyres Ltd,Welding rods / steel,435.41,91.44,526.85,14/03/2011,EUR,,invoice,,IE3017449G,D01343
LV11-0012,18/02/2011,Lisheen Veterinary Clinic,Calving assistance,447.75,94.03,541.78,20/03/2011,EUR,,invoice,,IE3593885U,D01268
LV11-0030,20/02/2011,Lisheen Veterinary Clinic,Calving assistance,506.11,106.28,612.39,22/03/2011,EUR,,invoice,,IE3593885U,D01286
LV11-0023,25/02/2011,Lisheen Veterinary Clinic,Calving assistance,456.26,95.81,552.07,27/03/2011,EUR,,invoice,,IE3593885U,D01279
BF11-0007,25/02/2011,Ballyhoura Fuels Ltd,"Marked gas oil, bulk delivery",1613.06,217.76,1830.82,27/03/2011,EUR,,invoice,,IE4197223U,D01310
LV11-0021,26/02/2011,Lisheen Veterinary Clinic,Dry cow therapy / sealers,544.12,114.27,658.39,28/03/2011,EUR,,invoice,,IE3593885U,D01277
CL-201102,28/02/2011,Slieve Dairy Co-Operative Society Ltd,"Co-op haulage, milk testing, levies Feb 2011",283.14,59.46,342.60,28/02/2011,EUR,deducted from MS-201102,invoice,,IE9462300P,D00127
KA11-0001,01/03/2011,Kilcummin Agri Supplies Ltd,Pasture sward 24-2.5-10 bulk spread,6733.14,908.97,7642.11,31/03/2011,EUR,,invoice,,IE2092142W,D01255
LAC11-0002,02/03/2011,Lyons Agri Contracting Ltd,Hedge cutting,2961.83,399.85,3361.68,01/04/2011,EUR,,invoice,,IE9219903D,D01300
CFP11-0001,02/03/2011,Charleville Farm Parts & Tyres Ltd,Gate and fencing repairs,318.05,66.79,384.84,01/04/2011,EUR,,invoice,,IE3017449G,D01314
LV11-0005,03/03/2011,Lisheen Veterinary Clinic,Vaccines (BVD/IBR/lepto),702.68,147.56,850.24,02/04/2011,EUR,,invoice,,IE3593885U,D01261
SG11-0004,03/03/2011,Southern Genetics Co-Op,Semen straws + AI technician service,537.74,112.93,650.67,02/04/2011,EUR,,invoice,,IE2815241Q,D01291
LAC11-0001,03/03/2011,Lyons Agri Contracting Ltd,Silage harvesting (1st cut),2909.52,392.79,3302.31,02/04/2011,EUR,,invoice,,IE9219903D,D01299
CFP11-0022,03/03/2011,Charleville Farm Parts & Tyres Ltd,Mower blades,397.37,83.45,480.82,02/04/2011,EUR,,invoice,,IE3017449G,D01335
ES11-0003,03/03/2011,ESB Electric Supply,Electricity Mar 2011 (farm + house meter),1039.56,140.34,1179.90,02/04/2011,EUR,,invoice,,IE4752023D,D01372
CFP11-0008,05/03/2011,Charleville Farm Parts & Tyres Ltd,Hydraulic hoses,424.08,89.06,513.14,04/04/2011,EUR,,invoice,,IE3017449G,D01321
CFP11-0020,05/03/2011,Charleville Farm Parts & Tyres Ltd,Tyres and tubes,218.76,45.94,264.70,04/04/2011,EUR,,invoice,,IE3017449G,D01333
DHS11-0002,05/03/2011,Dairy Hygiene Supplies Ltd,"Parlour detergents, teat dip, filter socks",312.02,65.52,377.54,04/04/2011,EUR,,invoice,,IE1520123Q,D01348
CFP11-0032,06/03/2011,Charleville Farm Parts & Tyres Ltd,Gate and fencing repairs,515.85,108.33,624.18,05/04/2011,EUR,,invoice,,IE3017449G,D01345
HC11-0001,07/03/2011,Hegarty & Co Farm Accountants,"Accounts, tax returns and payroll year 2010",2898.00,608.58,3506.58,06/04/2011,EUR,,invoice,,IE6025428V,D01393
MR11-0001,10/03/2011,Munster Rendering Ltd,Fallen animal collection,115.50,24.26,139.76,09/04/2011,EUR,,invoice,,IE4033776E,D04525
BF11-0005,11/03/2011,Ballyhoura Fuels Ltd,"Marked gas oil, bulk delivery",2030.17,274.07,2304.24,10/04/2011,EUR,,invoice,,IE4197223U,D01308
VF11-0003,11/03/2011,Vodafone Ireland,Mobile and broadband,153.22,32.18,185.40,10/04/2011,EUR,,invoice,,IE8398493D,D01373
LD11-0001,14/03/2011,Kilbeg Livestock Mart Ltd,Mart commission and levies on LD-11-9365,153.18,32.17,185.35,14/03/2011,EUR,LD-11-9365,invoice,,IE6958430T,D04528
LV11-0017,17/03/2011,Lisheen Veterinary Clinic,Mastitis treatments,743.76,156.19,899.95,16/04/2011,EUR,,invoice,,IE3593885U,D01273
LV11-0006,18/03/2011,Lisheen Veterinary Clinic,Calving assistance,305.59,64.17,369.76,17/04/2011,EUR,,invoice,,IE3593885U,D01262
MR11-0002,19/03/2011,Munster Rendering Ltd,Fallen animal collection,99.75,20.95,120.70,18/04/2011,EUR,,invoice,,IE4033776E,D04526
CFP11-0017,22/03/2011,Charleville Farm Parts & Tyres Ltd,Hydraulic hoses,499.79,104.96,604.75,21/04/2011,EUR,,invoice,,IE3017449G,D01330
GF11-0003,23/03/2011,Glenfern Feeds Ltd,Dairy ration 16% bulk - 11.4 t,4439.94,0.00,4439.94,22/04/2011,EUR,,invoice,,IE8573822O,D01243
DHS11-0006,23/03/2011,Dairy Hygiene Supplies Ltd,"Parlour detergents, teat dip, filter socks",426.22,89.51,515.73,22/04/2011,EUR,,invoice,,IE1520123Q,D01352
LV11-0028,25/03/2011,Lisheen Veterinary Clinic,Vaccines (BVD/IBR/lepto),672.96,141.32,814.28,24/04/2011,EUR,,invoice,,IE3593885U,D01284
LV11-0004,26/03/2011,Lisheen Veterinary Clinic,Dry cow therapy / sealers,675.86,141.93,817.79,25/04/2011,EUR,,invoice,,IE3593885U,D01260
OB11-0003,26/03/2011,O'Brien Plant Hire Ltd,Slurry spreading (trailing shoe),2443.14,329.82,2772.96,25/04/2011,EUR,,invoice,,IE9729960P,D01298
CFP11-0014,26/03/2011,Charleville Farm Parts & Tyres Ltd,Parlour liners,219.68,46.13,265.81,25/04/2011,EUR,,invoice,,IE3017449G,D01327
LD11-0002,28/03/2011,Kilbeg Livestock Mart Ltd,Mart commission and levies on LD-11-1409,152.84,32.10,184.94,28/03/2011,EUR,LD-11-1409,invoice,,IE6958430T,D04530
CL-201103,31/03/2011,Slieve Dairy Co-Operative Society Ltd,"Co-op haulage, milk testing, levies Mar 2011",481.38,101.09,582.47,31/03/2011,EUR,deducted from MS-201103,invoice,,IE9462300P,D00129
SL-2011,31/03/2011,Slieve Dairy Co-Operative Society Ltd,Milk quota super-levy assessment 2010/11 (over-production),9800.00,0.00,9800.00,31/03/2011,EUR,deducted from MS-201103,invoice,,IE9462300P,D00130
LD11-0003,04/04/2011,Kilbeg Livestock Mart Ltd,Mart commission and levies on LD-11-1843,162.70,34.17,196.87,04/04/2011,EUR,LD-11-1843,invoice,,IE6958430T,D04532
SG11-0002,05/04/2011,Southern Genetics Co-Op,Semen straws + AI technician service,522.63,109.75,632.38,05/05/2011,EUR,,invoice,,IE2815241Q,D01289
LV11-0016,07/04/2011,Lisheen Veterinary Clinic,Herd health visit + drugs,432.12,90.75,522.87,07/05/2011,EUR,,invoice,,IE3593885U,D01272
ES11-0004,07/04/2011,ESB Electric Supply,Electricity Apr 2011 (farm + house meter),1049.90,141.74,1191.64,07/05/2011,EUR,,invoice,,IE4752023D,D01374
CFP11-0027,09/04/2011,Charleville Farm Parts & Tyres Ltd,Gate and fencing repairs,236.93,49.76,286.69,09/05/2011,EUR,,invoice,,IE3017449G,D01340
CS11-0011,10/04/2011,Slieve Dairy Co-Op Farm Stores,Ground limestone bulk spread,5104.41,689.10,5793.51,10/05/2011,EUR,netted off milk payment,invoice,,IE8007456W,D01254
VF11-0004,10/04/2011,Vodafone Ireland,Mobile and broadband,137.39,28.85,166.24,10/05/2011,EUR,,invoice,,IE8398493D,D01375
LV11-0019,11/04/2011,Lisheen Veterinary Clinic,Herd health visit + drugs,686.94,144.26,831.20,11/05/2011,EUR,,invoice,,IE3593885U,D01275
CFP11-0026,13/04/2011,Charleville Farm Parts & Tyres Ltd,Welding rods / steel,568.32,119.35,687.67,13/05/2011,EUR,,invoice,,IE3017449G,D01339
SG11-0001,16/04/2011,Southern Genetics Co-Op,Semen straws + AI technician service,581.32,122.08,703.40,16/05/2011,EUR,,invoice,,IE2815241Q,D01288
CFP11-0023,16/04/2011,Charleville Farm Parts & Tyres Ltd,Gate and fencing repairs,254.87,53.52,308.39,16/05/2011,EUR,,invoice,,IE3017449G,D01336
CS11-0002,19/04/2011,Slieve Dairy Co-Op Farm Stores,Calf starter + milk replacer - 8.1 t,3166.26,0.00,3166.26,19/05/2011,EUR,netted off milk payment,invoice,,IE8007456W,D01238
KA11-0002,19/04/2011,Kilcummin Agri Supplies Ltd,CAN 27% bulk spread,4680.71,631.90,5312.61,19/05/2011,EUR,,invoice,,IE2092142W,D01256
LD11-0004,19/04/2011,Kilbeg Livestock Mart Ltd,Mart commission and levies on LD-11-7174,158.51,33.29,191.80,19/04/2011,EUR,LD-11-7174,invoice,,IE6958430T,D04534
OB11-0005,21/04/2011,O'Brien Plant Hire Ltd,Slurry spreading (trailing shoe),1623.16,219.13,1842.29,21/05/2011,EUR,,invoice,,IE9729960P,D01303
CS11-0010,26/04/2011,Slieve Dairy Co-Op Farm Stores,CAN 27% bulk spread,4986.87,673.23,5660.10,26/05/2011,EUR,netted off milk payment,invoice,,IE8007456W,D01253
DHS11-0007,28/04/2011,Dairy Hygiene Supplies Ltd,"Parlour detergents, teat dip, filter socks",268.14,56.31,324.45,28/05/2011,EUR,,invoice,,IE1520123Q,D01353
CL-201104,30/04/2011,Slieve Dairy Co-Operative Society Ltd,"Co-op haulage, milk testing, levies Apr 2011",660.78,138.76,799.54,30/04/2011,EUR,deducted from MS-201104,invoice,,IE9462300P,D00132
LD11-0005,02/05/2011,Kilbeg Livestock Mart Ltd,Mart commission and levies on LD-11-2922,159.07,33.40,192.47,02/05/2011,EUR,LD-11-2922,invoice,,IE6958430T,D04536
CFP11-0010,04/05/2011,Charleville Farm Parts & Tyres Ltd,Welding rods / steel,300.60,63.13,363.73,03/06/2011,EUR,,invoice,,IE3017449G,D01323
LV11-0026,05/05/2011,Lisheen Veterinary Clinic,Fertility scanning,503.56,105.75,609.31,04/06/2011,EUR,,invoice,,IE3593885U,D01282
ES11-0005,05/05/2011,ESB Electric Supply,Electricity May 2011 (farm + house meter),978.70,132.12,1110.82,04/06/2011,EUR,,invoice,,IE4752023D,D01376
SG11-0007,08/05/2011,Southern Genetics Co-Op,Semen straws + AI technician service,627.10,131.69,758.79,07/06/2011,EUR,,invoice,,IE2815241Q,D01294
CFP11-0033,11/05/2011,Charleville Farm Parts & Tyres Ltd,Hydraulic hoses,313.18,65.77,378.95,10/06/2011,EUR,,invoice,,IE3017449G,D01346
VF11-0005,12/05/2011,Vodafone Ireland,Mobile and broadband,152.71,32.07,184.78,11/06/2011,EUR,,invoice,,IE8398493D,D01377
WS11-0001,13/05/2011,County Council Water Services,"Water charges (metered, farm)",651.00,0.00,651.00,12/06/2011,EUR,,invoice,,IE7854060O,D01395
BF11-0009,16/05/2011,Ballyhoura Fuels Ltd,"Marked gas oil, bulk delivery",1867.39,252.10,2119.49,15/06/2011,EUR,,invoice,,IE4197223U,D01312
LD11-0006,16/05/2011,Kilbeg Livestock Mart Ltd,Mart commission and levies on LD-11-7167,144.46,30.34,174.80,16/05/2011,EUR,LD-11-7167,invoice,,IE6958430T,D04538
DHS11-0013,21/05/2011,Dairy Hygiene Supplies Ltd,"Parlour detergents, teat dip, filter socks",605.70,127.20,732.90,20/06/2011,EUR,,invoice,,IE1520123Q,D01359
LV11-0024,23/05/2011,Lisheen Veterinary Clinic,Vaccines (BVD/IBR/lepto),700.59,147.12,847.71,22/06/2011,EUR,,invoice,,IE3593885U,D01280
BF11-0006,23/05/2011,Ballyhoura Fuels Ltd,"Marked gas oil, bulk delivery",2100.75,283.60,2384.35,22/06/2011,EUR,,invoice,,IE4197223U,D01309
CL-201105,31/05/2011,Slieve Dairy Co-Operative Society Ltd,"Co-op haulage, milk testing, levies May 2011",654.10,137.36,791.46,31/05/2011,EUR,deducted from MS-201105,invoice,,IE9462300P,D00134
TG11-0001,01/06/2011,Teagasc,Advisory service annual fee,945.00,198.45,1143.45,01/07/2011,EUR,,invoice,,IE7259700V,D01394
CS11-0008,06/06/2011,Slieve Dairy Co-Op Farm Stores,Ground limestone bulk spread,6600.66,891.09,7491.75,06/07/2011,EUR,netted off milk payment,invoice,,IE8007456W,D01251
ES11-0006,07/06/2011,ESB Electric Supply,Electricity Jun 2011 (farm + house meter),942.85,127.28,1070.13,07/07/2011,EUR,,invoice,,IE4752023D,D01378
CFP11-0016,08/06/2011,Charleville Farm Parts & Tyres Ltd,Hydraulic hoses,493.82,103.70,597.52,08/07/2011,EUR,,invoice,,IE3017449G,D01329
CFP11-0029,11/06/2011,Charleville Farm Parts & Tyres Ltd,Tyres and tubes,371.10,77.93,449.03,11/07/2011,EUR,,invoice,,IE3017449G,D01342
VF11-0006,12/06/2011,Vodafone Ireland,Mobile and broadband,138.56,29.10,167.66,12/07/2011,EUR,,invoice,,IE8398493D,D01379
SG11-0003,14/06/2011,Southern Genetics Co-Op,Semen straws + AI technician service,831.97,174.71,1006.68,14/07/2011,EUR,,invoice,,IE2815241Q,D01290
CFP11-0006,15/06/2011,Charleville Farm Parts & Tyres Ltd,Parlour liners,367.25,77.12,444.37,15/07/2011,EUR,,invoice,,IE3017449G,D01319
SG11-0005,16/06/2011,Southern Genetics Co-Op,Semen straws + AI technician service,569.13,119.52,688.65,16/07/2011,EUR,,invoice,,IE2815241Q,D01292
DHS11-0001,16/06/2011,Dairy Hygiene Supplies Ltd,"Parlour detergents, teat dip, filter socks",336.03,70.57,406.60,16/07/2011,EUR,,invoice,,IE1520123Q,D01347
OB11-0004,17/06/2011,O'Brien Plant Hire Ltd,Hedge cutting,4066.49,548.98,4615.47,17/07/2011,EUR,,invoice,,IE9729960P,D01302
CFP11-0005,18/06/2011,Charleville Farm Parts & Tyres Ltd,Gate and fencing repairs,379.76,79.75,459.51,18/07/2011,EUR,,invoice,,IE3017449G,D01318
SG11-0006,19/06/2011,Southern Genetics Co-Op,Semen straws + AI technician service,842.18,176.86,1019.04,19/07/2011,EUR,,invoice,,IE2815241Q,D01293
CL-201106,30/06/2011,Slieve Dairy Co-Operative Society Ltd,"Co-op haulage, milk testing, levies Jun 2011",622.14,130.65,752.79,30/06/2011,EUR,deducted from MS-201106,invoice,,IE9462300P,D00136
CFP11-0007,06/07/2011,Charleville Farm Parts & Tyres Ltd,Parlour liners,241.03,50.62,291.65,05/08/2011,EUR,,invoice,,IE3017449G,D01320
ES11-0007,06/07/2011,ESB Electric Supply,Electricity Jul 2011 (farm + house meter),945.57,127.65,1073.22,05/08/2011,EUR,,invoice,,IE4752023D,D01380
CFP11-0019,08/07/2011,Charleville Farm Parts & Tyres Ltd,Welding rods / steel,556.82,116.93,673.75,07/08/2011,EUR,,invoice,,IE3017449G,D01332
DHS11-0012,09/07/2011,Dairy Hygiene Supplies Ltd,"Parlour detergents, teat dip, filter socks",455.08,95.57,550.65,08/08/2011,EUR,,invoice,,IE1520123Q,D01358
AW11-0001,10/07/2011,AgriWrap Plastics Ltd,"Silage plastic, bale net, twine",1306.87,274.44,1581.31,09/08/2011,EUR,,invoice,,IE7984856V,D01360
VF11-0007,10/07/2011,Vodafone Ireland,Mobile and broadband,132.88,27.90,160.78,09/08/2011,EUR,,invoice,,IE8398493D,D01381
CFP11-0003,11/07/2011,Charleville Farm Parts & Tyres Ltd,Gate and fencing repairs,268.50,56.38,324.88,10/08/2011,EUR,,invoice,,IE3017449G,D01316
CN-CFP11-0005,14/07/2011,Charleville Farm Parts & Tyres Ltd,Credit note: returned / short delivered goods against CFP11-0005,132.91,27.91,160.82,18/07/2011,EUR,,credit_note,,IE3017449G,D05150
CS11-0001,19/07/2011,Slieve Dairy Co-Op Farm Stores,Calf starter + milk replacer - 6.7 t,2603.63,0.00,2603.63,18/08/2011,EUR,netted off milk payment,invoice,,IE8007456W,D01237
CFP11-0018,19/07/2011,Charleville Farm Parts & Tyres Ltd,Mower blades,421.13,88.44,509.57,18/08/2011,EUR,,invoice,,IE3017449G,D01331
CFP11-0015,21/07/2011,Charleville Farm Parts & Tyres Ltd,Mower blades,301.71,63.36,365.07,20/08/2011,EUR,,invoice,,IE3017449G,D01328
LV11-0010,22/07/2011,Lisheen Veterinary Clinic,Dry cow therapy / sealers,718.87,150.96,869.83,21/08/2011,EUR,,invoice,,IE3593885U,D01266
HF11-0005,24/07/2011,Cork Hoof Care Services,Hoof trimming / footbaths,714.70,150.09,864.79,23/08/2011,EUR,,invoice,,IE1248259R,D01367
CS11-0009,25/07/2011,Slieve Dairy Co-Op Farm Stores,18-6-12 compound bulk spread,3726.67,503.10,4229.77,24/08/2011,EUR,netted off milk payment,invoice,,IE8007456W,D01252
CL-201107,31/07/2011,Slieve Dairy Co-Operative Society Ltd,"Co-op haulage, milk testing, levies Jul 2011",584.42,122.73,707.15,31/07/2011,EUR,deducted from MS-201107,invoice,,IE9462300P,D00138
AW11-0003,01/08/2011,AgriWrap Plastics Ltd,"Silage plastic, bale net, twine",1251.37,262.79,1514.16,31/08/2011,EUR,,invoice,,IE7984856V,D01362
DHS11-0011,07/08/2011,Dairy Hygiene Supplies Ltd,"Parlour detergents, teat dip, filter socks",433.96,91.13,525.09,06/09/2011,EUR,,invoice,,IE1520123Q,D01357
ES11-0008,09/08/2011,ESB Electric Supply,Electricity Aug 2011 (farm + house meter),1047.62,141.43,1189.05,08/09/2011,EUR,,invoice,,IE4752023D,D01382
VF11-0008,10/08/2011,Vodafone Ireland,Mobile and broadband,136.45,28.65,165.10,09/09/2011,EUR,,invoice,,IE8398493D,D01383
CFP11-0012,11/08/2011,Charleville Farm Parts & Tyres Ltd,Mower blades,230.27,48.36,278.63,10/09/2011,EUR,,invoice,,IE3017449G,D01325
OB11-0002,15/08/2011,O'Brien Plant Hire Ltd,Slurry spreading (trailing shoe),2543.18,343.33,2886.51,14/09/2011,EUR,,invoice,,IE9729960P,D01297
LV11-0025,17/08/2011,Lisheen Veterinary Clinic,Mastitis treatments,344.57,72.36,416.93,16/09/2011,EUR,,invoice,,IE3593885U,D01281
DHS11-0010,17/08/2011,Dairy Hygiene Supplies Ltd,"Parlour detergents, teat dip, filter socks",508.16,106.71,614.87,16/09/2011,EUR,,invoice,,IE1520123Q,D01356
LV11-0018,18/08/2011,Lisheen Veterinary Clinic,Fertility scanning,688.73,144.63,833.36,17/09/2011,EUR,,invoice,,IE3593885U,D01274
BF11-0003,21/08/2011,Ballyhoura Fuels Ltd,"Marked gas oil, bulk delivery",1292.66,174.51,1467.17,20/09/2011,EUR,,invoice,,IE4197223U,D01306
CFP11-0021,22/08/2011,Charleville Farm Parts & Tyres Ltd,Hydraulic hoses,360.90,75.79,436.69,21/09/2011,EUR,,invoice,,IE3017449G,D01334
LV11-0007,24/08/2011,Lisheen Veterinary Clinic,Calving assistance,712.59,149.64,862.23,23/09/2011,EUR,,invoice,,IE3593885U,D01263
CL-201108,31/08/2011,Slieve Dairy Co-Operative Society Ltd,"Co-op haulage, milk testing, levies Aug 2011",505.42,106.14,611.56,31/08/2011,EUR,deducted from MS-201108,invoice,,IE9462300P,D00140
BF11-0001,01/09/2011,Ballyhoura Fuels Ltd,"Marked gas oil, bulk delivery",883.99,119.34,1003.33,01/10/2011,EUR,,invoice,,IE4197223U,D01304
DHS11-0009,02/09/2011,Dairy Hygiene Supplies Ltd,"Parlour detergents, teat dip, filter socks",512.74,107.68,620.42,02/10/2011,EUR,,invoice,,IE1520123Q,D01355
LV11-0003,05/09/2011,Lisheen Veterinary Clinic,Dry cow therapy / sealers,346.08,72.68,418.76,05/10/2011,EUR,,invoice,,IE3593885U,D01259
AW11-0002,05/09/2011,AgriWrap Plastics Ltd,"Silage plastic, bale net, twine",918.62,192.91,1111.53,05/10/2011,EUR,,invoice,,IE7984856V,D01361
ES11-0009,06/09/2011,ESB Electric Supply,Electricity Sep 2011 (farm + house meter),1099.40,148.42,1247.82,06/10/2011,EUR,,invoice,,IE4752023D,D01384
OB11-0001,10/09/2011,O'Brien Plant Hire Ltd,Silage harvesting (1st cut),2809.06,379.22,3188.28,10/10/2011,EUR,,invoice,,IE9729960P,D01296
VF11-0009,12/09/2011,Vodafone Ireland,Mobile and broadband,155.28,32.61,187.89,12/10/2011,EUR,,invoice,,IE8398493D,D01385
CFP11-0031,18/09/2011,Charleville Farm Parts & Tyres Ltd,Welding rods / steel,391.50,82.22,473.72,18/10/2011,EUR,,invoice,,IE3017449G,D01344
CFP11-0009,23/09/2011,Charleville Farm Parts & Tyres Ltd,Hydraulic hoses,424.73,89.19,513.92,23/10/2011,EUR,,invoice,,IE3017449G,D01322
CFP11-0013,23/09/2011,Charleville Farm Parts & Tyres Ltd,Parlour liners,473.67,99.47,573.14,23/10/2011,EUR,,invoice,,IE3017449G,D01326
LV11-0013,28/09/2011,Lisheen Veterinary Clinic,Herd health visit + drugs,427.17,89.71,516.88,28/10/2011,EUR,,invoice,,IE3593885U,D01269
CL-201109,30/09/2011,Slieve Dairy Co-Operative Society Ltd,"Co-op haulage, milk testing, levies Sep 2011",431.36,90.59,521.95,30/09/2011,EUR,deducted from MS-201109,invoice,,IE9462300P,D00142
HF11-0001,01/10/2011,Cork Hoof Care Services,Hoof trimming / footbaths,951.30,199.77,1151.07,31/10/2011,EUR,,invoice,,IE1248259R,D01363
CFP11-0004,02/10/2011,Charleville Farm Parts & Tyres Ltd,Tyres and tubes,295.46,62.05,357.51,01/11/2011,EUR,,invoice,,IE3017449G,D01317
ES11-0010,06/10/2011,ESB Electric Supply,Electricity Oct 2011 (farm + house meter),1081.24,145.97,1227.21,05/11/2011,EUR,,invoice,,IE4752023D,D01386
BF11-0010,11/10/2011,Ballyhoura Fuels Ltd,"Marked gas oil, bulk delivery",2024.04,273.25,2297.29,10/11/2011,EUR,,invoice,,IE4197223U,D01313
VF11-0010,11/10/2011,Vodafone Ireland,Mobile and broadband,149.78,31.45,181.23,10/11/2011,EUR,,invoice,,IE8398493D,D01387
GF11-0004,12/10/2011,Glenfern Feeds Ltd,Mineral supplement - 5.5 t,2161.55,0.00,2161.55,11/11/2011,EUR,,invoice,,IE8573822O,D01244
LV11-0027,12/10/2011,Lisheen Veterinary Clinic,Vaccines (BVD/IBR/lepto),677.19,142.21,819.40,11/11/2011,EUR,,invoice,,IE3593885U,D01283
LV11-0015,14/10/2011,Lisheen Veterinary Clinic,Calving assistance,603.36,126.71,730.07,13/11/2011,EUR,,invoice,,IE3593885U,D01271
LV11-0009,18/10/2011,Lisheen Veterinary Clinic,Herd health visit + drugs,601.77,126.37,728.14,17/11/2011,EUR,,invoice,,IE3593885U,D01265
CL-201110,31/10/2011,Slieve Dairy Co-Operative Society Ltd,"Co-op haulage, milk testing, levies Oct 2011",298.29,62.64,360.93,31/10/2011,EUR,deducted from MS-201110,invoice,,IE9462300P,D00144
ES11-0011,03/11/2011,ESB Electric Supply,Electricity Nov 2011 (farm + house meter),993.09,134.07,1127.16,03/12/2011,EUR,,invoice,,IE4752023D,D01388
HF11-0004,04/11/2011,Cork Hoof Care Services,Hoof trimming / footbaths,572.66,120.26,692.92,04/12/2011,EUR,,invoice,,IE1248259R,D01366
CS11-0007,06/11/2011,Slieve Dairy Co-Op Farm Stores,Dairy ration 16% bulk - 11.8 t,4599.88,0.00,4599.88,06/12/2011,EUR,netted off milk payment,invoice,,IE8007456W,D01247
HF11-0003,06/11/2011,Cork Hoof Care Services,Hoof trimming / footbaths,881.77,185.17,1066.94,06/12/2011,EUR,,invoice,,IE1248259R,D01365
LAC11-0003,07/11/2011,Lyons Agri Contracting Ltd,Reseeding / ploughing,1525.16,205.90,1731.06,07/12/2011,EUR,,invoice,,IE9219903D,D01301
DHS11-0003,10/11/2011,Dairy Hygiene Supplies Ltd,"Parlour detergents, teat dip, filter socks",642.98,135.03,778.01,10/12/2011,EUR,,invoice,,IE1520123Q,D01349
VF11-0011,11/11/2011,Vodafone Ireland,Mobile and broadband,144.89,30.43,175.32,11/12/2011,EUR,,invoice,,IE8398493D,D01389
DHS11-0005,12/11/2011,Dairy Hygiene Supplies Ltd,"Parlour detergents, teat dip, filter socks",304.37,63.92,368.29,12/12/2011,EUR,,invoice,,IE1520123Q,D01351
CFP11-0011,14/11/2011,Charleville Farm Parts & Tyres Ltd,Hydraulic hoses,305.70,64.20,369.90,14/12/2011,EUR,,invoice,,IE3017449G,D01324
CS11-0005,16/11/2011,Slieve Dairy Co-Op Farm Stores,Calf starter + milk replacer - 13.8 t,5394.12,0.00,5394.12,16/12/2011,EUR,netted off milk payment,invoice,,IE8007456W,D01245
LV11-0002,16/11/2011,Lisheen Veterinary Clinic,Herd health visit + drugs,342.67,71.96,414.63,16/12/2011,EUR,,invoice,,IE3593885U,D01258
LV11-0020,18/11/2011,Lisheen Veterinary Clinic,Mastitis treatments,310.98,65.31,376.29,18/12/2011,EUR,,invoice,,IE3593885U,D01276
CFP11-0028,18/11/2011,Charleville Farm Parts & Tyres Ltd,Gate and fencing repairs,457.74,96.13,553.87,18/12/2011,EUR,,invoice,,IE3017449G,D01341
CS11-0003,19/11/2011,Slieve Dairy Co-Op Farm Stores,Dairy ration 16% bulk - 11.6 t,4530.71,0.00,4530.71,19/12/2011,EUR,netted off milk payment,invoice,,IE8007456W,D01240
HF11-0002,19/11/2011,Cork Hoof Care Services,Hoof trimming / footbaths,569.32,119.56,688.88,19/12/2011,EUR,,invoice,,IE1248259R,D01364
GF11-0007,20/11/2011,Glenfern Feeds Ltd,Mineral supplement - 9.6 t,3743.77,0.00,3743.77,20/12/2011,EUR,,invoice,,IE8573822O,D01250
LV11-0008,20/11/2011,Lisheen Veterinary Clinic,Calving assistance,364.24,76.49,440.73,20/12/2011,EUR,,invoice,,IE3593885U,D01264
BF11-0002,20/11/2011,Ballyhoura Fuels Ltd,"Marked gas oil, bulk delivery",933.54,126.03,1059.57,20/12/2011,EUR,,invoice,,IE4197223U,D01305
BF11-0008,20/11/2011,Ballyhoura Fuels Ltd,"Marked gas oil, bulk delivery",1945.02,262.58,2207.60,20/12/2011,EUR,,invoice,,IE4197223U,D01311
DOC11-0001,20/11/2011,"T. Buckley (landlord, conacre)",Conacre rent 2011: 50 acres @ 250/acre,12500.00,0.00,12500.00,20/12/2011,EUR,,rent_receipt,,,D01396
LD11-0007,22/11/2011,Kilbeg Livestock Mart Ltd,Mart commission and levies on LD-11-5684,228.10,47.90,276.00,22/11/2011,EUR,LD-11-5684,invoice,,IE6958430T,D04541
LV11-0031,24/11/2011,Lisheen Veterinary Clinic,Mastitis treatments,609.21,127.93,737.14,24/12/2011,EUR,,invoice,,IE3593885U,D01287
SG11-0008,24/11/2011,Southern Genetics Co-Op,Semen straws + AI technician service,626.72,131.61,758.33,24/12/2011,EUR,,invoice,,IE2815241Q,D01295
DHS11-0004,27/11/2011,Dairy Hygiene Supplies Ltd,"Parlour detergents, teat dip, filter socks",517.21,108.61,625.82,27/12/2011,EUR,,invoice,,IE1520123Q,D01350
CL-201111,30/11/2011,Slieve Dairy Co-Operative Society Ltd,"Co-op haulage, milk testing, levies Nov 2011",180.13,37.83,217.96,30/11/2011,EUR,deducted from MS-201111,invoice,,IE9462300P,D00146
ES11-0012,04/12/2011,ESB Electric Supply,Electricity Dec 2011 (farm + house meter),1095.08,147.84,1242.92,03/01/2012,EUR,,invoice,,IE4752023D,D01390
CS11-0006,05/12/2011,Slieve Dairy Co-Op Farm Stores,Maize meal / soya hulls blend - 5.4 t,2096.44,0.00,2096.44,04/01/2012,EUR,netted off milk payment,invoice,,IE8007456W,D01246
LV11-0022,05/12/2011,Lisheen Veterinary Clinic,Dry cow therapy / sealers,457.44,96.06,553.50,04/01/2012,EUR,,invoice,,IE3593885U,D01278
CFP11-0024,05/12/2011,Charleville Farm Parts & Tyres Ltd,Hydraulic hoses,290.69,61.04,351.73,04/01/2012,EUR,,invoice,,IE3017449G,D01337
GF11-0001,09/12/2011,Glenfern Feeds Ltd,Mineral supplement - 10.7 t,4190.10,0.00,4190.10,08/01/2012,EUR,,invoice,,IE8573822O,D01239
BF11-0004,10/12/2011,Ballyhoura Fuels Ltd,"Marked gas oil, bulk delivery",1380.10,186.31,1566.41,09/01/2012,EUR,,invoice,,IE4197223U,D01307
VF11-0012,11/12/2011,Vodafone Ireland,Mobile and broadband,150.95,31.70,182.65,10/01/2012,EUR,,invoice,,IE8398493D,D01391
PC-708,17/12/2011,P. Crowley Plant & Labour,Labour and plant hire as agreed,4000.00,0.00,4000.00,16/01/2012,EUR,,invoice,,,D05126
LV11-0029,20/12/2011,Lisheen Veterinary Clinic,Vaccines (BVD/IBR/lepto),567.34,119.14,686.48,19/01/2012,EUR,,invoice,,IE3593885U,D01285
PC-359,25/12/2011,P. Crowley Plant & Labour,Labour and plant hire as agreed,4000.00,0.00,4000.00,24/01/2012,EUR,,invoice,,,D05127
GF11-0005,28/12/2011,Glenfern Feeds Ltd,Maize meal / soya hulls blend - 7.2 t,2828.60,0.00,2828.60,27/01/2012,EUR,,invoice,,IE8573822O,D01248
CL-201112,31/12/2011,Slieve Dairy Co-Operative Society Ltd,"Co-op haulage, milk testing, levies Dec 2011",104.88,22.02,126.90,31/12/2011,EUR,deducted from MS-201112,invoice,,IE9462300P,D00148
CFP12-0020,02/01/2012,Charleville Farm Parts & Tyres Ltd,Mower blades,349.02,80.27,429.29,01/02/2012,EUR,,invoice,,IE3017449G,D01501
CFP12-0029,07/01/2012,Charleville Farm Parts & Tyres Ltd,Tyres and tubes,410.18,94.34,504.52,06/02/2012,EUR,,invoice,,IE3017449G,D01510
ES12-0001,07/01/2012,ESB Electric Supply,Electricity Jan 2012 (farm + house meter),1132.62,152.90,1285.52,06/02/2012,EUR,,invoice,,IE4752023D,D01538
GF12-0008,08/01/2012,Glenfern Feeds Ltd,Maize meal / soya hulls blend - 11.5 t,5122.32,0.00,5122.32,07/02/2012,EUR,,invoice,,IE8573822O,D01409
CFP12-0011,10/01/2012,Charleville Farm Parts & Tyres Ltd,Mower blades,279.43,64.27,343.70,09/02/2012,EUR,,invoice,,IE3017449G,D01492
CS12-0004,11/01/2012,Slieve Dairy Co-Op Farm Stores,Maize meal / soya hulls blend - 7.6 t,3375.99,0.00,3375.99,10/02/2012,EUR,netted off milk payment,invoice,,IE8007456W,D01404
CFP12-0030,12/01/2012,Charleville Farm Parts & Tyres Ltd,Gate and fencing repairs,559.53,128.69,688.22,11/02/2012,EUR,,invoice,,IE3017449G,D01511
VF12-0001,12/01/2012,Vodafone Ireland,Mobile and broadband,144.20,33.17,177.37,11/02/2012,EUR,,invoice,,IE8398493D,D01539
CFP12-0026,17/01/2012,Charleville Farm Parts & Tyres Ltd,Gate and fencing repairs,501.32,115.30,616.62,16/02/2012,EUR,,invoice,,IE3017449G,D01507
LV12-0017,20/01/2012,Lisheen Veterinary Clinic,Fertility scanning,362.38,83.35,445.73,19/02/2012,EUR,,invoice,,IE3593885U,D01437
CFP12-0035,20/01/2012,Charleville Farm Parts & Tyres Ltd,Welding rods / steel,526.17,121.02,647.19,19/02/2012,EUR,,invoice,,IE3017449G,D01516
KA12-0002,26/01/2012,Kilcummin Agri Supplies Ltd,CAN 27% bulk spread,5543.20,748.33,6291.53,25/02/2012,EUR,,invoice,,IE2092142W,D01416
DHS12-0005,27/01/2012,Dairy Hygiene Supplies Ltd,"Parlour detergents, teat dip, filter socks",410.40,94.39,504.79,26/02/2012,EUR,,invoice,,IE1520123Q,D01521
CL-201201,31/01/2012,Slieve Dairy Co-Operative Society Ltd,"Co-op haulage, milk testing, levies Jan 2012",149.58,34.40,183.98,31/01/2012,EUR,deducted from MS-201201,invoice,,IE9462300P,D00150
LV12-0007,01/02/2012,Lisheen Veterinary Clinic,Vaccines (BVD/IBR/lepto),703.47,161.80,865.27,02/03/2012,EUR,,invoice,,IE3593885U,D01427
ES12-0002,04/02/2012,ESB Electric Supply,Electricity Feb 2012 (farm + house meter),1082.64,146.16,1228.80,05/03/2012,EUR,,invoice,,IE4752023D,D01540
LV12-0025,07/02/2012,Lisheen Veterinary Clinic,Vaccines (BVD/IBR/lepto),690.80,158.88,849.68,08/03/2012,EUR,,invoice,,IE3593885U,D01445
CFP12-0024,10/02/2012,Charleville Farm Parts & Tyres Ltd,Gate and fencing repairs,410.53,94.42,504.95,11/03/2012,EUR,,invoice,,IE3017449G,D01505
VF12-0002,10/02/2012,Vodafone Ireland,Mobile and broadband,138.24,31.80,170.04,11/03/2012,EUR,,invoice,,IE8398493D,D01541
MFI12-0001,11/02/2012,Munster Farm Insurance Ltd,"Farm policy renewal (buildings, liability, machinery, employer liability)",8212.78,0.00,8212.78,12/03/2012,EUR,,invoice,,,D01562
CS12-0003,12/02/2012,Slieve Dairy Co-Op Farm Stores,Maize meal / soya hulls blend - 5.4 t,2394.09,0.00,2394.09,13/03/2012,EUR,netted off milk payment,invoice,,IE8007456W,D01401
LV12-0029,16/02/2012,Lisheen Veterinary Clinic,Herd health visit + drugs,412.10,94.78,506.88,17/03/2012,EUR,,invoice,,IE3593885U,D01449
BF12-0011,16/02/2012,Ballyhoura Fuels Ltd,"Marked gas oil, bulk delivery",2159.92,291.59,2451.51,17/03/2012,EUR,,invoice,,IE4197223U,D01481
CFP12-0032,17/02/2012,Charleville Farm Parts & Tyres Ltd,Welding rods / steel,421.06,96.84,517.90,18/03/2012,EUR,,invoice,,IE3017449G,D01513
DHS12-0003,26/02/2012,Dairy Hygiene Supplies Ltd,"Parlour detergents, teat dip, filter socks",349.91,80.48,430.39,27/03/2012,EUR,,invoice,,IE1520123Q,D01519
LV12-0016,27/02/2012,Lisheen Veterinary Clinic,Dry cow therapy / sealers,728.65,167.59,896.24,28/03/2012,EUR,,invoice,,IE3593885U,D01436
CFP12-0019,27/02/2012,Charleville Farm Parts & Tyres Ltd,Gate and fencing repairs,323.67,74.44,398.11,28/03/2012,EUR,,invoice,,IE3017449G,D01500
CL-201202,29/02/2012,Slieve Dairy Co-Operative Society Ltd,"Co-op haulage, milk testing, levies Feb 2012",294.34,67.70,362.04,29/02/2012,EUR,deducted from MS-201202,invoice,,IE9462300P,D00152
CFP12-0023,01/03/2012,Charleville Farm Parts & Tyres Ltd,Tyres and tubes,264.35,60.80,325.15,31/03/2012,EUR,,invoice,,IE3017449G,D01504
CFP12-0002,02/03/2012,Charleville Farm Parts & Tyres Ltd,Parlour liners,307.23,70.66,377.89,01/04/2012,EUR,,invoice,,IE3017449G,D01483
HC12-0001,06/03/2012,Hegarty & Co Farm Accountants,"Accounts, tax returns and payroll year 2011",2953.20,679.24,3632.44,05/04/2012,EUR,,invoice,,IE6025428V,D01563
GF12-0001,08/03/2012,Glenfern Feeds Ltd,Calf starter + milk replacer - 6.6 t,2925.25,0.00,2925.25,07/04/2012,EUR,,invoice,,IE8573822O,D01398
LAC12-0001,09/03/2012,Lyons Agri Contracting Ltd,Reseeding / ploughing,3812.60,514.70,4327.30,08/04/2012,EUR,,invoice,,IE9219903D,D01462
ES12-0003,09/03/2012,ESB Electric Supply,Electricity Mar 2012 (farm + house meter),1145.78,154.68,1300.46,08/04/2012,EUR,,invoice,,IE4752023D,D01542
VF12-0003,11/03/2012,Vodafone Ireland,Mobile and broadband,133.03,30.60,163.63,10/04/2012,EUR,,invoice,,IE8398493D,D01543
BF12-0006,12/03/2012,Ballyhoura Fuels Ltd,"Marked gas oil, bulk delivery",1539.35,207.81,1747.16,11/04/2012,EUR,,invoice,,IE4197223U,D01476
LD12-0001,12/03/2012,Kilbeg Livestock Mart Ltd,Mart commission and levies on LD-12-1734,126.68,29.14,155.82,12/03/2012,EUR,LD-12-1734,invoice,,IE6958430T,D04547
RM12-0001,14/03/2012,Rathcormac Motors Ltd,"Toyota Land Cruiser, farm jeep, registration 12-C",38000.00,8740.00,46740.00,13/04/2012,EUR,,invoice,,IE5731710P,D05095
KA12-0001,16/03/2012,Kilcummin Agri Supplies Ltd,18-6-12 compound bulk spread,7304.24,986.07,8290.31,15/04/2012,EUR,,invoice,,IE2092142W,D01414
DHS12-0009,16/03/2012,Dairy Hygiene Supplies Ltd,"Parlour detergents, teat dip, filter socks",568.19,130.68,698.87,15/04/2012,EUR,,invoice,,IE1520123Q,D01525
LAC12-0002,17/03/2012,Lyons Agri Contracting Ltd,Slurry spreading (trailing shoe),1613.45,217.82,1831.27,16/04/2012,EUR,,invoice,,IE9219903D,D01465
LV12-0015,20/03/2012,Lisheen Veterinary Clinic,Fertility scanning,338.92,77.95,416.87,19/04/2012,EUR,,invoice,,IE3593885U,D01435
CFP12-0021,20/03/2012,Charleville Farm Parts & Tyres Ltd,Hydraulic hoses,358.57,82.47,441.04,19/04/2012,EUR,,invoice,,IE3017449G,D01502
LV12-0032,21/03/2012,Lisheen Veterinary Clinic,Vaccines (BVD/IBR/lepto),407.93,93.82,501.75,20/04/2012,EUR,,invoice,,IE3593885U,D01452
SG12-0007,21/03/2012,Southern Genetics Co-Op,Semen straws + AI technician service,733.01,168.59,901.60,20/04/2012,EUR,,invoice,,IE2815241Q,D01460
SG12-0004,23/03/2012,Southern Genetics Co-Op,Semen straws + AI technician service,655.52,150.77,806.29,22/04/2012,EUR,,invoice,,IE2815241Q,D01457
LAC12-0003,24/03/2012,Lyons Agri Contracting Ltd,Silage harvesting (2nd cut),3119.99,421.20,3541.19,23/04/2012,EUR,,invoice,,IE9219903D,D01466
LD12-0002,26/03/2012,Kilbeg Livestock Mart Ltd,Mart commission and levies on LD-12-9512,125.95,28.97,154.92,26/03/2012,EUR,LD-12-9512,invoice,,IE6958430T,D04549
CL-201203,31/03/2012,Slieve Dairy Co-Operative Society Ltd,"Co-op haulage, milk testing, levies Mar 2012",506.02,116.38,622.40,31/03/2012,EUR,deducted from MS-201203,invoice,,IE9462300P,D00154
CFP12-0010,02/04/2012,Charleville Farm Parts & Tyres Ltd,Parlour liners,220.67,50.75,271.42,02/05/2012,EUR,,invoice,,IE3017449G,D01491
LD12-0003,03/04/2012,Kilbeg Livestock Mart Ltd,Mart commission and levies on LD-12-7453,122.79,28.24,151.03,03/04/2012,EUR,LD-12-7453,invoice,,IE6958430T,D04551
ES12-0004,04/04/2012,ESB Electric Supply,Electricity Apr 2012 (farm + house meter),1040.38,140.45,1180.83,04/05/2012,EUR,,invoice,,IE4752023D,D01544
BF12-0004,05/04/2012,Ballyhoura Fuels Ltd,"Marked gas oil, bulk delivery",2068.54,279.25,2347.79,05/05/2012,EUR,,invoice,,IE4197223U,D01474
SG12-0006,08/04/2012,Southern Genetics Co-Op,Semen straws + AI technician service,741.68,170.59,912.27,08/05/2012,EUR,,invoice,,IE2815241Q,D01459
SG12-0008,08/04/2012,Southern Genetics Co-Op,Semen straws + AI technician service,663.45,152.59,816.04,08/05/2012,EUR,,invoice,,IE2815241Q,D01461
CFP12-0008,09/04/2012,Charleville Farm Parts & Tyres Ltd,Welding rods / steel,540.58,124.33,664.91,09/05/2012,EUR,,invoice,,IE3017449G,D01489
VF12-0004,10/04/2012,Vodafone Ireland,Mobile and broadband,148.93,34.25,183.18,10/05/2012,EUR,,invoice,,IE8398493D,D01545
LV12-0014,11/04/2012,Lisheen Veterinary Clinic,Vaccines (BVD/IBR/lepto),653.12,150.22,803.34,11/05/2012,EUR,,invoice,,IE3593885U,D01434
LD12-0004,11/04/2012,Kilbeg Livestock Mart Ltd,Mart commission and levies on LD-12-5761,120.67,27.75,148.42,11/04/2012,EUR,LD-12-5761,invoice,,IE6958430T,D04553
CFP12-0033,12/04/2012,Charleville Farm Parts & Tyres Ltd,Parlour liners,388.59,89.38,477.97,12/05/2012,EUR,,invoice,,IE3017449G,D01514
LV12-0006,13/04/2012,Lisheen Veterinary Clinic,Herd health visit + drugs,376.76,86.65,463.41,13/05/2012,EUR,,invoice,,IE3593885U,D01426
OB12-0001,17/04/2012,O'Brien Plant Hire Ltd,Silage harvesting (1st cut),3545.32,478.62,4023.94,17/05/2012,EUR,,invoice,,IE9729960P,D01463
LV12-0001,18/04/2012,Lisheen Veterinary Clinic,Dry cow therapy / sealers,328.80,75.62,404.42,18/05/2012,EUR,,invoice,,IE3593885U,D01421
CFP12-0001,20/04/2012,Charleville Farm Parts & Tyres Ltd,Tyres and tubes,447.30,102.88,550.18,20/05/2012,EUR,,invoice,,IE3017449G,D01482
LV12-0003,22/04/2012,Lisheen Veterinary Clinic,Fertility scanning,519.12,119.40,638.52,22/05/2012,EUR,,invoice,,IE3593885U,D01423
SG12-0003,22/04/2012,Southern Genetics Co-Op,Semen straws + AI technician service,465.33,107.03,572.36,22/05/2012,EUR,,invoice,,IE2815241Q,D01456
CS12-0001,23/04/2012,Slieve Dairy Co-Op Farm Stores,Maize meal / soya hulls blend - 6.4 t,2846.82,0.00,2846.82,23/05/2012,EUR,netted off milk payment,invoice,,IE8007456W,D01397
LD12-0005,23/04/2012,Kilbeg Livestock Mart Ltd,Mart commission and levies on LD-12-6661,116.00,26.68,142.68,23/04/2012,EUR,LD-12-6661,invoice,,IE6958430T,D04555
MR12-0002,24/04/2012,Munster Rendering Ltd,Fallen animal collection,101.65,23.38,125.03,24/05/2012,EUR,,invoice,,IE4033776E,D04545
CL-201204,30/04/2012,Slieve Dairy Co-Operative Society Ltd,"Co-op haulage, milk testing, levies Apr 2012",673.71,154.95,828.66,30/04/2012,EUR,deducted from MS-201204,invoice,,IE9462300P,D00156
LD12-0006,30/04/2012,Kilbeg Livestock Mart Ltd,Mart commission and levies on LD-12-1369,117.35,26.99,144.34,30/04/2012,EUR,LD-12-1369,invoice,,IE6958430T,D04557
WS12-0001,01/05/2012,County Council Water Services,"Water charges (metered, farm)",663.40,0.00,663.40,31/05/2012,EUR,,invoice,,IE7854060O,D01565
LAC12-0005,03/05/2012,Lyons Agri Contracting Ltd,Baling + wrapping,2906.42,392.37,3298.79,02/06/2012,EUR,,invoice,,IE9219903D,D01468
ES12-0005,03/05/2012,ESB Electric Supply,Electricity May 2012 (farm + house meter),1108.19,149.61,1257.80,02/06/2012,EUR,,invoice,,IE4752023D,D01546
LV12-0030,04/05/2012,Lisheen Veterinary Clinic,Dry cow therapy / sealers,571.07,131.35,702.42,03/06/2012,EUR,,invoice,,IE3593885U,D01450
OB12-0002,07/05/2012,O'Brien Plant Hire Ltd,Silage harvesting (1st cut),3165.20,427.30,3592.50,06/06/2012,EUR,,invoice,,IE9729960P,D01464
LV12-0031,08/05/2012,Lisheen Veterinary Clinic,Herd health visit + drugs,578.06,132.95,711.01,07/06/2012,EUR,,invoice,,IE3593885U,D01451
VF12-0005,10/05/2012,Vodafone Ireland,Mobile and broadband,139.05,31.98,171.03,09/06/2012,EUR,,invoice,,IE8398493D,D01547
GF12-0010,13/05/2012,Glenfern Feeds Ltd,Dairy ration 16% bulk - 11.4 t,5106.78,0.00,5106.78,12/06/2012,EUR,,invoice,,IE8573822O,D01412
OB12-0003,13/05/2012,O'Brien Plant Hire Ltd,Baling + wrapping,1987.81,268.35,2256.16,12/06/2012,EUR,,invoice,,IE9729960P,D01470
LD12-0007,14/05/2012,Kilbeg Livestock Mart Ltd,Mart commission and levies on LD-12-2357,122.45,28.16,150.61,14/05/2012,EUR,LD-12-2357,invoice,,IE6958430T,D04559
LV12-0002,15/05/2012,Lisheen Veterinary Clinic,Herd health visit + drugs,633.85,145.79,779.64,14/06/2012,EUR,,invoice,,IE3593885U,D01422
CFP12-0025,20/05/2012,Charleville Farm Parts & Tyres Ltd,Mower blades,245.66,56.50,302.16,19/06/2012,EUR,,invoice,,IE3017449G,D01506
CFP12-0014,22/05/2012,Charleville Farm Parts & Tyres Ltd,Gate and fencing repairs,385.85,88.75,474.60,21/06/2012,EUR,,invoice,,IE3017449G,D01495
LD12-0008,23/05/2012,Kilbeg Livestock Mart Ltd,Mart commission and levies on LD-12-5400,122.08,28.08,150.16,23/05/2012,EUR,LD-12-5400,invoice,,IE6958430T,D04561
BF12-0007,24/05/2012,Ballyhoura Fuels Ltd,"Marked gas oil, bulk delivery",2143.31,289.35,2432.66,23/06/2012,EUR,,invoice,,IE4197223U,D01477
CFP12-0015,24/05/2012,Charleville Farm Parts & Tyres Ltd,Gate and fencing repairs,284.45,65.42,349.87,23/06/2012,EUR,,invoice,,IE3017449G,D01496
CS12-0010,28/05/2012,Slieve Dairy Co-Op Farm Stores,CAN 27% bulk spread,5075.39,685.18,5760.57,27/06/2012,EUR,netted off milk payment,invoice,,IE8007456W,D01420
SG12-0005,28/05/2012,Southern Genetics Co-Op,Semen straws + AI technician service,956.66,220.03,1176.69,27/06/2012,EUR,,invoice,,IE2815241Q,D01458
CL-201205,31/05/2012,Slieve Dairy Co-Operative Society Ltd,"Co-op haulage, milk testing, levies May 2012",714.10,164.24,878.34,31/05/2012,EUR,deducted from MS-201205,invoice,,IE9462300P,D00158
BF12-0003,02/06/2012,Ballyhoura Fuels Ltd,"Marked gas oil, bulk delivery",2210.85,298.46,2509.31,02/07/2012,EUR,,invoice,,IE4197223U,D01473
LV12-0026,03/06/2012,Lisheen Veterinary Clinic,Dry cow therapy / sealers,754.59,173.56,928.15,03/07/2012,EUR,,invoice,,IE3593885U,D01446
CFP12-0007,03/06/2012,Charleville Farm Parts & Tyres Ltd,Tyres and tubes,460.86,106.00,566.86,03/07/2012,EUR,,invoice,,IE3017449G,D01488
ES12-0006,04/06/2012,ESB Electric Supply,Electricity Jun 2012 (farm + house meter),912.82,123.23,1036.05,04/07/2012,EUR,,invoice,,IE4752023D,D01548
TG12-0001,04/06/2012,Teagasc,Advisory service annual fee,963.00,221.49,1184.49,04/07/2012,EUR,,invoice,,IE7259700V,D01564
DHS12-0006,05/06/2012,Dairy Hygiene Supplies Ltd,"Parlour detergents, teat dip, filter socks",597.93,137.52,735.45,05/07/2012,EUR,,invoice,,IE1520123Q,D01522
AG12-0001,06/06/2012,Algarve Golf & Spa Resort Lda,"Dairy study tour: Portugal, 5 nights, 2 delegates (golf and spa package)",4850.00,0.00,4850.00,06/07/2012,EUR,,invoice,,IE1555720H,D05121
BF12-0009,08/06/2012,Ballyhoura Fuels Ltd,"Marked gas oil, bulk delivery",1838.76,248.23,2086.99,08/07/2012,EUR,,invoice,,IE4197223U,D01479
LAC12-0006,10/06/2012,Lyons Agri Contracting Ltd,Hedge cutting,3145.11,424.59,3569.70,10/07/2012,EUR,,invoice,,IE9219903D,D01469
VF12-0006,10/06/2012,Vodafone Ireland,Mobile and broadband,131.74,30.30,162.04,10/07/2012,EUR,,invoice,,IE8398493D,D01549
DHS12-0001,11/06/2012,Dairy Hygiene Supplies Ltd,"Parlour detergents, teat dip, filter socks",452.66,104.11,556.77,11/07/2012,EUR,,invoice,,IE1520123Q,D01517
DHS12-0002,12/06/2012,Dairy Hygiene Supplies Ltd,"Parlour detergents, teat dip, filter socks",380.82,87.59,468.41,12/07/2012,EUR,,invoice,,IE1520123Q,D01518
LV12-0009,24/06/2012,Lisheen Veterinary Clinic,Herd health visit + drugs,678.86,156.14,835.00,24/07/2012,EUR,,invoice,,IE3593885U,D01429
LAC12-0004,24/06/2012,Lyons Agri Contracting Ltd,Hedge cutting,3136.59,423.44,3560.03,24/07/2012,EUR,,invoice,,IE9219903D,D01467
CL-201206,30/06/2012,Slieve Dairy Co-Operative Society Ltd,"Co-op haulage, milk testing, levies Jun 2012",668.24,153.70,821.94,30/06/2012,EUR,deducted from MS-201206,invoice,,IE9462300P,D00160
LD12-0010,02/07/2012,Kilbeg Livestock Mart Ltd,Mart commission and levies on LD-12-1792,168.54,38.76,207.30,02/07/2012,EUR,LD-12-1792,invoice,,IE6958430T,D04568
LV12-0019,07/07/2012,Lisheen Veterinary Clinic,Herd health visit + drugs,522.81,120.25,643.06,06/08/2012,EUR,,invoice,,IE3593885U,D01439
CFP12-0018,09/07/2012,Charleville Farm Parts & Tyres Ltd,Gate and fencing repairs,560.77,128.98,689.75,08/08/2012,EUR,,invoice,,IE3017449G,D01499
ES12-0007,09/07/2012,ESB Electric Supply,Electricity Jul 2012 (farm + house meter),935.30,126.27,1061.57,08/08/2012,EUR,,invoice,,IE4752023D,D01550
VF12-0007,12/07/2012,Vodafone Ireland,Mobile and broadband,156.15,35.91,192.06,11/08/2012,EUR,,invoice,,IE8398493D,D01551
DHS12-0008,13/07/2012,Dairy Hygiene Supplies Ltd,"Parlour detergents, teat dip, filter socks",587.21,135.06,722.27,12/08/2012,EUR,,invoice,,IE1520123Q,D01524
CFP12-0022,14/07/2012,Charleville Farm Parts & Tyres Ltd,Parlour liners,527.60,121.35,648.95,13/08/2012,EUR,,invoice,,IE3017449G,D01503
CFP12-0027,14/07/2012,Charleville Farm Parts & Tyres Ltd,Tyres and tubes,456.76,105.05,561.81,13/08/2012,EUR,,invoice,,IE3017449G,D01508
CFP12-0031,16/07/2012,Charleville Farm Parts & Tyres Ltd,Gate and fencing repairs,417.35,95.99,513.34,15/08/2012,EUR,,invoice,,IE3017449G,D01512
BF12-0001,17/07/2012,Ballyhoura Fuels Ltd,"Marked gas oil, bulk delivery",2187.82,295.36,2483.18,16/08/2012,EUR,,invoice,,IE4197223U,D01471
DHS12-0011,17/07/2012,Dairy Hygiene Supplies Ltd,"Parlour detergents, teat dip, filter socks",642.26,147.72,789.98,16/08/2012,EUR,,invoice,,IE1520123Q,D01527
HF12-0003,17/07/2012,Cork Hoof Care Services,Hoof trimming / footbaths,447.78,102.99,550.77,16/08/2012,EUR,,invoice,,IE1248259R,D01535
SG12-0001,23/07/2012,Southern Genetics Co-Op,Semen straws + AI technician service,956.88,220.08,1176.96,22/08/2012,EUR,,invoice,,IE2815241Q,D01454
HF12-0002,23/07/2012,Cork Hoof Care Services,Hoof trimming / footbaths,584.00,134.32,718.32,22/08/2012,EUR,,invoice,,IE1248259R,D01534
HF12-0005,23/07/2012,Cork Hoof Care Services,Hoof trimming / footbaths,569.87,131.07,700.94,22/08/2012,EUR,,invoice,,IE1248259R,D01537
CFP12-0009,24/07/2012,Charleville Farm Parts & Tyres Ltd,Welding rods / steel,473.94,109.01,582.95,23/08/2012,EUR,,invoice,,IE3017449G,D01490
CL-201207,31/07/2012,Slieve Dairy Co-Operative Society Ltd,"Co-op haulage, milk testing, levies Jul 2012",611.39,140.62,752.01,31/07/2012,EUR,deducted from MS-201207,invoice,,IE9462300P,D00162
DHS12-0012,01/08/2012,Dairy Hygiene Supplies Ltd,"Parlour detergents, teat dip, filter socks",316.48,72.79,389.27,31/08/2012,EUR,,invoice,,IE1520123Q,D01528
CS12-0009,03/08/2012,Slieve Dairy Co-Op Farm Stores,Protected urea bulk spread,6146.04,829.72,6975.76,02/09/2012,EUR,netted off milk payment,invoice,,IE8007456W,D01418
AW12-0003,09/08/2012,AgriWrap Plastics Ltd,"Silage plastic, bale net, twine",783.39,180.18,963.57,08/09/2012,EUR,,invoice,,IE7984856V,D01532
ES12-0008,09/08/2012,ESB Electric Supply,Electricity Aug 2012 (farm + house meter),999.42,134.92,1134.34,08/09/2012,EUR,,invoice,,IE4752023D,D01552
CS12-0008,10/08/2012,Slieve Dairy Co-Op Farm Stores,Protected urea bulk spread,4359.83,588.58,4948.41,09/09/2012,EUR,netted off milk payment,invoice,,IE8007456W,D01417
LV12-0004,10/08/2012,Lisheen Veterinary Clinic,Dry cow therapy / sealers,701.76,161.40,863.16,09/09/2012,EUR,,invoice,,IE3593885U,D01424
VF12-0008,11/08/2012,Vodafone Ireland,Mobile and broadband,139.81,32.16,171.97,10/09/2012,EUR,,invoice,,IE8398493D,D01553
SG12-0002,13/08/2012,Southern Genetics Co-Op,Semen straws + AI technician service,513.29,118.06,631.35,12/09/2012,EUR,,invoice,,IE2815241Q,D01455
KA12-0003,21/08/2012,Kilcummin Agri Supplies Ltd,Pasture sward 24-2.5-10 bulk spread,3556.28,480.10,4036.38,20/09/2012,EUR,,invoice,,IE2092142W,D01419
CFP12-0017,21/08/2012,Charleville Farm Parts & Tyres Ltd,Tyres and tubes,278.22,63.99,342.21,20/09/2012,EUR,,invoice,,IE3017449G,D01498
AW12-0001,26/08/2012,AgriWrap Plastics Ltd,"Silage plastic, bale net, twine",1266.02,291.18,1557.20,25/09/2012,EUR,,invoice,,IE7984856V,D01530
CFP12-0034,28/08/2012,Charleville Farm Parts & Tyres Ltd,Hydraulic hoses,216.14,49.71,265.85,27/09/2012,EUR,,invoice,,IE3017449G,D01515
CL-201208,31/08/2012,Slieve Dairy Co-Operative Society Ltd,"Co-op haulage, milk testing, levies Aug 2012",560.56,128.93,689.49,31/08/2012,EUR,deducted from MS-201208,invoice,,IE9462300P,D00164
CFP12-0012,01/09/2012,Charleville Farm Parts & Tyres Ltd,Tyres and tubes,321.73,74.00,395.73,01/10/2012,EUR,,invoice,,IE3017449G,D01493
ES12-0009,05/09/2012,ESB Electric Supply,Electricity Sep 2012 (farm + house meter),904.89,122.16,1027.05,05/10/2012,EUR,,invoice,,IE4752023D,D01554
VF12-0009,11/09/2012,Vodafone Ireland,Mobile and broadband,132.10,30.38,162.48,11/10/2012,EUR,,invoice,,IE8398493D,D01555
LV12-0024,14/09/2012,Lisheen Veterinary Clinic,Dry cow therapy / sealers,524.21,120.57,644.78,14/10/2012,EUR,,invoice,,IE3593885U,D01444
LV12-0012,15/09/2012,Lisheen Veterinary Clinic,Calving assistance,540.30,124.27,664.57,15/10/2012,EUR,,invoice,,IE3593885U,D01432
LV12-0020,15/09/2012,Lisheen Veterinary Clinic,Vaccines (BVD/IBR/lepto),656.21,150.93,807.14,15/10/2012,EUR,,invoice,,IE3593885U,D01440
LD12-0009,19/09/2012,Kilbeg Livestock Mart Ltd,Mart commission and levies on LD-12-1630,144.77,33.30,178.07,19/09/2012,EUR,LD-12-1630,invoice,,IE6958430T,D04563
LV12-0011,21/09/2012,Lisheen Veterinary Clinic,Mastitis treatments,589.46,135.58,725.04,21/10/2012,EUR,,invoice,,IE3593885U,D01431
AW12-0002,21/09/2012,AgriWrap Plastics Ltd,"Silage plastic, bale net, twine",1250.22,287.55,1537.77,21/10/2012,EUR,,invoice,,IE7984856V,D01531
GF12-0005,22/09/2012,Glenfern Feeds Ltd,Calf starter + milk replacer - 7.6 t,3408.04,0.00,3408.04,22/10/2012,EUR,,invoice,,IE8573822O,D01405
LV12-0033,22/09/2012,Lisheen Veterinary Clinic,Mastitis treatments,414.54,95.34,509.88,22/10/2012,EUR,,invoice,,IE3593885U,D01453
LV12-0021,28/09/2012,Lisheen Veterinary Clinic,Herd health visit + drugs,442.92,101.87,544.79,28/10/2012,EUR,,invoice,,IE3593885U,D01441
CFP12-0003,28/09/2012,Charleville Farm Parts & Tyres Ltd,Parlour liners,418.20,96.19,514.39,28/10/2012,EUR,,invoice,,IE3017449G,D01484
CL-201209,30/09/2012,Slieve Dairy Co-Operative Society Ltd,"Co-op haulage, milk testing, levies Sep 2012",438.59,100.88,539.47,30/09/2012,EUR,deducted from MS-201209,invoice,,IE9462300P,D00166
BF12-0005,01/10/2012,Ballyhoura Fuels Ltd,"Marked gas oil, bulk delivery",2121.97,286.47,2408.44,31/10/2012,EUR,,invoice,,IE4197223U,D01475
GF12-0002,02/10/2012,Glenfern Feeds Ltd,Dairy ration 16% bulk - 5.5 t,2437.37,0.00,2437.37,01/11/2012,EUR,,invoice,,IE8573822O,D01400
LV12-0010,07/10/2012,Lisheen Veterinary Clinic,Mastitis treatments,538.02,123.74,661.76,06/11/2012,EUR,,invoice,,IE3593885U,D01430
ES12-0010,09/10/2012,ESB Electric Supply,Electricity Oct 2012 (farm + house meter),1134.62,153.17,1287.79,08/11/2012,EUR,,invoice,,IE4752023D,D01556
CS12-0007,10/10/2012,Slieve Dairy Co-Op Farm Stores,CAN 27% bulk spread,7478.29,1009.57,8487.86,09/11/2012,EUR,netted off milk payment,invoice,,IE8007456W,D01415
VF12-0010,10/10/2012,Vodafone Ireland,Mobile and broadband,140.26,32.26,172.52,09/11/2012,EUR,,invoice,,IE8398493D,D01557
CFP12-0028,11/10/2012,Charleville Farm Parts & Tyres Ltd,Mower blades,417.27,95.97,513.24,10/11/2012,EUR,,invoice,,IE3017449G,D01509
CS12-0005,12/10/2012,Slieve Dairy Co-Op Farm Stores,Calf starter + milk replacer - 8.6 t,3844.14,0.00,3844.14,11/11/2012,EUR,netted off milk payment,invoice,,IE8007456W,D01406
DHS12-0007,12/10/2012,Dairy Hygiene Supplies Ltd,"Parlour detergents, teat dip, filter socks",317.48,73.02,390.50,11/11/2012,EUR,,invoice,,IE1520123Q,D01523
LV12-0022,14/10/2012,Lisheen Veterinary Clinic,Herd health visit + drugs,693.09,159.41,852.50,13/11/2012,EUR,,invoice,,IE3593885U,D01442
LD12-0012,15/10/2012,Kilbeg Livestock Mart Ltd,Mart commission and levies on LD-12-6990,552.00,126.96,678.96,15/10/2012,EUR,LD-12-6990,invoice,,IE6958430T,D04572
GF12-0003,16/10/2012,Glenfern Feeds Ltd,Dairy ration 16% bulk - 6.1 t,2717.91,0.00,2717.91,15/11/2012,EUR,,invoice,,IE8573822O,D01402
GF12-0004,19/10/2012,Glenfern Feeds Ltd,Dairy ration 18% nuts - 7.2 t,3202.88,0.00,3202.88,18/11/2012,EUR,,invoice,,IE8573822O,D01403
CS12-0002,21/10/2012,Slieve Dairy Co-Op Farm Stores,Dairy ration 16% bulk - 9.9 t,4441.40,0.00,4441.40,20/11/2012,EUR,netted off milk payment,invoice,,IE8007456W,D01399
BF12-0008,22/10/2012,Ballyhoura Fuels Ltd,"Marked gas oil, bulk delivery",1270.51,171.52,1442.03,21/11/2012,EUR,,invoice,,IE4197223U,D01478
LD12-0011,22/10/2012,Kilbeg Livestock Mart Ltd,Mart commission and levies on LD-12-1753,170.86,39.30,210.16,22/10/2012,EUR,LD-12-1753,invoice,,IE6958430T,D04570
GF12-0011,23/10/2012,Glenfern Feeds Ltd,Dairy ration 16% bulk - 9.8 t,4358.48,0.00,4358.48,22/11/2012,EUR,,invoice,,IE8573822O,D01413
HF12-0004,26/10/2012,Cork Hoof Care Services,Hoof trimming / footbaths,449.02,103.27,552.29,25/11/2012,EUR,,invoice,,IE1248259R,D01536
LV12-0023,27/10/2012,Lisheen Veterinary Clinic,Vaccines (BVD/IBR/lepto),413.20,95.04,508.24,26/11/2012,EUR,,invoice,,IE3593885U,D01443
HF12-0001,27/10/2012,Cork Hoof Care Services,Hoof trimming / footbaths,734.35,168.90,903.25,26/11/2012,EUR,,invoice,,IE1248259R,D01533
BF12-0002,28/10/2012,Ballyhoura Fuels Ltd,"Marked gas oil, bulk delivery",1962.52,264.94,2227.46,27/11/2012,EUR,,invoice,,IE4197223U,D01472
CL-201210,31/10/2012,Slieve Dairy Co-Operative Society Ltd,"Co-op haulage, milk testing, levies Oct 2012",315.98,72.68,388.66,31/10/2012,EUR,deducted from MS-201210,invoice,,IE9462300P,D00168
LV12-0013,01/11/2012,Lisheen Veterinary Clinic,Vaccines (BVD/IBR/lepto),565.54,130.07,695.61,01/12/2012,EUR,,invoice,,IE3593885U,D01433
DHS12-0013,01/11/2012,Dairy Hygiene Supplies Ltd,"Parlour detergents, teat dip, filter socks",558.04,128.35,686.39,01/12/2012,EUR,,invoice,,IE1520123Q,D01529
GF12-0007,03/11/2012,Glenfern Feeds Ltd,Maize meal / soya hulls blend - 11.8 t,5272.32,0.00,5272.32,03/12/2012,EUR,,invoice,,IE8573822O,D01408
LV12-0008,03/11/2012,Lisheen Veterinary Clinic,Dry cow therapy / sealers,406.10,93.40,499.50,03/12/2012,EUR,,invoice,,IE3593885U,D01428
CFP12-0005,03/11/2012,Charleville Farm Parts & Tyres Ltd,Tractor service parts,520.28,119.66,639.94,03/12/2012,EUR,,invoice,,IE3017449G,D01486
CFP12-0004,04/11/2012,Charleville Farm Parts & Tyres Ltd,Gate and fencing repairs,447.27,102.87,550.14,04/12/2012,EUR,,invoice,,IE3017449G,D01485
CFP12-0013,07/11/2012,Charleville Farm Parts & Tyres Ltd,Gate and fencing repairs,543.39,124.98,668.37,07/12/2012,EUR,,invoice,,IE3017449G,D01494
ES12-0011,09/11/2012,ESB Electric Supply,Electricity Nov 2012 (farm + house meter),945.96,127.70,1073.66,09/12/2012,EUR,,invoice,,IE4752023D,D01558
VF12-0011,10/11/2012,Vodafone Ireland,Mobile and broadband,156.86,36.08,192.94,10/12/2012,EUR,,invoice,,IE8398493D,D01559
CS12-0006,11/11/2012,Slieve Dairy Co-Op Farm Stores,Calf starter + milk replacer - 6.8 t,3049.02,0.00,3049.02,11/12/2012,EUR,netted off milk payment,invoice,,IE8007456W,D01411
MR12-0001,11/11/2012,Munster Rendering Ltd,Fallen animal collection,117.70,27.07,144.77,11/12/2012,EUR,,invoice,,IE4033776E,D04544
DHS12-0010,20/11/2012,Dairy Hygiene Supplies Ltd,"Parlour detergents, teat dip, filter socks",497.53,114.43,611.96,20/12/2012,EUR,,invoice,,IE1520123Q,D01526
DOC12-0001,20/11/2012,"T. Buckley (landlord, conacre)",Conacre rent 2012: 50 acres @ 260/acre,13000.00,0.00,13000.00,20/12/2012,EUR,,rent_receipt,,,D01566
LV12-0005,25/11/2012,Lisheen Veterinary Clinic,Mastitis treatments,545.22,125.40,670.62,25/12/2012,EUR,,invoice,,IE3593885U,D01425
GF12-0009,28/11/2012,Glenfern Feeds Ltd,Mineral supplement - 5.2 t,2327.56,0.00,2327.56,28/12/2012,EUR,,invoice,,IE8573822O,D01410
CL-201211,30/11/2012,Slieve Dairy Co-Operative Society Ltd,"Co-op haulage, milk testing, levies Nov 2012",189.08,43.49,232.57,30/11/2012,EUR,deducted from MS-201211,invoice,,IE9462300P,D00170
BF12-0010,04/12/2012,Ballyhoura Fuels Ltd,"Marked gas oil, bulk delivery",2174.81,293.60,2468.41,03/01/2013,EUR,,invoice,,IE4197223U,D01480
LV12-0028,05/12/2012,Lisheen Veterinary Clinic,Herd health visit + drugs,687.97,158.23,846.20,04/01/2013,EUR,,invoice,,IE3593885U,D01448
LV12-0018,07/12/2012,Lisheen Veterinary Clinic,Fertility scanning,558.71,128.50,687.21,06/01/2013,EUR,,invoice,,IE3593885U,D01438
ES12-0012,08/12/2012,ESB Electric Supply,Electricity Dec 2012 (farm + house meter),1067.35,144.09,1211.44,07/01/2013,EUR,,invoice,,IE4752023D,D01560
GF12-0006,09/12/2012,Glenfern Feeds Ltd,Dairy ration 16% bulk - 10.5 t,4675.60,0.00,4675.60,08/01/2013,EUR,,invoice,,IE8573822O,D01407
DHS12-0004,10/12/2012,Dairy Hygiene Supplies Ltd,"Parlour detergents, teat dip, filter socks",465.92,107.16,573.08,09/01/2013,EUR,,invoice,,IE1520123Q,D01520
VF12-0012,11/12/2012,Vodafone Ireland,Mobile and broadband,152.95,35.18,188.13,10/01/2013,EUR,,invoice,,IE8398493D,D01561
CFP12-0016,15/12/2012,Charleville Farm Parts & Tyres Ltd,Hydraulic hoses,353.72,81.36,435.08,14/01/2013,EUR,,invoice,,IE3017449G,D01497
PC-362,22/12/2012,P. Crowley Plant & Labour,Labour and plant hire as agreed,4500.00,0.00,4500.00,21/01/2013,EUR,,invoice,,,D05129
LV12-0027,23/12/2012,Lisheen Veterinary Clinic,Vaccines (BVD/IBR/lepto),710.11,163.33,873.44,22/01/2013,EUR,,invoice,,IE3593885U,D01447
PC-961,27/12/2012,P. Crowley Plant & Labour,Labour and plant hire as agreed,5000.00,0.00,5000.00,26/01/2013,EUR,,invoice,,,D05128
CL-201212,31/12/2012,Slieve Dairy Co-Operative Society Ltd,"Co-op haulage, milk testing, levies Dec 2012",105.20,24.20,129.40,31/12/2012,EUR,deducted from MS-201212,invoice,,IE9462300P,D00172
LV13-0002,02/01/2013,Lisheen Veterinary Clinic,Fertility scanning,753.90,173.40,927.30,01/02/2013,EUR,,invoice,,IE3593885U,D01594
GF13-0006,04/01/2013,Glenfern Feeds Ltd,Calf starter + milk replacer - 6.9 t,3094.04,0.00,3094.04,03/02/2013,EUR,,invoice,,IE8573822O,D01572
LV13-0017,08/01/2013,Lisheen Veterinary Clinic,Fertility scanning,548.85,126.24,675.09,07/02/2013,EUR,,invoice,,IE3593885U,D01609
BF13-0001,08/01/2013,Ballyhoura Fuels Ltd,"Marked gas oil, bulk delivery",1823.72,246.20,2069.92,07/02/2013,EUR,,invoice,,IE4197223U,D01643
ES13-0001,08/01/2013,ESB Electric Supply,Electricity Jan 2013 (farm + house meter),1012.64,136.71,1149.35,07/02/2013,EUR,,invoice,,IE4752023D,D01709
GF13-0001,10/01/2013,Glenfern Feeds Ltd,Dairy ration 18% nuts - 7.9 t,3542.38,0.00,3542.38,09/02/2013,EUR,,invoice,,IE8573822O,D01567
VF13-0001,11/01/2013,Vodafone Ireland,Mobile and broadband,161.58,37.16,198.74,10/02/2013,EUR,,invoice,,IE8398493D,D01710
CFP13-0006,14/01/2013,Charleville Farm Parts & Tyres Ltd,Hydraulic hoses,374.46,86.13,460.59,13/02/2013,EUR,,invoice,,IE3017449G,D01658
MR13-0002,14/01/2013,Munster Rendering Ltd,Fallen animal collection,151.20,34.78,185.98,13/02/2013,EUR,,invoice,,IE4033776E,D04574
LV13-0025,21/01/2013,Lisheen Veterinary Clinic,Dry cow therapy / sealers,407.72,93.78,501.50,20/02/2013,EUR,,invoice,,IE3593885U,D01617
DHS13-0009,21/01/2013,Dairy Hygiene Supplies Ltd,"Parlour detergents, teat dip, filter socks",524.37,120.61,644.98,20/02/2013,EUR,,invoice,,IE1520123Q,D01696
SG13-0002,24/01/2013,Southern Genetics Co-Op,Semen straws + AI technician service,987.17,227.05,1214.22,23/02/2013,EUR,,invoice,,IE2815241Q,D01627
LV13-0007,25/01/2013,Lisheen Veterinary Clinic,Calving assistance,558.52,128.46,686.98,24/02/2013,EUR,,invoice,,IE3593885U,D01599
CL-201301,31/01/2013,Slieve Dairy Co-Operative Society Ltd,"Co-op haulage, milk testing, levies Jan 2013",143.72,33.06,176.78,31/01/2013,EUR,deducted from MS-201301,invoice,,IE9462300P,D00174
BF13-0007,02/02/2013,Ballyhoura Fuels Ltd,"Marked gas oil, bulk delivery",1124.00,151.74,1275.74,04/03/2013,EUR,,invoice,,IE4197223U,D01649
GF13-0003,03/02/2013,Glenfern Feeds Ltd,Dairy ration 18% nuts - 9.1 t,4050.39,0.00,4050.39,05/03/2013,EUR,,invoice,,IE8573822O,D01569
ES13-0002,04/02/2013,ESB Electric Supply,Electricity Feb 2013 (farm + house meter),1118.69,151.02,1269.71,06/03/2013,EUR,,invoice,,IE4752023D,D01711
CFP13-0035,06/02/2013,Charleville Farm Parts & Tyres Ltd,Welding rods / steel,302.11,69.49,371.60,08/03/2013,EUR,,invoice,,IE3017449G,D01687
CS13-0005,08/02/2013,Slieve Dairy Co-Op Farm Stores,Calf starter + milk replacer - 10.1 t,4507.70,0.00,4507.70,10/03/2013,EUR,netted off milk payment,invoice,,IE8007456W,D01585
LV13-0026,10/02/2013,Lisheen Veterinary Clinic,Dry cow therapy / sealers,576.16,132.52,708.68,12/03/2013,EUR,,invoice,,IE3593885U,D01618
LV13-0023,11/02/2013,Lisheen Veterinary Clinic,Fertility scanning,762.17,175.30,937.47,13/03/2013,EUR,,invoice,,IE3593885U,D01615
VF13-0002,11/02/2013,Vodafone Ireland,Mobile and broadband,145.71,33.51,179.22,13/03/2013,EUR,,invoice,,IE8398493D,D01712
DHS13-0011,12/02/2013,Dairy Hygiene Supplies Ltd,"Parlour detergents, teat dip, filter socks",340.10,78.22,418.32,14/03/2013,EUR,,invoice,,IE1520123Q,D01698
LV13-0030,15/02/2013,Lisheen Veterinary Clinic,Herd health visit + drugs,764.69,175.88,940.57,17/03/2013,EUR,,invoice,,IE3593885U,D01622
CFP13-0016,16/02/2013,Charleville Farm Parts & Tyres Ltd,Mower blades,228.82,52.63,281.45,18/03/2013,EUR,,invoice,,IE3017449G,D01668
LV13-0004,17/02/2013,Lisheen Veterinary Clinic,Vaccines (BVD/IBR/lepto),495.46,113.96,609.42,19/03/2013,EUR,,invoice,,IE3593885U,D01596
LV13-0014,17/02/2013,Lisheen Veterinary Clinic,Fertility scanning,662.91,152.47,815.38,19/03/2013,EUR,,invoice,,IE3593885U,D01606
LV13-0033,19/02/2013,Lisheen Veterinary Clinic,Vaccines (BVD/IBR/lepto),642.49,147.77,790.26,21/03/2013,EUR,,invoice,,IE3593885U,D01625
MFI13-0001,20/02/2013,Munster Farm Insurance Ltd,"Farm policy renewal (buildings, liability, machinery, employer liability)",8215.68,0.00,8215.68,22/03/2013,EUR,,invoice,,,D01733
CS13-0001,23/02/2013,Slieve Dairy Co-Op Farm Stores,Maize meal / soya hulls blend - 11.6 t,5175.30,0.00,5175.30,25/03/2013,EUR,netted off milk payment,invoice,,IE8007456W,D01575
LV13-0016,24/02/2013,Lisheen Veterinary Clinic,Vaccines (BVD/IBR/lepto),325.06,74.76,399.82,26/03/2013,EUR,,invoice,,IE3593885U,D01608
LV13-0019,24/02/2013,Lisheen Veterinary Clinic,Vaccines (BVD/IBR/lepto),420.14,96.63,516.77,26/03/2013,EUR,,invoice,,IE3593885U,D01611
CN-CFP13-0016,27/02/2013,Charleville Farm Parts & Tyres Ltd,Credit note: returned / short delivered goods against CFP13-0016,45.76,10.52,56.28,18/03/2013,EUR,,credit_note,,IE3017449G,D05141
CL-201302,28/02/2013,Slieve Dairy Co-Operative Society Ltd,"Co-op haulage, milk testing, levies Feb 2013",290.53,66.82,357.35,28/02/2013,EUR,deducted from MS-201302,invoice,,IE9462300P,D00176
LV13-0009,01/03/2013,Lisheen Veterinary Clinic,Calving assistance,610.20,140.35,750.55,31/03/2013,EUR,,invoice,,IE3593885U,D01601
CFP13-0011,02/03/2013,Charleville Farm Parts & Tyres Ltd,Parlour liners,379.62,87.31,466.93,01/04/2013,EUR,,invoice,,IE3017449G,D01663
LV13-0018,06/03/2013,Lisheen Veterinary Clinic,Dry cow therapy / sealers,477.01,109.71,586.72,05/04/2013,EUR,,invoice,,IE3593885U,D01610
LAC13-0005,07/03/2013,Lyons Agri Contracting Ltd,Silage harvesting (2nd cut),2848.62,384.56,3233.18,06/04/2013,EUR,,invoice,,IE9219903D,D01639
ES13-0003,08/03/2013,ESB Electric Supply,Electricity Mar 2013 (farm + house meter),946.96,127.84,1074.80,07/04/2013,EUR,,invoice,,IE4752023D,D01713
HC13-0001,09/03/2013,Hegarty & Co Farm Accountants,"Accounts, tax returns and payroll year 2012",2980.80,685.58,3666.38,08/04/2013,EUR,,invoice,,IE6025428V,D01734
VF13-0003,10/03/2013,Vodafone Ireland,Mobile and broadband,140.18,32.24,172.42,09/04/2013,EUR,,invoice,,IE8398493D,D01714
LV13-0024,11/03/2013,Lisheen Veterinary Clinic,Mastitis treatments,659.65,151.72,811.37,10/04/2013,EUR,,invoice,,IE3593885U,D01616
LD13-0001,11/03/2013,Kilbeg Livestock Mart Ltd,Mart commission and levies on LD-13-4292,143.59,33.03,176.62,11/03/2013,EUR,LD-13-4292,invoice,,IE6958430T,D04576
CS13-0006,15/03/2013,Slieve Dairy Co-Op Farm Stores,Protected urea bulk spread,5732.40,773.87,6506.27,14/04/2013,EUR,netted off milk payment,invoice,,IE8007456W,D01587
DHS13-0010,16/03/2013,Dairy Hygiene Supplies Ltd,"Parlour detergents, teat dip, filter socks",379.11,87.20,466.31,15/04/2013,EUR,,invoice,,IE1520123Q,D01697
KA13-0004,17/03/2013,Kilcummin Agri Supplies Ltd,Pasture sward 24-2.5-10 bulk spread,4869.14,657.33,5526.47,16/04/2013,EUR,,invoice,,IE2092142W,D01592
GF13-0009,21/03/2013,Glenfern Feeds Ltd,Maize meal / soya hulls blend - 10.9 t,4860.18,0.00,4860.18,20/04/2013,EUR,,invoice,,IE8573822O,D01576
DHS13-0008,24/03/2013,Dairy Hygiene Supplies Ltd,"Parlour detergents, teat dip, filter socks",691.49,159.04,850.53,23/04/2013,EUR,,invoice,,IE1520123Q,D01695
GF13-0010,25/03/2013,Glenfern Feeds Ltd,Dairy ration 16% bulk - 8.1 t,3627.98,0.00,3627.98,24/04/2013,EUR,,invoice,,IE8573822O,D01577
LD13-0002,26/03/2013,Kilbeg Livestock Mart Ltd,Mart commission and levies on LD-13-1968,149.50,34.38,183.88,26/03/2013,EUR,LD-13-1968,invoice,,IE6958430T,D04578
CL-201303,31/03/2013,Slieve Dairy Co-Operative Society Ltd,"Co-op haulage, milk testing, levies Mar 2013",478.86,110.14,589.00,31/03/2013,EUR,deducted from MS-201303,invoice,,IE9462300P,D00178
LV13-0003,01/04/2013,Lisheen Veterinary Clinic,Mastitis treatments,370.56,85.23,455.79,01/05/2013,EUR,,invoice,,IE3593885U,D01595
SG13-0007,03/04/2013,Southern Genetics Co-Op,Semen straws + AI technician service,495.11,113.88,608.99,03/05/2013,EUR,,invoice,,IE2815241Q,D01632
LD13-0003,03/04/2013,Kilbeg Livestock Mart Ltd,Mart commission and levies on LD-13-3006,144.03,33.13,177.16,03/04/2013,EUR,LD-13-3006,invoice,,IE6958430T,D04580
DHS13-0001,08/04/2013,Dairy Hygiene Supplies Ltd,"Parlour detergents, teat dip, filter socks",656.61,151.02,807.63,08/05/2013,EUR,,invoice,,IE1520123Q,D01688
ES13-0004,08/04/2013,ESB Electric Supply,Electricity Apr 2013 (farm + house meter),1171.34,158.13,1329.47,08/05/2013,EUR,,invoice,,IE4752023D,D01715
KA13-0002,10/04/2013,Kilcummin Agri Supplies Ltd,Protected urea bulk spread,4662.31,629.41,5291.72,10/05/2013,EUR,,invoice,,IE2092142W,D01590
VF13-0004,10/04/2013,Vodafone Ireland,Mobile and broadband,147.31,33.88,181.19,10/05/2013,EUR,,invoice,,IE8398493D,D01716
SG13-0005,15/04/2013,Southern Genetics Co-Op,Semen straws + AI technician service,510.70,117.46,628.16,15/05/2013,EUR,,invoice,,IE2815241Q,D01630
BF13-0004,16/04/2013,Ballyhoura Fuels Ltd,"Marked gas oil, bulk delivery",2240.22,302.43,2542.65,16/05/2013,EUR,,invoice,,IE4197223U,D01646
KA13-0003,19/04/2013,Kilcummin Agri Supplies Ltd,18-6-12 compound bulk spread,7592.74,1025.02,8617.76,19/05/2013,EUR,,invoice,,IE2092142W,D01591
GF13-0005,20/04/2013,Glenfern Feeds Ltd,Dairy ration 18% nuts - 7.9 t,3518.04,0.00,3518.04,20/05/2013,EUR,,invoice,,IE8573822O,D01571
CFP13-0023,20/04/2013,Charleville Farm Parts & Tyres Ltd,Tyres and tubes,417.30,95.98,513.28,20/05/2013,EUR,,invoice,,IE3017449G,D01675
SG13-0003,21/04/2013,Southern Genetics Co-Op,Semen straws + AI technician service,609.53,140.19,749.72,21/05/2013,EUR,,invoice,,IE2815241Q,D01628
LAC13-0006,21/04/2013,Lyons Agri Contracting Ltd,Slurry spreading (trailing shoe),2114.91,285.51,2400.42,21/05/2013,EUR,,invoice,,IE9219903D,D01641
LD13-0004,22/04/2013,Kilbeg Livestock Mart Ltd,Mart commission and levies on LD-13-2901,146.07,33.60,179.67,22/04/2013,EUR,LD-13-2901,invoice,,IE6958430T,D04582
CFP13-0012,23/04/2013,Charleville Farm Parts & Tyres Ltd,Gate and fencing repairs,381.34,87.71,469.05,23/05/2013,EUR,,invoice,,IE3017449G,D01664
SG13-0008,27/04/2013,Southern Genetics Co-Op,Semen straws + AI technician service,526.17,121.02,647.19,27/05/2013,EUR,,invoice,,IE2815241Q,D01633
GF13-0013,28/04/2013,Glenfern Feeds Ltd,Calf starter + milk replacer - 7.3 t,3247.97,0.00,3247.97,28/05/2013,EUR,,invoice,,IE8573822O,D01582
CL-201304,30/04/2013,Slieve Dairy Co-Operative Society Ltd,"Co-op haulage, milk testing, levies Apr 2013",643.44,147.99,791.43,30/04/2013,EUR,deducted from MS-201304,invoice,,IE9462300P,D00180
SG13-0004,01/05/2013,Southern Genetics Co-Op,Semen straws + AI technician service,962.49,221.37,1183.86,31/05/2013,EUR,,invoice,,IE2815241Q,D01629
LD13-0005,03/05/2013,Kilbeg Livestock Mart Ltd,Mart commission and levies on LD-13-2320,144.24,33.18,177.42,03/05/2013,EUR,LD-13-2320,invoice,,IE6958430T,D04584
RM13-0001,03/05/2013,Rathcormac Motors Ltd,Skoda Octavia Estate 13-C. Farm vehicle (advisory visits),24500.00,5635.00,30135.00,02/06/2013,EUR,,invoice,,IE5731710P,D05096
ES13-0005,06/05/2013,ESB Electric Supply,Electricity May 2013 (farm + house meter),1073.37,144.90,1218.27,05/06/2013,EUR,,invoice,,IE4752023D,D01717
OB13-0002,07/05/2013,O'Brien Plant Hire Ltd,Baling + wrapping,2190.86,295.77,2486.63,06/06/2013,EUR,,invoice,,IE9729960P,D01640
CFP13-0010,07/05/2013,Charleville Farm Parts & Tyres Ltd,Gate and fencing repairs,357.21,82.16,439.37,06/06/2013,EUR,,invoice,,IE3017449G,D01662
GF13-0012,09/05/2013,Glenfern Feeds Ltd,Calf starter + milk replacer - 9.8 t,4396.93,0.00,4396.93,08/06/2013,EUR,,invoice,,IE8573822O,D01581
VF13-0005,10/05/2013,Vodafone Ireland,Mobile and broadband,147.64,33.96,181.60,09/06/2013,EUR,,invoice,,IE8398493D,D01718
LAC13-0007,11/05/2013,Lyons Agri Contracting Ltd,Reseeding / ploughing,1801.34,243.18,2044.52,10/06/2013,EUR,,invoice,,IE9219903D,D01642
CFP13-0018,12/05/2013,Charleville Farm Parts & Tyres Ltd,Hydraulic hoses,454.26,104.48,558.74,11/06/2013,EUR,,invoice,,IE3017449G,D01670
LD13-0006,14/05/2013,Kilbeg Livestock Mart Ltd,Mart commission and levies on LD-13-1285,132.99,30.59,163.58,14/05/2013,EUR,LD-13-1285,invoice,,IE6958430T,D04586
WS13-0001,15/05/2013,County Council Water Services,"Water charges (metered, farm)",669.60,0.00,669.60,14/06/2013,EUR,,invoice,,IE7854060O,D01736
LAC13-0002,19/05/2013,Lyons Agri Contracting Ltd,Baling + wrapping,3158.58,426.41,3584.99,18/06/2013,EUR,,invoice,,IE9219903D,D01635
SG13-0006,21/05/2013,Southern Genetics Co-Op,Semen straws + AI technician service,371.81,85.52,457.33,20/06/2013,EUR,,invoice,,IE2815241Q,D01631
SG13-0001,26/05/2013,Southern Genetics Co-Op,Semen straws + AI technician service,391.85,90.13,481.98,25/06/2013,EUR,,invoice,,IE2815241Q,D01626
CL-201305,31/05/2013,Slieve Dairy Co-Operative Society Ltd,"Co-op haulage, milk testing, levies May 2013",700.24,161.06,861.30,31/05/2013,EUR,deducted from MS-201305,invoice,,IE9462300P,D00182
BF13-0008,01/06/2013,Ballyhoura Fuels Ltd,"Marked gas oil, bulk delivery",1883.36,254.25,2137.61,01/07/2013,EUR,,invoice,,IE4197223U,D01650
CFP13-0004,01/06/2013,Charleville Farm Parts & Tyres Ltd,Gate and fencing repairs,497.85,114.51,612.36,01/07/2013,EUR,,invoice,,IE3017449G,D01656
LAC13-0003,05/06/2013,Lyons Agri Contracting Ltd,Silage harvesting (1st cut),2625.40,354.43,2979.83,05/07/2013,EUR,,invoice,,IE9219903D,D01636
ES13-0006,05/06/2013,ESB Electric Supply,Electricity Jun 2013 (farm + house meter),1112.40,150.17,1262.57,05/07/2013,EUR,,invoice,,IE4752023D,D01719
VF13-0006,10/06/2013,Vodafone Ireland,Mobile and broadband,144.57,33.25,177.82,10/07/2013,EUR,,invoice,,IE8398493D,D01720
CFP13-0026,12/06/2013,Charleville Farm Parts & Tyres Ltd,Tractor service parts,347.67,79.96,427.63,12/07/2013,EUR,,invoice,,IE3017449G,D01678
DHS13-0002,17/06/2013,Dairy Hygiene Supplies Ltd,"Parlour detergents, teat dip, filter socks",653.63,150.33,803.96,17/07/2013,EUR,,invoice,,IE1520123Q,D01689
LV13-0029,18/06/2013,Lisheen Veterinary Clinic,Mastitis treatments,652.83,150.15,802.98,18/07/2013,EUR,,invoice,,IE3593885U,D01621
CFP13-0029,19/06/2013,Charleville Farm Parts & Tyres Ltd,Parlour liners,266.39,61.27,327.66,19/07/2013,EUR,,invoice,,IE3017449G,D01681
TG13-0001,19/06/2013,Teagasc,Advisory service annual fee,972.00,223.56,1195.56,19/07/2013,EUR,,invoice,,IE7259700V,D01735
CFP13-0003,21/06/2013,Charleville Farm Parts & Tyres Ltd,Parlour liners,282.60,65.00,347.60,21/07/2013,EUR,,invoice,,IE3017449G,D01655
CFP13-0022,23/06/2013,Charleville Farm Parts & Tyres Ltd,Mower blades,529.35,121.75,651.10,23/07/2013,EUR,,invoice,,IE3017449G,D01674
OB13-0001,28/06/2013,O'Brien Plant Hire Ltd,Slurry spreading (trailing shoe),3128.46,422.34,3550.80,28/07/2013,EUR,,invoice,,IE9729960P,D01638
CL-201306,30/06/2013,Slieve Dairy Co-Operative Society Ltd,"Co-op haulage, milk testing, levies Jun 2013",635.74,146.22,781.96,30/06/2013,EUR,deducted from MS-201306,invoice,,IE9462300P,D00184
ES13-0007,03/07/2013,ESB Electric Supply,Electricity Jul 2013 (farm + house meter),924.92,124.86,1049.78,02/08/2013,EUR,,invoice,,IE4752023D,D01721
BF13-0003,08/07/2013,Ballyhoura Fuels Ltd,"Marked gas oil, bulk delivery",1033.09,139.47,1172.56,07/08/2013,EUR,,invoice,,IE4197223U,D01645
VF13-0007,11/07/2013,Vodafone Ireland,Mobile and broadband,136.09,31.30,167.39,10/08/2013,EUR,,invoice,,IE8398493D,D01722
CS13-0007,16/07/2013,Slieve Dairy Co-Op Farm Stores,18-6-12 compound bulk spread,8190.27,1105.69,9295.96,15/08/2013,EUR,netted off milk payment,invoice,,IE8007456W,D01588
CFP13-0021,21/07/2013,Charleville Farm Parts & Tyres Ltd,Gate and fencing repairs,541.10,124.45,665.55,20/08/2013,EUR,,invoice,,IE3017449G,D01673
CFP13-0027,23/07/2013,Charleville Farm Parts & Tyres Ltd,Tyres and tubes,393.33,90.47,483.80,22/08/2013,EUR,,invoice,,IE3017449G,D01679
CFP13-0017,25/07/2013,Charleville Farm Parts & Tyres Ltd,Tyres and tubes,497.36,114.39,611.75,24/08/2013,EUR,,invoice,,IE3017449G,D01669
CFP13-0034,25/07/2013,Charleville Farm Parts & Tyres Ltd,Gate and fencing repairs,247.73,56.98,304.71,24/08/2013,EUR,,invoice,,IE3017449G,D01686
LAC13-0001,27/07/2013,Lyons Agri Contracting Ltd,Slurry spreading (trailing shoe),2322.07,313.48,2635.55,26/08/2013,EUR,,invoice,,IE9219903D,D01634
CL-201307,31/07/2013,Slieve Dairy Co-Operative Society Ltd,"Co-op haulage, milk testing, levies Jul 2013",573.58,131.92,705.50,31/07/2013,EUR,deducted from MS-201307,invoice,,IE9462300P,D00186
LV13-0021,04/08/2013,Lisheen Veterinary Clinic,Fertility scanning,700.34,161.08,861.42,03/09/2013,EUR,,invoice,,IE3593885U,D01613
DHS13-0013,04/08/2013,Dairy Hygiene Supplies Ltd,"Parlour detergents, teat dip, filter socks",408.68,94.00,502.68,03/09/2013,EUR,,invoice,,IE1520123Q,D01700
ES13-0008,07/08/2013,ESB Electric Supply,Electricity Aug 2013 (farm + house meter),1067.11,144.06,1211.17,06/09/2013,EUR,,invoice,,IE4752023D,D01723
CFP13-0031,10/08/2013,Charleville Farm Parts & Tyres Ltd,Hydraulic hoses,335.67,77.20,412.87,09/09/2013,EUR,,invoice,,IE3017449G,D01683
VF13-0008,10/08/2013,Vodafone Ireland,Mobile and broadband,136.62,31.42,168.04,09/09/2013,EUR,,invoice,,IE8398493D,D01724
LV13-0005,11/08/2013,Lisheen Veterinary Clinic,Fertility scanning,430.07,98.92,528.99,10/09/2013,EUR,,invoice,,IE3593885U,D01597
CFP13-0009,13/08/2013,Charleville Farm Parts & Tyres Ltd,Welding rods / steel,492.85,113.36,606.21,12/09/2013,EUR,,invoice,,IE3017449G,D01661
AW13-0001,13/08/2013,AgriWrap Plastics Ltd,"Silage plastic, bale net, twine",1260.23,289.85,1550.08,12/09/2013,EUR,,invoice,,IE7984856V,D01701
CS13-0008,14/08/2013,Slieve Dairy Co-Op Farm Stores,18-6-12 compound bulk spread,8070.15,1089.47,9159.62,13/09/2013,EUR,netted off milk payment,invoice,,IE8007456W,D01589
AW13-0003,16/08/2013,AgriWrap Plastics Ltd,"Silage plastic, bale net, twine",1223.94,281.51,1505.45,15/09/2013,EUR,,invoice,,IE7984856V,D01703
CFP13-0008,17/08/2013,Charleville Farm Parts & Tyres Ltd,Mower blades,289.44,66.57,356.01,16/09/2013,EUR,,invoice,,IE3017449G,D01660
DHS13-0006,19/08/2013,Dairy Hygiene Supplies Ltd,"Parlour detergents, teat dip, filter socks",484.38,111.41,595.79,18/09/2013,EUR,,invoice,,IE1520123Q,D01693
AW13-0002,23/08/2013,AgriWrap Plastics Ltd,"Silage plastic, bale net, twine",1336.51,307.40,1643.91,22/09/2013,EUR,,invoice,,IE7984856V,D01702
BF13-0009,27/08/2013,Ballyhoura Fuels Ltd,"Marked gas oil, bulk delivery",2023.18,273.13,2296.31,26/09/2013,EUR,,invoice,,IE4197223U,D01651
LV13-0012,28/08/2013,Lisheen Veterinary Clinic,Calving assistance,336.50,77.40,413.90,27/09/2013,EUR,,invoice,,IE3593885U,D01604
CL-201308,31/08/2013,Slieve Dairy Co-Operative Society Ltd,"Co-op haulage, milk testing, levies Aug 2013",529.63,121.81,651.44,31/08/2013,EUR,deducted from MS-201308,invoice,,IE9462300P,D00188
CFP13-0020,02/09/2013,Charleville Farm Parts & Tyres Ltd,Gate and fencing repairs,532.88,122.56,655.44,02/10/2013,EUR,,invoice,,IE3017449G,D01672
CFP13-0032,02/09/2013,Charleville Farm Parts & Tyres Ltd,Mower blades,382.42,87.96,470.38,02/10/2013,EUR,,invoice,,IE3017449G,D01684
ES13-0009,05/09/2013,ESB Electric Supply,Electricity Sep 2013 (farm + house meter),976.91,131.88,1108.79,05/10/2013,EUR,,invoice,,IE4752023D,D01725
LAC13-0004,07/09/2013,Lyons Agri Contracting Ltd,Baling + wrapping,2032.55,274.39,2306.94,07/10/2013,EUR,,invoice,,IE9219903D,D01637
BF13-0005,07/09/2013,Ballyhoura Fuels Ltd,"Marked gas oil, bulk delivery",1269.29,171.35,1440.64,07/10/2013,EUR,,invoice,,IE4197223U,D01647
VF13-0009,10/09/2013,Vodafone Ireland,Mobile and broadband,144.96,33.34,178.30,10/10/2013,EUR,,invoice,,IE8398493D,D01726
CFP13-0014,11/09/2013,Charleville Farm Parts & Tyres Ltd,Tyres and tubes,245.52,56.47,301.99,11/10/2013,EUR,,invoice,,IE3017449G,D01666
CS13-0003,14/09/2013,Slieve Dairy Co-Op Farm Stores,Dairy ration 16% bulk - 10.4 t,4660.17,0.00,4660.17,14/10/2013,EUR,netted off milk payment,invoice,,IE8007456W,D01579
BF13-0002,15/09/2013,Ballyhoura Fuels Ltd,"Marked gas oil, bulk delivery",1917.19,258.82,2176.01,15/10/2013,EUR,,invoice,,IE4197223U,D01644
DHS13-0003,15/09/2013,Dairy Hygiene Supplies Ltd,"Parlour detergents, teat dip, filter socks",683.43,157.19,840.62,15/10/2013,EUR,,invoice,,IE1520123Q,D01690
CFP13-0025,17/09/2013,Charleville Farm Parts & Tyres Ltd,Tyres and tubes,475.06,109.26,584.32,17/10/2013,EUR,,invoice,,IE3017449G,D01677
MR13-0001,18/09/2013,Munster Rendering Ltd,Fallen animal collection,118.80,27.32,146.12,18/10/2013,EUR,,invoice,,IE4033776E,D04573
DHS13-0012,19/09/2013,Dairy Hygiene Supplies Ltd,"Parlour detergents, teat dip, filter socks",347.17,79.85,427.02,19/10/2013,EUR,,invoice,,IE1520123Q,D01699
GF13-0014,26/09/2013,Glenfern Feeds Ltd,Maize meal / soya hulls blend - 9.7 t,4345.75,0.00,4345.75,26/10/2013,EUR,,invoice,,IE8573822O,D01584
CFP13-0019,28/09/2013,Charleville Farm Parts & Tyres Ltd,Gate and fencing repairs,267.26,61.47,328.73,28/10/2013,EUR,,invoice,,IE3017449G,D01671
CL-201309,30/09/2013,Slieve Dairy Co-Operative Society Ltd,"Co-op haulage, milk testing, levies Sep 2013",426.77,98.16,524.93,30/09/2013,EUR,deducted from MS-201309,invoice,,IE9462300P,D00190
GF13-0004,02/10/2013,Glenfern Feeds Ltd,Maize meal / soya hulls blend - 11.0 t,4902.70,0.00,4902.70,01/11/2013,EUR,,invoice,,IE8573822O,D01570
LV13-0001,04/10/2013,Lisheen Veterinary Clinic,Herd health visit + drugs,647.42,148.91,796.33,03/11/2013,EUR,,invoice,,IE3593885U,D01593
LV13-0013,05/10/2013,Lisheen Veterinary Clinic,Calving assistance,284.97,65.54,350.51,04/11/2013,EUR,,invoice,,IE3593885U,D01605
CFP13-0033,05/10/2013,Charleville Farm Parts & Tyres Ltd,Tyres and tubes,290.15,66.73,356.88,04/11/2013,EUR,,invoice,,IE3017449G,D01685
DHS13-0004,06/10/2013,Dairy Hygiene Supplies Ltd,"Parlour detergents, teat dip, filter socks",696.46,160.19,856.65,05/11/2013,EUR,,invoice,,IE1520123Q,D01691
ES13-0010,06/10/2013,ESB Electric Supply,Electricity Oct 2013 (farm + house meter),958.35,129.38,1087.73,05/11/2013,EUR,,invoice,,IE4752023D,D01727
VF13-0010,12/10/2013,Vodafone Ireland,Mobile and broadband,137.57,31.64,169.21,11/11/2013,EUR,,invoice,,IE8398493D,D01728
HF13-0005,14/10/2013,Cork Hoof Care Services,Hoof trimming / footbaths,648.82,149.23,798.05,13/11/2013,EUR,,invoice,,IE1248259R,D01708
GF13-0007,18/10/2013,Glenfern Feeds Ltd,Maize meal / soya hulls blend - 9.7 t,4347.31,0.00,4347.31,17/11/2013,EUR,,invoice,,IE8573822O,D01573
HF13-0001,18/10/2013,Cork Hoof Care Services,Hoof trimming / footbaths,942.67,216.81,1159.48,17/11/2013,EUR,,invoice,,IE1248259R,D01704
LV13-0022,21/10/2013,Lisheen Veterinary Clinic,Fertility scanning,404.41,93.01,497.42,20/11/2013,EUR,,invoice,,IE3593885U,D01614
BF13-0010,22/10/2013,Ballyhoura Fuels Ltd,"Marked gas oil, bulk delivery",1994.31,269.23,2263.54,21/11/2013,EUR,,invoice,,IE4197223U,D01652
CFP13-0002,22/10/2013,Charleville Farm Parts & Tyres Ltd,Tractor service parts,399.12,91.80,490.92,21/11/2013,EUR,,invoice,,IE3017449G,D01654
KA13-0001,25/10/2013,Kilcummin Agri Supplies Ltd,Ground limestone bulk spread,4890.65,660.24,5550.89,24/11/2013,EUR,,invoice,,IE2092142W,D01586
LD13-0007,25/10/2013,Kilbeg Livestock Mart Ltd,Mart commission and levies on LD-13-9853,258.05,59.35,317.40,25/10/2013,EUR,LD-13-9853,invoice,,IE6958430T,D04590
LV13-0031,27/10/2013,Lisheen Veterinary Clinic,Mastitis treatments,353.47,81.30,434.77,26/11/2013,EUR,,invoice,,IE3593885U,D01623
CL-201310,31/10/2013,Slieve Dairy Co-Operative Society Ltd,"Co-op haulage, milk testing, levies Oct 2013",305.26,70.21,375.47,31/10/2013,EUR,deducted from MS-201310,invoice,,IE9462300P,D00192
LV13-0015,03/11/2013,Lisheen Veterinary Clinic,Vaccines (BVD/IBR/lepto),649.57,149.40,798.97,03/12/2013,EUR,,invoice,,IE3593885U,D01607
CFP13-0005,03/11/2013,Charleville Farm Parts & Tyres Ltd,Hydraulic hoses,476.10,109.50,585.60,03/12/2013,EUR,,invoice,,IE3017449G,D01657
LV13-0006,04/11/2013,Lisheen Veterinary Clinic,Calving assistance,333.63,76.73,410.36,04/12/2013,EUR,,invoice,,IE3593885U,D01598
HF13-0004,08/11/2013,Cork Hoof Care Services,Hoof trimming / footbaths,481.97,110.85,592.82,08/12/2013,EUR,,invoice,,IE1248259R,D01707
ES13-0011,08/11/2013,ESB Electric Supply,Electricity Nov 2013 (farm + house meter),1087.35,146.79,1234.14,08/12/2013,EUR,,invoice,,IE4752023D,D01729
CS13-0004,09/11/2013,Slieve Dairy Co-Op Farm Stores,Calf starter + milk replacer - 10.7 t,4770.49,0.00,4770.49,09/12/2013,EUR,netted off milk payment,invoice,,IE8007456W,D01583
LV13-0020,10/11/2013,Lisheen Veterinary Clinic,Dry cow therapy / sealers,707.61,162.75,870.36,10/12/2013,EUR,,invoice,,IE3593885U,D01612
HF13-0002,10/11/2013,Cork Hoof Care Services,Hoof trimming / footbaths,782.29,179.93,962.22,10/12/2013,EUR,,invoice,,IE1248259R,D01705
VF13-0011,11/11/2013,Vodafone Ireland,Mobile and broadband,147.97,34.03,182.00,11/12/2013,EUR,,invoice,,IE8398493D,D01730
CFP13-0007,14/11/2013,Charleville Farm Parts & Tyres Ltd,Welding rods / steel,513.00,117.99,630.99,14/12/2013,EUR,,invoice,,IE3017449G,D01659
LV13-0027,20/11/2013,Lisheen Veterinary Clinic,Dry cow therapy / sealers,512.04,117.77,629.81,20/12/2013,EUR,,invoice,,IE3593885U,D01619
DOC13-0001,20/11/2013,"T. Buckley (landlord, conacre)",Conacre rent 2013: 50 acres @ 270/acre,13500.00,0.00,13500.00,20/12/2013,EUR,,rent_receipt,,,D01737
CFP13-0015,22/11/2013,Charleville Farm Parts & Tyres Ltd,Hydraulic hoses,305.46,70.26,375.72,22/12/2013,EUR,,invoice,,IE3017449G,D01667
BF13-0006,25/11/2013,Ballyhoura Fuels Ltd,"Marked gas oil, bulk delivery",1421.99,191.97,1613.96,25/12/2013,EUR,,invoice,,IE4197223U,D01648
GF13-0011,27/11/2013,Glenfern Feeds Ltd,Dairy ration 18% nuts - 4.9 t,2198.17,0.00,2198.17,27/12/2013,EUR,,invoice,,IE8573822O,D01580
CL-201311,30/11/2013,Slieve Dairy Co-Operative Society Ltd,"Co-op haulage, milk testing, levies Nov 2013",183.90,42.30,226.20,30/11/2013,EUR,deducted from MS-201311,invoice,,IE9462300P,D00194
CFP13-0030,03/12/2013,Charleville Farm Parts & Tyres Ltd,Parlour liners,388.47,89.35,477.82,02/01/2014,EUR,,invoice,,IE3017449G,D01682
ES13-0012,08/12/2013,ESB Electric Supply,Electricity Dec 2013 (farm + house meter),1168.02,157.68,1325.70,07/01/2014,EUR,,invoice,,IE4752023D,D01731
LV13-0010,10/12/2013,Lisheen Veterinary Clinic,Fertility scanning,640.50,147.32,787.82,09/01/2014,EUR,,invoice,,IE3593885U,D01602
LV13-0011,10/12/2013,Lisheen Veterinary Clinic,Vaccines (BVD/IBR/lepto),555.46,127.76,683.22,09/01/2014,EUR,,invoice,,IE3593885U,D01603
CFP13-0001,10/12/2013,Charleville Farm Parts & Tyres Ltd,Welding rods / steel,231.83,53.32,285.15,09/01/2014,EUR,,invoice,,IE3017449G,D01653
VF13-0012,10/12/2013,Vodafone Ireland,Mobile and broadband,138.62,31.88,170.50,09/01/2014,EUR,,invoice,,IE8398493D,D01732
CS13-0002,15/12/2013,Slieve Dairy Co-Op Farm Stores,Mineral supplement - 8.5 t,3785.76,0.00,3785.76,14/01/2014,EUR,netted off milk payment,invoice,,IE8007456W,D01578
LV13-0028,18/12/2013,Lisheen Veterinary Clinic,Calving assistance,696.18,160.12,856.30,17/01/2014,EUR,,invoice,,IE3593885U,D01620
CFP13-0024,18/12/2013,Charleville Farm Parts & Tyres Ltd,Hydraulic hoses,509.27,117.13,626.40,17/01/2014,EUR,,invoice,,IE3017449G,D01676
LV13-0032,19/12/2013,Lisheen Veterinary Clinic,Calving assistance,617.92,142.12,760.04,18/01/2014,EUR,,invoice,,IE3593885U,D01624
CFP13-0028,19/12/2013,Charleville Farm Parts & Tyres Ltd,Tractor service parts,381.98,87.86,469.84,18/01/2014,EUR,,invoice,,IE3017449G,D01680
CFP13-0013,20/12/2013,Charleville Farm Parts & Tyres Ltd,Welding rods / steel,364.30,83.79,448.09,19/01/2014,EUR,,invoice,,IE3017449G,D01665
DHS13-0007,20/12/2013,Dairy Hygiene Supplies Ltd,"Parlour detergents, teat dip, filter socks",680.33,156.48,836.81,19/01/2014,EUR,,invoice,,IE1520123Q,D01694
DHS13-0005,21/12/2013,Dairy Hygiene Supplies Ltd,"Parlour detergents, teat dip, filter socks",623.77,143.47,767.24,20/01/2014,EUR,,invoice,,IE1520123Q,D01692
LV13-0008,22/12/2013,Lisheen Veterinary Clinic,Fertility scanning,658.01,151.34,809.35,21/01/2014,EUR,,invoice,,IE3593885U,D01600
GF13-0008,23/12/2013,Glenfern Feeds Ltd,Calf starter + milk replacer - 8.2 t,3665.25,0.00,3665.25,22/01/2014,EUR,,invoice,,IE8573822O,D01574
PC-714,23/12/2013,P. Crowley Plant & Labour,Labour and plant hire as agreed,5000.00,0.00,5000.00,22/01/2014,EUR,,invoice,,,D05130
PC-331,23/12/2013,P. Crowley Plant & Labour,Labour and plant hire as agreed,4500.00,0.00,4500.00,22/01/2014,EUR,,invoice,,,D05131
GF13-0002,27/12/2013,Glenfern Feeds Ltd,Dairy ration 18% nuts - 8.7 t,3882.56,0.00,3882.56,26/01/2014,EUR,,invoice,,IE8573822O,D01568
CL-201312,31/12/2013,Slieve Dairy Co-Operative Society Ltd,"Co-op haulage, milk testing, levies Dec 2013",105.68,24.31,129.99,31/12/2013,EUR,deducted from MS-201312,invoice,,IE9462300P,D00196
GF13-0008,31/12/2013,Glenfern Feeds Ltd,Calf starter + milk replacer - 8.2 t,3665.25,0.00,3665.25,22/01/2014,EUR,,invoice,,IE8573822O,D05138
GF14-0003,05/01/2014,Glenfern Feeds Ltd,Maize meal / soya hulls blend - 10.7 t,4160.04,0.00,4160.04,04/02/2014,EUR,,invoice,,IE8573822O,D01740
LV14-0006,05/01/2014,Lisheen Veterinary Clinic,Calving assistance,777.23,178.76,955.99,04/02/2014,EUR,,invoice,,IE3593885U,D01765
CFP14-0001,05/01/2014,Charleville Farm Parts & Tyres Ltd,Tractor service parts,483.10,111.11,594.21,04/02/2014,EUR,,invoice,,IE3017449G,D01821
ES14-0001,05/01/2014,ESB Electric Supply,Electricity Jan 2014 (farm + house meter),1010.74,136.45,1147.19,04/02/2014,EUR,,invoice,,IE4752023D,D01880
GF14-0011,06/01/2014,Glenfern Feeds Ltd,Maize meal / soya hulls blend - 10.5 t,4091.85,0.00,4091.85,05/02/2014,EUR,,invoice,,IE8573822O,D01750
VF14-0001,12/01/2014,Vodafone Ireland,Mobile and broadband,156.82,36.07,192.89,11/02/2014,EUR,,invoice,,IE8398493D,D01881
GF14-0012,14/01/2014,Glenfern Feeds Ltd,Dairy ration 18% nuts - 10.3 t,4032.08,0.00,4032.08,13/02/2014,EUR,,invoice,,IE8573822O,D01753
LV14-0017,17/01/2014,Lisheen Veterinary Clinic,Herd health visit + drugs,524.11,120.55,644.66,16/02/2014,EUR,,invoice,,IE3593885U,D01776
CFP14-0023,18/01/2014,Charleville Farm Parts & Tyres Ltd,Gate and fencing repairs,504.73,116.09,620.82,17/02/2014,EUR,,invoice,,IE3017449G,D01843
DHS14-0013,20/01/2014,Dairy Hygiene Supplies Ltd,"Parlour detergents, teat dip, filter socks",564.47,129.83,694.30,19/02/2014,EUR,,invoice,,IE1520123Q,D01870
LV14-0005,23/01/2014,Lisheen Veterinary Clinic,Vaccines (BVD/IBR/lepto),627.39,144.30,771.69,22/02/2014,EUR,,invoice,,IE3593885U,D01764
BF14-0009,23/01/2014,Ballyhoura Fuels Ltd,"Marked gas oil, bulk delivery",1741.04,235.04,1976.08,22/02/2014,EUR,,invoice,,IE4197223U,D01820
GF14-0008,24/01/2014,Glenfern Feeds Ltd,Calf starter + milk replacer - 13.4 t,5251.24,0.00,5251.24,23/02/2014,EUR,,invoice,,IE8573822O,D01745
CFP14-0017,24/01/2014,Charleville Farm Parts & Tyres Ltd,Parlour liners,355.17,81.69,436.86,23/02/2014,EUR,,invoice,,IE3017449G,D01837
CFP14-0012,26/01/2014,Charleville Farm Parts & Tyres Ltd,Hydraulic hoses,438.86,100.94,539.80,25/02/2014,EUR,,invoice,,IE3017449G,D01832
CFP14-0003,27/01/2014,Charleville Farm Parts & Tyres Ltd,Welding rods / steel,342.09,78.68,420.77,26/02/2014,EUR,,invoice,,IE3017449G,D01823
CL-201401,31/01/2014,Slieve Dairy Co-Operative Society Ltd,"Co-op haulage, milk testing, levies Jan 2014",159.44,36.67,196.11,31/01/2014,EUR,deducted from MS-201401,invoice,,IE9462300P,D00198
ES14-0002,06/02/2014,ESB Electric Supply,Electricity Feb 2014 (farm + house meter),1235.20,166.75,1401.95,08/03/2014,EUR,,invoice,,IE4752023D,D01882
CFP14-0022,08/02/2014,Charleville Farm Parts & Tyres Ltd,Welding rods / steel,362.84,83.45,446.29,10/03/2014,EUR,,invoice,,IE3017449G,D01842
MFI14-0001,08/02/2014,Munster Farm Insurance Ltd,"Farm policy renewal (buildings, liability, machinery, employer liability)",8591.52,0.00,8591.52,10/03/2014,EUR,,invoice,,,D01904
LV14-0004,11/02/2014,Lisheen Veterinary Clinic,Mastitis treatments,734.11,168.85,902.96,13/03/2014,EUR,,invoice,,IE3593885U,D01763
VF14-0002,11/02/2014,Vodafone Ireland,Mobile and broadband,154.66,35.57,190.23,13/03/2014,EUR,,invoice,,IE8398493D,D01883
LV14-0016,17/02/2014,Lisheen Veterinary Clinic,Herd health visit + drugs,323.56,74.42,397.98,19/03/2014,EUR,,invoice,,IE3593885U,D01775
LV14-0001,21/02/2014,Lisheen Veterinary Clinic,Mastitis treatments,531.38,122.22,653.60,23/03/2014,EUR,,invoice,,IE3593885U,D01760
LV14-0011,24/02/2014,Lisheen Veterinary Clinic,Mastitis treatments,748.93,172.25,921.18,26/03/2014,EUR,,invoice,,IE3593885U,D01770
LV14-0033,26/02/2014,Lisheen Veterinary Clinic,Vaccines (BVD/IBR/lepto),765.24,176.01,941.25,28/03/2014,EUR,,invoice,,IE3593885U,D01792
CL-201402,28/02/2014,Slieve Dairy Co-Operative Society Ltd,"Co-op haulage, milk testing, levies Feb 2014",328.01,75.44,403.45,28/02/2014,EUR,deducted from MS-201402,invoice,,IE9462300P,D00200
LV14-0024,28/02/2014,Lisheen Veterinary Clinic,Calving assistance,472.22,108.61,580.83,30/03/2014,EUR,,invoice,,IE3593885U,D01783
GF14-0009,05/03/2014,Glenfern Feeds Ltd,Dairy ration 16% bulk - 12.4 t,4832.07,0.00,4832.07,04/04/2014,EUR,,invoice,,IE8573822O,D01747
CS14-0005,05/03/2014,Slieve Dairy Co-Op Farm Stores,18-6-12 compound bulk spread,5830.08,787.06,6617.14,04/04/2014,EUR,netted off milk payment,invoice,,IE8007456W,D01757
ES14-0003,05/03/2014,ESB Electric Supply,Electricity Mar 2014 (farm + house meter),1034.54,139.66,1174.20,04/04/2014,EUR,,invoice,,IE4752023D,D01884
CS14-0007,07/03/2014,Slieve Dairy Co-Op Farm Stores,18-6-12 compound bulk spread,4349.08,587.13,4936.21,06/04/2014,EUR,netted off milk payment,invoice,,IE8007456W,D01759
LV14-0007,08/03/2014,Lisheen Veterinary Clinic,Fertility scanning,663.24,152.55,815.79,07/04/2014,EUR,,invoice,,IE3593885U,D01766
HC14-0001,10/03/2014,Hegarty & Co Farm Accountants,"Accounts, tax returns and payroll year 2013",2980.80,685.58,3666.38,09/04/2014,EUR,,invoice,,IE6025428V,D01905
VF14-0003,11/03/2014,Vodafone Ireland,Mobile and broadband,141.34,32.51,173.85,10/04/2014,EUR,,invoice,,IE8398493D,D01885
SG14-0009,13/03/2014,Southern Genetics Co-Op,Semen straws + AI technician service,402.90,92.67,495.57,12/04/2014,EUR,,invoice,,IE2815241Q,D01802
SG14-0004,14/03/2014,Southern Genetics Co-Op,Semen straws + AI technician service,666.22,153.23,819.45,13/04/2014,EUR,,invoice,,IE2815241Q,D01797
LD14-0001,14/03/2014,Kilbeg Livestock Mart Ltd,Mart commission and levies on LD-14-1462,105.32,24.22,129.54,14/03/2014,EUR,LD-14-1462,invoice,,IE6958430T,D04595
CFP14-0021,15/03/2014,Charleville Farm Parts & Tyres Ltd,Mower blades,280.84,64.59,345.43,14/04/2014,EUR,,invoice,,IE3017449G,D01841
LV14-0019,21/03/2014,Lisheen Veterinary Clinic,Fertility scanning,618.10,142.16,760.26,20/04/2014,EUR,,invoice,,IE3593885U,D01778
LD14-0002,24/03/2014,Kilbeg Livestock Mart Ltd,Mart commission and levies on LD-14-7043,102.75,23.63,126.38,24/03/2014,EUR,LD-14-7043,invoice,,IE6958430T,D04597
LV14-0029,25/03/2014,Lisheen Veterinary Clinic,Fertility scanning,350.00,80.50,430.50,24/04/2014,EUR,,invoice,,IE3593885U,D01788
CFP14-0033,26/03/2014,Charleville Farm Parts & Tyres Ltd,Tractor service parts,491.16,112.97,604.13,25/04/2014,EUR,,invoice,,IE3017449G,D01853
CL-201403,31/03/2014,Slieve Dairy Co-Operative Society Ltd,"Co-op haulage, milk testing, levies Mar 2014",562.66,129.41,692.07,31/03/2014,EUR,deducted from MS-201403,invoice,,IE9462300P,D00202
CFP14-0008,01/04/2014,Charleville Farm Parts & Tyres Ltd,Gate and fencing repairs,386.47,88.89,475.36,01/05/2014,EUR,,invoice,,IE3017449G,D01828
CFP14-0004,02/04/2014,Charleville Farm Parts & Tyres Ltd,Hydraulic hoses,214.23,49.27,263.50,02/05/2014,EUR,,invoice,,IE3017449G,D01824
LD14-0003,02/04/2014,Kilbeg Livestock Mart Ltd,Mart commission and levies on LD-14-2711,104.69,24.08,128.77,02/04/2014,EUR,LD-14-2711,invoice,,IE6958430T,D04599
DHS14-0014,05/04/2014,Dairy Hygiene Supplies Ltd,"Parlour detergents, teat dip, filter socks",557.81,128.30,686.11,05/05/2014,EUR,,invoice,,IE1520123Q,D01871
GF14-0004,07/04/2014,Glenfern Feeds Ltd,Dairy ration 18% nuts - 9.9 t,3882.64,0.00,3882.64,07/05/2014,EUR,,invoice,,IE8573822O,D01741
ES14-0004,08/04/2014,ESB Electric Supply,Electricity Apr 2014 (farm + house meter),1072.61,144.80,1217.41,08/05/2014,EUR,,invoice,,IE4752023D,D01886
LD14-0004,08/04/2014,Kilbeg Livestock Mart Ltd,Mart commission and levies on LD-14-9043,102.52,23.58,126.10,08/04/2014,EUR,LD-14-9043,invoice,,IE6958430T,D04601
CFP14-0006,09/04/2014,Charleville Farm Parts & Tyres Ltd,Mower blades,532.62,122.50,655.12,09/05/2014,EUR,,invoice,,IE3017449G,D01826
VF14-0004,12/04/2014,Vodafone Ireland,Mobile and broadband,164.31,37.79,202.10,12/05/2014,EUR,,invoice,,IE8398493D,D01887
SG14-0008,14/04/2014,Southern Genetics Co-Op,Semen straws + AI technician service,865.91,199.16,1065.07,14/05/2014,EUR,,invoice,,IE2815241Q,D01801
SG14-0006,15/04/2014,Southern Genetics Co-Op,Semen straws + AI technician service,585.18,134.59,719.77,15/05/2014,EUR,,invoice,,IE2815241Q,D01799
CFP14-0032,17/04/2014,Charleville Farm Parts & Tyres Ltd,Tyres and tubes,334.93,77.03,411.96,17/05/2014,EUR,,invoice,,IE3017449G,D01852
LV14-0008,18/04/2014,Lisheen Veterinary Clinic,Herd health visit + drugs,731.58,168.26,899.84,18/05/2014,EUR,,invoice,,IE3593885U,D01767
LV14-0020,21/04/2014,Lisheen Veterinary Clinic,Mastitis treatments,685.35,157.63,842.98,21/05/2014,EUR,,invoice,,IE3593885U,D01779
LD14-0005,22/04/2014,Kilbeg Livestock Mart Ltd,Mart commission and levies on LD-14-1881,110.04,25.31,135.35,22/04/2014,EUR,LD-14-1881,invoice,,IE6958430T,D04603
LV14-0002,23/04/2014,Lisheen Veterinary Clinic,Dry cow therapy / sealers,492.37,113.25,605.62,23/05/2014,EUR,,invoice,,IE3593885U,D01761
LV14-0034,25/04/2014,Lisheen Veterinary Clinic,Calving assistance,533.47,122.70,656.17,25/05/2014,EUR,,invoice,,IE3593885U,D01793
CN-LV14-0019,25/04/2014,Lisheen Veterinary Clinic,Credit note: returned / short delivered goods against LV14-0019,61.81,14.21,76.02,20/04/2014,EUR,,credit_note,,IE3593885U,D05144
LAC14-0005,28/04/2014,Lyons Agri Contracting Ltd,Hedge cutting,3666.80,495.02,4161.82,28/05/2014,EUR,,invoice,,IE9219903D,D01808
CL-201404,30/04/2014,Slieve Dairy Co-Operative Society Ltd,"Co-op haulage, milk testing, levies Apr 2014",766.53,176.30,942.83,30/04/2014,EUR,deducted from MS-201404,invoice,,IE9462300P,D00204
CFP14-0028,01/05/2014,Charleville Farm Parts & Tyres Ltd,Tractor service parts,366.67,84.33,451.00,31/05/2014,EUR,,invoice,,IE3017449G,D01848
KA14-0003,02/05/2014,Kilcummin Agri Supplies Ltd,Pasture sward 24-2.5-10 bulk spread,8774.11,1184.50,9958.61,01/06/2014,EUR,,invoice,,IE2092142W,D01756
LD14-0006,02/05/2014,Kilbeg Livestock Mart Ltd,Mart commission and levies on LD-14-6361,109.74,25.24,134.98,02/05/2014,EUR,LD-14-6361,invoice,,IE6958430T,D04605
ES14-0005,04/05/2014,ESB Electric Supply,Electricity May 2014 (farm + house meter),1225.46,165.44,1390.90,03/06/2014,EUR,,invoice,,IE4752023D,D01888
SG14-0007,08/05/2014,Southern Genetics Co-Op,Semen straws + AI technician service,564.14,129.75,693.89,07/06/2014,EUR,,invoice,,IE2815241Q,D01800
LV14-0014,09/05/2014,Lisheen Veterinary Clinic,Herd health visit + drugs,369.78,85.05,454.83,08/06/2014,EUR,,invoice,,IE3593885U,D01773
LV14-0025,09/05/2014,Lisheen Veterinary Clinic,Vaccines (BVD/IBR/lepto),458.63,105.48,564.11,08/06/2014,EUR,,invoice,,IE3593885U,D01784
LV14-0026,09/05/2014,Lisheen Veterinary Clinic,Herd health visit + drugs,757.05,174.12,931.17,08/06/2014,EUR,,invoice,,IE3593885U,D01785
VF14-0005,12/05/2014,Vodafone Ireland,Mobile and broadband,136.82,31.47,168.29,11/06/2014,EUR,,invoice,,IE8398493D,D01889
LD14-0007,12/05/2014,Kilbeg Livestock Mart Ltd,Mart commission and levies on LD-14-5083,100.98,23.23,124.21,12/05/2014,EUR,LD-14-5083,invoice,,IE6958430T,D04607
WS14-0001,13/05/2014,County Council Water Services,"Water charges (metered, farm)",669.60,0.00,669.60,12/06/2014,EUR,,invoice,,IE7854060O,D01907
LV14-0009,14/05/2014,Lisheen Veterinary Clinic,Mastitis treatments,621.01,142.83,763.84,13/06/2014,EUR,,invoice,,IE3593885U,D01768
LAC14-0004,14/05/2014,Lyons Agri Contracting Ltd,Baling + wrapping,2524.73,340.84,2865.57,13/06/2014,EUR,,invoice,,IE9219903D,D01807
SG14-0003,18/05/2014,Southern Genetics Co-Op,Semen straws + AI technician service,345.61,79.49,425.10,17/06/2014,EUR,,invoice,,IE2815241Q,D01796
CFP14-0015,18/05/2014,Charleville Farm Parts & Tyres Ltd,Parlour liners,355.40,81.74,437.14,17/06/2014,EUR,,invoice,,IE3017449G,D01835
LAC14-0001,19/05/2014,Lyons Agri Contracting Ltd,Hedge cutting,1508.18,203.60,1711.78,18/06/2014,EUR,,invoice,,IE9219903D,D01803
SG14-0001,20/05/2014,Southern Genetics Co-Op,Semen straws + AI technician service,458.41,105.43,563.84,19/06/2014,EUR,,invoice,,IE2815241Q,D01794
LV14-0013,21/05/2014,Lisheen Veterinary Clinic,Calving assistance,684.28,157.38,841.66,20/06/2014,EUR,,invoice,,IE3593885U,D01772
LD14-0008,22/05/2014,Kilbeg Livestock Mart Ltd,Mart commission and levies on LD-14-7615,96.11,22.11,118.22,22/05/2014,EUR,LD-14-7615,invoice,,IE6958430T,D04609
DHS14-0008,23/05/2014,Dairy Hygiene Supplies Ltd,"Parlour detergents, teat dip, filter socks",557.82,128.30,686.12,22/06/2014,EUR,,invoice,,IE1520123Q,D01865
LV14-0018,26/05/2014,Lisheen Veterinary Clinic,Dry cow therapy / sealers,394.62,90.76,485.38,25/06/2014,EUR,,invoice,,IE3593885U,D01777
SG14-0002,27/05/2014,Southern Genetics Co-Op,Semen straws + AI technician service,580.43,133.50,713.93,26/06/2014,EUR,,invoice,,IE2815241Q,D01795
DHS14-0004,27/05/2014,Dairy Hygiene Supplies Ltd,"Parlour detergents, teat dip, filter socks",658.94,151.56,810.50,26/06/2014,EUR,,invoice,,IE1520123Q,D01861
CL-201405,31/05/2014,Slieve Dairy Co-Operative Society Ltd,"Co-op haulage, milk testing, levies May 2014",835.08,192.07,1027.15,31/05/2014,EUR,deducted from MS-201405,invoice,,IE9462300P,D00206
TG14-0001,04/06/2014,Teagasc,Advisory service annual fee,972.00,223.56,1195.56,04/07/2014,EUR,,invoice,,IE7259700V,D01906
KA14-0001,08/06/2014,Kilcummin Agri Supplies Ltd,Protected urea bulk spread,5450.53,735.82,6186.35,08/07/2014,EUR,,invoice,,IE2092142W,D01754
ES14-0006,09/06/2014,ESB Electric Supply,Electricity Jun 2014 (farm + house meter),959.63,129.55,1089.18,09/07/2014,EUR,,invoice,,IE4752023D,D01890
CS14-0002,10/06/2014,Slieve Dairy Co-Op Farm Stores,Mineral supplement - 11.2 t,4364.36,0.00,4364.36,10/07/2014,EUR,netted off milk payment,invoice,,IE8007456W,D01749
VF14-0006,11/06/2014,Vodafone Ireland,Mobile and broadband,153.08,35.21,188.29,11/07/2014,EUR,,invoice,,IE8398493D,D01891
LAC14-0003,12/06/2014,Lyons Agri Contracting Ltd,Reseeding / ploughing,3744.50,505.51,4250.01,12/07/2014,EUR,,invoice,,IE9219903D,D01806
AW14-0002,14/06/2014,AgriWrap Plastics Ltd,"Silage plastic, bale net, twine",570.81,131.29,702.10,14/07/2014,EUR,,invoice,,IE7984856V,D01873
AW14-0003,15/06/2014,AgriWrap Plastics Ltd,"Silage plastic, bale net, twine",1222.08,281.08,1503.16,15/07/2014,EUR,,invoice,,IE7984856V,D01874
SG14-0005,16/06/2014,Southern Genetics Co-Op,Semen straws + AI technician service,769.83,177.06,946.89,16/07/2014,EUR,,invoice,,IE2815241Q,D01798
CFP14-0020,18/06/2014,Charleville Farm Parts & Tyres Ltd,Tractor service parts,494.05,113.63,607.68,18/07/2014,EUR,,invoice,,IE3017449G,D01840
LV14-0028,19/06/2014,Lisheen Veterinary Clinic,Mastitis treatments,362.16,83.30,445.46,19/07/2014,EUR,,invoice,,IE3593885U,D01787
CFP14-0014,26/06/2014,Charleville Farm Parts & Tyres Ltd,Parlour liners,313.09,72.01,385.10,26/07/2014,EUR,,invoice,,IE3017449G,D01834
CFP14-0013,27/06/2014,Charleville Farm Parts & Tyres Ltd,Hydraulic hoses,399.38,91.86,491.24,27/07/2014,EUR,,invoice,,IE3017449G,D01833
DHS14-0011,27/06/2014,Dairy Hygiene Supplies Ltd,"Parlour detergents, teat dip, filter socks",606.68,139.54,746.22,27/07/2014,EUR,,invoice,,IE1520123Q,D01868
CL-201406,30/06/2014,Slieve Dairy Co-Operative Society Ltd,"Co-op haulage, milk testing, levies Jun 2014",785.00,180.55,965.55,30/06/2014,EUR,deducted from MS-201406,invoice,,IE9462300P,D00208
CFP14-0005,01/07/2014,Charleville Farm Parts & Tyres Ltd,Gate and fencing repairs,455.26,104.71,559.97,31/07/2014,EUR,,invoice,,IE3017449G,D01825
AW14-0001,07/07/2014,AgriWrap Plastics Ltd,"Silage plastic, bale net, twine",1156.73,266.05,1422.78,06/08/2014,EUR,,invoice,,IE7984856V,D01872
LAC14-0008,08/07/2014,Lyons Agri Contracting Ltd,Slurry spreading (trailing shoe),3596.56,485.54,4082.10,07/08/2014,EUR,,invoice,,IE9219903D,D01811
BF14-0004,08/07/2014,Ballyhoura Fuels Ltd,"Marked gas oil, bulk delivery",2016.78,272.27,2289.05,07/08/2014,EUR,,invoice,,IE4197223U,D01815
ES14-0007,09/07/2014,ESB Electric Supply,Electricity Jul 2014 (farm + house meter),1176.45,158.82,1335.27,08/08/2014,EUR,,invoice,,IE4752023D,D01892
LD14-0010,10/07/2014,Kilbeg Livestock Mart Ltd,Mart commission and levies on LD-14-6010,325.65,74.90,400.55,10/07/2014,EUR,LD-14-6010,invoice,,IE6958430T,D04614
VF14-0007,12/07/2014,Vodafone Ireland,Mobile and broadband,158.73,36.51,195.24,11/08/2014,EUR,,invoice,,IE8398493D,D01893
BF14-0002,19/07/2014,Ballyhoura Fuels Ltd,"Marked gas oil, bulk delivery",1165.60,157.36,1322.96,18/08/2014,EUR,,invoice,,IE4197223U,D01813
CFP14-0010,20/07/2014,Charleville Farm Parts & Tyres Ltd,Parlour liners,460.83,105.99,566.82,19/08/2014,EUR,,invoice,,IE3017449G,D01830
GF14-0010,22/07/2014,Glenfern Feeds Ltd,Maize meal / soya hulls blend - 10.0 t,3920.40,0.00,3920.40,21/08/2014,EUR,,invoice,,IE8573822O,D01748
BF14-0006,27/07/2014,Ballyhoura Fuels Ltd,"Marked gas oil, bulk delivery",948.99,128.11,1077.10,26/08/2014,EUR,,invoice,,IE4197223U,D01817
CL-201407,31/07/2014,Slieve Dairy Co-Operative Society Ltd,"Co-op haulage, milk testing, levies Jul 2014",712.11,163.79,875.90,31/07/2014,EUR,deducted from MS-201407,invoice,,IE9462300P,D00210
MR14-0001,03/08/2014,Munster Rendering Ltd,Fallen animal collection,118.80,27.32,146.12,02/09/2014,EUR,,invoice,,IE4033776E,D04593
BF14-0003,05/08/2014,Ballyhoura Fuels Ltd,"Marked gas oil, bulk delivery",1490.68,201.24,1691.92,04/09/2014,EUR,,invoice,,IE4197223U,D01814
ES14-0008,05/08/2014,ESB Electric Supply,Electricity Aug 2014 (farm + house meter),1146.73,154.81,1301.54,04/09/2014,EUR,,invoice,,IE4752023D,D01894
CFP14-0007,07/08/2014,Charleville Farm Parts & Tyres Ltd,Tyres and tubes,318.13,73.17,391.30,06/09/2014,EUR,,invoice,,IE3017449G,D01827
VF14-0008,10/08/2014,Vodafone Ireland,Mobile and broadband,147.30,33.88,181.18,09/09/2014,EUR,,invoice,,IE8398493D,D01895
OB14-0001,12/08/2014,O'Brien Plant Hire Ltd,Reseeding / ploughing,2688.77,362.98,3051.75,11/09/2014,EUR,,invoice,,IE9729960P,D01804
DHS14-0009,18/08/2014,Dairy Hygiene Supplies Ltd,"Parlour detergents, teat dip, filter socks",570.28,131.16,701.44,17/09/2014,EUR,,invoice,,IE1520123Q,D01866
LV14-0015,20/08/2014,Lisheen Veterinary Clinic,Herd health visit + drugs,599.98,138.00,737.98,19/09/2014,EUR,,invoice,,IE3593885U,D01774
CFP14-0002,24/08/2014,Charleville Farm Parts & Tyres Ltd,Mower blades,405.95,93.37,499.32,23/09/2014,EUR,,invoice,,IE3017449G,D01822
LV14-0030,25/08/2014,Lisheen Veterinary Clinic,Mastitis treatments,625.07,143.77,768.84,24/09/2014,EUR,,invoice,,IE3593885U,D01789
DHS14-0003,25/08/2014,Dairy Hygiene Supplies Ltd,"Parlour detergents, teat dip, filter socks",566.61,130.32,696.93,24/09/2014,EUR,,invoice,,IE1520123Q,D01860
CFP14-0026,26/08/2014,Charleville Farm Parts & Tyres Ltd,Hydraulic hoses,422.72,97.23,519.95,25/09/2014,EUR,,invoice,,IE3017449G,D01846
CS14-0006,28/08/2014,Slieve Dairy Co-Op Farm Stores,CAN 27% bulk spread,6035.21,814.75,6849.96,27/09/2014,EUR,netted off milk payment,invoice,,IE8007456W,D01758
CFP14-0018,28/08/2014,Charleville Farm Parts & Tyres Ltd,Gate and fencing repairs,458.46,105.45,563.91,27/09/2014,EUR,,invoice,,IE3017449G,D01838
CL-201408,31/08/2014,Slieve Dairy Co-Operative Society Ltd,"Co-op haulage, milk testing, levies Aug 2014",618.90,142.35,761.25,31/08/2014,EUR,deducted from MS-201408,invoice,,IE9462300P,D00212
LAC14-0007,01/09/2014,Lyons Agri Contracting Ltd,Hedge cutting,1661.65,224.32,1885.97,01/10/2014,EUR,,invoice,,IE9219903D,D01810
CFP14-0030,05/09/2014,Charleville Farm Parts & Tyres Ltd,Tractor service parts,256.53,59.00,315.53,05/10/2014,EUR,,invoice,,IE3017449G,D01850
LV14-0021,06/09/2014,Lisheen Veterinary Clinic,Vaccines (BVD/IBR/lepto),472.28,108.62,580.90,06/10/2014,EUR,,invoice,,IE3593885U,D01780
ES14-0009,08/09/2014,ESB Electric Supply,Electricity Sep 2014 (farm + house meter),973.64,131.44,1105.08,08/10/2014,EUR,,invoice,,IE4752023D,D01896
CS14-0003,11/09/2014,Slieve Dairy Co-Op Farm Stores,Maize meal / soya hulls blend - 12.3 t,4819.74,0.00,4819.74,11/10/2014,EUR,netted off milk payment,invoice,,IE8007456W,D01751
VF14-0009,12/09/2014,Vodafone Ireland,Mobile and broadband,150.20,34.55,184.75,12/10/2014,EUR,,invoice,,IE8398493D,D01897
CFP14-0035,16/09/2014,Charleville Farm Parts & Tyres Ltd,Mower blades,469.11,107.90,577.21,16/10/2014,EUR,,invoice,,IE3017449G,D01855
CFP14-0031,17/09/2014,Charleville Farm Parts & Tyres Ltd,Parlour liners,383.08,88.11,471.19,17/10/2014,EUR,,invoice,,IE3017449G,D01851
BF14-0007,18/09/2014,Ballyhoura Fuels Ltd,"Marked gas oil, bulk delivery",1754.15,236.81,1990.96,18/10/2014,EUR,,invoice,,IE4197223U,D01818
LV14-0031,19/09/2014,Lisheen Veterinary Clinic,Dry cow therapy / sealers,557.73,128.28,686.01,19/10/2014,EUR,,invoice,,IE3593885U,D01790
LAC14-0006,27/09/2014,Lyons Agri Contracting Ltd,Silage harvesting (1st cut),2184.59,294.92,2479.51,27/10/2014,EUR,,invoice,,IE9219903D,D01809
CL-201409,30/09/2014,Slieve Dairy Co-Operative Society Ltd,"Co-op haulage, milk testing, levies Sep 2014",499.96,114.99,614.95,30/09/2014,EUR,deducted from MS-201409,invoice,,IE9462300P,D00214
LD14-0009,01/10/2014,Kilbeg Livestock Mart Ltd,Mart commission and levies on LD-14-9765,256.52,59.00,315.52,01/10/2014,EUR,LD-14-9765,invoice,,IE6958430T,D04612
CFP14-0025,04/10/2014,Charleville Farm Parts & Tyres Ltd,Gate and fencing repairs,285.26,65.61,350.87,03/11/2014,EUR,,invoice,,IE3017449G,D01845
GF14-0001,08/10/2014,Glenfern Feeds Ltd,Calf starter + milk replacer - 6.3 t,2455.47,0.00,2455.47,07/11/2014,EUR,,invoice,,IE8573822O,D01738
ES14-0010,09/10/2014,ESB Electric Supply,Electricity Oct 2014 (farm + house meter),1259.36,170.01,1429.37,08/11/2014,EUR,,invoice,,IE4752023D,D01898
GF14-0005,10/10/2014,Glenfern Feeds Ltd,Dairy ration 16% bulk - 9.2 t,3612.85,0.00,3612.85,09/11/2014,EUR,,invoice,,IE8573822O,D01742
LV14-0027,10/10/2014,Lisheen Veterinary Clinic,Calving assistance,338.67,77.89,416.56,09/11/2014,EUR,,invoice,,IE3593885U,D01786
HF14-0003,10/10/2014,Cork Hoof Care Services,Hoof trimming / footbaths,554.12,127.45,681.57,09/11/2014,EUR,,invoice,,IE1248259R,D01877
VF14-0010,11/10/2014,Vodafone Ireland,Mobile and broadband,165.28,38.01,203.29,10/11/2014,EUR,,invoice,,IE8398493D,D01899
DHS14-0012,12/10/2014,Dairy Hygiene Supplies Ltd,"Parlour detergents, teat dip, filter socks",452.52,104.08,556.60,11/11/2014,EUR,,invoice,,IE1520123Q,D01869
DHS14-0007,13/10/2014,Dairy Hygiene Supplies Ltd,"Parlour detergents, teat dip, filter socks",564.50,129.84,694.34,12/11/2014,EUR,,invoice,,IE1520123Q,D01864
CFP14-0024,17/10/2014,Charleville Farm Parts & Tyres Ltd,Parlour liners,394.53,90.74,485.27,16/11/2014,EUR,,invoice,,IE3017449G,D01844
HF14-0001,17/10/2014,Cork Hoof Care Services,Hoof trimming / footbaths,640.96,147.42,788.38,16/11/2014,EUR,,invoice,,IE1248259R,D01875
CFP14-0027,23/10/2014,Charleville Farm Parts & Tyres Ltd,Mower blades,502.81,115.65,618.46,22/11/2014,EUR,,invoice,,IE3017449G,D01847
CFP14-0036,28/10/2014,Charleville Farm Parts & Tyres Ltd,Hydraulic hoses,315.25,72.51,387.76,27/11/2014,EUR,,invoice,,IE3017449G,D01856
CL-201410,31/10/2014,Slieve Dairy Co-Operative Society Ltd,"Co-op haulage, milk testing, levies Oct 2014",360.16,82.84,443.00,31/10/2014,EUR,deducted from MS-201410,invoice,,IE9462300P,D00216
LV14-0022,03/11/2014,Lisheen Veterinary Clinic,Fertility scanning,716.09,164.70,880.79,03/12/2014,EUR,,invoice,,IE3593885U,D01781
KA14-0002,04/11/2014,Kilcummin Agri Supplies Ltd,Pasture sward 24-2.5-10 bulk spread,4263.86,575.62,4839.48,04/12/2014,EUR,,invoice,,IE2092142W,D01755
CFP14-0034,04/11/2014,Charleville Farm Parts & Tyres Ltd,Parlour liners,554.60,127.56,682.16,04/12/2014,EUR,,invoice,,IE3017449G,D01854
ES14-0011,09/11/2014,ESB Electric Supply,Electricity Nov 2014 (farm + house meter),1260.60,170.18,1430.78,09/12/2014,EUR,,invoice,,IE4752023D,D01900
HF14-0005,10/11/2014,Cork Hoof Care Services,Hoof trimming / footbaths,1050.74,241.67,1292.41,10/12/2014,EUR,,invoice,,IE1248259R,D01879
VF14-0011,10/11/2014,Vodafone Ireland,Mobile and broadband,162.96,37.48,200.44,10/12/2014,EUR,,invoice,,IE8398493D,D01901
GF14-0002,12/11/2014,Glenfern Feeds Ltd,Mineral supplement - 5.5 t,2135.41,0.00,2135.41,12/12/2014,EUR,,invoice,,IE8573822O,D01739
LV14-0032,12/11/2014,Lisheen Veterinary Clinic,Calving assistance,445.73,102.52,548.25,12/12/2014,EUR,,invoice,,IE3593885U,D01791
HF14-0002,13/11/2014,Cork Hoof Care Services,Hoof trimming / footbaths,765.24,176.01,941.25,13/12/2014,EUR,,invoice,,IE1248259R,D01876
CFP14-0016,15/11/2014,Charleville Farm Parts & Tyres Ltd,Tyres and tubes,461.47,106.14,567.61,15/12/2014,EUR,,invoice,,IE3017449G,D01836
DHS14-0002,18/11/2014,Dairy Hygiene Supplies Ltd,"Parlour detergents, teat dip, filter socks",678.97,156.16,835.13,18/12/2014,EUR,,invoice,,IE1520123Q,D01859
CFP14-0037,19/11/2014,Charleville Farm Parts & Tyres Ltd,Mower blades,302.80,69.64,372.44,19/12/2014,EUR,,invoice,,IE3017449G,D01857
HF14-0004,19/11/2014,Cork Hoof Care Services,Hoof trimming / footbaths,984.11,226.35,1210.46,19/12/2014,EUR,,invoice,,IE1248259R,D01878
DOC14-0001,20/11/2014,"T. Buckley (landlord, conacre)",Conacre rent 2014: 55 acres @ 280/acre,15400.00,0.00,15400.00,20/12/2014,EUR,,rent_receipt,,,D01908
BF14-0001,23/11/2014,Ballyhoura Fuels Ltd,"Marked gas oil, bulk delivery",1960.52,264.67,2225.19,23/12/2014,EUR,,invoice,,IE4197223U,D01812
BF14-0005,23/11/2014,Ballyhoura Fuels Ltd,"Marked gas oil, bulk delivery",880.79,118.91,999.70,23/12/2014,EUR,,invoice,,IE4197223U,D01816
LV14-0012,26/11/2014,Lisheen Veterinary Clinic,Fertility scanning,475.90,109.46,585.36,26/12/2014,EUR,,invoice,,IE3593885U,D01771
CL-201411,30/11/2014,Slieve Dairy Co-Operative Society Ltd,"Co-op haulage, milk testing, levies Nov 2014",209.87,48.27,258.14,30/11/2014,EUR,deducted from MS-201411,invoice,,IE9462300P,D00218
CFP14-0029,02/12/2014,Charleville Farm Parts & Tyres Ltd,Tyres and tubes,243.33,55.97,299.30,01/01/2015,EUR,,invoice,,IE3017449G,D01849
CFP14-0009,03/12/2014,Charleville Farm Parts & Tyres Ltd,Gate and fencing repairs,317.14,72.94,390.08,02/01/2015,EUR,,invoice,,IE3017449G,D01829
CFP14-0019,04/12/2014,Charleville Farm Parts & Tyres Ltd,Gate and fencing repairs,391.37,90.02,481.39,03/01/2015,EUR,,invoice,,IE3017449G,D01839
LV14-0010,06/12/2014,Lisheen Veterinary Clinic,Herd health visit + drugs,673.73,154.96,828.69,05/01/2015,EUR,,invoice,,IE3593885U,D01769
ES14-0012,08/12/2014,ESB Electric Supply,Electricity Dec 2014 (farm + house meter),970.76,131.05,1101.81,07/01/2015,EUR,,invoice,,IE4752023D,D01902
CS14-0001,09/12/2014,Slieve Dairy Co-Op Farm Stores,Maize meal / soya hulls blend - 13.2 t,5149.80,0.00,5149.80,08/01/2015,EUR,netted off milk payment,invoice,,IE8007456W,D01746
MT14-0001,09/12/2014,Munster Tractors Ltd,"Slurry tanker 3,000 gal with trailing shoe",24000.00,5520.00,29520.00,08/01/2015,EUR,,invoice,,IE5139076N,D05097
VF14-0012,10/12/2014,Vodafone Ireland,Mobile and broadband,137.68,31.67,169.35,09/01/2015,EUR,,invoice,,IE8398493D,D01903
CS14-0004,11/12/2014,Slieve Dairy Co-Op Farm Stores,Dairy ration 18% nuts - 6.0 t,2346.40,0.00,2346.40,10/01/2015,EUR,netted off milk payment,invoice,,IE8007456W,D01752
LV14-0003,11/12/2014,Lisheen Veterinary Clinic,Mastitis treatments,695.77,160.03,855.80,10/01/2015,EUR,,invoice,,IE3593885U,D01762
DHS14-0001,12/12/2014,Dairy Hygiene Supplies Ltd,"Parlour detergents, teat dip, filter socks",281.51,64.75,346.26,11/01/2015,EUR,,invoice,,IE1520123Q,D01858
GF14-0006,15/12/2014,Glenfern Feeds Ltd,Maize meal / soya hulls blend - 13.2 t,5157.80,0.00,5157.80,14/01/2015,EUR,,invoice,,IE8573822O,D01743
DHS14-0005,15/12/2014,Dairy Hygiene Supplies Ltd,"Parlour detergents, teat dip, filter socks",384.24,88.38,472.62,14/01/2015,EUR,,invoice,,IE1520123Q,D01862
DHS14-0010,17/12/2014,Dairy Hygiene Supplies Ltd,"Parlour detergents, teat dip, filter socks",464.28,106.78,571.06,16/01/2015,EUR,,invoice,,IE1520123Q,D01867
GF14-0007,23/12/2014,Glenfern Feeds Ltd,Dairy ration 18% nuts - 12.1 t,4742.07,0.00,4742.07,22/01/2015,EUR,,invoice,,IE8573822O,D01744
LV14-0023,23/12/2014,Lisheen Veterinary Clinic,Fertility scanning,615.93,141.66,757.59,22/01/2015,EUR,,invoice,,IE3593885U,D01782
DHS14-0006,25/12/2014,Dairy Hygiene Supplies Ltd,"Parlour detergents, teat dip, filter socks",310.39,71.39,381.78,24/01/2015,EUR,,invoice,,IE1520123Q,D01863
LAC14-0002,27/12/2014,Lyons Agri Contracting Ltd,Reseeding / ploughing,3363.59,454.08,3817.67,26/01/2015,EUR,,invoice,,IE9219903D,D01805
CL-201412,31/12/2014,Slieve Dairy Co-Operative Society Ltd,"Co-op haulage, milk testing, levies Dec 2014",110.31,25.37,135.68,31/12/2014,EUR,deducted from MS-201412,invoice,,IE9462300P,D00220
ES15-0001,03/01/2015,ESB Electric Supply,Electricity Jan 2015 (farm + house meter),1163.60,157.09,1320.69,02/02/2015,EUR,,invoice,,IE4752023D,D02058
HF15-0006,06/01/2015,Cork Hoof Care Services,Hoof trimming / footbaths,715.99,164.68,880.67,05/02/2015,EUR,,invoice,,IE1248259R,D02057
CS15-0004,07/01/2015,Slieve Dairy Co-Op Farm Stores,Dairy ration 16% bulk - 7.6 t,2756.95,0.00,2756.95,06/02/2015,EUR,netted off milk payment,invoice,,IE8007456W,D01914
LV15-0037,07/01/2015,Lisheen Veterinary Clinic,Herd health visit + drugs,488.83,112.43,601.26,06/02/2015,EUR,,invoice,,IE3593885U,D01966
VF15-0001,11/01/2015,Vodafone Ireland,Mobile and broadband,142.24,32.72,174.96,10/02/2015,EUR,,invoice,,IE8398493D,D02059
MR15-0001,11/01/2015,Munster Rendering Ltd,Fallen animal collection,172.80,39.74,212.54,10/02/2015,EUR,,invoice,,IE4033776E,D04616
CS15-0002,13/01/2015,Slieve Dairy Co-Op Farm Stores,Maize meal / soya hulls blend - 11.6 t,4190.74,0.00,4190.74,12/02/2015,EUR,netted off milk payment,invoice,,IE8007456W,D01912
GF15-0005,17/01/2015,Glenfern Feeds Ltd,Dairy ration 18% nuts - 10.3 t,3746.02,0.00,3746.02,16/02/2015,EUR,,invoice,,IE8573822O,D01918
CS15-0001,19/01/2015,Slieve Dairy Co-Op Farm Stores,Dairy ration 16% bulk - 7.8 t,2836.55,0.00,2836.55,18/02/2015,EUR,netted off milk payment,invoice,,IE8007456W,D01910
HF15-0002,20/01/2015,Cork Hoof Care Services,Hoof trimming / footbaths,652.83,150.15,802.98,19/02/2015,EUR,,invoice,,IE1248259R,D02053
CS15-0005,26/01/2015,Slieve Dairy Co-Op Farm Stores,Dairy ration 18% nuts - 14.6 t,5281.96,0.00,5281.96,25/02/2015,EUR,netted off milk payment,invoice,,IE8007456W,D01917
CFP15-0027,26/01/2015,Charleville Farm Parts & Tyres Ltd,Hydraulic hoses,507.92,116.82,624.74,25/02/2015,EUR,,invoice,,IE3017449G,D02020
LV15-0018,27/01/2015,Lisheen Veterinary Clinic,Calving assistance,679.18,156.21,835.39,26/02/2015,EUR,,invoice,,IE3593885U,D01947
CFP15-0039,27/01/2015,Charleville Farm Parts & Tyres Ltd,Gate and fencing repairs,518.97,119.36,638.33,26/02/2015,EUR,,invoice,,IE3017449G,D02032
LD-15-1241,28/01/2015,Kilbeg Livestock Mart Ltd,Mart docket: 15 in-calf cows/heifers purchased,21750.00,1044.00,22794.00,28/01/2015,EUR,,sales_docket,,IE6958430T,D04635
LD15-0008,28/01/2015,Kilbeg Livestock Mart Ltd,Mart commission on LD-15-1241,435.00,100.05,535.05,28/01/2015,EUR,LD-15-1241,invoice,,IE6958430T,D04636
CL-201501,31/01/2015,Slieve Dairy Co-Operative Society Ltd,"Co-op haulage, milk testing, levies Jan 2015",167.56,38.54,206.10,31/01/2015,EUR,deducted from MS-201501,invoice,,IE9462300P,D00222
CFP15-0032,01/02/2015,Charleville Farm Parts & Tyres Ltd,Tractor service parts,507.83,116.80,624.63,03/03/2015,EUR,,invoice,,IE3017449G,D02025
LAC15-0002,04/02/2015,Lyons Agri Contracting Ltd,Hedge cutting,1723.86,232.72,1956.58,06/03/2015,EUR,,invoice,,IE9219903D,D01978
ES15-0002,04/02/2015,ESB Electric Supply,Electricity Feb 2015 (farm + house meter),1064.25,143.67,1207.92,06/03/2015,EUR,,invoice,,IE4752023D,D02060
GF15-0003,05/02/2015,Glenfern Feeds Ltd,Dairy ration 16% bulk - 12.7 t,4588.54,0.00,4588.54,07/03/2015,EUR,,invoice,,IE8573822O,D01915
CS15-0006,06/02/2015,Slieve Dairy Co-Op Farm Stores,Mineral supplement - 14.3 t,5194.25,0.00,5194.25,08/03/2015,EUR,netted off milk payment,invoice,,IE8007456W,D01919
CFP15-0013,06/02/2015,Charleville Farm Parts & Tyres Ltd,Tractor service parts,350.93,80.71,431.64,08/03/2015,EUR,,invoice,,IE3017449G,D02006
GF15-0006,07/02/2015,Glenfern Feeds Ltd,Dairy ration 18% nuts - 10.8 t,3899.77,0.00,3899.77,09/03/2015,EUR,,invoice,,IE8573822O,D01921
LV15-0017,10/02/2015,Lisheen Veterinary Clinic,Dry cow therapy / sealers,486.50,111.90,598.40,12/03/2015,EUR,,invoice,,IE3593885U,D01946
CFP15-0025,10/02/2015,Charleville Farm Parts & Tyres Ltd,Gate and fencing repairs,405.59,93.29,498.88,12/03/2015,EUR,,invoice,,IE3017449G,D02018
MFI15-0001,11/02/2015,Munster Farm Insurance Ltd,"Farm policy renewal (buildings, liability, machinery, employer liability)",9092.64,0.00,9092.64,13/03/2015,EUR,,invoice,,,D02082
LV15-0022,12/02/2015,Lisheen Veterinary Clinic,Dry cow therapy / sealers,475.72,109.42,585.14,14/03/2015,EUR,,invoice,,IE3593885U,D01951
VF15-0002,12/02/2015,Vodafone Ireland,Mobile and broadband,145.89,33.55,179.44,14/03/2015,EUR,,invoice,,IE8398493D,D02061
DT15-0001,12/02/2015,DairyTech Milking Systems Ltd,New 40-unit herringbone parlour with ACR and meal feeders,165000.00,37950.00,202950.00,14/03/2015,EUR,,invoice,,IE7122550D,D05098
LV15-0028,15/02/2015,Lisheen Veterinary Clinic,Herd health visit + drugs,349.09,80.29,429.38,17/03/2015,EUR,,invoice,,IE3593885U,D01957
DHS15-0004,16/02/2015,Dairy Hygiene Supplies Ltd,"Parlour detergents, teat dip, filter socks",274.40,63.11,337.51,18/03/2015,EUR,,invoice,,IE1520123Q,D02036
LV15-0025,20/02/2015,Lisheen Veterinary Clinic,Herd health visit + drugs,730.20,167.95,898.15,22/03/2015,EUR,,invoice,,IE3593885U,D01954
LV15-0013,26/02/2015,Lisheen Veterinary Clinic,Calving assistance,364.08,83.74,447.82,28/03/2015,EUR,,invoice,,IE3593885U,D01942
CL-201502,28/02/2015,Slieve Dairy Co-Operative Society Ltd,"Co-op haulage, milk testing, levies Feb 2015",356.01,81.88,437.89,28/02/2015,EUR,deducted from MS-201502,invoice,,IE9462300P,D00224
SG15-0001,02/03/2015,Southern Genetics Co-Op,Semen straws + AI technician service,420.67,96.75,517.42,01/04/2015,EUR,,invoice,,IE2815241Q,D01967
LV15-0004,03/03/2015,Lisheen Veterinary Clinic,Fertility scanning,451.82,103.92,555.74,02/04/2015,EUR,,invoice,,IE3593885U,D01933
LV15-0031,04/03/2015,Lisheen Veterinary Clinic,Calving assistance,545.71,125.51,671.22,03/04/2015,EUR,,invoice,,IE3593885U,D01960
LAC15-0006,04/03/2015,Lyons Agri Contracting Ltd,Baling + wrapping,2741.67,370.13,3111.80,03/04/2015,EUR,,invoice,,IE9219903D,D01982
CB15-0001,05/03/2015,Corcaigh Building Contractors Ltd,"Cubicle house 150 cubicles, concrete, roofing",210000.00,28350.00,238350.00,04/04/2015,EUR,,invoice,,IE7080305N,D05099
DHS15-0011,07/03/2015,Dairy Hygiene Supplies Ltd,"Parlour detergents, teat dip, filter socks",599.45,137.87,737.32,06/04/2015,EUR,,invoice,,IE1520123Q,D02043
ES15-0003,07/03/2015,ESB Electric Supply,Electricity Mar 2015 (farm + house meter),1148.76,155.08,1303.84,06/04/2015,EUR,,invoice,,IE4752023D,D02062
CS15-0007,08/03/2015,Slieve Dairy Co-Op Farm Stores,Dairy ration 16% bulk - 13.7 t,4969.91,0.00,4969.91,07/04/2015,EUR,netted off milk payment,invoice,,IE8007456W,D01920
LD15-0001,09/03/2015,Kilbeg Livestock Mart Ltd,Mart commission and levies on LD-15-4107,162.40,37.35,199.75,09/03/2015,EUR,LD-15-4107,invoice,,IE6958430T,D04619
VF15-0003,10/03/2015,Vodafone Ireland,Mobile and broadband,152.06,34.97,187.03,09/04/2015,EUR,,invoice,,IE8398493D,D02063
HC15-0001,11/03/2015,Hegarty & Co Farm Accountants,"Accounts, tax returns and payroll year 2014",2980.80,685.58,3666.38,10/04/2015,EUR,,invoice,,IE6025428V,D02083
DHS15-0001,15/03/2015,Dairy Hygiene Supplies Ltd,"Parlour detergents, teat dip, filter socks",344.71,79.28,423.99,14/04/2015,EUR,,invoice,,IE1520123Q,D02033
CS15-0010,16/03/2015,Slieve Dairy Co-Op Farm Stores,Pasture sward 24-2.5-10 bulk spread,8268.66,1116.27,9384.93,15/04/2015,EUR,netted off milk payment,invoice,,IE8007456W,D01924
LV15-0007,17/03/2015,Lisheen Veterinary Clinic,Dry cow therapy / sealers,552.72,127.13,679.85,16/04/2015,EUR,,invoice,,IE3593885U,D01936
CFP15-0035,18/03/2015,Charleville Farm Parts & Tyres Ltd,Gate and fencing repairs,345.04,79.36,424.40,17/04/2015,EUR,,invoice,,IE3017449G,D02028
CFP15-0009,20/03/2015,Charleville Farm Parts & Tyres Ltd,Tyres and tubes,574.23,132.07,706.30,19/04/2015,EUR,,invoice,,IE3017449G,D02002
CFP15-0034,20/03/2015,Charleville Farm Parts & Tyres Ltd,Welding rods / steel,220.80,50.78,271.58,19/04/2015,EUR,,invoice,,IE3017449G,D02027
GF15-0002,21/03/2015,Glenfern Feeds Ltd,Mineral supplement - 12.2 t,4413.82,0.00,4413.82,20/04/2015,EUR,,invoice,,IE8573822O,D01911
CFP15-0012,21/03/2015,Charleville Farm Parts & Tyres Ltd,Hydraulic hoses,398.09,91.56,489.65,20/04/2015,EUR,,invoice,,IE3017449G,D02005
BF15-0007,22/03/2015,Ballyhoura Fuels Ltd,"Marked gas oil, bulk delivery",906.03,122.31,1028.34,21/04/2015,EUR,,invoice,,IE4197223U,D01992
OB15-0001,24/03/2015,O'Brien Plant Hire Ltd,Baling + wrapping,2179.65,294.25,2473.90,23/04/2015,EUR,,invoice,,IE9729960P,D01977
DHS15-0006,25/03/2015,Dairy Hygiene Supplies Ltd,"Parlour detergents, teat dip, filter socks",416.49,95.79,512.28,24/04/2015,EUR,,invoice,,IE1520123Q,D02038
LV15-0033,28/03/2015,Lisheen Veterinary Clinic,Fertility scanning,617.43,142.01,759.44,27/04/2015,EUR,,invoice,,IE3593885U,D01962
LD15-0002,30/03/2015,Kilbeg Livestock Mart Ltd,Mart commission and levies on LD-15-5487,158.59,36.48,195.07,30/03/2015,EUR,LD-15-5487,invoice,,IE6958430T,D04621
CL-201503,31/03/2015,Slieve Dairy Co-Operative Society Ltd,"Co-op haulage, milk testing, levies Mar 2015",605.84,139.34,745.18,31/03/2015,EUR,deducted from MS-201503,invoice,,IE9462300P,D00226
ES15-0004,06/04/2015,ESB Electric Supply,Electricity Apr 2015 (farm + house meter),1088.78,146.99,1235.77,06/05/2015,EUR,,invoice,,IE4752023D,D02064
LV15-0036,07/04/2015,Lisheen Veterinary Clinic,Vaccines (BVD/IBR/lepto),452.31,104.03,556.34,07/05/2015,EUR,,invoice,,IE3593885U,D01965
CFP15-0016,07/04/2015,Charleville Farm Parts & Tyres Ltd,Tractor service parts,572.81,131.75,704.56,07/05/2015,EUR,,invoice,,IE3017449G,D02009
LV15-0027,08/04/2015,Lisheen Veterinary Clinic,Dry cow therapy / sealers,656.31,150.95,807.26,08/05/2015,EUR,,invoice,,IE3593885U,D01956
SG15-0009,08/04/2015,Southern Genetics Co-Op,Semen straws + AI technician service,706.94,162.60,869.54,08/05/2015,EUR,,invoice,,IE2815241Q,D01975
SG15-0002,10/04/2015,Southern Genetics Co-Op,Semen straws + AI technician service,568.61,130.78,699.39,10/05/2015,EUR,,invoice,,IE2815241Q,D01968
CFP15-0010,11/04/2015,Charleville Farm Parts & Tyres Ltd,Gate and fencing repairs,305.42,70.25,375.67,11/05/2015,EUR,,invoice,,IE3017449G,D02003
VF15-0004,11/04/2015,Vodafone Ireland,Mobile and broadband,161.77,37.21,198.98,11/05/2015,EUR,,invoice,,IE8398493D,D02065
LV15-0030,12/04/2015,Lisheen Veterinary Clinic,Mastitis treatments,362.61,83.40,446.01,12/05/2015,EUR,,invoice,,IE3593885U,D01959
LD15-0003,13/04/2015,Kilbeg Livestock Mart Ltd,Mart commission and levies on LD-15-8004,152.57,35.09,187.66,13/04/2015,EUR,LD-15-8004,invoice,,IE6958430T,D04623
LV15-0011,18/04/2015,Lisheen Veterinary Clinic,Vaccines (BVD/IBR/lepto),730.83,168.09,898.92,18/05/2015,EUR,,invoice,,IE3593885U,D01940
SG15-0006,19/04/2015,Southern Genetics Co-Op,Semen straws + AI technician service,425.40,97.84,523.24,19/05/2015,EUR,,invoice,,IE2815241Q,D01972
SG15-0007,20/04/2015,Southern Genetics Co-Op,Semen straws + AI technician service,431.70,99.29,530.99,20/05/2015,EUR,,invoice,,IE2815241Q,D01973
OB15-0004,20/04/2015,O'Brien Plant Hire Ltd,"Roadways, paddock fencing and water system",45000.00,6075.00,51075.00,20/05/2015,EUR,,invoice,,IE9729960P,D05100
SG15-0005,28/04/2015,Southern Genetics Co-Op,Semen straws + AI technician service,729.07,167.69,896.76,28/05/2015,EUR,,invoice,,IE2815241Q,D01971
CL-201504,30/04/2015,Slieve Dairy Co-Operative Society Ltd,"Co-op haulage, milk testing, levies Apr 2015",807.32,185.68,993.00,30/04/2015,EUR,deducted from MS-201504,invoice,,IE9462300P,D00228
LD15-0004,30/04/2015,Kilbeg Livestock Mart Ltd,Mart commission and levies on LD-15-2839,151.25,34.79,186.04,30/04/2015,EUR,LD-15-2839,invoice,,IE6958430T,D04625
AW15-0001,01/05/2015,AgriWrap Plastics Ltd,"Silage plastic, bale net, twine",727.50,167.32,894.82,31/05/2015,EUR,,invoice,,IE7984856V,D02048
LV15-0016,05/05/2015,Lisheen Veterinary Clinic,Mastitis treatments,552.22,127.01,679.23,04/06/2015,EUR,,invoice,,IE3593885U,D01945
ES15-0005,05/05/2015,ESB Electric Supply,Electricity May 2015 (farm + house meter),1285.29,173.51,1458.80,04/06/2015,EUR,,invoice,,IE4752023D,D02066
WS15-0001,05/05/2015,County Council Water Services,"Water charges (metered, farm)",669.60,0.00,669.60,04/06/2015,EUR,,invoice,,IE7854060O,D02085
OB15-0003,07/05/2015,O'Brien Plant Hire Ltd,Reseeding / ploughing,2299.82,310.48,2610.30,06/06/2015,EUR,,invoice,,IE9729960P,D01985
LAC15-0003,08/05/2015,Lyons Agri Contracting Ltd,Hedge cutting,2848.42,384.54,3232.96,07/06/2015,EUR,,invoice,,IE9219903D,D01979
CFP15-0006,10/05/2015,Charleville Farm Parts & Tyres Ltd,Gate and fencing repairs,414.37,95.31,509.68,09/06/2015,EUR,,invoice,,IE3017449G,D01999
DHS15-0010,11/05/2015,Dairy Hygiene Supplies Ltd,"Parlour detergents, teat dip, filter socks",461.63,106.17,567.80,10/06/2015,EUR,,invoice,,IE1520123Q,D02042
VF15-0005,12/05/2015,Vodafone Ireland,Mobile and broadband,161.46,37.14,198.60,11/06/2015,EUR,,invoice,,IE8398493D,D02067
LV15-0024,13/05/2015,Lisheen Veterinary Clinic,Dry cow therapy / sealers,297.19,68.35,365.54,12/06/2015,EUR,,invoice,,IE3593885U,D01953
LAC15-0005,14/05/2015,Lyons Agri Contracting Ltd,Hedge cutting,2569.40,346.87,2916.27,13/06/2015,EUR,,invoice,,IE9219903D,D01981
CS15-0012,16/05/2015,Slieve Dairy Co-Op Farm Stores,Protected urea bulk spread,9236.29,1246.90,10483.19,15/06/2015,EUR,netted off milk payment,invoice,,IE8007456W,D01926
LV15-0005,16/05/2015,Lisheen Veterinary Clinic,Fertility scanning,712.65,163.91,876.56,15/06/2015,EUR,,invoice,,IE3593885U,D01934
LV15-0012,17/05/2015,Lisheen Veterinary Clinic,Calving assistance,531.17,122.17,653.34,16/06/2015,EUR,,invoice,,IE3593885U,D01941
LV15-0001,18/05/2015,Lisheen Veterinary Clinic,Mastitis treatments,491.70,113.09,604.79,17/06/2015,EUR,,invoice,,IE3593885U,D01930
LD15-0005,18/05/2015,Kilbeg Livestock Mart Ltd,Mart commission and levies on LD-15-2116,154.44,35.52,189.96,18/05/2015,EUR,LD-15-2116,invoice,,IE6958430T,D04627
LV15-0023,19/05/2015,Lisheen Veterinary Clinic,Mastitis treatments,367.90,84.62,452.52,18/06/2015,EUR,,invoice,,IE3593885U,D01952
CFP15-0008,21/05/2015,Charleville Farm Parts & Tyres Ltd,Gate and fencing repairs,245.91,56.56,302.47,20/06/2015,EUR,,invoice,,IE3017449G,D02001
DHS15-0015,22/05/2015,Dairy Hygiene Supplies Ltd,"Parlour detergents, teat dip, filter socks",527.46,121.32,648.78,21/06/2015,EUR,,invoice,,IE1520123Q,D02047
LV15-0014,23/05/2015,Lisheen Veterinary Clinic,Dry cow therapy / sealers,585.35,134.63,719.98,22/06/2015,EUR,,invoice,,IE3593885U,D01943
LV15-0026,23/05/2015,Lisheen Veterinary Clinic,Herd health visit + drugs,623.92,143.50,767.42,22/06/2015,EUR,,invoice,,IE3593885U,D01955
SG15-0008,27/05/2015,Southern Genetics Co-Op,Semen straws + AI technician service,730.22,167.95,898.17,26/06/2015,EUR,,invoice,,IE2815241Q,D01974
OB15-0002,28/05/2015,O'Brien Plant Hire Ltd,Slurry spreading (trailing shoe),2519.31,340.11,2859.42,27/06/2015,EUR,,invoice,,IE9729960P,D01983
CL-201505,31/05/2015,Slieve Dairy Co-Operative Society Ltd,"Co-op haulage, milk testing, levies May 2015",867.38,199.50,1066.88,31/05/2015,EUR,deducted from MS-201505,invoice,,IE9462300P,D00230
CFP15-0026,04/06/2015,Charleville Farm Parts & Tyres Ltd,Parlour liners,467.43,107.51,574.94,04/07/2015,EUR,,invoice,,IE3017449G,D02019
LAC15-0004,07/06/2015,Lyons Agri Contracting Ltd,Slurry spreading (trailing shoe),2203.56,297.48,2501.04,07/07/2015,EUR,,invoice,,IE9219903D,D01980
CFP15-0019,09/06/2015,Charleville Farm Parts & Tyres Ltd,Hydraulic hoses,286.51,65.90,352.41,09/07/2015,EUR,,invoice,,IE3017449G,D02012
ES15-0006,09/06/2015,ESB Electric Supply,Electricity Jun 2015 (farm + house meter),1293.30,174.60,1467.90,09/07/2015,EUR,,invoice,,IE4752023D,D02068
LV15-0032,10/06/2015,Lisheen Veterinary Clinic,Calving assistance,719.93,165.58,885.51,10/07/2015,EUR,,invoice,,IE3593885U,D01961
VF15-0006,10/06/2015,Vodafone Ireland,Mobile and broadband,149.65,34.42,184.07,10/07/2015,EUR,,invoice,,IE8398493D,D02069
CB15-0002,11/06/2015,Corcaigh Building Contractors Ltd,"Slurry storage 1,200 m3",185000.00,24975.00,209975.00,11/07/2015,EUR,,invoice,,IE7080305N,D05101
SG15-0003,14/06/2015,Southern Genetics Co-Op,Semen straws + AI technician service,564.75,129.89,694.64,14/07/2015,EUR,,invoice,,IE2815241Q,D01969
CFP15-0031,16/06/2015,Charleville Farm Parts & Tyres Ltd,Tractor service parts,340.23,78.25,418.48,16/07/2015,EUR,,invoice,,IE3017449G,D02024
TG15-0001,17/06/2015,Teagasc,Advisory service annual fee,972.00,223.56,1195.56,17/07/2015,EUR,,invoice,,IE7259700V,D02084
SG15-0004,18/06/2015,Southern Genetics Co-Op,Semen straws + AI technician service,514.79,118.40,633.19,18/07/2015,EUR,,invoice,,IE2815241Q,D01970
AW15-0002,18/06/2015,AgriWrap Plastics Ltd,"Silage plastic, bale net, twine",1203.04,276.70,1479.74,18/07/2015,EUR,,invoice,,IE7984856V,D02049
CFP15-0007,19/06/2015,Charleville Farm Parts & Tyres Ltd,Hydraulic hoses,301.84,69.42,371.26,19/07/2015,EUR,,invoice,,IE3017449G,D02000
CFP15-0021,19/06/2015,Charleville Farm Parts & Tyres Ltd,Mower blades,568.96,130.86,699.82,19/07/2015,EUR,,invoice,,IE3017449G,D02014
CFP15-0029,19/06/2015,Charleville Farm Parts & Tyres Ltd,Tyres and tubes,532.39,122.45,654.84,19/07/2015,EUR,,invoice,,IE3017449G,D02022
AW15-0004,21/06/2015,AgriWrap Plastics Ltd,"Silage plastic, bale net, twine",711.72,163.70,875.42,21/07/2015,EUR,,invoice,,IE7984856V,D02051
DHS15-0009,22/06/2015,Dairy Hygiene Supplies Ltd,"Parlour detergents, teat dip, filter socks",663.61,152.63,816.24,22/07/2015,EUR,,invoice,,IE1520123Q,D02041
CFP15-0023,23/06/2015,Charleville Farm Parts & Tyres Ltd,Tractor service parts,274.73,63.19,337.92,23/07/2015,EUR,,invoice,,IE3017449G,D02016
CFP15-0015,24/06/2015,Charleville Farm Parts & Tyres Ltd,Parlour liners,408.21,93.89,502.10,24/07/2015,EUR,,invoice,,IE3017449G,D02008
CS15-0009,27/06/2015,Slieve Dairy Co-Op Farm Stores,Dairy ration 16% bulk - 7.9 t,2858.23,0.00,2858.23,27/07/2015,EUR,netted off milk payment,invoice,,IE8007456W,D01923
CL-201506,30/06/2015,Slieve Dairy Co-Operative Society Ltd,"Co-op haulage, milk testing, levies Jun 2015",865.98,199.18,1065.16,30/06/2015,EUR,deducted from MS-201506,invoice,,IE9462300P,D00232
LV15-0034,02/07/2015,Lisheen Veterinary Clinic,Dry cow therapy / sealers,463.62,106.63,570.25,01/08/2015,EUR,,invoice,,IE3593885U,D01963
DHS15-0003,02/07/2015,Dairy Hygiene Supplies Ltd,"Parlour detergents, teat dip, filter socks",384.90,88.53,473.43,01/08/2015,EUR,,invoice,,IE1520123Q,D02035
ES15-0007,06/07/2015,ESB Electric Supply,Electricity Jul 2015 (farm + house meter),1346.24,181.74,1527.98,05/08/2015,EUR,,invoice,,IE4752023D,D02070
KA15-0001,07/07/2015,Kilcummin Agri Supplies Ltd,Protected urea bulk spread,5158.32,696.37,5854.69,06/08/2015,EUR,,invoice,,IE2092142W,D01927
LD15-0006,07/07/2015,Kilbeg Livestock Mart Ltd,Mart commission and levies on LD-15-6960,216.66,49.83,266.49,07/07/2015,EUR,LD-15-6960,invoice,,IE6958430T,D04632
BF15-0002,08/07/2015,Ballyhoura Fuels Ltd,"Marked gas oil, bulk delivery",1939.06,261.77,2200.83,07/08/2015,EUR,,invoice,,IE4197223U,D01987
BF15-0004,09/07/2015,Ballyhoura Fuels Ltd,"Marked gas oil, bulk delivery",1722.79,232.58,1955.37,08/08/2015,EUR,,invoice,,IE4197223U,D01989
VF15-0007,10/07/2015,Vodafone Ireland,Mobile and broadband,151.97,34.95,186.92,09/08/2015,EUR,,invoice,,IE8398493D,D02071
CFP15-0011,11/07/2015,Charleville Farm Parts & Tyres Ltd,Parlour liners,347.67,79.96,427.63,10/08/2015,EUR,,invoice,,IE3017449G,D02004
LV15-0006,14/07/2015,Lisheen Veterinary Clinic,Dry cow therapy / sealers,687.06,158.02,845.08,13/08/2015,EUR,,invoice,,IE3593885U,D01935
BF15-0003,17/07/2015,Ballyhoura Fuels Ltd,"Marked gas oil, bulk delivery",846.77,114.31,961.08,16/08/2015,EUR,,invoice,,IE4197223U,D01988
LD15-0007,20/07/2015,Kilbeg Livestock Mart Ltd,Mart commission and levies on LD-15-4375,230.52,53.02,283.54,20/07/2015,EUR,LD-15-4375,invoice,,IE6958430T,D04634
BF15-0001,23/07/2015,Ballyhoura Fuels Ltd,"Marked gas oil, bulk delivery",894.93,120.82,1015.75,22/08/2015,EUR,,invoice,,IE4197223U,D01986
CFP15-0001,24/07/2015,Charleville Farm Parts & Tyres Ltd,Hydraulic hoses,348.33,80.12,428.45,23/08/2015,EUR,,invoice,,IE3017449G,D01994
LV15-0029,27/07/2015,Lisheen Veterinary Clinic,Herd health visit + drugs,772.31,177.63,949.94,26/08/2015,EUR,,invoice,,IE3593885U,D01958
CL-201507,31/07/2015,Slieve Dairy Co-Operative Society Ltd,"Co-op haulage, milk testing, levies Jul 2015",745.58,171.48,917.06,31/07/2015,EUR,deducted from MS-201507,invoice,,IE9462300P,D00234
CS15-0013,02/08/2015,Slieve Dairy Co-Op Farm Stores,Protected urea bulk spread,4752.78,641.63,5394.41,01/09/2015,EUR,netted off milk payment,invoice,,IE8007456W,D01928
ES15-0008,03/08/2015,ESB Electric Supply,Electricity Aug 2015 (farm + house meter),1136.68,153.45,1290.13,02/09/2015,EUR,,invoice,,IE4752023D,D02072
DT15-0002,03/08/2015,DairyTech Milking Systems Ltd,"Bulk tank 14,000L with pre-cooler",21000.00,4830.00,25830.00,02/09/2015,EUR,,invoice,,IE7122550D,D05102
LV15-0008,04/08/2015,Lisheen Veterinary Clinic,Fertility scanning,323.13,74.32,397.45,03/09/2015,EUR,,invoice,,IE3593885U,D01937
DHS15-0002,04/08/2015,Dairy Hygiene Supplies Ltd,"Parlour detergents, teat dip, filter socks",284.30,65.39,349.69,03/09/2015,EUR,,invoice,,IE1520123Q,D02034
LV15-0019,06/08/2015,Lisheen Veterinary Clinic,Dry cow therapy / sealers,479.84,110.36,590.20,05/09/2015,EUR,,invoice,,IE3593885U,D01948
LV15-0020,06/08/2015,Lisheen Veterinary Clinic,Vaccines (BVD/IBR/lepto),662.62,152.40,815.02,05/09/2015,EUR,,invoice,,IE3593885U,D01949
VF15-0008,10/08/2015,Vodafone Ireland,Mobile and broadband,153.38,35.28,188.66,09/09/2015,EUR,,invoice,,IE8398493D,D02073
CS15-0014,11/08/2015,Slieve Dairy Co-Op Farm Stores,CAN 27% bulk spread,9432.10,1273.33,10705.43,10/09/2015,EUR,netted off milk payment,invoice,,IE8007456W,D01929
BF15-0006,13/08/2015,Ballyhoura Fuels Ltd,"Marked gas oil, bulk delivery",1126.09,152.02,1278.11,12/09/2015,EUR,,invoice,,IE4197223U,D01991
CFP15-0017,17/08/2015,Charleville Farm Parts & Tyres Ltd,Mower blades,515.93,118.66,634.59,16/09/2015,EUR,,invoice,,IE3017449G,D02010
CFP15-0028,20/08/2015,Charleville Farm Parts & Tyres Ltd,Mower blades,320.95,73.82,394.77,19/09/2015,EUR,,invoice,,IE3017449G,D02021
DHS15-0008,21/08/2015,Dairy Hygiene Supplies Ltd,"Parlour detergents, teat dip, filter socks",259.41,59.66,319.07,20/09/2015,EUR,,invoice,,IE1520123Q,D02040
GF15-0004,23/08/2015,Glenfern Feeds Ltd,Mineral supplement - 7.0 t,2550.68,0.00,2550.68,22/09/2015,EUR,,invoice,,IE8573822O,D01916
LV15-0009,26/08/2015,Lisheen Veterinary Clinic,Herd health visit + drugs,641.72,147.60,789.32,25/09/2015,EUR,,invoice,,IE3593885U,D01938
AW15-0003,28/08/2015,AgriWrap Plastics Ltd,"Silage plastic, bale net, twine",479.85,110.37,590.22,27/09/2015,EUR,,invoice,,IE7984856V,D02050
CL-201508,31/08/2015,Slieve Dairy Co-Operative Society Ltd,"Co-op haulage, milk testing, levies Aug 2015",652.45,150.06,802.51,31/08/2015,EUR,deducted from MS-201508,invoice,,IE9462300P,D00236
CS15-0011,03/09/2015,Slieve Dairy Co-Op Farm Stores,18-6-12 compound bulk spread,5421.26,731.87,6153.13,03/10/2015,EUR,netted off milk payment,invoice,,,D01925
ES15-0009,06/09/2015,ESB Electric Supply,Electricity Sep 2015 (farm + house meter),1140.90,154.02,1294.92,06/10/2015,EUR,,invoice,,IE4752023D,D02074
VF15-0009,10/09/2015,Vodafone Ireland,Mobile and broadband,138.62,31.88,170.50,10/10/2015,EUR,,invoice,,IE8398493D,D02075
CS15-0003,11/09/2015,Slieve Dairy Co-Op Farm Stores,Dairy ration 16% bulk - 11.8 t,4284.70,0.00,4284.70,11/10/2015,EUR,netted off milk payment,invoice,,IE8007456W,D01913
CFP15-0004,18/09/2015,Charleville Farm Parts & Tyres Ltd,Hydraulic hoses,572.80,131.74,704.54,18/10/2015,EUR,,invoice,,IE3017449G,D01997
DHS15-0014,18/09/2015,Dairy Hygiene Supplies Ltd,"Parlour detergents, teat dip, filter socks",487.26,112.07,599.33,18/10/2015,EUR,,invoice,,IE1520123Q,D02046
DHS15-0007,19/09/2015,Dairy Hygiene Supplies Ltd,"Parlour detergents, teat dip, filter socks",664.75,152.89,817.64,19/10/2015,EUR,,invoice,,IE1520123Q,D02039
CFP15-0005,20/09/2015,Charleville Farm Parts & Tyres Ltd,Gate and fencing repairs,530.56,122.03,652.59,20/10/2015,EUR,,invoice,,IE3017449G,D01998
DHS15-0005,21/09/2015,Dairy Hygiene Supplies Ltd,"Parlour detergents, teat dip, filter socks",398.13,91.57,489.70,21/10/2015,EUR,,invoice,,IE1520123Q,D02037
CL-201509,30/09/2015,Slieve Dairy Co-Operative Society Ltd,"Co-op haulage, milk testing, levies Sep 2015",528.16,121.48,649.64,30/09/2015,EUR,deducted from MS-201509,invoice,,IE9462300P,D00238
BF15-0008,02/10/2015,Ballyhoura Fuels Ltd,"Marked gas oil, bulk delivery",1740.33,234.94,1975.27,01/11/2015,EUR,,invoice,,IE4197223U,D01993
ES15-0010,03/10/2015,ESB Electric Supply,Electricity Oct 2015 (farm + house meter),1160.63,156.69,1317.32,02/11/2015,EUR,,invoice,,IE4752023D,D02076
CFP15-0033,05/10/2015,Charleville Farm Parts & Tyres Ltd,Tractor service parts,427.66,98.36,526.02,04/11/2015,EUR,,invoice,,IE3017449G,D02026
HF15-0003,07/10/2015,Cork Hoof Care Services,Hoof trimming / footbaths,694.74,159.79,854.53,06/11/2015,EUR,,invoice,,IE1248259R,D02054
CFP15-0037,08/10/2015,Charleville Farm Parts & Tyres Ltd,Tractor service parts,464.68,106.88,571.56,07/11/2015,EUR,,invoice,,IE3017449G,D02030
HF15-0001,10/10/2015,Cork Hoof Care Services,Hoof trimming / footbaths,567.11,130.44,697.55,09/11/2015,EUR,,invoice,,IE1248259R,D02052
VF15-0010,10/10/2015,Vodafone Ireland,Mobile and broadband,163.47,37.60,201.07,09/11/2015,EUR,,invoice,,IE8398493D,D02077
CFP15-0014,15/10/2015,Charleville Farm Parts & Tyres Ltd,Parlour liners,533.49,122.70,656.19,14/11/2015,EUR,,invoice,,IE3017449G,D02007
CFP15-0038,17/10/2015,Charleville Farm Parts & Tyres Ltd,Parlour liners,310.73,71.47,382.20,16/11/2015,EUR,,invoice,,IE3017449G,D02031
BF15-0005,18/10/2015,Ballyhoura Fuels Ltd,"Marked gas oil, bulk delivery",1442.40,194.72,1637.12,17/11/2015,EUR,,invoice,,IE4197223U,D01990
CFP15-0002,18/10/2015,Charleville Farm Parts & Tyres Ltd,Tyres and tubes,367.83,84.60,452.43,17/11/2015,EUR,,invoice,,IE3017449G,D01995
HF15-0004,18/10/2015,Cork Hoof Care Services,Hoof trimming / footbaths,594.62,136.76,731.38,17/11/2015,EUR,,invoice,,IE1248259R,D02055
HF15-0005,21/10/2015,Cork Hoof Care Services,Hoof trimming / footbaths,740.00,170.20,910.20,20/11/2015,EUR,,invoice,,IE1248259R,D02056
MR15-0002,21/10/2015,Munster Rendering Ltd,Fallen animal collection,151.20,34.78,185.98,20/11/2015,EUR,,invoice,,IE4033776E,D04617
DHS15-0013,23/10/2015,Dairy Hygiene Supplies Ltd,"Parlour detergents, teat dip, filter socks",275.07,63.27,338.34,22/11/2015,EUR,,invoice,,IE1520123Q,D02045
CL-201510,31/10/2015,Slieve Dairy Co-Operative Society Ltd,"Co-op haulage, milk testing, levies Oct 2015",377.89,86.91,464.80,31/10/2015,EUR,deducted from MS-201510,invoice,,IE9462300P,D00240
CS15-0008,03/11/2015,Slieve Dairy Co-Op Farm Stores,Calf starter + milk replacer - 5.8 t,2103.23,0.00,2103.23,03/12/2015,EUR,netted off milk payment,invoice,,IE8007456W,D01922
LV15-0002,03/11/2015,Lisheen Veterinary Clinic,Calving assistance,572.92,131.77,704.69,03/12/2015,EUR,,invoice,,IE3593885U,D01931
CFP15-0030,04/11/2015,Charleville Farm Parts & Tyres Ltd,Mower blades,561.11,129.06,690.17,04/12/2015,EUR,,invoice,,IE3017449G,D02023
ES15-0011,04/11/2015,ESB Electric Supply,Electricity Nov 2015 (farm + house meter),1210.95,163.48,1374.43,04/12/2015,EUR,,invoice,,IE4752023D,D02078
LV15-0015,09/11/2015,Lisheen Veterinary Clinic,Mastitis treatments,482.33,110.94,593.27,09/12/2015,EUR,,invoice,,IE3593885U,D01944
VF15-0011,11/11/2015,Vodafone Ireland,Mobile and broadband,140.95,32.42,173.37,11/12/2015,EUR,,invoice,,IE8398493D,D02079
LAC15-0007,15/11/2015,Lyons Agri Contracting Ltd,Silage harvesting (1st cut),2787.87,376.36,3164.23,15/12/2015,EUR,,invoice,,IE9219903D,D01984
LV15-0035,19/11/2015,Lisheen Veterinary Clinic,Herd health visit + drugs,381.78,87.81,469.59,19/12/2015,EUR,,invoice,,IE3593885U,D01964
DOC15-0001,20/11/2015,"T. Buckley (landlord, conacre)",Conacre rent 2015: 55 acres @ 290/acre,15950.00,0.00,15950.00,20/12/2015,EUR,,rent_receipt,,,D02086
GF15-0001,27/11/2015,Glenfern Feeds Ltd,Calf starter + milk replacer - 9.0 t,3251.98,0.00,3251.98,27/12/2015,EUR,,invoice,,IE8573822O,D01909
CL-201511,30/11/2015,Slieve Dairy Co-Operative Society Ltd,"Co-op haulage, milk testing, levies Nov 2015",223.80,51.47,275.27,30/11/2015,EUR,deducted from MS-201511,invoice,,IE9462300P,D00242
LV15-0021,05/12/2015,Lisheen Veterinary Clinic,Herd health visit + drugs,444.98,102.35,547.33,04/01/2016,EUR,,invoice,,IE3593885U,D01950
ES15-0012,05/12/2015,ESB Electric Supply,Electricity Dec 2015 (farm + house meter),1084.37,146.39,1230.76,04/01/2016,EUR,,invoice,,IE4752023D,D02080
DHS15-0012,08/12/2015,Dairy Hygiene Supplies Ltd,"Parlour detergents, teat dip, filter socks",614.44,141.32,755.76,07/01/2016,EUR,,invoice,,IE1520123Q,D02044
CFP15-0036,10/12/2015,Charleville Farm Parts & Tyres Ltd,Gate and fencing repairs,404.45,93.02,497.47,09/01/2016,EUR,,invoice,,IE3017449G,D02029
LV15-0003,11/12/2015,Lisheen Veterinary Clinic,Dry cow therapy / sealers,438.11,100.77,538.88,10/01/2016,EUR,,invoice,,IE3593885U,D01932
VF15-0012,11/12/2015,Vodafone Ireland,Mobile and broadband,140.44,32.30,172.74,10/01/2016,EUR,,invoice,,IE8398493D,D02081
CFP15-0022,13/12/2015,Charleville Farm Parts & Tyres Ltd,Tyres and tubes,286.25,65.84,352.09,12/01/2016,EUR,,invoice,,IE3017449G,D02015
LV15-0010,22/12/2015,Lisheen Veterinary Clinic,Fertility scanning,458.53,105.46,563.99,21/01/2016,EUR,,invoice,,IE3593885U,D01939
CFP15-0018,24/12/2015,Charleville Farm Parts & Tyres Ltd,Mower blades,432.49,99.47,531.96,23/01/2016,EUR,,invoice,,IE3017449G,D02011
LAC15-0001,26/12/2015,Lyons Agri Contracting Ltd,Hedge cutting,3844.07,518.95,4363.02,25/01/2016,EUR,,invoice,,IE9219903D,D01976
CFP15-0020,28/12/2015,Charleville Farm Parts & Tyres Ltd,Tractor service parts,455.91,104.86,560.77,27/01/2016,EUR,,invoice,,IE3017449G,D02013
CL-201512,31/12/2015,Slieve Dairy Co-Operative Society Ltd,"Co-op haulage, milk testing, levies Dec 2015",111.68,25.69,137.37,31/12/2015,EUR,deducted from MS-201512,invoice,,IE9462300P,D00244
CFP16-0006,01/01/2016,Charleville Farm Parts & Tyres Ltd,Parlour liners,548.16,126.08,674.24,31/01/2016,EUR,,invoice,,IE3017449G,D02183
HT16-0001,03/01/2016,HerdTrack Software Ltd,Herd management subscription,88.00,20.24,108.24,02/02/2016,EUR,,invoice,,IE6323212L,D02249
GF16-0007,04/01/2016,Glenfern Feeds Ltd,Maize meal / soya hulls blend - 13.5 t,4711.01,0.00,4711.01,03/02/2016,EUR,,invoice,,IE8573822O,D02098
DHS16-0004,06/01/2016,Dairy Hygiene Supplies Ltd,"Parlour detergents, teat dip, filter socks",453.58,104.32,557.90,05/02/2016,EUR,,invoice,,IE1520123Q,D02224
ES16-0001,08/01/2016,ESB Electric Supply,Electricity Jan 2016 (farm + house meter),1155.56,156.00,1311.56,07/02/2016,EUR,,invoice,,IE4752023D,D02247
LV16-0026,09/01/2016,Lisheen Veterinary Clinic,Herd health visit + drugs,291.93,67.14,359.07,08/02/2016,EUR,,invoice,,IE3593885U,D02134
CFP16-0023,09/01/2016,Charleville Farm Parts & Tyres Ltd,Tractor service parts,348.04,80.05,428.09,08/02/2016,EUR,,invoice,,IE3017449G,D02200
VF16-0001,10/01/2016,Vodafone Ireland,Mobile and broadband,156.36,35.96,192.32,09/02/2016,EUR,,invoice,,IE8398493D,D02248
DHS16-0010,14/01/2016,Dairy Hygiene Supplies Ltd,"Parlour detergents, teat dip, filter socks",451.15,103.76,554.91,13/02/2016,EUR,,invoice,,IE1520123Q,D02230
CS16-0003,15/01/2016,Slieve Dairy Co-Op Farm Stores,Maize meal / soya hulls blend - 11.2 t,3894.68,0.00,3894.68,14/02/2016,EUR,netted off milk payment,invoice,,IE8007456W,D02091
SG16-0003,15/01/2016,Southern Genetics Co-Op,Semen straws + AI technician service,949.58,218.40,1167.98,14/02/2016,EUR,,invoice,,IE2815241Q,D02151
MSF16-0001,15/01/2016,Murphy Steel Fabrication Ltd,"Slurry stirring, agitation pumps, pipework",31000.00,7130.00,38130.00,14/02/2016,EUR,,invoice,,IE6565970F,D05103
LV16-0005,23/01/2016,Lisheen Veterinary Clinic,Herd health visit + drugs,578.86,133.14,712.00,22/02/2016,EUR,,invoice,,IE3593885U,D02113
MR16-0003,24/01/2016,Munster Rendering Ltd,Fallen animal collection,118.80,27.32,146.12,23/02/2016,EUR,,invoice,,IE4033776E,D04639
LV16-0036,25/01/2016,Lisheen Veterinary Clinic,Herd health visit + drugs,490.01,112.70,602.71,24/02/2016,EUR,,invoice,,IE3593885U,D02144
CS16-0006,28/01/2016,Slieve Dairy Co-Op Farm Stores,Dairy ration 16% bulk - 11.8 t,4104.62,0.00,4104.62,27/02/2016,EUR,netted off milk payment,invoice,,IE8007456W,D02102
LD-16-5004,28/01/2016,Kilbeg Livestock Mart Ltd,Mart docket: 25 in-calf cows/heifers purchased,38750.00,1860.00,40610.00,28/01/2016,EUR,,sales_docket,,IE6958430T,D04658
LD16-0009,28/01/2016,Kilbeg Livestock Mart Ltd,Mart commission on LD-16-5004,775.00,178.25,953.25,28/01/2016,EUR,LD-16-5004,invoice,,IE6958430T,D04659
CL-201601,31/01/2016,Slieve Dairy Co-Operative Society Ltd,"Co-op haulage, milk testing, levies Jan 2016",174.80,40.20,215.00,31/01/2016,EUR,deducted from MS-201601,invoice,,IE9462300P,D00246
HT16-0002,02/02/2016,HerdTrack Software Ltd,Herd management subscription,88.00,20.24,108.24,03/03/2016,EUR,,invoice,,IE6323212L,D02252
CFP16-0042,03/02/2016,Charleville Farm Parts & Tyres Ltd,Gate and fencing repairs,214.31,49.29,263.60,04/03/2016,EUR,,invoice,,IE3017449G,D02219
LV16-0032,04/02/2016,Lisheen Veterinary Clinic,Mastitis treatments,680.73,156.57,837.30,05/03/2016,EUR,,invoice,,IE3593885U,D02140
CFP16-0038,04/02/2016,Charleville Farm Parts & Tyres Ltd,Hydraulic hoses,538.48,123.85,662.33,05/03/2016,EUR,,invoice,,IE3017449G,D02215
CFP16-0019,05/02/2016,Charleville Farm Parts & Tyres Ltd,Parlour liners,534.69,122.98,657.67,06/03/2016,EUR,,invoice,,IE3017449G,D02196
ES16-0002,06/02/2016,ESB Electric Supply,Electricity Feb 2016 (farm + house meter),1222.28,165.01,1387.29,07/03/2016,EUR,,invoice,,IE4752023D,D02250
VF16-0002,10/02/2016,Vodafone Ireland,Mobile and broadband,159.59,36.71,196.30,11/03/2016,EUR,,invoice,,IE8398493D,D02251
MFI16-0001,12/02/2016,Munster Farm Insurance Ltd,"Farm policy renewal (buildings, liability, machinery, employer liability)",9719.04,0.00,9719.04,13/03/2016,EUR,,invoice,,,D02283
CS16-0007,15/02/2016,Slieve Dairy Co-Op Farm Stores,Ground limestone bulk spread,5050.19,681.78,5731.97,16/03/2016,EUR,netted off milk payment,invoice,,IE8007456W,D02104
CFP16-0026,15/02/2016,Charleville Farm Parts & Tyres Ltd,Tractor service parts,372.63,85.70,458.33,16/03/2016,EUR,,invoice,,IE3017449G,D02203
LV16-0029,16/02/2016,Lisheen Veterinary Clinic,Dry cow therapy / sealers,371.74,85.50,457.24,17/03/2016,EUR,,invoice,,IE3593885U,D02137
BF16-0005,16/02/2016,Ballyhoura Fuels Ltd,"Marked gas oil, bulk delivery",1683.93,227.33,1911.26,17/03/2016,EUR,,invoice,,IE4197223U,D02174
CFP16-0035,16/02/2016,Charleville Farm Parts & Tyres Ltd,Parlour liners,370.22,85.15,455.37,17/03/2016,EUR,,invoice,,IE3017449G,D02212
DHS16-0014,18/02/2016,Dairy Hygiene Supplies Ltd,"Parlour detergents, teat dip, filter socks",348.96,80.26,429.22,19/03/2016,EUR,,invoice,,IE1520123Q,D02234
LV16-0003,19/02/2016,Lisheen Veterinary Clinic,Calving assistance,359.56,82.70,442.26,20/03/2016,EUR,,invoice,,IE3593885U,D02111
MR16-0001,19/02/2016,Munster Rendering Ltd,Fallen animal collection,118.80,27.32,146.12,20/03/2016,EUR,,invoice,,IE4033776E,D04637
LV16-0030,20/02/2016,Lisheen Veterinary Clinic,Herd health visit + drugs,297.69,68.47,366.16,21/03/2016,EUR,,invoice,,IE3593885U,D02138
CS16-0002,22/02/2016,Slieve Dairy Co-Op Farm Stores,Dairy ration 18% nuts - 14.0 t,4877.63,0.00,4877.63,23/03/2016,EUR,netted off milk payment,invoice,,IE8007456W,D02089
GF16-0005,23/02/2016,Glenfern Feeds Ltd,Dairy ration 16% bulk - 5.7 t,1987.47,0.00,1987.47,24/03/2016,EUR,,invoice,,IE8573822O,D02095
LV16-0021,25/02/2016,Lisheen Veterinary Clinic,Mastitis treatments,402.96,92.68,495.64,26/03/2016,EUR,,invoice,,IE3593885U,D02129
CFP16-0027,25/02/2016,Charleville Farm Parts & Tyres Ltd,Welding rods / steel,230.21,52.95,283.16,26/03/2016,EUR,,invoice,,IE3017449G,D02204
CL-201602,29/02/2016,Slieve Dairy Co-Operative Society Ltd,"Co-op haulage, milk testing, levies Feb 2016",392.20,90.21,482.41,29/02/2016,EUR,deducted from MS-201602,invoice,,IE9462300P,D00248
CFP16-0021,01/03/2016,Charleville Farm Parts & Tyres Ltd,Welding rods / steel,360.00,82.80,442.80,31/03/2016,EUR,,invoice,,IE3017449G,D02198
HT16-0003,01/03/2016,HerdTrack Software Ltd,Herd management subscription,88.00,20.24,108.24,31/03/2016,EUR,,invoice,,IE6323212L,D02255
KA16-0001,02/03/2016,Kilcummin Agri Supplies Ltd,Ground limestone bulk spread,6767.99,913.68,7681.67,01/04/2016,EUR,,invoice,,IE2092142W,D02103
CFP16-0043,02/03/2016,Charleville Farm Parts & Tyres Ltd,Tyres and tubes,407.40,93.70,501.10,01/04/2016,EUR,,invoice,,IE3017449G,D02220
ES16-0003,08/03/2016,ESB Electric Supply,Electricity Mar 2016 (farm + house meter),1328.05,179.29,1507.34,07/04/2016,EUR,,invoice,,IE4752023D,D02253
VF16-0003,10/03/2016,Vodafone Ireland,Mobile and broadband,161.73,37.20,198.93,09/04/2016,EUR,,invoice,,IE8398493D,D02254
HC16-0001,10/03/2016,Hegarty & Co Farm Accountants,"Accounts, tax returns and payroll year 2015",2980.80,685.58,3666.38,09/04/2016,EUR,,invoice,,IE6025428V,D02284
LD16-0001,11/03/2016,Kilbeg Livestock Mart Ltd,Mart commission and levies on LD-16-7710,125.56,28.88,154.44,11/03/2016,EUR,LD-16-7710,invoice,,IE6958430T,D04641
CFP16-0010,12/03/2016,Charleville Farm Parts & Tyres Ltd,Tractor service parts,488.98,112.47,601.45,11/04/2016,EUR,,invoice,,IE3017449G,D02187
LV16-0011,14/03/2016,Lisheen Veterinary Clinic,Mastitis treatments,586.52,134.90,721.42,13/04/2016,EUR,,invoice,,IE3593885U,D02119
LV16-0002,15/03/2016,Lisheen Veterinary Clinic,Herd health visit + drugs,531.83,122.32,654.15,14/04/2016,EUR,,invoice,,IE3593885U,D02110
GF16-0008,16/03/2016,Glenfern Feeds Ltd,Mineral supplement - 8.1 t,2831.21,0.00,2831.21,15/04/2016,EUR,,invoice,,IE8573822O,D02099
LV16-0028,17/03/2016,Lisheen Veterinary Clinic,Mastitis treatments,476.19,109.52,585.71,16/04/2016,EUR,,invoice,,IE3593885U,D02136
OB16-0006,20/03/2016,O'Brien Plant Hire Ltd,Silage harvesting (1st cut),3606.39,486.86,4093.25,19/04/2016,EUR,,invoice,,IE9729960P,D02169
RM16-0001,21/03/2016,Rathcormac Motors Ltd,Toyota Hilux double cab 4x4,41000.00,9430.00,50430.00,20/04/2016,EUR,,invoice,,IE5731710P,D05105
LD16-0002,23/03/2016,Kilbeg Livestock Mart Ltd,Mart commission and levies on LD-16-8229,129.02,29.67,158.69,23/03/2016,EUR,LD-16-8229,invoice,,IE6958430T,D04643
DHS16-0016,24/03/2016,Dairy Hygiene Supplies Ltd,"Parlour detergents, teat dip, filter socks",406.65,93.53,500.18,23/04/2016,EUR,,invoice,,IE1520123Q,D02236
SG16-0009,25/03/2016,Southern Genetics Co-Op,Semen straws + AI technician service,421.09,96.85,517.94,24/04/2016,EUR,,invoice,,IE2815241Q,D02157
MR16-0002,26/03/2016,Munster Rendering Ltd,Fallen animal collection,172.80,39.74,212.54,25/04/2016,EUR,,invoice,,IE4033776E,D04638
CL-201603,31/03/2016,Slieve Dairy Co-Operative Society Ltd,"Co-op haulage, milk testing, levies Mar 2016",713.32,164.06,877.38,31/03/2016,EUR,deducted from MS-201603,invoice,,IE9462300P,D00250
CFP16-0036,02/04/2016,Charleville Farm Parts & Tyres Ltd,Mower blades,259.32,59.64,318.96,02/05/2016,EUR,,invoice,,IE3017449G,D02213
CFP16-0004,03/04/2016,Charleville Farm Parts & Tyres Ltd,Parlour liners,490.91,112.91,603.82,03/05/2016,EUR,,invoice,,IE3017449G,D02181
HT16-0004,03/04/2016,HerdTrack Software Ltd,Herd management subscription,88.00,20.24,108.24,03/05/2016,EUR,,invoice,,IE6323212L,D02258
LD16-0003,04/04/2016,Kilbeg Livestock Mart Ltd,Mart commission and levies on LD-16-4257,125.82,28.94,154.76,04/04/2016,EUR,LD-16-4257,invoice,,IE6958430T,D04645
SG16-0007,06/04/2016,Southern Genetics Co-Op,Semen straws + AI technician service,606.14,139.41,745.55,06/05/2016,EUR,,invoice,,IE2815241Q,D02155
LV16-0015,07/04/2016,Lisheen Veterinary Clinic,Mastitis treatments,378.31,87.01,465.32,07/05/2016,EUR,,invoice,,IE3593885U,D02123
KA16-0003,08/04/2016,Kilcummin Agri Supplies Ltd,Pasture sward 24-2.5-10 bulk spread,7202.28,972.31,8174.59,08/05/2016,EUR,,invoice,,IE2092142W,D02106
SG16-0008,08/04/2016,Southern Genetics Co-Op,Semen straws + AI technician service,909.39,209.16,1118.55,08/05/2016,EUR,,invoice,,IE2815241Q,D02156
CFP16-0039,08/04/2016,Charleville Farm Parts & Tyres Ltd,Welding rods / steel,338.76,77.91,416.67,08/05/2016,EUR,,invoice,,IE3017449G,D02216
ES16-0004,09/04/2016,ESB Electric Supply,Electricity Apr 2016 (farm + house meter),1183.09,159.72,1342.81,09/05/2016,EUR,,invoice,,IE4752023D,D02256
BF16-0007,10/04/2016,Ballyhoura Fuels Ltd,"Marked gas oil, bulk delivery",2223.32,300.15,2523.47,10/05/2016,EUR,,invoice,,IE4197223U,D02176
VF16-0004,12/04/2016,Vodafone Ireland,Mobile and broadband,146.18,33.62,179.80,12/05/2016,EUR,,invoice,,IE8398493D,D02257
BF16-0001,14/04/2016,Ballyhoura Fuels Ltd,"Marked gas oil, bulk delivery",1288.75,173.98,1462.73,14/05/2016,EUR,,invoice,,IE4197223U,D02170
CFP16-0007,17/04/2016,Charleville Farm Parts & Tyres Ltd,Gate and fencing repairs,408.40,93.93,502.33,17/05/2016,EUR,,invoice,,IE3017449G,D02184
CFP16-0020,17/04/2016,Charleville Farm Parts & Tyres Ltd,Welding rods / steel,331.86,76.33,408.19,17/05/2016,EUR,,invoice,,IE3017449G,D02197
CFP16-0031,17/04/2016,Charleville Farm Parts & Tyres Ltd,Parlour liners,210.06,48.31,258.37,17/05/2016,EUR,,invoice,,IE3017449G,D02208
LD16-0004,18/04/2016,Kilbeg Livestock Mart Ltd,Mart commission and levies on LD-16-2439,125.64,28.90,154.54,18/04/2016,EUR,LD-16-2439,invoice,,IE6958430T,D04647
GF16-0006,19/04/2016,Glenfern Feeds Ltd,Mineral supplement - 10.7 t,3731.81,0.00,3731.81,19/05/2016,EUR,,invoice,,IE8573822O,D02096
SG16-0004,19/04/2016,Southern Genetics Co-Op,Semen straws + AI technician service,761.09,175.05,936.14,19/05/2016,EUR,,invoice,,IE2815241Q,D02152
SG16-0002,20/04/2016,Southern Genetics Co-Op,Semen straws + AI technician service,536.68,123.44,660.12,20/05/2016,EUR,,invoice,,IE2815241Q,D02150
LV16-0040,21/04/2016,Lisheen Veterinary Clinic,Calving assistance,608.82,140.03,748.85,21/05/2016,EUR,,invoice,,IE3593885U,D02148
CFP16-0025,21/04/2016,Charleville Farm Parts & Tyres Ltd,Tyres and tubes,479.39,110.26,589.65,21/05/2016,EUR,,invoice,,IE3017449G,D02202
CFP16-0022,23/04/2016,Charleville Farm Parts & Tyres Ltd,Tractor service parts,327.65,75.36,403.01,23/05/2016,EUR,,invoice,,IE3017449G,D02199
YD16-0002,24/04/2016,Yorkshire Dairy Spares Ltd,Spare parts for milking equipment (shipped from UK),354.17,0.00,354.17,24/05/2016,GBP,,invoice,,IE4330472S,D05152
LV16-0034,25/04/2016,Lisheen Veterinary Clinic,Calving assistance,691.61,159.07,850.68,25/05/2016,EUR,,invoice,,IE3593885U,D02142
CFP16-0008,27/04/2016,Charleville Farm Parts & Tyres Ltd,Tyres and tubes,433.83,99.78,533.61,27/05/2016,EUR,,invoice,,IE3017449G,D02185
DHS16-0001,27/04/2016,Dairy Hygiene Supplies Ltd,"Parlour detergents, teat dip, filter socks",685.39,157.64,843.03,27/05/2016,EUR,,invoice,,IE1520123Q,D02221
LAC16-0005,28/04/2016,Lyons Agri Contracting Ltd,Reseeding / ploughing,3717.50,501.86,4219.36,28/05/2016,EUR,,invoice,,IE9219903D,D02168
CL-201604,30/04/2016,Slieve Dairy Co-Operative Society Ltd,"Co-op haulage, milk testing, levies Apr 2016",953.24,219.25,1172.49,30/04/2016,EUR,deducted from MS-201604,invoice,,IE9462300P,D00252
HT16-0005,02/05/2016,HerdTrack Software Ltd,Herd management subscription,88.00,20.24,108.24,01/06/2016,EUR,,invoice,,IE6323212L,D02261
WS16-0001,04/05/2016,County Council Water Services,"Water charges (metered, farm)",669.60,0.00,669.60,03/06/2016,EUR,,invoice,,IE7854060O,D02286
LD16-0005,04/05/2016,Kilbeg Livestock Mart Ltd,Mart commission and levies on LD-16-7803,128.51,29.56,158.07,04/05/2016,EUR,LD-16-7803,invoice,,IE6958430T,D04649
AW16-0001,05/05/2016,AgriWrap Plastics Ltd,"Silage plastic, bale net, twine",492.60,113.30,605.90,04/06/2016,EUR,,invoice,,IE7984856V,D02237
AW16-0002,08/05/2016,AgriWrap Plastics Ltd,"Silage plastic, bale net, twine",972.96,223.78,1196.74,07/06/2016,EUR,,invoice,,IE7984856V,D02238
ES16-0005,09/05/2016,ESB Electric Supply,Electricity May 2016 (farm + house meter),1337.33,180.54,1517.87,08/06/2016,EUR,,invoice,,IE4752023D,D02259
CFP16-0016,10/05/2016,Charleville Farm Parts & Tyres Ltd,Hydraulic hoses,337.85,77.71,415.56,09/06/2016,EUR,,invoice,,IE3017449G,D02193
CFP16-0024,10/05/2016,Charleville Farm Parts & Tyres Ltd,Tractor service parts,317.69,73.07,390.76,09/06/2016,EUR,,invoice,,,D02201
VF16-0005,10/05/2016,Vodafone Ireland,Mobile and broadband,170.18,39.14,209.32,09/06/2016,EUR,,invoice,,IE8398493D,D02260
CFP16-0032,12/05/2016,Charleville Farm Parts & Tyres Ltd,Hydraulic hoses,435.94,100.27,536.21,11/06/2016,EUR,,invoice,,IE3017449G,D02209
LV16-0039,14/05/2016,Lisheen Veterinary Clinic,Dry cow therapy / sealers,345.76,79.52,425.28,13/06/2016,EUR,,invoice,,IE3593885U,D02147
LV16-0013,16/05/2016,Lisheen Veterinary Clinic,Vaccines (BVD/IBR/lepto),659.30,151.64,810.94,15/06/2016,EUR,,invoice,,IE3593885U,D02121
OB16-0002,17/05/2016,O'Brien Plant Hire Ltd,Silage harvesting (1st cut),1834.00,247.59,2081.59,16/06/2016,EUR,,invoice,,IE9729960P,D02162
LD16-0006,19/05/2016,Kilbeg Livestock Mart Ltd,Mart commission and levies on LD-16-6100,128.11,29.47,157.58,19/05/2016,EUR,LD-16-6100,invoice,,IE6958430T,D04651
LV16-0010,20/05/2016,Lisheen Veterinary Clinic,Vaccines (BVD/IBR/lepto),674.88,155.22,830.10,19/06/2016,EUR,,invoice,,IE3593885U,D02118
LV16-0009,24/05/2016,Lisheen Veterinary Clinic,Calving assistance,447.34,102.89,550.23,23/06/2016,EUR,,invoice,,IE3593885U,D02117
LV16-0001,27/05/2016,Lisheen Veterinary Clinic,Fertility scanning,473.99,109.02,583.01,26/06/2016,EUR,,invoice,,IE3593885U,D02109
OB16-0001,28/05/2016,O'Brien Plant Hire Ltd,Reseeding / ploughing,2157.10,291.21,2448.31,27/06/2016,EUR,,invoice,,IE9729960P,D02159
CL-201605,31/05/2016,Slieve Dairy Co-Operative Society Ltd,"Co-op haulage, milk testing, levies May 2016",978.28,225.00,1203.28,31/05/2016,EUR,deducted from MS-201605,invoice,,IE9462300P,D00254
HT16-0006,02/06/2016,HerdTrack Software Ltd,Herd management subscription,88.00,20.24,108.24,02/07/2016,EUR,,invoice,,IE6323212L,D02264
ES16-0006,03/06/2016,ESB Electric Supply,Electricity Jun 2016 (farm + house meter),1111.21,150.01,1261.22,03/07/2016,EUR,,invoice,,IE4752023D,D02262
BF16-0002,05/06/2016,Ballyhoura Fuels Ltd,"Marked gas oil, bulk delivery",2109.09,284.73,2393.82,05/07/2016,EUR,,invoice,,IE4197223U,D02171
VF16-0006,11/06/2016,Vodafone Ireland,Mobile and broadband,145.47,33.46,178.93,11/07/2016,EUR,,invoice,,IE8398493D,D02263
CFP16-0017,12/06/2016,Charleville Farm Parts & Tyres Ltd,Tractor service parts,408.53,93.96,502.49,12/07/2016,EUR,,invoice,,IE3017449G,D02194
TG16-0001,12/06/2016,Teagasc,Advisory service annual fee,972.00,223.56,1195.56,12/07/2016,EUR,,invoice,,IE7259700V,D02285
DHS16-0005,15/06/2016,Dairy Hygiene Supplies Ltd,"Parlour detergents, teat dip, filter socks",647.29,148.88,796.17,15/07/2016,EUR,,invoice,,IE1520123Q,D02225
SG16-0005,16/06/2016,Southern Genetics Co-Op,Semen straws + AI technician service,952.68,219.12,1171.80,16/07/2016,EUR,,invoice,,IE2815241Q,D02153
LAC16-0002,16/06/2016,Lyons Agri Contracting Ltd,Slurry spreading (trailing shoe),2534.63,342.18,2876.81,16/07/2016,EUR,,invoice,,IE9219903D,D02161
LP16-0001,16/06/2016,Lakeland Park Hotel,Farm management seminar and accommodation (4 nights),3900.00,897.00,4797.00,16/07/2016,EUR,,invoice,,IE2705040S,D05122
CFP16-0041,18/06/2016,Charleville Farm Parts & Tyres Ltd,Parlour liners,457.50,105.22,562.72,18/07/2016,EUR,,invoice,,IE3017449G,D02218
AW16-0003,20/06/2016,AgriWrap Plastics Ltd,"Silage plastic, bale net, twine",1243.41,285.98,1529.39,20/07/2016,EUR,,invoice,,IE7984856V,D02239
SG16-0010,21/06/2016,Southern Genetics Co-Op,Semen straws + AI technician service,666.68,153.34,820.02,21/07/2016,EUR,,invoice,,IE2815241Q,D02158
SG16-0006,24/06/2016,Southern Genetics Co-Op,Semen straws + AI technician service,368.27,84.70,452.97,24/07/2016,EUR,,invoice,,IE2815241Q,D02154
DHS16-0009,25/06/2016,Dairy Hygiene Supplies Ltd,"Parlour detergents, teat dip, filter socks",349.85,80.47,430.32,25/07/2016,EUR,,invoice,,IE1520123Q,D02229
CFP16-0034,26/06/2016,Charleville Farm Parts & Tyres Ltd,Gate and fencing repairs,391.21,89.98,481.19,26/07/2016,EUR,,invoice,,IE3017449G,D02211
YD16-0001,26/06/2016,Yorkshire Dairy Spares Ltd,Spare parts for milking equipment (shipped from UK),560.94,0.00,560.94,26/07/2016,GBP,,invoice,,IE4330472S,D05151
LV16-0008,27/06/2016,Lisheen Veterinary Clinic,Calving assistance,470.87,108.30,579.17,27/07/2016,EUR,,invoice,,IE3593885U,D02116
CL-201606,30/06/2016,Slieve Dairy Co-Operative Society Ltd,"Co-op haulage, milk testing, levies Jun 2016",955.72,219.82,1175.54,30/06/2016,EUR,deducted from MS-201606,invoice,,IE9462300P,D00256
DHS16-0006,02/07/2016,Dairy Hygiene Supplies Ltd,"Parlour detergents, teat dip, filter socks",678.29,156.01,834.30,01/08/2016,EUR,,invoice,,IE1520123Q,D02226
HT16-0007,02/07/2016,HerdTrack Software Ltd,Herd management subscription,88.00,20.24,108.24,01/08/2016,EUR,,invoice,,IE6323212L,D02267
CFP16-0001,04/07/2016,Charleville Farm Parts & Tyres Ltd,Hydraulic hoses,434.82,100.01,534.83,03/08/2016,EUR,,invoice,,IE3017449G,D02178
ES16-0007,06/07/2016,ESB Electric Supply,Electricity Jul 2016 (farm + house meter),1137.62,153.58,1291.20,05/08/2016,EUR,,invoice,,IE4752023D,D02265
CFP16-0003,07/07/2016,Charleville Farm Parts & Tyres Ltd,Gate and fencing repairs,546.67,125.73,672.40,06/08/2016,EUR,,invoice,,IE3017449G,D02180
LV16-0014,09/07/2016,Lisheen Veterinary Clinic,Herd health visit + drugs,340.40,78.29,418.69,08/08/2016,EUR,,invoice,,IE3593885U,D02122
VF16-0007,11/07/2016,Vodafone Ireland,Mobile and broadband,161.81,37.22,199.03,10/08/2016,EUR,,invoice,,IE8398493D,D02266
LV16-0024,12/07/2016,Lisheen Veterinary Clinic,Fertility scanning,529.84,121.86,651.70,11/08/2016,EUR,,invoice,,IE3593885U,D02132
HF16-0001,12/07/2016,Cork Hoof Care Services,Hoof trimming / footbaths,686.46,157.89,844.35,11/08/2016,EUR,,invoice,,IE1248259R,D02241
CFP16-0033,15/07/2016,Charleville Farm Parts & Tyres Ltd,Hydraulic hoses,217.76,50.08,267.84,14/08/2016,EUR,,invoice,,IE3017449G,D02210
DHS16-0003,19/07/2016,Dairy Hygiene Supplies Ltd,"Parlour detergents, teat dip, filter socks",415.11,95.48,510.59,18/08/2016,EUR,,invoice,,IE1520123Q,D02223
LV16-0031,20/07/2016,Lisheen Veterinary Clinic,Vaccines (BVD/IBR/lepto),753.49,173.30,926.79,19/08/2016,EUR,,invoice,,IE3593885U,D02139
LAC16-0001,21/07/2016,Lyons Agri Contracting Ltd,Reseeding / ploughing,3509.00,473.72,3982.72,20/08/2016,EUR,,invoice,,IE9219903D,D02160
CFP16-0037,21/07/2016,Charleville Farm Parts & Tyres Ltd,Welding rods / steel,266.95,61.40,328.35,20/08/2016,EUR,,invoice,,IE3017449G,D02214
KA16-0002,22/07/2016,Kilcummin Agri Supplies Ltd,Protected urea bulk spread,8598.51,1160.80,9759.31,21/08/2016,EUR,,invoice,,IE2092142W,D02105
BF16-0004,26/07/2016,Ballyhoura Fuels Ltd,"Marked gas oil, bulk delivery",1579.48,213.23,1792.71,25/08/2016,EUR,,invoice,,IE4197223U,D02173
OB16-0003,27/07/2016,O'Brien Plant Hire Ltd,Slurry spreading (trailing shoe),1574.60,212.57,1787.17,26/08/2016,EUR,,invoice,,IE9729960P,D02164
LV16-0023,28/07/2016,Lisheen Veterinary Clinic,Calving assistance,351.78,80.91,432.69,27/08/2016,EUR,,invoice,,IE3593885U,D02131
CL-201607,31/07/2016,Slieve Dairy Co-Operative Society Ltd,"Co-op haulage, milk testing, levies Jul 2016",812.80,186.94,999.74,31/07/2016,EUR,deducted from MS-201607,invoice,,IE9462300P,D00258
CS16-0001,01/08/2016,Slieve Dairy Co-Op Farm Stores,Dairy ration 18% nuts - 7.2 t,2524.84,0.00,2524.84,31/08/2016,EUR,netted off milk payment,invoice,,IE8007456W,D02087
HT16-0008,01/08/2016,HerdTrack Software Ltd,Herd management subscription,88.00,20.24,108.24,31/08/2016,EUR,,invoice,,IE6323212L,D02270
AW16-0004,03/08/2016,AgriWrap Plastics Ltd,"Silage plastic, bale net, twine",683.06,157.10,840.16,02/09/2016,EUR,,invoice,,IE7984856V,D02240
ES16-0008,04/08/2016,ESB Electric Supply,Electricity Aug 2016 (farm + house meter),1224.92,165.36,1390.28,03/09/2016,EUR,,invoice,,IE4752023D,D02268
LAC16-0004,07/08/2016,Lyons Agri Contracting Ltd,Hedge cutting,2864.25,386.67,3250.92,06/09/2016,EUR,,invoice,,IE9219903D,D02166
CFP16-0030,10/08/2016,Charleville Farm Parts & Tyres Ltd,Hydraulic hoses,382.11,87.89,470.00,09/09/2016,EUR,,invoice,,IE3017449G,D02207
VF16-0008,12/08/2016,Vodafone Ireland,Mobile and broadband,160.62,36.94,197.56,11/09/2016,EUR,,invoice,,IE8398493D,D02269
CFP16-0029,13/08/2016,Charleville Farm Parts & Tyres Ltd,Welding rods / steel,494.91,113.83,608.74,12/09/2016,EUR,,invoice,,IE3017449G,D02206
GF16-0010,19/08/2016,Glenfern Feeds Ltd,Calf starter + milk replacer - 13.9 t,4840.60,0.00,4840.60,18/09/2016,EUR,,invoice,,IE8573822O,D02101
BF16-0006,21/08/2016,Ballyhoura Fuels Ltd,"Marked gas oil, bulk delivery",1876.18,253.28,2129.46,20/09/2016,EUR,,invoice,,IE4197223U,D02175
BF16-0008,23/08/2016,Ballyhoura Fuels Ltd,"Marked gas oil, bulk delivery",1671.21,225.61,1896.82,22/09/2016,EUR,,invoice,,IE4197223U,D02177
KA16-0004,25/08/2016,Kilcummin Agri Supplies Ltd,Protected urea bulk spread,6249.65,843.70,7093.35,24/09/2016,EUR,,invoice,,IE2092142W,D02107
CS16-0005,28/08/2016,Slieve Dairy Co-Op Farm Stores,Dairy ration 18% nuts - 13.5 t,4722.94,0.00,4722.94,27/09/2016,EUR,netted off milk payment,invoice,,IE8007456W,D02097
CL-201608,31/08/2016,Slieve Dairy Co-Operative Society Ltd,"Co-op haulage, milk testing, levies Aug 2016",759.88,174.77,934.65,31/08/2016,EUR,deducted from MS-201608,invoice,,IE9462300P,D00260
LV16-0033,01/09/2016,Lisheen Veterinary Clinic,Dry cow therapy / sealers,658.05,151.35,809.40,01/10/2016,EUR,,invoice,,IE3593885U,D02141
HT16-0009,01/09/2016,HerdTrack Software Ltd,Herd management subscription,88.00,20.24,108.24,01/10/2016,EUR,,invoice,,IE6323212L,D02273
LV16-0038,03/09/2016,Lisheen Veterinary Clinic,Mastitis treatments,323.75,74.46,398.21,03/10/2016,EUR,,invoice,,IE3593885U,D02146
MT16-0001,06/09/2016,Munster Tractors Ltd,Tractor 120hp with loader,96000.00,22080.00,118080.00,06/10/2016,EUR,,invoice,,IE5139076N,D05104
GF16-0004,07/09/2016,Glenfern Feeds Ltd,Dairy ration 16% bulk - 13.0 t,4520.31,0.00,4520.31,07/10/2016,EUR,,invoice,,IE8573822O,D02093
ES16-0009,09/09/2016,ESB Electric Supply,Electricity Sep 2016 (farm + house meter),1304.61,176.12,1480.73,09/10/2016,EUR,,invoice,,IE4752023D,D02271
LV16-0007,11/09/2016,Lisheen Veterinary Clinic,Dry cow therapy / sealers,355.97,81.87,437.84,11/10/2016,EUR,,invoice,,IE3593885U,D02115
LV16-0035,11/09/2016,Lisheen Veterinary Clinic,Calving assistance,427.44,98.31,525.75,11/10/2016,EUR,,invoice,,IE3593885U,D02143
VF16-0009,12/09/2016,Vodafone Ireland,Mobile and broadband,165.62,38.09,203.71,12/10/2016,EUR,,invoice,,IE8398493D,D02272
LD16-0008,12/09/2016,Kilbeg Livestock Mart Ltd,Mart commission and levies on LD-16-2795,320.66,73.75,394.41,12/09/2016,EUR,LD-16-2795,invoice,,IE6958430T,D04657
GF16-0002,16/09/2016,Glenfern Feeds Ltd,Dairy ration 16% bulk - 8.0 t,2792.16,0.00,2792.16,16/10/2016,EUR,,invoice,,IE8573822O,D02090
CFP16-0015,16/09/2016,Charleville Farm Parts & Tyres Ltd,Mower blades,441.23,101.48,542.71,16/10/2016,EUR,,invoice,,IE3017449G,D02192
LV16-0019,18/09/2016,Lisheen Veterinary Clinic,Fertility scanning,359.26,82.63,441.89,18/10/2016,EUR,,invoice,,IE3593885U,D02127
GF16-0009,19/09/2016,Glenfern Feeds Ltd,Dairy ration 18% nuts - 12.6 t,4410.33,0.00,4410.33,19/10/2016,EUR,,invoice,,IE8573822O,D02100
LV16-0012,20/09/2016,Lisheen Veterinary Clinic,Mastitis treatments,361.31,83.10,444.41,20/10/2016,EUR,,invoice,,IE3593885U,D02120
CFP16-0013,20/09/2016,Charleville Farm Parts & Tyres Ltd,Parlour liners,451.29,103.80,555.09,20/10/2016,EUR,,invoice,,IE3017449G,D02190
LV16-0025,23/09/2016,Lisheen Veterinary Clinic,Herd health visit + drugs,547.68,125.97,673.65,23/10/2016,EUR,,invoice,,IE3593885U,D02133
BF16-0003,27/09/2016,Ballyhoura Fuels Ltd,"Marked gas oil, bulk delivery",1145.43,154.63,1300.06,27/10/2016,EUR,,invoice,,IE4197223U,D02172
CFP16-0028,27/09/2016,Charleville Farm Parts & Tyres Ltd,Mower blades,552.59,127.10,679.69,27/10/2016,EUR,,invoice,,IE3017449G,D02205
LV16-0016,28/09/2016,Lisheen Veterinary Clinic,Calving assistance,712.55,163.89,876.44,28/10/2016,EUR,,invoice,,IE3593885U,D02124
CL-201609,30/09/2016,Slieve Dairy Co-Operative Society Ltd,"Co-op haulage, milk testing, levies Sep 2016",583.88,134.29,718.17,30/09/2016,EUR,deducted from MS-201609,invoice,,IE9462300P,D00262
HT16-0010,01/10/2016,HerdTrack Software Ltd,Herd management subscription,88.00,20.24,108.24,31/10/2016,EUR,,invoice,,IE6323212L,D02276
DHS16-0013,02/10/2016,Dairy Hygiene Supplies Ltd,"Parlour detergents, teat dip, filter socks",408.46,93.95,502.41,01/11/2016,EUR,,invoice,,IE1520123Q,D02233
LAC16-0003,04/10/2016,Lyons Agri Contracting Ltd,Reseeding / ploughing,1815.02,245.03,2060.05,03/11/2016,EUR,,invoice,,IE9219903D,D02163
CFP16-0009,05/10/2016,Charleville Farm Parts & Tyres Ltd,Hydraulic hoses,512.79,117.94,630.73,04/11/2016,EUR,,invoice,,IE3017449G,D02186
HF16-0006,05/10/2016,Cork Hoof Care Services,Hoof trimming / footbaths,710.78,163.48,874.26,04/11/2016,EUR,,invoice,,IE1248259R,D02246
ES16-0010,07/10/2016,ESB Electric Supply,Electricity Oct 2016 (farm + house meter),1271.19,171.61,1442.80,06/11/2016,EUR,,invoice,,IE4752023D,D02274
DHS16-0007,08/10/2016,Dairy Hygiene Supplies Ltd,"Parlour detergents, teat dip, filter socks",327.03,75.22,402.25,07/11/2016,EUR,,invoice,,IE1520123Q,D02227
VF16-0010,10/10/2016,Vodafone Ireland,Mobile and broadband,153.05,35.20,188.25,09/11/2016,EUR,,invoice,,IE8398493D,D02275
CFP16-0018,16/10/2016,Charleville Farm Parts & Tyres Ltd,Welding rods / steel,506.69,116.54,623.23,15/11/2016,EUR,,invoice,,IE3017449G,D02195
HF16-0003,16/10/2016,Cork Hoof Care Services,Hoof trimming / footbaths,858.05,197.35,1055.40,15/11/2016,EUR,,invoice,,IE1248259R,D02243
LV16-0006,17/10/2016,Lisheen Veterinary Clinic,Herd health visit + drugs,607.94,139.83,747.77,16/11/2016,EUR,,invoice,,IE3593885U,D02114
OB16-0005,20/10/2016,O'Brien Plant Hire Ltd,Hedge cutting,3026.82,408.62,3435.44,19/11/2016,EUR,,invoice,,IE9729960P,D02167
HF16-0005,21/10/2016,Cork Hoof Care Services,Hoof trimming / footbaths,435.24,100.11,535.35,20/11/2016,EUR,,invoice,,IE1248259R,D02245
DHS16-0015,23/10/2016,Dairy Hygiene Supplies Ltd,"Parlour detergents, teat dip, filter socks",407.28,93.67,500.95,22/11/2016,EUR,,invoice,,IE1520123Q,D02235
LV16-0017,25/10/2016,Lisheen Veterinary Clinic,Dry cow therapy / sealers,367.92,84.62,452.54,24/11/2016,EUR,,invoice,,IE3593885U,D02125
OB16-0004,25/10/2016,O'Brien Plant Hire Ltd,Silage harvesting (1st cut),2195.04,296.33,2491.37,24/11/2016,EUR,,invoice,,IE9729960P,D02165
CS16-0004,28/10/2016,Slieve Dairy Co-Op Farm Stores,Dairy ration 16% bulk - 6.9 t,2408.29,0.00,2408.29,27/11/2016,EUR,netted off milk payment,invoice,,IE8007456W,D02094
CL-201610,31/10/2016,Slieve Dairy Co-Operative Society Ltd,"Co-op haulage, milk testing, levies Oct 2016",416.28,95.74,512.02,31/10/2016,EUR,deducted from MS-201610,invoice,,IE9462300P,D00264
HT16-0011,02/11/2016,HerdTrack Software Ltd,Herd management subscription,88.00,20.24,108.24,02/12/2016,EUR,,invoice,,IE6323212L,D02279
CFP16-0002,03/11/2016,Charleville Farm Parts & Tyres Ltd,Gate and fencing repairs,268.70,61.80,330.50,03/12/2016,EUR,,invoice,,IE3017449G,D02179
DHS16-0011,03/11/2016,Dairy Hygiene Supplies Ltd,"Parlour detergents, teat dip, filter socks",431.63,99.27,530.90,03/12/2016,EUR,,invoice,,IE1520123Q,D02231
ES16-0011,04/11/2016,ESB Electric Supply,Electricity Nov 2016 (farm + house meter),1164.74,157.24,1321.98,04/12/2016,EUR,,invoice,,IE4752023D,D02277
HF16-0002,10/11/2016,Cork Hoof Care Services,Hoof trimming / footbaths,467.29,107.48,574.77,10/12/2016,EUR,,invoice,,IE1248259R,D02242
VF16-0011,10/11/2016,Vodafone Ireland,Mobile and broadband,168.74,38.81,207.55,10/12/2016,EUR,,invoice,,IE8398493D,D02278
LD16-0007,15/11/2016,Kilbeg Livestock Mart Ltd,Mart commission and levies on LD-16-3089,283.32,65.16,348.48,15/11/2016,EUR,LD-16-3089,invoice,,IE6958430T,D04654
LV16-0020,16/11/2016,Lisheen Veterinary Clinic,Vaccines (BVD/IBR/lepto),421.69,96.99,518.68,16/12/2016,EUR,,invoice,,IE3593885U,D02128
CFP16-0040,17/11/2016,Charleville Farm Parts & Tyres Ltd,Gate and fencing repairs,555.19,127.69,682.88,17/12/2016,EUR,,invoice,,IE3017449G,D02217
GF16-0001,18/11/2016,Glenfern Feeds Ltd,Maize meal / soya hulls blend - 8.9 t,3113.91,0.00,3113.91,18/12/2016,EUR,,invoice,,IE8573822O,D02088
LV16-0022,18/11/2016,Lisheen Veterinary Clinic,Calving assistance,584.22,134.37,718.59,18/12/2016,EUR,,invoice,,IE3593885U,D02130
DHS16-0002,20/11/2016,Dairy Hygiene Supplies Ltd,"Parlour detergents, teat dip, filter socks",285.72,65.72,351.44,20/12/2016,EUR,,invoice,,IE1520123Q,D02222
HF16-0004,20/11/2016,Cork Hoof Care Services,Hoof trimming / footbaths,809.41,186.16,995.57,20/12/2016,EUR,,invoice,,IE1248259R,D02244
DOC16-0001,20/11/2016,"T. Buckley (landlord, conacre)",Conacre rent 2016: 55 acres @ 300/acre,16500.00,0.00,16500.00,20/12/2016,EUR,,rent_receipt,,,D02287
CFP16-0012,25/11/2016,Charleville Farm Parts & Tyres Ltd,Tractor service parts,334.95,77.04,411.99,25/12/2016,EUR,,invoice,,IE3017449G,D02189
LV16-0018,27/11/2016,Lisheen Veterinary Clinic,Dry cow therapy / sealers,731.16,168.17,899.33,27/12/2016,EUR,,invoice,,IE3593885U,D02126
CL-201611,30/11/2016,Slieve Dairy Co-Operative Society Ltd,"Co-op haulage, milk testing, levies Nov 2016",235.80,54.23,290.03,30/11/2016,EUR,deducted from MS-201611,invoice,,IE9462300P,D00266
HT16-0012,01/12/2016,HerdTrack Software Ltd,Herd management subscription,88.00,20.24,108.24,31/12/2016,EUR,,invoice,,IE6323212L,D02282
GF16-0003,02/12/2016,Glenfern Feeds Ltd,Maize meal / soya hulls blend - 14.7 t,5130.76,0.00,5130.76,01/01/2017,EUR,,invoice,,IE8573822O,D02092
SG16-0001,06/12/2016,Southern Genetics Co-Op,Semen straws + AI technician service,689.41,158.56,847.97,05/01/2017,EUR,,invoice,,IE2815241Q,D02149
DHS16-0008,06/12/2016,Dairy Hygiene Supplies Ltd,"Parlour detergents, teat dip, filter socks",486.45,111.88,598.33,05/01/2017,EUR,,invoice,,IE1520123Q,D02228
ES16-0012,08/12/2016,ESB Electric Supply,Electricity Dec 2016 (farm + house meter),1293.58,174.63,1468.21,07/01/2017,EUR,,invoice,,IE4752023D,D02280
CFP16-0005,11/12/2016,Charleville Farm Parts & Tyres Ltd,Tractor service parts,416.95,95.90,512.85,10/01/2017,EUR,,invoice,,IE3017449G,D02182
VF16-0012,11/12/2016,Vodafone Ireland,Mobile and broadband,167.57,38.54,206.11,10/01/2017,EUR,,invoice,,IE8398493D,D02281
LV16-0027,13/12/2016,Lisheen Veterinary Clinic,Dry cow therapy / sealers,559.13,128.60,687.73,12/01/2017,EUR,,invoice,,IE3593885U,D02135
LV16-0037,19/12/2016,Lisheen Veterinary Clinic,Calving assistance,294.44,67.72,362.16,18/01/2017,EUR,,invoice,,IE3593885U,D02145
DHS16-0012,22/12/2016,Dairy Hygiene Supplies Ltd,"Parlour detergents, teat dip, filter socks",338.19,77.78,415.97,21/01/2017,EUR,,invoice,,IE1520123Q,D02232
LV16-0004,24/12/2016,Lisheen Veterinary Clinic,Dry cow therapy / sealers,702.18,161.50,863.68,23/01/2017,EUR,,invoice,,IE3593885U,D02112
CFP16-0011,24/12/2016,Charleville Farm Parts & Tyres Ltd,Tyres and tubes,220.12,50.63,270.75,23/01/2017,EUR,,invoice,,IE3017449G,D02188
CL-201612,31/12/2016,Slieve Dairy Co-Operative Society Ltd,"Co-op haulage, milk testing, levies Dec 2016",116.36,26.76,143.12,31/12/2016,EUR,deducted from MS-201612,invoice,,IE9462300P,D00268
HT17-0001,01/01/2017,HerdTrack Software Ltd,Herd management subscription,88.00,20.24,108.24,31/01/2017,EUR,,invoice,,IE6323212L,D02465
DHS17-0010,06/01/2017,Dairy Hygiene Supplies Ltd,"Parlour detergents, teat dip, filter socks",507.89,116.81,624.70,05/02/2017,EUR,,invoice,,IE1520123Q,D02443
ES17-0001,06/01/2017,ESB Electric Supply,Electricity Jan 2017 (farm + house meter),1426.19,192.54,1618.73,05/02/2017,EUR,,invoice,,IE4752023D,D02463
HF17-0004,07/01/2017,Cork Hoof Care Services,Hoof trimming / footbaths,677.78,155.89,833.67,06/02/2017,EUR,,invoice,,IE1248259R,D02459
DHS17-0018,10/01/2017,Dairy Hygiene Supplies Ltd,"Parlour detergents, teat dip, filter socks",561.59,129.17,690.76,09/02/2017,EUR,,invoice,,IE1520123Q,D02451
LV17-0034,11/01/2017,Lisheen Veterinary Clinic,Calving assistance,636.15,146.31,782.46,10/02/2017,EUR,,invoice,,IE3593885U,D02345
VF17-0001,11/01/2017,Vodafone Ireland,Mobile and broadband,162.35,37.34,199.69,10/02/2017,EUR,,invoice,,IE8398493D,D02464
HF17-0003,13/01/2017,Cork Hoof Care Services,Hoof trimming / footbaths,607.62,139.75,747.37,12/02/2017,EUR,,invoice,,IE1248259R,D02458
CS17-0001,15/01/2017,Slieve Dairy Co-Op Farm Stores,Mineral supplement - 6.0 t,2180.54,0.00,2180.54,14/02/2017,EUR,netted off milk payment,invoice,,IE8007456W,D02288
CS17-0003,16/01/2017,Slieve Dairy Co-Op Farm Stores,Dairy ration 18% nuts - 11.5 t,4172.78,0.00,4172.78,15/02/2017,EUR,netted off milk payment,invoice,,IE8007456W,D02294
LV17-0014,20/01/2017,Lisheen Veterinary Clinic,Vaccines (BVD/IBR/lepto),722.90,166.27,889.17,19/02/2017,EUR,,invoice,,IE3593885U,D02325
LV17-0022,24/01/2017,Lisheen Veterinary Clinic,Dry cow therapy / sealers,464.83,106.91,571.74,23/02/2017,EUR,,invoice,,IE3593885U,D02333
CFP17-0025,26/01/2017,Charleville Farm Parts & Tyres Ltd,Parlour liners,333.71,76.75,410.46,25/02/2017,EUR,,invoice,,IE3017449G,D02412
CFP17-0033,27/01/2017,Charleville Farm Parts & Tyres Ltd,Hydraulic hoses,277.31,63.78,341.09,26/02/2017,EUR,,invoice,,IE3017449G,D02420
LD-17-6587,30/01/2017,Kilbeg Livestock Mart Ltd,Mart docket: 20 in-calf cows/heifers purchased,33000.00,1584.00,34584.00,30/01/2017,EUR,,sales_docket,,IE6958430T,D04684
LD17-0011,30/01/2017,Kilbeg Livestock Mart Ltd,Mart commission on LD-17-6587,660.00,151.80,811.80,30/01/2017,EUR,LD-17-6587,invoice,,IE6958430T,D04685
CL-201701,31/01/2017,Slieve Dairy Co-Operative Society Ltd,"Co-op haulage, milk testing, levies Jan 2017",180.49,41.51,222.00,31/01/2017,EUR,deducted from MS-201701,invoice,,IE9462300P,D00270
CFP17-0031,01/02/2017,Charleville Farm Parts & Tyres Ltd,Mower blades,554.42,127.52,681.94,03/03/2017,EUR,,invoice,,IE3017449G,D02418
GF17-0005,02/02/2017,Glenfern Feeds Ltd,Maize meal / soya hulls blend - 5.4 t,1955.55,0.00,1955.55,04/03/2017,EUR,,invoice,,IE8573822O,D02297
HT17-0002,02/02/2017,HerdTrack Software Ltd,Herd management subscription,88.00,20.24,108.24,04/03/2017,EUR,,invoice,,IE6323212L,D02468
ES17-0002,03/02/2017,ESB Electric Supply,Electricity Feb 2017 (farm + house meter),1427.00,192.64,1619.64,05/03/2017,EUR,,invoice,,IE4752023D,D02466
GF17-0012,05/02/2017,Glenfern Feeds Ltd,Mineral supplement - 14.0 t,5070.39,0.00,5070.39,07/03/2017,EUR,,invoice,,IE8573822O,D02305
CS17-0006,06/02/2017,Slieve Dairy Co-Op Farm Stores,Dairy ration 18% nuts - 13.3 t,4832.83,0.00,4832.83,08/03/2017,EUR,netted off milk payment,invoice,,IE8007456W,D02298
VF17-0002,12/02/2017,Vodafone Ireland,Mobile and broadband,164.31,37.79,202.10,14/03/2017,EUR,,invoice,,IE8398493D,D02467
MFI17-0001,15/02/2017,Munster Farm Insurance Ltd,"Farm policy renewal (buildings, liability, machinery, employer liability)",10387.20,0.00,10387.20,17/03/2017,EUR,,invoice,,,D02499
BF17-0008,17/02/2017,Ballyhoura Fuels Ltd,"Marked gas oil, bulk delivery",1958.16,264.35,2222.51,19/03/2017,EUR,,invoice,,IE4197223U,D02385
LV17-0024,18/02/2017,Lisheen Veterinary Clinic,Herd health visit + drugs,421.19,96.87,518.06,20/03/2017,EUR,,invoice,,IE3593885U,D02335
CFP17-0039,18/02/2017,Charleville Farm Parts & Tyres Ltd,Hydraulic hoses,214.33,49.30,263.63,20/03/2017,EUR,,invoice,,IE3017449G,D02426
LV17-0009,21/02/2017,Lisheen Veterinary Clinic,Fertility scanning,352.36,81.04,433.40,23/03/2017,EUR,,invoice,,IE3593885U,D02320
CFP17-0006,21/02/2017,Charleville Farm Parts & Tyres Ltd,Tyres and tubes,430.82,99.09,529.91,23/03/2017,EUR,,invoice,,IE3017449G,D02393
CFP17-0012,23/02/2017,Charleville Farm Parts & Tyres Ltd,Gate and fencing repairs,360.29,82.87,443.16,25/03/2017,EUR,,invoice,,IE3017449G,D02399
DHS17-0005,24/02/2017,Dairy Hygiene Supplies Ltd,"Parlour detergents, teat dip, filter socks",386.02,88.78,474.80,26/03/2017,EUR,,invoice,,IE1520123Q,D02438
GF17-0011,26/02/2017,Glenfern Feeds Ltd,Dairy ration 18% nuts - 13.9 t,5032.95,0.00,5032.95,28/03/2017,EUR,,invoice,,IE8573822O,D02304
CS17-0008,26/02/2017,Slieve Dairy Co-Op Farm Stores,Pasture sward 24-2.5-10 bulk spread,9410.91,1270.47,10681.38,28/03/2017,EUR,netted off milk payment,invoice,,IE8007456W,D02310
CL-201702,28/02/2017,Slieve Dairy Co-Operative Society Ltd,"Co-op haulage, milk testing, levies Feb 2017",407.55,93.74,501.29,28/02/2017,EUR,deducted from MS-201702,invoice,,IE9462300P,D00272
LAC17-0009,28/02/2017,Lyons Agri Contracting Ltd,Hedge cutting,2871.63,387.67,3259.30,30/03/2017,EUR,,invoice,,IE9219903D,D02376
SG17-0009,01/03/2017,Southern Genetics Co-Op,Semen straws + AI technician service,860.52,197.92,1058.44,31/03/2017,EUR,,invoice,,IE2815241Q,D02363
HT17-0003,01/03/2017,HerdTrack Software Ltd,Herd management subscription,88.00,20.24,108.24,31/03/2017,EUR,,invoice,,IE6323212L,D02471
LV17-0039,02/03/2017,Lisheen Veterinary Clinic,Herd health visit + drugs,659.62,151.71,811.33,01/04/2017,EUR,,invoice,,IE3593885U,D02350
ES17-0003,03/03/2017,ESB Electric Supply,Electricity Mar 2017 (farm + house meter),1385.71,187.07,1572.78,02/04/2017,EUR,,invoice,,IE4752023D,D02469
DHS17-0003,05/03/2017,Dairy Hygiene Supplies Ltd,"Parlour detergents, teat dip, filter socks",479.31,110.24,589.55,04/04/2017,EUR,,invoice,,IE1520123Q,D02436
HC17-0001,07/03/2017,Hegarty & Co Farm Accountants,"Accounts, tax returns and payroll year 2016",3036.00,698.28,3734.28,06/04/2017,EUR,,invoice,,IE6025428V,D02500
LV17-0026,10/03/2017,Lisheen Veterinary Clinic,Calving assistance,368.13,84.67,452.80,09/04/2017,EUR,,invoice,,IE3593885U,D02337
CS17-0002,11/03/2017,Slieve Dairy Co-Op Farm Stores,Maize meal / soya hulls blend - 14.2 t,5144.70,0.00,5144.70,10/04/2017,EUR,netted off milk payment,invoice,,IE8007456W,D02290
LV17-0033,11/03/2017,Lisheen Veterinary Clinic,Calving assistance,722.08,166.08,888.16,10/04/2017,EUR,,invoice,,IE3593885U,D02344
VF17-0003,11/03/2017,Vodafone Ireland,Mobile and broadband,162.82,37.45,200.27,10/04/2017,EUR,,invoice,,IE8398493D,D02470
SG17-0002,13/03/2017,Southern Genetics Co-Op,Semen straws + AI technician service,394.03,90.63,484.66,12/04/2017,EUR,,invoice,,IE2815241Q,D02356
CFP17-0020,14/03/2017,Charleville Farm Parts & Tyres Ltd,Welding rods / steel,491.60,113.07,604.67,13/04/2017,EUR,,invoice,,IE3017449G,D02407
LD17-0001,14/03/2017,Kilbeg Livestock Mart Ltd,Mart commission and levies on LD-17-1794,129.99,29.90,159.89,14/03/2017,EUR,LD-17-1794,invoice,,IE6958430T,D04664
DHS17-0015,19/03/2017,Dairy Hygiene Supplies Ltd,"Parlour detergents, teat dip, filter socks",493.25,113.45,606.70,18/04/2017,EUR,,invoice,,IE1520123Q,D02448
LD17-0002,20/03/2017,Kilbeg Livestock Mart Ltd,Mart commission and levies on LD-17-3292,132.97,30.58,163.55,20/03/2017,EUR,LD-17-3292,invoice,,IE6958430T,D04666
DHS17-0007,21/03/2017,Dairy Hygiene Supplies Ltd,"Parlour detergents, teat dip, filter socks",635.59,146.19,781.78,20/04/2017,EUR,,invoice,,IE1520123Q,D02440
LAC17-0002,24/03/2017,Lyons Agri Contracting Ltd,Reseeding / ploughing,3526.49,476.08,4002.57,23/04/2017,EUR,,invoice,,IE9219903D,D02367
LV17-0038,28/03/2017,Lisheen Veterinary Clinic,Herd health visit + drugs,595.80,137.03,732.83,27/04/2017,EUR,,invoice,,IE3593885U,D02349
LD17-0003,30/03/2017,Kilbeg Livestock Mart Ltd,Mart commission and levies on LD-17-5760,131.05,30.14,161.19,30/03/2017,EUR,LD-17-5760,invoice,,IE6958430T,D04668
CL-201703,31/03/2017,Slieve Dairy Co-Operative Society Ltd,"Co-op haulage, milk testing, levies Mar 2017",742.19,170.70,912.89,31/03/2017,EUR,deducted from MS-201703,invoice,,IE9462300P,D00274
HT17-0004,02/04/2017,HerdTrack Software Ltd,Herd management subscription,88.00,20.24,108.24,02/05/2017,EUR,,invoice,,IE6323212L,D02474
LV17-0011,06/04/2017,Lisheen Veterinary Clinic,Dry cow therapy / sealers,642.55,147.79,790.34,06/05/2017,EUR,,invoice,,IE3593885U,D02322
ES17-0004,06/04/2017,ESB Electric Supply,Electricity Apr 2017 (farm + house meter),1137.98,153.63,1291.61,06/05/2017,EUR,,invoice,,IE4752023D,D02472
CFP17-0027,10/04/2017,Charleville Farm Parts & Tyres Ltd,Mower blades,420.46,96.71,517.17,10/05/2017,EUR,,invoice,,IE3017449G,D02414
LD17-0004,10/04/2017,Kilbeg Livestock Mart Ltd,Mart commission and levies on LD-17-9587,131.02,30.13,161.15,10/04/2017,EUR,LD-17-9587,invoice,,IE6958430T,D04670
VF17-0004,12/04/2017,Vodafone Ireland,Mobile and broadband,153.74,35.36,189.10,12/05/2017,EUR,,invoice,,IE8398493D,D02473
LV17-0043,16/04/2017,Lisheen Veterinary Clinic,Herd health visit + drugs,511.95,117.75,629.70,16/05/2017,EUR,,invoice,,IE3593885U,D02354
SG17-0005,16/04/2017,Southern Genetics Co-Op,Semen straws + AI technician service,890.30,204.77,1095.07,16/05/2017,EUR,,invoice,,IE2815241Q,D02359
LV17-0001,18/04/2017,Lisheen Veterinary Clinic,Dry cow therapy / sealers,768.83,176.83,945.66,18/05/2017,EUR,,invoice,,IE3593885U,D02312
LV17-0018,18/04/2017,Lisheen Veterinary Clinic,Vaccines (BVD/IBR/lepto),461.18,106.07,567.25,18/05/2017,EUR,,invoice,,IE3593885U,D02329
CFP17-0032,18/04/2017,Charleville Farm Parts & Tyres Ltd,Gate and fencing repairs,334.84,77.01,411.85,18/05/2017,EUR,,invoice,,IE3017449G,D02419
CS17-0007,20/04/2017,Slieve Dairy Co-Op Farm Stores,Protected urea bulk spread,7851.73,1059.98,8911.71,20/05/2017,EUR,netted off milk payment,invoice,,IE8007456W,D02306
LV17-0021,20/04/2017,Lisheen Veterinary Clinic,Dry cow therapy / sealers,480.98,110.63,591.61,20/05/2017,EUR,,invoice,,IE3593885U,D02332
LV17-0041,20/04/2017,Lisheen Veterinary Clinic,Dry cow therapy / sealers,370.73,85.27,456.00,20/05/2017,EUR,,invoice,,IE3593885U,D02352
CFP17-0029,20/04/2017,Charleville Farm Parts & Tyres Ltd,Hydraulic hoses,263.62,60.63,324.25,20/05/2017,EUR,,invoice,,IE3017449G,D02416
CFP17-0042,20/04/2017,Charleville Farm Parts & Tyres Ltd,Tractor service parts,276.02,63.48,339.50,20/05/2017,EUR,,invoice,,IE3017449G,D02429
LD17-0005,21/04/2017,Kilbeg Livestock Mart Ltd,Mart commission and levies on LD-17-2206,128.02,29.44,157.46,21/04/2017,EUR,LD-17-2206,invoice,,IE6958430T,D04672
CFP17-0043,23/04/2017,Charleville Farm Parts & Tyres Ltd,Tractor service parts,235.20,54.10,289.30,23/05/2017,EUR,,invoice,,IE3017449G,D02430
LV17-0037,24/04/2017,Lisheen Veterinary Clinic,Mastitis treatments,660.44,151.90,812.34,24/05/2017,EUR,,invoice,,IE3593885U,D02348
SG17-0003,24/04/2017,Southern Genetics Co-Op,Semen straws + AI technician service,677.39,155.80,833.19,24/05/2017,EUR,,invoice,,IE2815241Q,D02357
LV17-0017,25/04/2017,Lisheen Veterinary Clinic,Fertility scanning,652.90,150.17,803.07,25/05/2017,EUR,,invoice,,IE3593885U,D02328
CFP17-0008,25/04/2017,Charleville Farm Parts & Tyres Ltd,Parlour liners,424.73,97.69,522.42,25/05/2017,EUR,,invoice,,IE3017449G,D02395
LV17-0032,26/04/2017,Lisheen Veterinary Clinic,Vaccines (BVD/IBR/lepto),646.73,148.75,795.48,26/05/2017,EUR,,invoice,,IE3593885U,D02343
DHS17-0002,28/04/2017,Dairy Hygiene Supplies Ltd,"Parlour detergents, teat dip, filter socks",629.95,144.89,774.84,28/05/2017,EUR,,invoice,,IE1520123Q,D02435
CL-201704,30/04/2017,Slieve Dairy Co-Operative Society Ltd,"Co-op haulage, milk testing, levies Apr 2017",1002.01,230.46,1232.47,30/04/2017,EUR,deducted from MS-201704,invoice,,IE9462300P,D00276
LD17-0006,01/05/2017,Kilbeg Livestock Mart Ltd,Mart commission and levies on LD-17-8789,124.77,28.70,153.47,01/05/2017,EUR,LD-17-8789,invoice,,IE6958430T,D04674
DHS17-0008,02/05/2017,Dairy Hygiene Supplies Ltd,"Parlour detergents, teat dip, filter socks",582.99,134.09,717.08,01/06/2017,EUR,,invoice,,IE1520123Q,D02441
HT17-0005,02/05/2017,HerdTrack Software Ltd,Herd management subscription,88.00,20.24,108.24,01/06/2017,EUR,,invoice,,IE6323212L,D02477
LV17-0008,03/05/2017,Lisheen Veterinary Clinic,Herd health visit + drugs,315.17,72.49,387.66,02/06/2017,EUR,,invoice,,IE3593885U,D02319
BF17-0001,05/05/2017,Ballyhoura Fuels Ltd,"Marked gas oil, bulk delivery",831.14,112.20,943.34,04/06/2017,EUR,,invoice,,IE4197223U,D02378
WS17-0001,05/05/2017,County Council Water Services,"Water charges (metered, farm)",682.00,0.00,682.00,04/06/2017,EUR,,invoice,,IE7854060O,D02502
ES17-0005,06/05/2017,ESB Electric Supply,Electricity May 2017 (farm + house meter),1378.23,186.06,1564.29,05/06/2017,EUR,,invoice,,IE4752023D,D02475
DHS17-0011,07/05/2017,Dairy Hygiene Supplies Ltd,"Parlour detergents, teat dip, filter socks",595.33,136.93,732.26,06/06/2017,EUR,,invoice,,IE1520123Q,D02444
AW17-0003,10/05/2017,AgriWrap Plastics Ltd,"Silage plastic, bale net, twine",983.34,226.17,1209.51,09/06/2017,EUR,,invoice,,IE7984856V,D02454
VF17-0005,10/05/2017,Vodafone Ireland,Mobile and broadband,149.82,34.46,184.28,09/06/2017,EUR,,invoice,,IE8398493D,D02476
LV17-0036,11/05/2017,Lisheen Veterinary Clinic,Herd health visit + drugs,630.21,144.95,775.16,10/06/2017,EUR,,invoice,,IE3593885U,D02347
SG17-0011,11/05/2017,Southern Genetics Co-Op,Semen straws + AI technician service,651.30,149.80,801.10,10/06/2017,EUR,,invoice,,IE2815241Q,D02365
LD17-0007,12/05/2017,Kilbeg Livestock Mart Ltd,Mart commission and levies on LD-17-8636,129.16,29.71,158.87,12/05/2017,EUR,LD-17-8636,invoice,,IE6958430T,D04676
LAC17-0001,17/05/2017,Lyons Agri Contracting Ltd,Baling + wrapping,2436.02,328.86,2764.88,16/06/2017,EUR,,invoice,,IE9219903D,D02366
SG17-0006,18/05/2017,Southern Genetics Co-Op,Semen straws + AI technician service,914.27,210.28,1124.55,17/06/2017,EUR,,invoice,,IE2815241Q,D02360
DT17-0001,18/05/2017,DairyTech Milking Systems Ltd,"Heat detection collars, 300 units + base station",22000.00,5060.00,27060.00,17/06/2017,EUR,,invoice,,IE7122550D,D05106
CS17-0004,19/05/2017,Slieve Dairy Co-Op Farm Stores,Calf starter + milk replacer - 10.4 t,3788.05,0.00,3788.05,18/06/2017,EUR,netted off milk payment,invoice,,IE8007456W,D02295
CS17-0009,19/05/2017,Slieve Dairy Co-Op Farm Stores,CAN 27% bulk spread,5890.35,795.20,6685.55,18/06/2017,EUR,netted off milk payment,invoice,,IE8007456W,D02311
LD17-0008,22/05/2017,Kilbeg Livestock Mart Ltd,Mart commission and levies on LD-17-2106,125.21,28.80,154.01,22/05/2017,EUR,LD-17-2106,invoice,,IE6958430T,D04678
LAC17-0003,23/05/2017,Lyons Agri Contracting Ltd,Hedge cutting,3181.57,429.51,3611.08,22/06/2017,EUR,,invoice,,IE9219903D,D02369
LV17-0025,24/05/2017,Lisheen Veterinary Clinic,Fertility scanning,374.62,86.16,460.78,23/06/2017,EUR,,invoice,,IE3593885U,D02336
LAC17-0005,25/05/2017,Lyons Agri Contracting Ltd,Baling + wrapping,2206.51,297.88,2504.39,24/06/2017,EUR,,invoice,,IE9219903D,D02372
YD17-0001,27/05/2017,Yorkshire Dairy Spares Ltd,Spare parts for milking equipment (shipped from UK),215.65,0.00,215.65,26/06/2017,GBP,,invoice,,IE4330472S,D05153
CL-201705,31/05/2017,Slieve Dairy Co-Operative Society Ltd,"Co-op haulage, milk testing, levies May 2017",1088.72,250.41,1339.13,31/05/2017,EUR,deducted from MS-201705,invoice,,IE9462300P,D00278
HT17-0006,01/06/2017,HerdTrack Software Ltd,Herd management subscription,88.00,20.24,108.24,01/07/2017,EUR,,invoice,,IE6323212L,D02480
LV17-0007,05/06/2017,Lisheen Veterinary Clinic,Dry cow therapy / sealers,456.69,105.04,561.73,05/07/2017,EUR,,invoice,,IE3593885U,D02318
DHS17-0009,05/06/2017,Dairy Hygiene Supplies Ltd,"Parlour detergents, teat dip, filter socks",626.37,144.07,770.44,05/07/2017,EUR,,invoice,,IE1520123Q,D02442
SG17-0007,07/06/2017,Southern Genetics Co-Op,Semen straws + AI technician service,923.71,212.45,1136.16,07/07/2017,EUR,,invoice,,IE2815241Q,D02361
ES17-0006,08/06/2017,ESB Electric Supply,Electricity Jun 2017 (farm + house meter),1209.24,163.25,1372.49,08/07/2017,EUR,,invoice,,IE4752023D,D02478
SG17-0008,09/06/2017,Southern Genetics Co-Op,Semen straws + AI technician service,778.55,179.07,957.62,09/07/2017,EUR,,invoice,,IE2815241Q,D02362
CFP17-0021,10/06/2017,Charleville Farm Parts & Tyres Ltd,Tyres and tubes,425.26,97.81,523.07,10/07/2017,EUR,,invoice,,IE3017449G,D02408
CFP17-0045,11/06/2017,Charleville Farm Parts & Tyres Ltd,Tractor service parts,358.41,82.43,440.84,11/07/2017,EUR,,invoice,,IE3017449G,D02432
VF17-0006,11/06/2017,Vodafone Ireland,Mobile and broadband,155.77,35.83,191.60,11/07/2017,EUR,,invoice,,IE8398493D,D02479
OB17-0002,12/06/2017,O'Brien Plant Hire Ltd,Reseeding / ploughing,2830.24,382.08,3212.32,12/07/2017,EUR,,invoice,,IE9729960P,D02371
LAC17-0006,13/06/2017,Lyons Agri Contracting Ltd,Slurry spreading (trailing shoe),2138.12,288.65,2426.77,13/07/2017,EUR,,invoice,,IE9219903D,D02373
BF17-0007,14/06/2017,Ballyhoura Fuels Ltd,"Marked gas oil, bulk delivery",1313.85,177.37,1491.22,14/07/2017,EUR,,invoice,,IE4197223U,D02384
DHS17-0016,14/06/2017,Dairy Hygiene Supplies Ltd,"Parlour detergents, teat dip, filter socks",278.47,64.05,342.52,14/07/2017,EUR,,invoice,,IE1520123Q,D02449
CFP17-0004,16/06/2017,Charleville Farm Parts & Tyres Ltd,Gate and fencing repairs,344.48,79.23,423.71,16/07/2017,EUR,,invoice,,IE3017449G,D02391
LV17-0016,17/06/2017,Lisheen Veterinary Clinic,Mastitis treatments,639.19,147.01,786.20,17/07/2017,EUR,,invoice,,IE3593885U,D02327
DHS17-0004,17/06/2017,Dairy Hygiene Supplies Ltd,"Parlour detergents, teat dip, filter socks",511.26,117.59,628.85,17/07/2017,EUR,,invoice,,IE1520123Q,D02437
KA17-0003,20/06/2017,Kilcummin Agri Supplies Ltd,18-6-12 compound bulk spread,6688.57,902.96,7591.53,20/07/2017,EUR,,invoice,,IE2092142W,D02309
TG17-0001,20/06/2017,Teagasc,Advisory service annual fee,990.00,227.70,1217.70,20/07/2017,EUR,,invoice,,IE7259700V,D02501
SG17-0004,23/06/2017,Southern Genetics Co-Op,Semen straws + AI technician service,540.92,124.41,665.33,23/07/2017,EUR,,invoice,,IE2815241Q,D02358
LV17-0035,24/06/2017,Lisheen Veterinary Clinic,Vaccines (BVD/IBR/lepto),303.38,69.78,373.16,24/07/2017,EUR,,invoice,,IE3593885U,D02346
LV17-0042,24/06/2017,Lisheen Veterinary Clinic,Dry cow therapy / sealers,354.85,81.62,436.47,24/07/2017,EUR,,invoice,,IE3593885U,D02353
AW17-0001,26/06/2017,AgriWrap Plastics Ltd,"Silage plastic, bale net, twine",591.30,136.00,727.30,26/07/2017,EUR,,invoice,,IE7984856V,D02452
BF17-0005,27/06/2017,Ballyhoura Fuels Ltd,"Marked gas oil, bulk delivery",1480.39,199.85,1680.24,27/07/2017,EUR,,invoice,,IE4197223U,D02382
CFP17-0044,27/06/2017,Charleville Farm Parts & Tyres Ltd,Tyres and tubes,455.73,104.82,560.55,27/07/2017,EUR,,invoice,,IE3017449G,D02431
AW17-0004,27/06/2017,AgriWrap Plastics Ltd,"Silage plastic, bale net, twine",721.33,165.91,887.24,27/07/2017,EUR,,invoice,,IE7984856V,D02455
CL-201706,30/06/2017,Slieve Dairy Co-Operative Society Ltd,"Co-op haulage, milk testing, levies Jun 2017",1017.38,234.00,1251.38,30/06/2017,EUR,deducted from MS-201706,invoice,,IE9462300P,D00280
LV17-0012,03/07/2017,Lisheen Veterinary Clinic,Mastitis treatments,487.58,112.14,599.72,02/08/2017,EUR,,invoice,,IE3593885U,D02323
HT17-0007,03/07/2017,HerdTrack Software Ltd,Herd management subscription,88.00,20.24,108.24,02/08/2017,EUR,,invoice,,IE6323212L,D02483
HF17-0002,06/07/2017,Cork Hoof Care Services,Hoof trimming / footbaths,717.76,165.08,882.84,05/08/2017,EUR,,invoice,,IE1248259R,D02457
ES17-0007,09/07/2017,ESB Electric Supply,Electricity Jul 2017 (farm + house meter),1203.61,162.49,1366.10,08/08/2017,EUR,,invoice,,IE4752023D,D02481
KA17-0001,10/07/2017,Kilcummin Agri Supplies Ltd,Protected urea bulk spread,4541.18,613.06,5154.24,09/08/2017,EUR,,invoice,,IE2092142W,D02307
LAC17-0007,10/07/2017,Lyons Agri Contracting Ltd,Baling + wrapping,2733.98,369.09,3103.07,09/08/2017,EUR,,invoice,,IE9219903D,D02374
VF17-0007,11/07/2017,Vodafone Ireland,Mobile and broadband,147.75,33.98,181.73,10/08/2017,EUR,,invoice,,IE8398493D,D02482
LV17-0040,15/07/2017,Lisheen Veterinary Clinic,Herd health visit + drugs,381.96,87.85,469.81,14/08/2017,EUR,,invoice,,IE3593885U,D02351
AW17-0002,21/07/2017,AgriWrap Plastics Ltd,"Silage plastic, bale net, twine",1231.92,283.34,1515.26,20/08/2017,EUR,,invoice,,IE7984856V,D02453
HF17-0001,21/07/2017,Cork Hoof Care Services,Hoof trimming / footbaths,808.53,185.96,994.49,20/08/2017,EUR,,invoice,,IE1248259R,D02456
MR17-0002,26/07/2017,Munster Rendering Ltd,Fallen animal collection,104.50,24.04,128.54,25/08/2017,EUR,,invoice,,IE4033776E,D04661
OB17-0001,28/07/2017,O'Brien Plant Hire Ltd,Hedge cutting,3555.28,479.96,4035.24,27/08/2017,EUR,,invoice,,IE9729960P,D02368
CL-201707,31/07/2017,Slieve Dairy Co-Operative Society Ltd,"Co-op haulage, milk testing, levies Jul 2017",918.86,211.34,1130.20,31/07/2017,EUR,deducted from MS-201707,invoice,,IE9462300P,D00282
HT17-0008,01/08/2017,HerdTrack Software Ltd,Herd management subscription,88.00,20.24,108.24,31/08/2017,EUR,,invoice,,IE6323212L,D02486
CFP17-0030,03/08/2017,Charleville Farm Parts & Tyres Ltd,Mower blades,500.35,115.08,615.43,02/09/2017,EUR,,invoice,,IE3017449G,D02417
CFP17-0038,04/08/2017,Charleville Farm Parts & Tyres Ltd,Gate and fencing repairs,304.05,69.93,373.98,03/09/2017,EUR,,invoice,,IE3017449G,D02425
LV17-0010,06/08/2017,Lisheen Veterinary Clinic,Vaccines (BVD/IBR/lepto),363.71,83.65,447.36,05/09/2017,EUR,,invoice,,IE3593885U,D02321
LV17-0019,07/08/2017,Lisheen Veterinary Clinic,Calving assistance,566.73,130.35,697.08,06/09/2017,EUR,,invoice,,IE3593885U,D02330
ES17-0008,08/08/2017,ESB Electric Supply,Electricity Aug 2017 (farm + house meter),1245.93,168.20,1414.13,07/09/2017,EUR,,invoice,,IE4752023D,D02484
LV17-0015,09/08/2017,Lisheen Veterinary Clinic,Mastitis treatments,543.90,125.10,669.00,08/09/2017,EUR,,invoice,,IE3593885U,D02326
CFP17-0002,09/08/2017,Charleville Farm Parts & Tyres Ltd,Gate and fencing repairs,457.83,105.30,563.13,08/09/2017,EUR,,invoice,,IE3017449G,D02389
GF17-0006,10/08/2017,Glenfern Feeds Ltd,Dairy ration 16% bulk - 6.5 t,2351.86,0.00,2351.86,09/09/2017,EUR,,invoice,,IE8573822O,D02299
LAC17-0008,11/08/2017,Lyons Agri Contracting Ltd,Hedge cutting,1406.98,189.94,1596.92,10/09/2017,EUR,,invoice,,IE9219903D,D02375
VF17-0008,11/08/2017,Vodafone Ireland,Mobile and broadband,161.10,37.05,198.15,10/09/2017,EUR,,invoice,,IE8398493D,D02485
BF17-0004,15/08/2017,Ballyhoura Fuels Ltd,"Marked gas oil, bulk delivery",1379.87,186.28,1566.15,14/09/2017,EUR,,invoice,,IE4197223U,D02381
CFP17-0019,15/08/2017,Charleville Farm Parts & Tyres Ltd,Hydraulic hoses,340.62,78.34,418.96,14/09/2017,EUR,,invoice,,IE3017449G,D02406
CFP17-0024,15/08/2017,Charleville Farm Parts & Tyres Ltd,Mower blades,367.74,84.58,452.32,14/09/2017,EUR,,invoice,,IE3017449G,D02411
DHS17-0014,15/08/2017,Dairy Hygiene Supplies Ltd,"Parlour detergents, teat dip, filter socks",480.22,110.45,590.67,14/09/2017,EUR,,invoice,,IE1520123Q,D02447
MR17-0001,17/08/2017,Munster Rendering Ltd,Fallen animal collection,154.00,35.42,189.42,16/09/2017,EUR,,invoice,,IE4033776E,D04660
CFP17-0035,19/08/2017,Charleville Farm Parts & Tyres Ltd,Mower blades,456.59,105.02,561.61,18/09/2017,EUR,,invoice,,IE3017449G,D02422
SG17-0001,20/08/2017,Southern Genetics Co-Op,Semen straws + AI technician service,503.96,115.91,619.87,19/09/2017,EUR,,invoice,,IE2815241Q,D02355
BF17-0002,22/08/2017,Ballyhoura Fuels Ltd,"Marked gas oil, bulk delivery",1914.10,258.40,2172.50,21/09/2017,EUR,,invoice,,IE4197223U,D02379
BF17-0006,24/08/2017,Ballyhoura Fuels Ltd,"Marked gas oil, bulk delivery",1982.57,267.65,2250.22,23/09/2017,EUR,,invoice,,IE4197223U,D02383
CFP17-0005,25/08/2017,Charleville Farm Parts & Tyres Ltd,Gate and fencing repairs,519.39,119.46,638.85,24/09/2017,EUR,,invoice,,IE3017449G,D02392
CFP17-0009,25/08/2017,Charleville Farm Parts & Tyres Ltd,Tractor service parts,401.04,92.24,493.28,24/09/2017,EUR,,invoice,,IE3017449G,D02396
CL-201708,31/08/2017,Slieve Dairy Co-Operative Society Ltd,"Co-op haulage, milk testing, levies Aug 2017",817.26,187.97,1005.23,31/08/2017,EUR,deducted from MS-201708,invoice,,IE9462300P,D00284
CFP17-0007,01/09/2017,Charleville Farm Parts & Tyres Ltd,Tyres and tubes,419.05,96.38,515.43,01/10/2017,EUR,,invoice,,IE3017449G,D02394
CFP17-0016,02/09/2017,Charleville Farm Parts & Tyres Ltd,Welding rods / steel,543.98,125.12,669.10,02/10/2017,EUR,,invoice,,IE3017449G,D02403
HT17-0009,02/09/2017,HerdTrack Software Ltd,Herd management subscription,88.00,20.24,108.24,02/10/2017,EUR,,invoice,,IE6323212L,D02489
ES17-0009,03/09/2017,ESB Electric Supply,Electricity Sep 2017 (farm + house meter),1325.56,178.95,1504.51,03/10/2017,EUR,,invoice,,IE4752023D,D02487
CFP17-0036,04/09/2017,Charleville Farm Parts & Tyres Ltd,Parlour liners,353.03,81.20,434.23,04/10/2017,EUR,,invoice,,IE3017449G,D02423
DHS17-0012,05/09/2017,Dairy Hygiene Supplies Ltd,"Parlour detergents, teat dip, filter socks",246.30,56.65,302.95,05/10/2017,EUR,,invoice,,IE1520123Q,D02445
CB17-0001,07/09/2017,Corcaigh Building Contractors Ltd,"Calf shed 40 pens, with feed alley",38000.00,5130.00,43130.00,07/10/2017,EUR,,invoice,,IE7080305N,D05107
BF17-0003,08/09/2017,Ballyhoura Fuels Ltd,"Marked gas oil, bulk delivery",1034.36,139.64,1174.00,08/10/2017,EUR,,invoice,,IE4197223U,D02380
CFP17-0022,08/09/2017,Charleville Farm Parts & Tyres Ltd,Hydraulic hoses,319.35,73.45,392.80,08/10/2017,EUR,,invoice,,IE3017449G,D02409
CFP17-0001,10/09/2017,Charleville Farm Parts & Tyres Ltd,Tractor service parts,552.32,127.03,679.35,10/10/2017,EUR,,invoice,,IE3017449G,D02388
VF17-0009,11/09/2017,Vodafone Ireland,Mobile and broadband,170.81,39.29,210.10,11/10/2017,EUR,,invoice,,IE8398493D,D02488
YD17-0002,11/09/2017,Yorkshire Dairy Spares Ltd,Spare parts for milking equipment (shipped from UK),268.23,0.00,268.23,11/10/2017,GBP,,invoice,,IE4330472S,D05154
CFP17-0026,12/09/2017,Charleville Farm Parts & Tyres Ltd,Hydraulic hoses,474.98,109.25,584.23,12/10/2017,EUR,,invoice,,IE3017449G,D02413
LV17-0013,13/09/2017,Lisheen Veterinary Clinic,Herd health visit + drugs,623.64,143.44,767.08,13/10/2017,EUR,,invoice,,IE3593885U,D02324
CFP17-0018,17/09/2017,Charleville Farm Parts & Tyres Ltd,Mower blades,560.92,129.01,689.93,17/10/2017,EUR,,invoice,,IE3017449G,D02405
LV17-0020,24/09/2017,Lisheen Veterinary Clinic,Mastitis treatments,710.74,163.47,874.21,24/10/2017,EUR,,invoice,,IE3593885U,D02331
LD17-0009,25/09/2017,Kilbeg Livestock Mart Ltd,Mart commission and levies on LD-17-9283,446.76,102.75,549.51,25/09/2017,EUR,LD-17-9283,invoice,,IE6958430T,D04680
CL-201709,30/09/2017,Slieve Dairy Co-Operative Society Ltd,"Co-op haulage, milk testing, levies Sep 2017",636.86,146.48,783.34,30/09/2017,EUR,deducted from MS-201709,invoice,,IE9462300P,D00286
DHS17-0001,02/10/2017,Dairy Hygiene Supplies Ltd,"Parlour detergents, teat dip, filter socks",647.17,148.85,796.02,01/11/2017,EUR,,invoice,,IE1520123Q,D02434
HT17-0010,03/10/2017,HerdTrack Software Ltd,Herd management subscription,88.00,20.24,108.24,02/11/2017,EUR,,invoice,,IE6323212L,D02492
CFP17-0040,04/10/2017,Charleville Farm Parts & Tyres Ltd,Welding rods / steel,272.26,62.62,334.88,03/11/2017,EUR,,invoice,,IE3017449G,D02427
ES17-0010,04/10/2017,ESB Electric Supply,Electricity Oct 2017 (farm + house meter),1499.14,202.38,1701.52,03/11/2017,EUR,,invoice,,IE4752023D,D02490
LV17-0029,05/10/2017,Lisheen Veterinary Clinic,Herd health visit + drugs,479.85,110.37,590.22,04/11/2017,EUR,,invoice,,IE3593885U,D02340
LV17-0006,06/10/2017,Lisheen Veterinary Clinic,Calving assistance,548.07,126.06,674.13,05/11/2017,EUR,,invoice,,IE3593885U,D02317
CFP17-0003,06/10/2017,Charleville Farm Parts & Tyres Ltd,Hydraulic hoses,396.95,91.30,488.25,05/11/2017,EUR,,invoice,,IE3017449G,D02390
CFP17-0023,06/10/2017,Charleville Farm Parts & Tyres Ltd,Welding rods / steel,235.90,54.26,290.16,05/11/2017,EUR,,invoice,,IE3017449G,D02410
HF17-0007,10/10/2017,Cork Hoof Care Services,Hoof trimming / footbaths,596.80,137.26,734.06,09/11/2017,EUR,,invoice,,IE1248259R,D02462
VF17-0010,10/10/2017,Vodafone Ireland,Mobile and broadband,161.83,37.22,199.05,09/11/2017,EUR,,invoice,,IE8398493D,D02491
LV17-0027,11/10/2017,Lisheen Veterinary Clinic,Herd health visit + drugs,430.37,98.99,529.36,10/11/2017,EUR,,invoice,,IE3593885U,D02338
GF17-0010,12/10/2017,Glenfern Feeds Ltd,Dairy ration 18% nuts - 10.0 t,3621.60,0.00,3621.60,11/11/2017,EUR,,invoice,,IE8573822O,D02303
BF17-0010,14/10/2017,Ballyhoura Fuels Ltd,"Marked gas oil, bulk delivery",1493.77,201.66,1695.43,13/11/2017,EUR,,invoice,,IE4197223U,D02387
CFP17-0041,15/10/2017,Charleville Farm Parts & Tyres Ltd,Parlour liners,435.37,100.14,535.61,14/11/2017,EUR,,invoice,,IE3017449G,D02428
CFP17-0015,17/10/2017,Charleville Farm Parts & Tyres Ltd,Parlour liners,266.80,61.36,328.16,16/11/2017,EUR,,invoice,,IE3017449G,D02402
CFP17-0034,17/10/2017,Charleville Farm Parts & Tyres Ltd,Gate and fencing repairs,561.44,129.13,690.57,16/11/2017,EUR,,invoice,,IE3017449G,D02421
GF17-0003,20/10/2017,Glenfern Feeds Ltd,Dairy ration 18% nuts - 6.4 t,2306.09,0.00,2306.09,19/11/2017,EUR,,invoice,,IE8573822O,D02292
LV17-0030,21/10/2017,Lisheen Veterinary Clinic,Vaccines (BVD/IBR/lepto),572.11,131.59,703.70,20/11/2017,EUR,,invoice,,IE3593885U,D02341
LAC17-0010,22/10/2017,Lyons Agri Contracting Ltd,Silage harvesting (1st cut),3005.06,405.68,3410.74,21/11/2017,EUR,,invoice,,IE9219903D,D02377
LAC17-0004,23/10/2017,Lyons Agri Contracting Ltd,Silage harvesting (1st cut),1992.31,268.96,2261.27,22/11/2017,EUR,,invoice,,IE9219903D,D02370
LD17-0010,23/10/2017,Kilbeg Livestock Mart Ltd,Mart commission and levies on LD-17-8201,487.46,112.12,599.58,23/10/2017,EUR,LD-17-8201,invoice,,IE6958430T,D04682
GF17-0002,25/10/2017,Glenfern Feeds Ltd,Mineral supplement - 12.3 t,4445.20,0.00,4445.20,24/11/2017,EUR,,invoice,,IE8573822O,D02291
CL-201710,31/10/2017,Slieve Dairy Co-Operative Society Ltd,"Co-op haulage, milk testing, levies Oct 2017",447.19,102.85,550.04,31/10/2017,EUR,deducted from MS-201710,invoice,,IE9462300P,D00288
CFP17-0010,01/11/2017,Charleville Farm Parts & Tyres Ltd,Gate and fencing repairs,530.50,122.02,652.52,01/12/2017,EUR,,invoice,,IE3017449G,D02397
ES17-0011,03/11/2017,ESB Electric Supply,Electricity Nov 2017 (farm + house meter),1400.32,189.04,1589.36,03/12/2017,EUR,,invoice,,IE4752023D,D02493
HT17-0011,03/11/2017,HerdTrack Software Ltd,Herd management subscription,88.00,20.24,108.24,03/12/2017,EUR,,invoice,,IE6323212L,D02495
GF17-0007,06/11/2017,Glenfern Feeds Ltd,Dairy ration 18% nuts - 9.5 t,3462.50,0.00,3462.50,06/12/2017,EUR,,invoice,,IE8573822O,D02300
KA17-0002,06/11/2017,Kilcummin Agri Supplies Ltd,Pasture sward 24-2.5-10 bulk spread,5925.73,799.97,6725.70,06/12/2017,EUR,,invoice,,IE2092142W,D02308
LV17-0005,08/11/2017,Lisheen Veterinary Clinic,Mastitis treatments,509.90,117.28,627.18,08/12/2017,EUR,,invoice,,IE3593885U,D02316
VF17-0011,11/11/2017,Vodafone Ireland,Mobile and broadband,167.85,38.61,206.46,11/12/2017,EUR,,invoice,,IE8398493D,D02494
CFP17-0028,12/11/2017,Charleville Farm Parts & Tyres Ltd,Welding rods / steel,537.46,123.62,661.08,12/12/2017,EUR,,invoice,,IE3017449G,D02415
CFP17-0017,15/11/2017,Charleville Farm Parts & Tyres Ltd,Welding rods / steel,285.47,65.66,351.13,15/12/2017,EUR,,invoice,,IE3017449G,D02404
LV17-0023,16/11/2017,Lisheen Veterinary Clinic,Vaccines (BVD/IBR/lepto),486.84,111.97,598.81,16/12/2017,EUR,,invoice,,IE3593885U,D02334
SG17-0010,16/11/2017,Southern Genetics Co-Op,Semen straws + AI technician service,693.51,159.51,853.02,16/12/2017,EUR,,invoice,,IE2815241Q,D02364
CFP17-0011,16/11/2017,Charleville Farm Parts & Tyres Ltd,Welding rods / steel,485.71,111.71,597.42,16/12/2017,EUR,,invoice,,IE3017449G,D02398
DHS17-0017,16/11/2017,Dairy Hygiene Supplies Ltd,"Parlour detergents, teat dip, filter socks",410.05,94.31,504.36,16/12/2017,EUR,,invoice,,IE1520123Q,D02450
HF17-0006,16/11/2017,Cork Hoof Care Services,Hoof trimming / footbaths,626.05,143.99,770.04,16/12/2017,EUR,,invoice,,IE1248259R,D02461
BF17-0009,17/11/2017,Ballyhoura Fuels Ltd,"Marked gas oil, bulk delivery",1407.89,190.07,1597.96,17/12/2017,EUR,,invoice,,IE4197223U,D02386
LV17-0003,18/11/2017,Lisheen Veterinary Clinic,Dry cow therapy / sealers,746.69,171.74,918.43,18/12/2017,EUR,,invoice,,IE3593885U,D02314
GF17-0001,19/11/2017,Glenfern Feeds Ltd,Calf starter + milk replacer - 11.3 t,4100.91,0.00,4100.91,19/12/2017,EUR,,invoice,,IE8573822O,D02289
HF17-0005,19/11/2017,Cork Hoof Care Services,Hoof trimming / footbaths,838.50,192.86,1031.36,19/12/2017,EUR,,invoice,,IE1248259R,D02460
DOC17-0001,20/11/2017,"T. Buckley (landlord, conacre)",Conacre rent 2017: 55 acres @ 320/acre,17600.00,0.00,17600.00,20/12/2017,EUR,,rent_receipt,,,D02503
CFP17-0037,24/11/2017,Charleville Farm Parts & Tyres Ltd,Gate and fencing repairs,405.90,93.36,499.26,24/12/2017,EUR,,invoice,,IE3017449G,D02424
MR17-0003,24/11/2017,Munster Rendering Ltd,Fallen animal collection,176.00,40.48,216.48,24/12/2017,EUR,,invoice,,IE4033776E,D04662
GF17-0008,25/11/2017,Glenfern Feeds Ltd,Mineral supplement - 10.7 t,3890.42,0.00,3890.42,25/12/2017,EUR,,invoice,,IE8573822O,D02301
CFP17-0014,26/11/2017,Charleville Farm Parts & Tyres Ltd,Hydraulic hoses,229.25,52.73,281.98,26/12/2017,EUR,,invoice,,IE3017449G,D02401
DHS17-0006,27/11/2017,Dairy Hygiene Supplies Ltd,"Parlour detergents, teat dip, filter socks",612.65,140.91,753.56,27/12/2017,EUR,,invoice,,IE1520123Q,D02439
CL-201711,30/11/2017,Slieve Dairy Co-Operative Society Ltd,"Co-op haulage, milk testing, levies Nov 2017",250.93,57.71,308.64,30/11/2017,EUR,deducted from MS-201711,invoice,,IE9462300P,D00290
LV17-0002,03/12/2017,Lisheen Veterinary Clinic,Herd health visit + drugs,581.81,133.82,715.63,02/01/2018,EUR,,invoice,,IE3593885U,D02313
HT17-0012,03/12/2017,HerdTrack Software Ltd,Herd management subscription,88.00,20.24,108.24,02/01/2018,EUR,,invoice,,IE6323212L,D02498
ES17-0012,04/12/2017,ESB Electric Supply,Electricity Dec 2017 (farm + house meter),1335.34,180.27,1515.61,03/01/2018,EUR,,invoice,,IE4752023D,D02496
CS17-0005,07/12/2017,Slieve Dairy Co-Op Farm Stores,Maize meal / soya hulls blend - 12.3 t,4460.50,0.00,4460.50,06/01/2018,EUR,netted off milk payment,invoice,,IE8007456W,D02296
DHS17-0013,07/12/2017,Dairy Hygiene Supplies Ltd,"Parlour detergents, teat dip, filter socks",536.33,123.36,659.69,06/01/2018,EUR,,invoice,,IE1520123Q,D02446
CFP17-0013,09/12/2017,Charleville Farm Parts & Tyres Ltd,Tractor service parts,469.32,107.94,577.26,08/01/2018,EUR,,invoice,,IE3017449G,D02400
VF17-0012,11/12/2017,Vodafone Ireland,Mobile and broadband,147.79,33.99,181.78,10/01/2018,EUR,,invoice,,IE8398493D,D02497
LV17-0004,18/12/2017,Lisheen Veterinary Clinic,Dry cow therapy / sealers,622.02,143.06,765.08,17/01/2018,EUR,,invoice,,IE3593885U,D02315
GF17-0004,22/12/2017,Glenfern Feeds Ltd,Mineral supplement - 12.1 t,4373.83,0.00,4373.83,21/01/2018,EUR,,invoice,,IE8573822O,D02293
LV17-0028,24/12/2017,Lisheen Veterinary Clinic,Mastitis treatments,545.39,125.44,670.83,23/01/2018,EUR,,invoice,,IE3593885U,D02339
GF17-0009,26/12/2017,Glenfern Feeds Ltd,Dairy ration 16% bulk - 7.7 t,2775.98,0.00,2775.98,25/01/2018,EUR,,invoice,,IE8573822O,D02302
LV17-0031,27/12/2017,Lisheen Veterinary Clinic,Dry cow therapy / sealers,595.01,136.85,731.86,26/01/2018,EUR,,invoice,,IE3593885U,D02342
CL-201712,31/12/2017,Slieve Dairy Co-Operative Society Ltd,"Co-op haulage, milk testing, levies Dec 2017",116.57,26.81,143.38,31/12/2017,EUR,deducted from MS-201712,invoice,,IE9462300P,D00292
GF18-0013,01/01/2018,Glenfern Feeds Ltd,Dairy ration 18% nuts - 9.0 t,3767.15,0.00,3767.15,31/01/2018,EUR,,invoice,,IE8573822O,D02526
BF18-0010,02/01/2018,Ballyhoura Fuels Ltd,"Marked gas oil, bulk delivery",2046.16,276.23,2322.39,01/02/2018,EUR,,invoice,,IE4197223U,D02612
HT18-0001,03/01/2018,HerdTrack Software Ltd,Herd management subscription,88.00,20.24,108.24,02/02/2018,EUR,,invoice,,IE6323212L,D02693
DHS18-0010,04/01/2018,Dairy Hygiene Supplies Ltd,"Parlour detergents, teat dip, filter socks",555.85,127.85,683.70,03/02/2018,EUR,,invoice,,IE1520123Q,D02671
MR18-0002,05/01/2018,Munster Rendering Ltd,Fallen animal collection,156.80,36.06,192.86,04/02/2018,EUR,,invoice,,IE4033776E,D04687
ES18-0001,07/01/2018,ESB Electric Supply,Electricity Jan 2018 (farm + house meter),1294.50,174.76,1469.26,06/02/2018,EUR,,invoice,,IE4752023D,D02691
HF18-0004,08/01/2018,Cork Hoof Care Services,Hoof trimming / footbaths,654.20,150.47,804.67,07/02/2018,EUR,,invoice,,IE1248259R,D02687
CFP18-0009,09/01/2018,Charleville Farm Parts & Tyres Ltd,Mower blades,424.24,97.58,521.82,08/02/2018,EUR,,invoice,,IE3017449G,D02622
CFP18-0012,10/01/2018,Charleville Farm Parts & Tyres Ltd,Tyres and tubes,311.64,71.68,383.32,09/02/2018,EUR,,invoice,,IE3017449G,D02625
VF18-0001,11/01/2018,Vodafone Ireland,Mobile and broadband,176.67,40.63,217.30,10/02/2018,EUR,,invoice,,IE8398493D,D02692
CFP18-0035,14/01/2018,Charleville Farm Parts & Tyres Ltd,Tyres and tubes,387.18,89.05,476.23,13/02/2018,EUR,,invoice,,IE3017449G,D02648
LV18-0029,15/01/2018,Lisheen Veterinary Clinic,Vaccines (BVD/IBR/lepto),689.62,158.61,848.23,14/02/2018,EUR,,invoice,,IE3593885U,D02564
LV18-0017,17/01/2018,Lisheen Veterinary Clinic,Calving assistance,413.81,95.18,508.99,16/02/2018,EUR,,invoice,,IE3593885U,D02552
LV18-0023,19/01/2018,Lisheen Veterinary Clinic,Calving assistance,599.04,137.78,736.82,18/02/2018,EUR,,invoice,,IE3593885U,D02558
CS18-0009,21/01/2018,Slieve Dairy Co-Op Farm Stores,Maize meal / soya hulls blend - 10.9 t,4567.62,0.00,4567.62,20/02/2018,EUR,netted off milk payment,invoice,,IE8007456W,D02524
LV18-0037,22/01/2018,Lisheen Veterinary Clinic,Calving assistance,736.52,169.40,905.92,21/02/2018,EUR,,invoice,,IE3593885U,D02572
BF18-0006,26/01/2018,Ballyhoura Fuels Ltd,"Marked gas oil, bulk delivery",2153.70,290.75,2444.45,25/02/2018,EUR,,invoice,,IE4197223U,D02608
CL-201801,31/01/2018,Slieve Dairy Co-Operative Society Ltd,"Co-op haulage, milk testing, levies Jan 2018",184.46,42.43,226.89,31/01/2018,EUR,deducted from MS-201801,invoice,,IE9462300P,D00294
GF18-0005,01/02/2018,Glenfern Feeds Ltd,Dairy ration 16% bulk - 9.9 t,4126.62,0.00,4126.62,03/03/2018,EUR,,invoice,,IE8573822O,D02508
CS18-0002,01/02/2018,Slieve Dairy Co-Op Farm Stores,Maize meal / soya hulls blend - 10.0 t,4187.78,0.00,4187.78,03/03/2018,EUR,netted off milk payment,invoice,,IE8007456W,D02511
HT18-0002,01/02/2018,HerdTrack Software Ltd,Herd management subscription,88.00,20.24,108.24,03/03/2018,EUR,,invoice,,IE6323212L,D02696
DHS18-0002,03/02/2018,Dairy Hygiene Supplies Ltd,"Parlour detergents, teat dip, filter socks",663.26,152.55,815.81,05/03/2018,EUR,,invoice,,IE1520123Q,D02663
GF18-0009,04/02/2018,Glenfern Feeds Ltd,Calf starter + milk replacer - 12.7 t,5314.42,0.00,5314.42,06/03/2018,EUR,,invoice,,IE8573822O,D02519
GF18-0010,04/02/2018,Glenfern Feeds Ltd,Mineral supplement - 8.9 t,3717.18,0.00,3717.18,06/03/2018,EUR,,invoice,,IE8573822O,D02520
LV18-0016,05/02/2018,Lisheen Veterinary Clinic,Dry cow therapy / sealers,294.37,67.71,362.08,07/03/2018,EUR,,invoice,,IE3593885U,D02551
CFP18-0038,08/02/2018,Charleville Farm Parts & Tyres Ltd,Parlour liners,495.81,114.04,609.85,10/03/2018,EUR,,invoice,,IE3017449G,D02651
DHS18-0014,08/02/2018,Dairy Hygiene Supplies Ltd,"Parlour detergents, teat dip, filter socks",543.77,125.07,668.84,10/03/2018,EUR,,invoice,,IE1520123Q,D02675
ES18-0002,08/02/2018,ESB Electric Supply,Electricity Feb 2018 (farm + house meter),1380.41,186.36,1566.77,10/03/2018,EUR,,invoice,,IE4752023D,D02694
CFP18-0036,11/02/2018,Charleville Farm Parts & Tyres Ltd,Hydraulic hoses,392.88,90.36,483.24,13/03/2018,EUR,,invoice,,IE3017449G,D02649
VF18-0002,12/02/2018,Vodafone Ireland,Mobile and broadband,162.63,37.40,200.03,14/03/2018,EUR,,invoice,,IE8398493D,D02695
BF18-0001,13/02/2018,Ballyhoura Fuels Ltd,"Marked gas oil, bulk delivery",1742.60,235.25,1977.85,15/03/2018,EUR,,invoice,,IE4197223U,D02603
CFP18-0037,14/02/2018,Charleville Farm Parts & Tyres Ltd,Tractor service parts,521.68,119.99,641.67,16/03/2018,EUR,,invoice,,IE3017449G,D02650
GF18-0001,15/02/2018,Glenfern Feeds Ltd,Calf starter + milk replacer - 12.8 t,5370.05,0.00,5370.05,17/03/2018,EUR,,invoice,,IE8573822O,D02504
CFP18-0047,15/02/2018,Charleville Farm Parts & Tyres Ltd,Gate and fencing repairs,436.56,100.41,536.97,17/03/2018,EUR,,invoice,,IE3017449G,D02660
MFI18-0001,18/02/2018,Munster Farm Insurance Ltd,"Farm policy renewal (buildings, liability, machinery, employer liability)",10749.12,0.00,10749.12,20/03/2018,EUR,,invoice,,,D02727
LV18-0002,23/02/2018,Lisheen Veterinary Clinic,Dry cow therapy / sealers,524.91,120.73,645.64,25/03/2018,EUR,,invoice,,IE3593885U,D02537
LV18-0034,24/02/2018,Lisheen Veterinary Clinic,Fertility scanning,753.08,173.21,926.29,26/03/2018,EUR,,invoice,,IE3593885U,D02569
CFP18-0034,24/02/2018,Charleville Farm Parts & Tyres Ltd,Welding rods / steel,303.66,69.84,373.50,26/03/2018,EUR,,invoice,,IE3017449G,D02647
CL-201802,28/02/2018,Slieve Dairy Co-Operative Society Ltd,"Co-op haulage, milk testing, levies Feb 2018",407.27,93.67,500.94,28/02/2018,EUR,deducted from MS-201802,invoice,,IE9462300P,D00296
LV18-0040,28/02/2018,Lisheen Veterinary Clinic,Vaccines (BVD/IBR/lepto),318.06,73.15,391.21,30/03/2018,EUR,,invoice,,IE3593885U,D02575
CS18-0007,01/03/2018,Slieve Dairy Co-Op Farm Stores,Dairy ration 16% bulk - 9.0 t,3752.37,0.00,3752.37,31/03/2018,EUR,netted off milk payment,invoice,,IE8007456W,D02518
LV18-0027,01/03/2018,Lisheen Veterinary Clinic,Mastitis treatments,347.55,79.94,427.49,31/03/2018,EUR,,invoice,,IE3593885U,D02562
DHS18-0003,01/03/2018,Dairy Hygiene Supplies Ltd,"Parlour detergents, teat dip, filter socks",558.11,128.37,686.48,31/03/2018,EUR,,invoice,,IE1520123Q,D02664
CFP18-0013,02/03/2018,Charleville Farm Parts & Tyres Ltd,Parlour liners,228.19,52.48,280.67,01/04/2018,EUR,,invoice,,IE3017449G,D02626
HT18-0003,02/03/2018,HerdTrack Software Ltd,Herd management subscription,88.00,20.24,108.24,01/04/2018,EUR,,invoice,,IE6323212L,D02699
BF18-0003,03/03/2018,Ballyhoura Fuels Ltd,"Marked gas oil, bulk delivery",1372.80,185.33,1558.13,02/04/2018,EUR,,invoice,,IE4197223U,D02605
LAC18-0002,05/03/2018,Lyons Agri Contracting Ltd,Baling + wrapping,3347.74,451.94,3799.68,04/04/2018,EUR,,invoice,,IE9219903D,D02593
GF18-0007,06/03/2018,Glenfern Feeds Ltd,Dairy ration 16% bulk - 12.5 t,5249.28,0.00,5249.28,05/04/2018,EUR,,invoice,,IE8573822O,D02513
CS18-0015,06/03/2018,Slieve Dairy Co-Op Farm Stores,18-6-12 compound bulk spread,7233.03,976.46,8209.49,05/04/2018,EUR,netted off milk payment,invoice,,IE8007456W,D02532
CFP18-0014,06/03/2018,Charleville Farm Parts & Tyres Ltd,Parlour liners,390.26,89.76,480.02,05/04/2018,EUR,,invoice,,IE3017449G,D02627
ES18-0003,08/03/2018,ESB Electric Supply,Electricity Mar 2018 (farm + house meter),1210.16,163.37,1373.53,07/04/2018,EUR,,invoice,,IE4752023D,D02697
GF18-0006,09/03/2018,Glenfern Feeds Ltd,Calf starter + milk replacer - 7.1 t,2983.07,0.00,2983.07,08/04/2018,EUR,,invoice,,IE8573822O,D02509
CFP18-0030,09/03/2018,Charleville Farm Parts & Tyres Ltd,Gate and fencing repairs,441.56,101.56,543.12,08/04/2018,EUR,,invoice,,IE3017449G,D02643
LV18-0038,10/03/2018,Lisheen Veterinary Clinic,Herd health visit + drugs,679.08,156.19,835.27,09/04/2018,EUR,,invoice,,IE3593885U,D02573
CFP18-0043,11/03/2018,Charleville Farm Parts & Tyres Ltd,Tyres and tubes,279.42,64.27,343.69,10/04/2018,EUR,,invoice,,IE3017449G,D02656
VF18-0003,11/03/2018,Vodafone Ireland,Mobile and broadband,146.27,33.64,179.91,10/04/2018,EUR,,invoice,,IE8398493D,D02698
LV18-0006,12/03/2018,Lisheen Veterinary Clinic,Vaccines (BVD/IBR/lepto),623.92,143.50,767.42,11/04/2018,EUR,,invoice,,IE3593885U,D02541
GF18-0003,13/03/2018,Glenfern Feeds Ltd,Dairy ration 16% bulk - 7.5 t,3129.83,0.00,3129.83,12/04/2018,EUR,,invoice,,IE8573822O,D02506
HC18-0001,14/03/2018,Hegarty & Co Farm Accountants,"Accounts, tax returns and payroll year 2017",3091.20,710.98,3802.18,13/04/2018,EUR,,invoice,,IE6025428V,D02728
LD18-0001,14/03/2018,Kilbeg Livestock Mart Ltd,Mart commission and levies on LD-18-1733,191.62,44.07,235.69,14/03/2018,EUR,LD-18-1733,invoice,,IE6958430T,D04689
CS18-0012,15/03/2018,Slieve Dairy Co-Op Farm Stores,CAN 27% bulk spread,7335.94,990.35,8326.29,14/04/2018,EUR,netted off milk payment,invoice,,IE8007456W,D02529
OB18-0001,15/03/2018,O'Brien Plant Hire Ltd,Silage harvesting (2nd cut),2742.44,370.23,3112.67,14/04/2018,EUR,,invoice,,IE9729960P,D02591
DHS18-0013,15/03/2018,Dairy Hygiene Supplies Ltd,"Parlour detergents, teat dip, filter socks",424.25,97.58,521.83,14/04/2018,EUR,,invoice,,IE1520123Q,D02674
CS18-0014,16/03/2018,Slieve Dairy Co-Op Farm Stores,18-6-12 compound bulk spread,7460.53,1007.17,8467.70,15/04/2018,EUR,netted off milk payment,invoice,,IE8007456W,D02531
CFP18-0007,17/03/2018,Charleville Farm Parts & Tyres Ltd,Hydraulic hoses,367.97,84.63,452.60,16/04/2018,EUR,,invoice,,IE3017449G,D02620
DHS18-0011,18/03/2018,Dairy Hygiene Supplies Ltd,"Parlour detergents, teat dip, filter socks",366.14,84.21,450.35,17/04/2018,EUR,,invoice,,IE1520123Q,D02672
LAC18-0005,20/03/2018,Lyons Agri Contracting Ltd,Reseeding / ploughing,2390.03,322.65,2712.68,19/04/2018,EUR,,invoice,,IE9219903D,D02596
GF18-0014,22/03/2018,Glenfern Feeds Ltd,Calf starter + milk replacer - 6.5 t,2729.37,0.00,2729.37,21/04/2018,EUR,,invoice,,IE8573822O,D02527
LV18-0041,22/03/2018,Lisheen Veterinary Clinic,Herd health visit + drugs,371.96,85.55,457.51,21/04/2018,EUR,,invoice,,IE3593885U,D02576
LV18-0022,23/03/2018,Lisheen Veterinary Clinic,Mastitis treatments,672.73,154.73,827.46,22/04/2018,EUR,,invoice,,IE3593885U,D02557
CFP18-0016,23/03/2018,Charleville Farm Parts & Tyres Ltd,Gate and fencing repairs,562.83,129.45,692.28,22/04/2018,EUR,,invoice,,IE3017449G,D02629
LD18-0002,26/03/2018,Kilbeg Livestock Mart Ltd,Mart commission and levies on LD-18-7405,184.58,42.45,227.03,26/03/2018,EUR,LD-18-7405,invoice,,IE6958430T,D04691
CL-201803,31/03/2018,Slieve Dairy Co-Operative Society Ltd,"Co-op haulage, milk testing, levies Mar 2018",732.43,168.46,900.89,31/03/2018,EUR,deducted from MS-201803,invoice,,IE9462300P,D00298
HT18-0004,02/04/2018,HerdTrack Software Ltd,Herd management subscription,88.00,20.24,108.24,02/05/2018,EUR,,invoice,,IE6323212L,D02702
LV18-0004,05/04/2018,Lisheen Veterinary Clinic,Fertility scanning,429.20,98.72,527.92,05/05/2018,EUR,,invoice,,IE3593885U,D02539
CFP18-0015,05/04/2018,Charleville Farm Parts & Tyres Ltd,Hydraulic hoses,329.61,75.81,405.42,05/05/2018,EUR,,invoice,,IE3017449G,D02628
ES18-0004,05/04/2018,ESB Electric Supply,Electricity Apr 2018 (farm + house meter),1554.36,209.84,1764.20,05/05/2018,EUR,,invoice,,IE4752023D,D02700
LV18-0001,07/04/2018,Lisheen Veterinary Clinic,Dry cow therapy / sealers,524.70,120.68,645.38,07/05/2018,EUR,,invoice,,IE3593885U,D02536
SG18-0002,09/04/2018,Southern Genetics Co-Op,Semen straws + AI technician service,491.37,113.02,604.39,09/05/2018,EUR,,invoice,,IE2815241Q,D02581
LD18-0003,09/04/2018,Kilbeg Livestock Mart Ltd,Mart commission and levies on LD-18-9776,188.02,43.24,231.26,09/04/2018,EUR,LD-18-9776,invoice,,IE6958430T,D04693
VF18-0004,12/04/2018,Vodafone Ireland,Mobile and broadband,149.66,34.42,184.08,12/05/2018,EUR,,invoice,,IE8398493D,D02701
SG18-0001,14/04/2018,Southern Genetics Co-Op,Semen straws + AI technician service,536.08,123.30,659.38,14/05/2018,EUR,,invoice,,IE2815241Q,D02580
LV18-0026,15/04/2018,Lisheen Veterinary Clinic,Mastitis treatments,754.22,173.47,927.69,15/05/2018,EUR,,invoice,,IE3593885U,D02561
CFP18-0026,16/04/2018,Charleville Farm Parts & Tyres Ltd,Mower blades,278.36,64.02,342.38,16/05/2018,EUR,,invoice,,IE3017449G,D02639
CFP18-0040,16/04/2018,Charleville Farm Parts & Tyres Ltd,Tractor service parts,445.27,102.41,547.68,16/05/2018,EUR,,invoice,,IE3017449G,D02653
LD18-0004,18/04/2018,Kilbeg Livestock Mart Ltd,Mart commission and levies on LD-18-9422,183.63,42.23,225.86,18/04/2018,EUR,LD-18-9422,invoice,,IE6958430T,D04695
SG18-0006,19/04/2018,Southern Genetics Co-Op,Semen straws + AI technician service,864.40,198.81,1063.21,19/05/2018,EUR,,invoice,,IE2815241Q,D02585
LV18-0028,21/04/2018,Lisheen Veterinary Clinic,Dry cow therapy / sealers,380.54,87.52,468.06,21/05/2018,EUR,,invoice,,IE3593885U,D02563
LV18-0011,22/04/2018,Lisheen Veterinary Clinic,Dry cow therapy / sealers,772.19,177.60,949.79,22/05/2018,EUR,,invoice,,IE3593885U,D02546
CFP18-0028,22/04/2018,Charleville Farm Parts & Tyres Ltd,Parlour liners,539.87,124.17,664.04,22/05/2018,EUR,,invoice,,IE3017449G,D02641
SG18-0010,25/04/2018,Southern Genetics Co-Op,Semen straws + AI technician service,694.47,159.73,854.20,25/05/2018,EUR,,invoice,,IE2815241Q,D02589
CFP18-0029,27/04/2018,Charleville Farm Parts & Tyres Ltd,Welding rods / steel,444.10,102.14,546.24,27/05/2018,EUR,,invoice,,IE3017449G,D02642
CL-201804,30/04/2018,Slieve Dairy Co-Operative Society Ltd,"Co-op haulage, milk testing, levies Apr 2018",1027.73,236.38,1264.11,30/04/2018,EUR,deducted from MS-201804,invoice,,IE9462300P,D00300
CFP18-0025,01/05/2018,Charleville Farm Parts & Tyres Ltd,Gate and fencing repairs,561.35,129.11,690.46,31/05/2018,EUR,,invoice,,IE3017449G,D02638
HT18-0005,01/05/2018,HerdTrack Software Ltd,Herd management subscription,88.00,20.24,108.24,31/05/2018,EUR,,invoice,,IE6323212L,D02705
WS18-0001,01/05/2018,County Council Water Services,"Water charges (metered, farm)",694.40,0.00,694.40,31/05/2018,EUR,,invoice,,IE7854060O,D02730
CFP18-0021,04/05/2018,Charleville Farm Parts & Tyres Ltd,Parlour liners,429.00,98.67,527.67,03/06/2018,EUR,,invoice,,IE3017449G,D02634
ES18-0005,04/05/2018,ESB Electric Supply,Electricity May 2018 (farm + house meter),1548.74,209.08,1757.82,03/06/2018,EUR,,invoice,,IE4752023D,D02703
LD18-0005,04/05/2018,Kilbeg Livestock Mart Ltd,Mart commission and levies on LD-18-2971,184.82,42.51,227.33,04/05/2018,EUR,LD-18-2971,invoice,,IE6958430T,D04697
LV18-0009,05/05/2018,Lisheen Veterinary Clinic,Calving assistance,318.27,73.20,391.47,04/06/2018,EUR,,invoice,,IE3593885U,D02544
SG18-0004,05/05/2018,Southern Genetics Co-Op,Semen straws + AI technician service,704.92,162.13,867.05,04/06/2018,EUR,,invoice,,IE2815241Q,D02583
SG18-0008,05/05/2018,Southern Genetics Co-Op,Semen straws + AI technician service,513.83,118.18,632.01,04/06/2018,EUR,,invoice,,IE2815241Q,D02587
LV18-0012,06/05/2018,Lisheen Veterinary Clinic,Herd health visit + drugs,290.88,66.90,357.78,05/06/2018,EUR,,invoice,,IE3593885U,D02547
LAC18-0009,07/05/2018,Lyons Agri Contracting Ltd,Hedge cutting,3173.72,428.45,3602.17,06/06/2018,EUR,,invoice,,IE9219903D,D02601
OB18-0003,09/05/2018,O'Brien Plant Hire Ltd,Silage harvesting (1st cut),1525.32,205.92,1731.24,08/06/2018,EUR,,invoice,,IE9729960P,D02602
CFP18-0008,09/05/2018,Charleville Farm Parts & Tyres Ltd,Hydraulic hoses,330.69,76.06,406.75,08/06/2018,EUR,,invoice,,IE3017449G,D02621
LAC18-0003,10/05/2018,Lyons Agri Contracting Ltd,Baling + wrapping,1608.32,217.12,1825.44,09/06/2018,EUR,,invoice,,IE9219903D,D02594
VF18-0005,12/05/2018,Vodafone Ireland,Mobile and broadband,159.29,36.64,195.93,11/06/2018,EUR,,invoice,,IE8398493D,D02704
AW18-0001,14/05/2018,AgriWrap Plastics Ltd,"Silage plastic, bale net, twine",946.07,217.60,1163.67,13/06/2018,EUR,,invoice,,IE7984856V,D02680
LD18-0006,15/05/2018,Kilbeg Livestock Mart Ltd,Mart commission and levies on LD-18-2474,186.64,42.93,229.57,15/05/2018,EUR,LD-18-2474,invoice,,IE6958430T,D04699
FS18-0001,16/05/2018,Fitzgerald & Co Solicitors,Legal fees: land purchase and conveyance,3800.00,874.00,4674.00,15/06/2018,EUR,,invoice,,IE4934543A,D05108
CFP18-0023,19/05/2018,Charleville Farm Parts & Tyres Ltd,Tyres and tubes,277.95,63.93,341.88,18/06/2018,EUR,,invoice,,IE3017449G,D02636
LV18-0032,20/05/2018,Lisheen Veterinary Clinic,Calving assistance,437.03,100.52,537.55,19/06/2018,EUR,,invoice,,IE3593885U,D02567
SG18-0011,22/05/2018,Southern Genetics Co-Op,Semen straws + AI technician service,817.50,188.02,1005.52,21/06/2018,EUR,,invoice,,IE2815241Q,D02590
GF18-0008,25/05/2018,Glenfern Feeds Ltd,Dairy ration 18% nuts - 6.2 t,2615.30,0.00,2615.30,24/06/2018,EUR,,invoice,,IE8573822O,D02516
CS18-0016,25/05/2018,Slieve Dairy Co-Op Farm Stores,Ground limestone bulk spread,6188.19,835.41,7023.60,24/06/2018,EUR,netted off milk payment,invoice,,IE8007456W,D02533
CL-201805,31/05/2018,Slieve Dairy Co-Operative Society Ltd,"Co-op haulage, milk testing, levies May 2018",1078.47,248.05,1326.52,31/05/2018,EUR,deducted from MS-201805,invoice,,IE9462300P,D00302
DHS18-0007,01/06/2018,Dairy Hygiene Supplies Ltd,"Parlour detergents, teat dip, filter socks",365.90,84.16,450.06,01/07/2018,EUR,,invoice,,IE1520123Q,D02668
HT18-0006,01/06/2018,HerdTrack Software Ltd,Herd management subscription,88.00,20.24,108.24,01/07/2018,EUR,,invoice,,IE6323212L,D02708
CFP18-0002,03/06/2018,Charleville Farm Parts & Tyres Ltd,Hydraulic hoses,327.96,75.43,403.39,03/07/2018,EUR,,invoice,,IE3017449G,D02615
CFP18-0048,04/06/2018,Charleville Farm Parts & Tyres Ltd,Hydraulic hoses,383.58,88.22,471.80,04/07/2018,EUR,,invoice,,IE3017449G,D02661
AW18-0004,05/06/2018,AgriWrap Plastics Ltd,"Silage plastic, bale net, twine",570.86,131.30,702.16,05/07/2018,EUR,,invoice,,IE7984856V,D02683
ES18-0006,05/06/2018,ESB Electric Supply,Electricity Jun 2018 (farm + house meter),1362.99,184.00,1546.99,05/07/2018,EUR,,invoice,,IE4752023D,D02706
TG18-0001,06/06/2018,Teagasc,Advisory service annual fee,1008.00,231.84,1239.84,06/07/2018,EUR,,invoice,,IE7259700V,D02729
LV18-0005,09/06/2018,Lisheen Veterinary Clinic,Fertility scanning,650.22,149.55,799.77,09/07/2018,EUR,,invoice,,IE3593885U,D02540
VF18-0006,11/06/2018,Vodafone Ireland,Mobile and broadband,155.22,35.70,190.92,11/07/2018,EUR,,invoice,,IE8398493D,D02707
DHS18-0017,16/06/2018,Dairy Hygiene Supplies Ltd,"Parlour detergents, teat dip, filter socks",311.06,71.54,382.60,16/07/2018,EUR,,invoice,,IE1520123Q,D02678
CS18-0013,17/06/2018,Slieve Dairy Co-Op Farm Stores,Protected urea bulk spread,7648.81,1032.59,8681.40,17/07/2018,EUR,netted off milk payment,invoice,,IE8007456W,D02530
LAC18-0006,18/06/2018,Lyons Agri Contracting Ltd,Baling + wrapping,3511.06,473.99,3985.05,18/07/2018,EUR,,invoice,,IE9219903D,D02597
CFP18-0005,18/06/2018,Charleville Farm Parts & Tyres Ltd,Mower blades,493.10,113.41,606.51,18/07/2018,EUR,,invoice,,IE3017449G,D02618
LV18-0031,21/06/2018,Lisheen Veterinary Clinic,Dry cow therapy / sealers,585.11,134.58,719.69,21/07/2018,EUR,,invoice,,IE3593885U,D02566
DHS18-0004,21/06/2018,Dairy Hygiene Supplies Ltd,"Parlour detergents, teat dip, filter socks",510.51,117.42,627.93,21/07/2018,EUR,,invoice,,IE1520123Q,D02665
SG18-0009,23/06/2018,Southern Genetics Co-Op,Semen straws + AI technician service,739.16,170.01,909.17,23/07/2018,EUR,,invoice,,IE2815241Q,D02588
LV18-0033,26/06/2018,Lisheen Veterinary Clinic,Calving assistance,546.15,125.61,671.76,26/07/2018,EUR,,invoice,,IE3593885U,D02568
SG18-0007,27/06/2018,Southern Genetics Co-Op,Semen straws + AI technician service,631.48,145.24,776.72,27/07/2018,EUR,,invoice,,IE2815241Q,D02586
KA18-0001,28/06/2018,Kilcummin Agri Supplies Ltd,Protected urea bulk spread,6042.55,815.74,6858.29,28/07/2018,EUR,,invoice,,IE2092142W,D02534
CL-201806,30/06/2018,Slieve Dairy Co-Operative Society Ltd,"Co-op haulage, milk testing, levies Jun 2018",976.70,224.64,1201.34,30/06/2018,EUR,deducted from MS-201806,invoice,,IE9462300P,D00304
SG18-0003,03/07/2018,Southern Genetics Co-Op,Semen straws + AI technician service,389.36,89.55,478.91,02/08/2018,EUR,,invoice,,IE2815241Q,D02582
HT18-0007,03/07/2018,HerdTrack Software Ltd,Herd management subscription,88.00,20.24,108.24,02/08/2018,EUR,,invoice,,IE6323212L,D02711
LAC18-0007,09/07/2018,Lyons Agri Contracting Ltd,Silage harvesting (2nd cut),1681.49,227.00,1908.49,08/08/2018,EUR,,invoice,,IE9219903D,D02598
ES18-0007,09/07/2018,ESB Electric Supply,Electricity Jul 2018 (farm + house meter),1207.13,162.96,1370.09,08/08/2018,EUR,,invoice,,IE4752023D,D02709
LV18-0036,10/07/2018,Lisheen Veterinary Clinic,Calving assistance,499.52,114.89,614.41,09/08/2018,EUR,,invoice,,IE3593885U,D02571
SG18-0005,10/07/2018,Southern Genetics Co-Op,Semen straws + AI technician service,408.40,93.93,502.33,09/08/2018,EUR,,invoice,,IE2815241Q,D02584
VF18-0007,10/07/2018,Vodafone Ireland,Mobile and broadband,156.45,35.98,192.43,09/08/2018,EUR,,invoice,,IE8398493D,D02710
CFP18-0010,12/07/2018,Charleville Farm Parts & Tyres Ltd,Welding rods / steel,457.09,105.13,562.22,11/08/2018,EUR,,invoice,,IE3017449G,D02623
CFP18-0020,12/07/2018,Charleville Farm Parts & Tyres Ltd,Tractor service parts,425.19,97.79,522.98,11/08/2018,EUR,,invoice,,IE3017449G,D02633
CFP18-0022,18/07/2018,Charleville Farm Parts & Tyres Ltd,Tractor service parts,441.00,101.43,542.43,17/08/2018,EUR,,invoice,,IE3017449G,D02635
HF18-0006,22/07/2018,Cork Hoof Care Services,Hoof trimming / footbaths,570.02,131.10,701.12,21/08/2018,EUR,,invoice,,IE1248259R,D02689
LV18-0018,23/07/2018,Lisheen Veterinary Clinic,Vaccines (BVD/IBR/lepto),723.92,166.50,890.42,22/08/2018,EUR,,invoice,,IE3593885U,D02553
LAC18-0004,25/07/2018,Lyons Agri Contracting Ltd,Slurry spreading (trailing shoe),1798.81,242.84,2041.65,24/08/2018,EUR,,invoice,,IE9219903D,D02595
CL-201807,31/07/2018,Slieve Dairy Co-Operative Society Ltd,"Co-op haulage, milk testing, levies Jul 2018",868.13,199.67,1067.80,31/07/2018,EUR,deducted from MS-201807,invoice,,IE9462300P,D00306
CS18-0017,02/08/2018,Slieve Dairy Co-Op Farm Stores,18-6-12 compound bulk spread,6489.04,876.02,7365.06,01/09/2018,EUR,netted off milk payment,invoice,,IE8007456W,D02535
LV18-0030,02/08/2018,Lisheen Veterinary Clinic,Fertility scanning,641.96,147.65,789.61,01/09/2018,EUR,,invoice,,IE3593885U,D02565
LAC18-0008,02/08/2018,Lyons Agri Contracting Ltd,Baling + wrapping,1613.70,217.85,1831.55,01/09/2018,EUR,,invoice,,IE9219903D,D02599
HT18-0008,03/08/2018,HerdTrack Software Ltd,Herd management subscription,88.00,20.24,108.24,02/09/2018,EUR,,invoice,,IE6323212L,D02714
BF18-0005,06/08/2018,Ballyhoura Fuels Ltd,"Marked gas oil, bulk delivery",2149.88,290.23,2440.11,05/09/2018,EUR,,invoice,,IE4197223U,D02607
CFP18-0033,06/08/2018,Charleville Farm Parts & Tyres Ltd,Tyres and tubes,305.37,70.24,375.61,05/09/2018,EUR,,invoice,,IE3017449G,D02646
CFP18-0031,08/08/2018,Charleville Farm Parts & Tyres Ltd,Mower blades,235.12,54.08,289.20,07/09/2018,EUR,,invoice,,IE3017449G,D02644
ES18-0008,08/08/2018,ESB Electric Supply,Electricity Aug 2018 (farm + house meter),1410.73,190.45,1601.18,07/09/2018,EUR,,invoice,,IE4752023D,D02712
CFP18-0024,10/08/2018,Charleville Farm Parts & Tyres Ltd,Tyres and tubes,294.78,67.80,362.58,09/09/2018,EUR,,invoice,,IE3017449G,D02637
CFP18-0042,12/08/2018,Charleville Farm Parts & Tyres Ltd,Parlour liners,314.12,72.25,386.37,11/09/2018,EUR,,invoice,,IE3017449G,D02655
VF18-0008,12/08/2018,Vodafone Ireland,Mobile and broadband,169.46,38.98,208.44,11/09/2018,EUR,,invoice,,IE8398493D,D02713
LV18-0035,16/08/2018,Lisheen Veterinary Clinic,Mastitis treatments,758.96,174.56,933.52,15/09/2018,EUR,,invoice,,IE3593885U,D02570
AW18-0002,18/08/2018,AgriWrap Plastics Ltd,"Silage plastic, bale net, twine",852.21,196.01,1048.22,17/09/2018,EUR,,invoice,,IE7984856V,D02681
LV18-0007,19/08/2018,Lisheen Veterinary Clinic,Vaccines (BVD/IBR/lepto),475.60,109.39,584.99,18/09/2018,EUR,,invoice,,IE3593885U,D02542
CFP18-0032,20/08/2018,Charleville Farm Parts & Tyres Ltd,Tractor service parts,371.04,85.34,456.38,19/09/2018,EUR,,invoice,,IE3017449G,D02645
LAC18-0001,22/08/2018,Lyons Agri Contracting Ltd,Silage harvesting (1st cut),3835.26,517.76,4353.02,21/09/2018,EUR,,invoice,,IE9219903D,D02592
BF18-0004,27/08/2018,Ballyhoura Fuels Ltd,"Marked gas oil, bulk delivery",979.18,132.19,1111.37,26/09/2018,EUR,,invoice,,IE4197223U,D02606
CL-201808,31/08/2018,Slieve Dairy Co-Operative Society Ltd,"Co-op haulage, milk testing, levies Aug 2018",811.98,186.76,998.74,31/08/2018,EUR,deducted from MS-201808,invoice,,IE9462300P,D00308
DHS18-0006,02/09/2018,Dairy Hygiene Supplies Ltd,"Parlour detergents, teat dip, filter socks",350.74,80.67,431.41,02/10/2018,EUR,,invoice,,IE1520123Q,D02667
HT18-0009,02/09/2018,HerdTrack Software Ltd,Herd management subscription,88.00,20.24,108.24,02/10/2018,EUR,,invoice,,IE6323212L,D02717
LV18-0043,05/09/2018,Lisheen Veterinary Clinic,Calving assistance,738.66,169.89,908.55,05/10/2018,EUR,,invoice,,IE3593885U,D02578
ES18-0009,08/09/2018,ESB Electric Supply,Electricity Sep 2018 (farm + house meter),1601.03,216.14,1817.17,08/10/2018,EUR,,invoice,,IE4752023D,D02715
BF18-0002,10/09/2018,Ballyhoura Fuels Ltd,"Marked gas oil, bulk delivery",915.53,123.60,1039.13,10/10/2018,EUR,,invoice,,IE4197223U,D02604
VF18-0009,10/09/2018,Vodafone Ireland,Mobile and broadband,160.52,36.92,197.44,10/10/2018,EUR,,invoice,,IE8398493D,D02716
CFP18-0001,14/09/2018,Charleville Farm Parts & Tyres Ltd,Tractor service parts,310.29,71.37,381.66,14/10/2018,EUR,,invoice,,IE3017449G,D02614
DHS18-0012,15/09/2018,Dairy Hygiene Supplies Ltd,"Parlour detergents, teat dip, filter socks",608.03,139.85,747.88,15/10/2018,EUR,,invoice,,IE1520123Q,D02673
CFP18-0019,16/09/2018,Charleville Farm Parts & Tyres Ltd,Tyres and tubes,481.56,110.76,592.32,16/10/2018,EUR,,invoice,,IE3017449G,D02632
LD18-0007,17/09/2018,Kilbeg Livestock Mart Ltd,Mart commission and levies on LD-18-8277,501.36,115.31,616.67,17/09/2018,EUR,LD-18-8277,invoice,,IE6958430T,D04701
CS18-0006,19/09/2018,Slieve Dairy Co-Op Farm Stores,Dairy ration 18% nuts - 5.8 t,2413.63,0.00,2413.63,19/10/2018,EUR,netted off milk payment,invoice,,IE8007456W,D02517
DHS18-0005,19/09/2018,Dairy Hygiene Supplies Ltd,"Parlour detergents, teat dip, filter socks",504.60,116.06,620.66,19/10/2018,EUR,,invoice,,IE1520123Q,D02666
CFP18-0018,21/09/2018,Charleville Farm Parts & Tyres Ltd,Hydraulic hoses,477.20,109.76,586.96,21/10/2018,EUR,,invoice,,IE3017449G,D02631
YD18-0002,21/09/2018,Yorkshire Dairy Spares Ltd,Spare parts for milking equipment (shipped from UK),420.79,0.00,420.79,21/10/2018,GBP,,invoice,,IE4330472S,D05156
AW18-0003,22/09/2018,AgriWrap Plastics Ltd,"Silage plastic, bale net, twine",714.25,164.28,878.53,22/10/2018,EUR,,invoice,,IE7984856V,D02682
CS18-0010,25/09/2018,Slieve Dairy Co-Op Farm Stores,Dairy ration 16% bulk - 6.9 t,2897.54,0.00,2897.54,25/10/2018,EUR,netted off milk payment,invoice,,IE8007456W,D02525
LV18-0024,26/09/2018,Lisheen Veterinary Clinic,Calving assistance,564.36,129.80,694.16,26/10/2018,EUR,,invoice,,IE3593885U,D02559
LV18-0020,27/09/2018,Lisheen Veterinary Clinic,Calving assistance,639.05,146.98,786.03,27/10/2018,EUR,,invoice,,IE3593885U,D02555
CL-201809,30/09/2018,Slieve Dairy Co-Operative Society Ltd,"Co-op haulage, milk testing, levies Sep 2018",658.05,151.35,809.40,30/09/2018,EUR,deducted from MS-201809,invoice,,IE9462300P,D00310
CFP18-0011,02/10/2018,Charleville Farm Parts & Tyres Ltd,Hydraulic hoses,338.40,77.83,416.23,01/11/2018,EUR,,invoice,,IE3017449G,D02624
HT18-0010,02/10/2018,HerdTrack Software Ltd,Herd management subscription,88.00,20.24,108.24,01/11/2018,EUR,,invoice,,IE6323212L,D02720
HF18-0007,03/10/2018,Cork Hoof Care Services,Hoof trimming / footbaths,606.24,139.44,745.68,02/11/2018,EUR,,invoice,,IE1248259R,D02690
ES18-0010,03/10/2018,ESB Electric Supply,Electricity Oct 2018 (farm + house meter),1453.50,196.22,1649.72,02/11/2018,EUR,,invoice,,IE4752023D,D02718
BF18-0008,05/10/2018,Ballyhoura Fuels Ltd,"Marked gas oil, bulk delivery",1671.76,225.69,1897.45,04/11/2018,EUR,,invoice,,IE4197223U,D02610
LV18-0039,06/10/2018,Lisheen Veterinary Clinic,Dry cow therapy / sealers,529.72,121.84,651.56,05/11/2018,EUR,,invoice,,IE3593885U,D02574
HF18-0003,06/10/2018,Cork Hoof Care Services,Hoof trimming / footbaths,597.76,137.48,735.24,05/11/2018,EUR,,invoice,,IE1248259R,D02686
OB18-0002,08/10/2018,O'Brien Plant Hire Ltd,Silage harvesting (1st cut),1848.74,249.58,2098.32,07/11/2018,EUR,,invoice,,IE9729960P,D02600
CFP18-0004,10/10/2018,Charleville Farm Parts & Tyres Ltd,Tyres and tubes,223.59,51.43,275.02,09/11/2018,EUR,,invoice,,IE3017449G,D02617
LV18-0021,11/10/2018,Lisheen Veterinary Clinic,Dry cow therapy / sealers,658.32,151.41,809.73,10/11/2018,EUR,,invoice,,IE3593885U,D02556
VF18-0010,11/10/2018,Vodafone Ireland,Mobile and broadband,158.60,36.48,195.08,10/11/2018,EUR,,invoice,,IE8398493D,D02719
LV18-0003,12/10/2018,Lisheen Veterinary Clinic,Mastitis treatments,307.62,70.75,378.37,11/11/2018,EUR,,invoice,,IE3593885U,D02538
CS18-0005,14/10/2018,Slieve Dairy Co-Op Farm Stores,Dairy ration 16% bulk - 6.8 t,2829.27,0.00,2829.27,13/11/2018,EUR,netted off milk payment,invoice,,IE8007456W,D02515
DHS18-0015,14/10/2018,Dairy Hygiene Supplies Ltd,"Parlour detergents, teat dip, filter socks",453.82,104.38,558.20,13/11/2018,EUR,,invoice,,IE1520123Q,D02676
GF18-0004,15/10/2018,Glenfern Feeds Ltd,Maize meal / soya hulls blend - 12.3 t,5142.39,0.00,5142.39,14/11/2018,EUR,,invoice,,IE8573822O,D02507
CS18-0008,15/10/2018,Slieve Dairy Co-Op Farm Stores,Maize meal / soya hulls blend - 11.7 t,4891.06,0.00,4891.06,14/11/2018,EUR,netted off milk payment,invoice,,IE8007456W,D02521
LD18-0009,15/10/2018,Kilbeg Livestock Mart Ltd,Mart commission and levies on LD-18-2553,753.00,173.19,926.19,15/10/2018,EUR,LD-18-2553,invoice,,IE6958430T,D04708
CS18-0011,16/10/2018,Slieve Dairy Co-Op Farm Stores,Calf starter + milk replacer - 11.3 t,4730.18,0.00,4730.18,15/11/2018,EUR,netted off milk payment,invoice,,IE8007456W,D02528
BF18-0007,19/10/2018,Ballyhoura Fuels Ltd,"Marked gas oil, bulk delivery",2046.68,276.30,2322.98,18/11/2018,EUR,,invoice,,IE4197223U,D02609
LV18-0013,21/10/2018,Lisheen Veterinary Clinic,Dry cow therapy / sealers,671.36,154.41,825.77,20/11/2018,EUR,,invoice,,IE3593885U,D02548
CFP18-0039,23/10/2018,Charleville Farm Parts & Tyres Ltd,Tractor service parts,352.81,81.15,433.96,22/11/2018,EUR,,invoice,,IE3017449G,D02652
GF18-0011,24/10/2018,Glenfern Feeds Ltd,Mineral supplement - 9.3 t,3907.12,0.00,3907.12,23/11/2018,EUR,,invoice,,IE8573822O,D02522
CS18-0001,25/10/2018,Slieve Dairy Co-Op Farm Stores,Dairy ration 18% nuts - 5.5 t,2303.46,0.00,2303.46,24/11/2018,EUR,netted off milk payment,invoice,,IE8007456W,D02510
DHS18-0018,25/10/2018,Dairy Hygiene Supplies Ltd,"Parlour detergents, teat dip, filter socks",529.42,121.77,651.19,24/11/2018,EUR,,invoice,,IE1520123Q,D02679
LD18-0008,25/10/2018,Kilbeg Livestock Mart Ltd,Mart commission and levies on LD-18-5826,537.89,123.71,661.60,25/10/2018,EUR,LD-18-5826,invoice,,IE6958430T,D04705
YD18-0001,26/10/2018,Yorkshire Dairy Spares Ltd,Spare parts for milking equipment (shipped from UK),668.18,0.00,668.18,25/11/2018,GBP,,invoice,,IE4330472S,D05155
CL-201810,31/10/2018,Slieve Dairy Co-Operative Society Ltd,"Co-op haulage, milk testing, levies Oct 2018",433.35,99.67,533.02,31/10/2018,EUR,deducted from MS-201810,invoice,,IE9462300P,D00312
CFP18-0045,01/11/2018,Charleville Farm Parts & Tyres Ltd,Gate and fencing repairs,324.62,74.66,399.28,01/12/2018,EUR,,invoice,,IE3017449G,D02658
DHS18-0001,01/11/2018,Dairy Hygiene Supplies Ltd,"Parlour detergents, teat dip, filter socks",445.06,102.36,547.42,01/12/2018,EUR,,invoice,,IE1520123Q,D02662
HT18-0011,02/11/2018,HerdTrack Software Ltd,Herd management subscription,88.00,20.24,108.24,02/12/2018,EUR,,invoice,,IE6323212L,D02723
BF18-0009,03/11/2018,Ballyhoura Fuels Ltd,"Marked gas oil, bulk delivery",1456.01,196.56,1652.57,03/12/2018,EUR,,invoice,,IE4197223U,D02611
HF18-0005,06/11/2018,Cork Hoof Care Services,Hoof trimming / footbaths,864.93,198.93,1063.86,06/12/2018,EUR,,invoice,,IE1248259R,D02688
HF18-0002,07/11/2018,Cork Hoof Care Services,Hoof trimming / footbaths,446.43,102.68,549.11,07/12/2018,EUR,,invoice,,IE1248259R,D02685
CS18-0003,09/11/2018,Slieve Dairy Co-Op Farm Stores,Mineral supplement - 5.9 t,2470.97,0.00,2470.97,09/12/2018,EUR,netted off milk payment,invoice,,IE8007456W,D02512
LV18-0044,09/11/2018,Lisheen Veterinary Clinic,Dry cow therapy / sealers,781.98,179.86,961.84,09/12/2018,EUR,,invoice,,IE3593885U,D02579
ES18-0011,09/11/2018,ESB Electric Supply,Electricity Nov 2018 (farm + house meter),1273.82,171.97,1445.79,09/12/2018,EUR,,invoice,,IE4752023D,D02721
DHS18-0016,11/11/2018,Dairy Hygiene Supplies Ltd,"Parlour detergents, teat dip, filter socks",578.51,133.06,711.57,11/12/2018,EUR,,invoice,,IE1520123Q,D02677
VF18-0011,11/11/2018,Vodafone Ireland,Mobile and broadband,158.24,36.40,194.64,11/12/2018,EUR,,invoice,,IE8398493D,D02722
LV18-0019,12/11/2018,Lisheen Veterinary Clinic,Vaccines (BVD/IBR/lepto),584.10,134.34,718.44,12/12/2018,EUR,,invoice,,IE3593885U,D02554
CFP18-0003,17/11/2018,Charleville Farm Parts & Tyres Ltd,Welding rods / steel,405.09,93.17,498.26,17/12/2018,EUR,,invoice,,IE3017449G,D02616
CFP18-0044,17/11/2018,Charleville Farm Parts & Tyres Ltd,Parlour liners,361.62,83.17,444.79,17/12/2018,EUR,,invoice,,IE3017449G,D02657
LV18-0042,18/11/2018,Lisheen Veterinary Clinic,Herd health visit + drugs,549.57,126.40,675.97,18/12/2018,EUR,,invoice,,IE3593885U,D02577
LV18-0014,19/11/2018,Lisheen Veterinary Clinic,Mastitis treatments,672.68,154.72,827.40,19/12/2018,EUR,,invoice,,IE3593885U,D02549
DOC18-0001,20/11/2018,"T. Buckley (landlord, conacre)",Conacre rent 2018: 70 acres @ 330/acre,23100.00,0.00,23100.00,20/12/2018,EUR,,rent_receipt,,,D02731
HF18-0001,25/11/2018,Cork Hoof Care Services,Hoof trimming / footbaths,628.58,144.57,773.15,25/12/2018,EUR,,invoice,,IE1248259R,D02684
CS18-0004,27/11/2018,Slieve Dairy Co-Op Farm Stores,Maize meal / soya hulls blend - 8.0 t,3361.26,0.00,3361.26,27/12/2018,EUR,netted off milk payment,invoice,,IE8007456W,D02514
MR18-0001,27/11/2018,Munster Rendering Ltd,Fallen animal collection,156.80,36.06,192.86,27/12/2018,EUR,,invoice,,IE4033776E,D04686
GF18-0002,28/11/2018,Glenfern Feeds Ltd,Dairy ration 18% nuts - 12.9 t,5411.32,0.00,5411.32,28/12/2018,EUR,,invoice,,IE8573822O,D02505
LV18-0010,28/11/2018,Lisheen Veterinary Clinic,Fertility scanning,291.28,66.99,358.27,28/12/2018,EUR,,invoice,,IE3593885U,D02545
CL-201811,30/11/2018,Slieve Dairy Co-Operative Society Ltd,"Co-op haulage, milk testing, levies Nov 2018",248.17,57.08,305.25,30/11/2018,EUR,deducted from MS-201811,invoice,,IE9462300P,D00314
DHS18-0009,01/12/2018,Dairy Hygiene Supplies Ltd,"Parlour detergents, teat dip, filter socks",459.67,105.72,565.39,31/12/2018,EUR,,invoice,,IE1520123Q,D02670
HT18-0012,03/12/2018,HerdTrack Software Ltd,Herd management subscription,88.00,20.24,108.24,02/01/2019,EUR,,invoice,,IE6323212L,D02726
ES18-0012,04/12/2018,ESB Electric Supply,Electricity Dec 2018 (farm + house meter),1563.69,211.10,1774.79,03/01/2019,EUR,,invoice,,IE4752023D,D02724
CFP18-0017,07/12/2018,Charleville Farm Parts & Tyres Ltd,Tyres and tubes,445.57,102.48,548.05,06/01/2019,EUR,,invoice,,IE3017449G,D02630
CFP18-0046,10/12/2018,Charleville Farm Parts & Tyres Ltd,Mower blades,241.58,55.56,297.14,09/01/2019,EUR,,invoice,,IE3017449G,D02659
GF18-0012,12/12/2018,Glenfern Feeds Ltd,Maize meal / soya hulls blend - 6.0 t,2519.68,0.00,2519.68,11/01/2019,EUR,,invoice,,IE8573822O,D02523
CFP18-0027,12/12/2018,Charleville Farm Parts & Tyres Ltd,Hydraulic hoses,211.59,48.67,260.26,11/01/2019,EUR,,invoice,,IE3017449G,D02640
CFP18-0041,12/12/2018,Charleville Farm Parts & Tyres Ltd,Welding rods / steel,537.89,123.71,661.60,11/01/2019,EUR,,invoice,,IE3017449G,D02654
VF18-0012,12/12/2018,Vodafone Ireland,Mobile and broadband,175.92,40.46,216.38,11/01/2019,EUR,,invoice,,IE8398493D,D02725
LV18-0008,13/12/2018,Lisheen Veterinary Clinic,Vaccines (BVD/IBR/lepto),714.06,164.23,878.29,12/01/2019,EUR,,invoice,,IE3593885U,D02543
CFP18-0006,15/12/2018,Charleville Farm Parts & Tyres Ltd,Tractor service parts,507.99,116.84,624.83,14/01/2019,EUR,,invoice,,IE3017449G,D02619
LV18-0015,18/12/2018,Lisheen Veterinary Clinic,Mastitis treatments,751.31,172.80,924.11,17/01/2019,EUR,,invoice,,IE3593885U,D02550
BF18-0011,21/12/2018,Ballyhoura Fuels Ltd,"Marked gas oil, bulk delivery",1213.20,163.78,1376.98,20/01/2019,EUR,,invoice,,IE4197223U,D02613
DHS18-0008,24/12/2018,Dairy Hygiene Supplies Ltd,"Parlour detergents, teat dip, filter socks",260.36,59.88,320.24,23/01/2019,EUR,,invoice,,IE1520123Q,D02669
CL-201812,31/12/2018,Slieve Dairy Co-Operative Society Ltd,"Co-op haulage, milk testing, levies Dec 2018",117.89,27.11,145.00,31/12/2018,EUR,deducted from MS-201812,invoice,,IE9462300P,D00316
LV19-0038,01/01/2019,Lisheen Veterinary Clinic,Fertility scanning,717.54,165.03,882.57,31/01/2019,EUR,,invoice,,IE3593885U,D02795
GF19-0006,03/01/2019,Glenfern Feeds Ltd,Mineral supplement - 5.7 t,2152.00,0.00,2152.00,02/02/2019,EUR,,invoice,,IE8573822O,D02738
HT19-0001,03/01/2019,HerdTrack Software Ltd,Herd management subscription,88.00,20.24,108.24,02/02/2019,EUR,,invoice,,IE6323212L,D02916
ES19-0001,07/01/2019,ESB Electric Supply,Electricity Jan 2019 (farm + house meter),1514.17,204.41,1718.58,06/02/2019,EUR,,invoice,,IE4752023D,D02914
VF19-0001,10/01/2019,Vodafone Ireland,Mobile and broadband,167.63,38.55,206.18,09/02/2019,EUR,,invoice,,IE8398493D,D02915
LV19-0007,11/01/2019,Lisheen Veterinary Clinic,Herd health visit + drugs,763.60,175.63,939.23,10/02/2019,EUR,,invoice,,IE3593885U,D02764
CFP19-0038,12/01/2019,Charleville Farm Parts & Tyres Ltd,Gate and fencing repairs,474.75,109.19,583.94,11/02/2019,EUR,,invoice,,IE3017449G,D02874
DHS19-0001,12/01/2019,Dairy Hygiene Supplies Ltd,"Parlour detergents, teat dip, filter socks",575.76,132.42,708.18,11/02/2019,EUR,,invoice,,IE1520123Q,D02885
CS19-0007,14/01/2019,Slieve Dairy Co-Op Farm Stores,Maize meal / soya hulls blend - 8.7 t,3259.69,0.00,3259.69,13/02/2019,EUR,netted off milk payment,invoice,,IE8007456W,D02750
LV19-0014,14/01/2019,Lisheen Veterinary Clinic,Herd health visit + drugs,642.80,147.84,790.64,13/02/2019,EUR,,invoice,,IE3593885U,D02771
CFP19-0034,14/01/2019,Charleville Farm Parts & Tyres Ltd,Hydraulic hoses,283.28,65.15,348.43,13/02/2019,EUR,,invoice,,IE3017449G,D02870
HF19-0006,18/01/2019,Cork Hoof Care Services,Hoof trimming / footbaths,896.38,206.17,1102.55,17/02/2019,EUR,,invoice,,IE1248259R,D02912
DHS19-0010,22/01/2019,Dairy Hygiene Supplies Ltd,"Parlour detergents, teat dip, filter socks",495.04,113.86,608.90,21/02/2019,EUR,,invoice,,IE1520123Q,D02894
CFP19-0012,25/01/2019,Charleville Farm Parts & Tyres Ltd,Hydraulic hoses,514.11,118.25,632.36,24/02/2019,EUR,,invoice,,IE3017449G,D02848
GF19-0001,28/01/2019,Glenfern Feeds Ltd,Maize meal / soya hulls blend - 6.1 t,2285.55,0.00,2285.55,27/02/2019,EUR,,invoice,,IE8573822O,D02732
DHS19-0018,28/01/2019,Dairy Hygiene Supplies Ltd,"Parlour detergents, teat dip, filter socks",626.50,144.10,770.60,27/02/2019,EUR,,invoice,,IE1520123Q,D02902
CL-201901,31/01/2019,Slieve Dairy Co-Operative Society Ltd,"Co-op haulage, milk testing, levies Jan 2019",185.66,42.70,228.36,31/01/2019,EUR,deducted from MS-201901,invoice,,IE9462300P,D00318
HT19-0002,02/02/2019,HerdTrack Software Ltd,Herd management subscription,88.00,20.24,108.24,04/03/2019,EUR,,invoice,,IE6323212L,D02919
LV19-0010,03/02/2019,Lisheen Veterinary Clinic,Herd health visit + drugs,540.93,124.41,665.34,05/03/2019,EUR,,invoice,,IE3593885U,D02767
YD19-0002,03/02/2019,Yorkshire Dairy Spares Ltd,Spare parts for milking equipment (shipped from UK),280.70,0.00,280.70,05/03/2019,GBP,,invoice,,IE4330472S,D05158
OB19-0004,04/02/2019,O'Brien Plant Hire Ltd,Silage harvesting (2nd cut),1835.97,247.86,2083.83,06/03/2019,EUR,,invoice,,IE9729960P,D02820
ES19-0002,06/02/2019,ESB Electric Supply,Electricity Feb 2019 (farm + house meter),1569.25,211.85,1781.10,08/03/2019,EUR,,invoice,,IE4752023D,D02917
CS19-0006,08/02/2019,Slieve Dairy Co-Op Farm Stores,Dairy ration 16% bulk - 12.9 t,4868.04,0.00,4868.04,10/03/2019,EUR,netted off milk payment,invoice,,IE8007456W,D02747
LV19-0015,09/02/2019,Lisheen Veterinary Clinic,Dry cow therapy / sealers,666.70,153.34,820.04,11/03/2019,EUR,,invoice,,IE3593885U,D02772
CS19-0009,12/02/2019,Slieve Dairy Co-Op Farm Stores,18-6-12 compound bulk spread,6359.86,858.58,7218.44,14/03/2019,EUR,netted off milk payment,invoice,,IE8007456W,D02754
VF19-0002,12/02/2019,Vodafone Ireland,Mobile and broadband,158.18,36.38,194.56,14/03/2019,EUR,,invoice,,IE8398493D,D02918
MFI19-0001,13/02/2019,Munster Farm Insurance Ltd,"Farm policy renewal (buildings, liability, machinery, employer liability)",10768.84,0.00,10768.84,15/03/2019,EUR,,invoice,,,D02950
GF19-0004,17/02/2019,Glenfern Feeds Ltd,Mineral supplement - 10.6 t,3992.17,0.00,3992.17,19/03/2019,EUR,,invoice,,IE8573822O,D02735
CFP19-0041,20/02/2019,Charleville Farm Parts & Tyres Ltd,Welding rods / steel,351.14,80.76,431.90,22/03/2019,EUR,,invoice,,IE3017449G,D02877
CS19-0005,22/02/2019,Slieve Dairy Co-Op Farm Stores,Maize meal / soya hulls blend - 9.1 t,3417.65,0.00,3417.65,24/03/2019,EUR,netted off milk payment,invoice,,IE8007456W,D02746
GF19-0008,24/02/2019,Glenfern Feeds Ltd,Dairy ration 16% bulk - 9.5 t,3584.06,0.00,3584.06,26/03/2019,EUR,,invoice,,IE8573822O,D02741
GF19-0003,26/02/2019,Glenfern Feeds Ltd,Calf starter + milk replacer - 7.1 t,2674.68,0.00,2674.68,28/03/2019,EUR,,invoice,,IE8573822O,D02734
CL-201902,28/02/2019,Slieve Dairy Co-Operative Society Ltd,"Co-op haulage, milk testing, levies Feb 2019",438.55,100.87,539.42,28/02/2019,EUR,deducted from MS-201902,invoice,,IE9462300P,D00320
LV19-0011,01/03/2019,Lisheen Veterinary Clinic,Dry cow therapy / sealers,437.06,100.52,537.58,31/03/2019,EUR,,invoice,,IE3593885U,D02768
CFP19-0040,01/03/2019,Charleville Farm Parts & Tyres Ltd,Mower blades,240.21,55.25,295.46,31/03/2019,EUR,,invoice,,IE3017449G,D02876
HT19-0003,01/03/2019,HerdTrack Software Ltd,Herd management subscription,88.00,20.24,108.24,31/03/2019,EUR,,invoice,,IE6323212L,D02922
LV19-0013,04/03/2019,Lisheen Veterinary Clinic,Fertility scanning,381.21,87.68,468.89,03/04/2019,EUR,,invoice,,IE3593885U,D02770
DT19-0001,04/03/2019,DairyTech Milking Systems Ltd,"Automatic calf feeder, 2 stations, with software",16500.00,3795.00,20295.00,03/04/2019,EUR,,invoice,,IE7122550D,D05109
LV19-0024,05/03/2019,Lisheen Veterinary Clinic,Dry cow therapy / sealers,408.04,93.85,501.89,04/04/2019,EUR,,invoice,,IE3593885U,D02781
ES19-0003,08/03/2019,ESB Electric Supply,Electricity Mar 2019 (farm + house meter),1654.27,223.33,1877.60,07/04/2019,EUR,,invoice,,IE4752023D,D02920
SG19-0009,10/03/2019,Southern Genetics Co-Op,Semen straws + AI technician service,612.08,140.78,752.86,09/04/2019,EUR,,invoice,,IE2815241Q,D02810
CFP19-0009,10/03/2019,Charleville Farm Parts & Tyres Ltd,Tractor service parts,515.61,118.59,634.20,09/04/2019,EUR,,invoice,,IE3017449G,D02845
VF19-0003,11/03/2019,Vodafone Ireland,Mobile and broadband,175.54,40.37,215.91,10/04/2019,EUR,,invoice,,IE8398493D,D02921
LV19-0004,13/03/2019,Lisheen Veterinary Clinic,Herd health visit + drugs,552.41,127.05,679.46,12/04/2019,EUR,,invoice,,IE3593885U,D02761
LV19-0034,13/03/2019,Lisheen Veterinary Clinic,Fertility scanning,405.26,93.21,498.47,12/04/2019,EUR,,invoice,,IE3593885U,D02791
HC19-0001,13/03/2019,Hegarty & Co Farm Accountants,"Accounts, tax returns and payroll year 2018",3118.80,717.32,3836.12,12/04/2019,EUR,,invoice,,IE6025428V,D02951
LD19-0001,13/03/2019,Kilbeg Livestock Mart Ltd,Mart commission and levies on LD-19-9083,153.14,35.22,188.36,13/03/2019,EUR,LD-19-9083,invoice,,IE6958430T,D04713
DHS19-0014,15/03/2019,Dairy Hygiene Supplies Ltd,"Parlour detergents, teat dip, filter socks",585.98,134.78,720.76,14/04/2019,EUR,,invoice,,IE1520123Q,D02898
DHS19-0005,18/03/2019,Dairy Hygiene Supplies Ltd,"Parlour detergents, teat dip, filter socks",474.13,109.05,583.18,17/04/2019,EUR,,invoice,,IE1520123Q,D02889
LV19-0037,22/03/2019,Lisheen Veterinary Clinic,Mastitis treatments,569.98,131.10,701.08,21/04/2019,EUR,,invoice,,IE3593885U,D02794
LD19-0002,22/03/2019,Kilbeg Livestock Mart Ltd,Mart commission and levies on LD-19-9803,146.83,33.77,180.60,22/03/2019,EUR,LD-19-9803,invoice,,IE6958430T,D04715
GF19-0007,23/03/2019,Glenfern Feeds Ltd,Calf starter + milk replacer - 9.8 t,3678.93,0.00,3678.93,22/04/2019,EUR,,invoice,,IE8573822O,D02739
OB19-0001,28/03/2019,O'Brien Plant Hire Ltd,Slurry spreading (trailing shoe),2020.61,272.78,2293.39,27/04/2019,EUR,,invoice,,IE9729960P,D02814
CL-201903,31/03/2019,Slieve Dairy Co-Operative Society Ltd,"Co-op haulage, milk testing, levies Mar 2019",788.95,181.46,970.41,31/03/2019,EUR,deducted from MS-201903,invoice,,IE9462300P,D00322
CFP19-0021,01/04/2019,Charleville Farm Parts & Tyres Ltd,Tractor service parts,298.88,68.74,367.62,01/05/2019,EUR,,invoice,,IE3017449G,D02857
LD19-0003,02/04/2019,Kilbeg Livestock Mart Ltd,Mart commission and levies on LD-19-4931,153.65,35.34,188.99,02/04/2019,EUR,LD-19-4931,invoice,,IE6958430T,D04717
HT19-0004,03/04/2019,HerdTrack Software Ltd,Herd management subscription,88.00,20.24,108.24,03/05/2019,EUR,,invoice,,IE6323212L,D02925
CFP19-0026,04/04/2019,Charleville Farm Parts & Tyres Ltd,Mower blades,368.68,84.80,453.48,04/05/2019,EUR,,invoice,,IE3017449G,D02862
ES19-0004,04/04/2019,ESB Electric Supply,Electricity Apr 2019 (farm + house meter),1267.19,171.07,1438.26,04/05/2019,EUR,,invoice,,IE4752023D,D02923
CFP19-0035,05/04/2019,Charleville Farm Parts & Tyres Ltd,Gate and fencing repairs,531.42,122.23,653.65,05/05/2019,EUR,,invoice,,IE3017449G,D02871
BF19-0001,09/04/2019,Ballyhoura Fuels Ltd,"Marked gas oil, bulk delivery",1003.39,135.46,1138.85,09/05/2019,EUR,,invoice,,IE4197223U,D02825
VF19-0004,10/04/2019,Vodafone Ireland,Mobile and broadband,160.13,36.83,196.96,10/05/2019,EUR,,invoice,,IE8398493D,D02924
BF19-0002,11/04/2019,Ballyhoura Fuels Ltd,"Marked gas oil, bulk delivery",1697.43,229.15,1926.58,11/05/2019,EUR,,invoice,,IE4197223U,D02826
CS19-0004,13/04/2019,Slieve Dairy Co-Op Farm Stores,Calf starter + milk replacer - 13.0 t,4893.93,0.00,4893.93,13/05/2019,EUR,netted off milk payment,invoice,,IE8007456W,D02744
LV19-0028,14/04/2019,Lisheen Veterinary Clinic,Dry cow therapy / sealers,594.91,136.83,731.74,14/05/2019,EUR,,invoice,,IE3593885U,D02785
CFP19-0010,15/04/2019,Charleville Farm Parts & Tyres Ltd,Tractor service parts,317.79,73.09,390.88,15/05/2019,EUR,,invoice,,IE3017449G,D02846
LD19-0004,15/04/2019,Kilbeg Livestock Mart Ltd,Mart commission and levies on LD-19-4810,156.40,35.97,192.37,15/04/2019,EUR,LD-19-4810,invoice,,IE6958430T,D04719
LV19-0040,17/04/2019,Lisheen Veterinary Clinic,Dry cow therapy / sealers,481.57,110.76,592.33,17/05/2019,EUR,,invoice,,IE3593885U,D02797
LD19-0005,23/04/2019,Kilbeg Livestock Mart Ltd,Mart commission and levies on LD-19-4412,147.91,34.02,181.93,23/04/2019,EUR,LD-19-4412,invoice,,IE6958430T,D04721
LV19-0006,24/04/2019,Lisheen Veterinary Clinic,Herd health visit + drugs,611.91,140.74,752.65,24/05/2019,EUR,,invoice,,IE3593885U,D02763
SG19-0010,24/04/2019,Southern Genetics Co-Op,Semen straws + AI technician service,864.55,198.85,1063.40,24/05/2019,EUR,,invoice,,IE2815241Q,D02811
LV19-0043,25/04/2019,Lisheen Veterinary Clinic,Dry cow therapy / sealers,650.62,149.64,800.26,25/05/2019,EUR,,invoice,,IE3593885U,D02800
SG19-0006,25/04/2019,Southern Genetics Co-Op,Semen straws + AI technician service,885.79,203.73,1089.52,25/05/2019,EUR,,invoice,,IE2815241Q,D02807
SG19-0007,28/04/2019,Southern Genetics Co-Op,Semen straws + AI technician service,456.46,104.99,561.45,28/05/2019,EUR,,invoice,,IE2815241Q,D02808
CL-201904,30/04/2019,Slieve Dairy Co-Operative Society Ltd,"Co-op haulage, milk testing, levies Apr 2019",1098.25,252.60,1350.85,30/04/2019,EUR,deducted from MS-201904,invoice,,IE9462300P,D00324
LV19-0029,03/05/2019,Lisheen Veterinary Clinic,Mastitis treatments,413.67,95.14,508.81,02/06/2019,EUR,,invoice,,IE3593885U,D02786
CFP19-0029,03/05/2019,Charleville Farm Parts & Tyres Ltd,Welding rods / steel,392.38,90.25,482.63,02/06/2019,EUR,,invoice,,IE3017449G,D02865
HT19-0005,03/05/2019,HerdTrack Software Ltd,Herd management subscription,88.00,20.24,108.24,02/06/2019,EUR,,invoice,,IE6323212L,D02928
LV19-0008,04/05/2019,Lisheen Veterinary Clinic,Fertility scanning,422.86,97.26,520.12,03/06/2019,EUR,,invoice,,IE3593885U,D02765
SG19-0001,04/05/2019,Southern Genetics Co-Op,Semen straws + AI technician service,846.83,194.77,1041.60,03/06/2019,EUR,,invoice,,IE2815241Q,D02802
LAC19-0002,04/05/2019,Lyons Agri Contracting Ltd,Baling + wrapping,1534.05,207.10,1741.15,03/06/2019,EUR,,invoice,,IE9219903D,D02815
BF19-0012,04/05/2019,Ballyhoura Fuels Ltd,"Marked gas oil, bulk delivery",814.70,109.98,924.68,03/06/2019,EUR,,invoice,,IE4197223U,D02836
AW19-0003,04/05/2019,AgriWrap Plastics Ltd,"Silage plastic, bale net, twine",976.19,224.52,1200.71,03/06/2019,EUR,,invoice,,IE7984856V,D02905
ES19-0005,04/05/2019,ESB Electric Supply,Electricity May 2019 (farm + house meter),1634.61,220.67,1855.28,03/06/2019,EUR,,invoice,,IE4752023D,D02926
AW19-0002,05/05/2019,AgriWrap Plastics Ltd,"Silage plastic, bale net, twine",1240.35,285.28,1525.63,04/06/2019,EUR,,invoice,,IE7984856V,D02904
BF19-0004,06/05/2019,Ballyhoura Fuels Ltd,"Marked gas oil, bulk delivery",1253.95,169.28,1423.23,05/06/2019,EUR,,invoice,,IE4197223U,D02828
LV19-0018,08/05/2019,Lisheen Veterinary Clinic,Vaccines (BVD/IBR/lepto),435.18,100.09,535.27,07/06/2019,EUR,,invoice,,IE3593885U,D02775
DHS19-0007,08/05/2019,Dairy Hygiene Supplies Ltd,"Parlour detergents, teat dip, filter socks",328.83,75.63,404.46,07/06/2019,EUR,,invoice,,IE1520123Q,D02891
CFP19-0007,09/05/2019,Charleville Farm Parts & Tyres Ltd,Tyres and tubes,246.14,56.61,302.75,08/06/2019,EUR,,invoice,,IE3017449G,D02843
LV19-0041,10/05/2019,Lisheen Veterinary Clinic,Herd health visit + drugs,633.53,145.71,779.24,09/06/2019,EUR,,invoice,,IE3593885U,D02798
VF19-0005,10/05/2019,Vodafone Ireland,Mobile and broadband,154.15,35.45,189.60,09/06/2019,EUR,,invoice,,IE8398493D,D02927
LD19-0006,10/05/2019,Kilbeg Livestock Mart Ltd,Mart commission and levies on LD-19-4565,148.70,34.20,182.90,10/05/2019,EUR,LD-19-4565,invoice,,IE6958430T,D04723
CS19-0008,11/05/2019,Slieve Dairy Co-Op Farm Stores,18-6-12 compound bulk spread,6608.95,892.21,7501.16,10/06/2019,EUR,netted off milk payment,invoice,,IE8007456W,D02752
WS19-0001,12/05/2019,County Council Water Services,"Water charges (metered, farm)",700.60,0.00,700.60,11/06/2019,EUR,,invoice,,IE7854060O,D02953
LV19-0002,13/05/2019,Lisheen Veterinary Clinic,Calving assistance,362.34,83.34,445.68,12/06/2019,EUR,,invoice,,IE3593885U,D02759
LAC19-0005,13/05/2019,Lyons Agri Contracting Ltd,Silage harvesting (2nd cut),3715.78,501.63,4217.41,12/06/2019,EUR,,invoice,,IE9219903D,D02822
LV19-0023,17/05/2019,Lisheen Veterinary Clinic,Mastitis treatments,699.08,160.79,859.87,16/06/2019,EUR,,invoice,,IE3593885U,D02780
BF19-0005,17/05/2019,Ballyhoura Fuels Ltd,"Marked gas oil, bulk delivery",1013.47,136.82,1150.29,16/06/2019,EUR,,invoice,,IE4197223U,D02829
LD19-0007,20/05/2019,Kilbeg Livestock Mart Ltd,Mart commission and levies on LD-19-8392,142.10,32.68,174.78,20/05/2019,EUR,LD-19-8392,invoice,,IE6958430T,D04725
LV19-0035,21/05/2019,Lisheen Veterinary Clinic,Mastitis treatments,638.24,146.80,785.04,20/06/2019,EUR,,invoice,,IE3593885U,D02792
LAC19-0004,27/05/2019,Lyons Agri Contracting Ltd,Slurry spreading (trailing shoe),1492.05,201.43,1693.48,26/06/2019,EUR,,invoice,,IE9219903D,D02817
BF19-0007,27/05/2019,Ballyhoura Fuels Ltd,"Marked gas oil, bulk delivery",2004.36,270.59,2274.95,26/06/2019,EUR,,invoice,,IE4197223U,D02831
LV19-0030,28/05/2019,Lisheen Veterinary Clinic,Mastitis treatments,745.59,171.49,917.08,27/06/2019,EUR,,invoice,,IE3593885U,D02787
CL-201905,31/05/2019,Slieve Dairy Co-Operative Society Ltd,"Co-op haulage, milk testing, levies May 2019",1120.05,257.61,1377.66,31/05/2019,EUR,deducted from MS-201905,invoice,,IE9462300P,D00326
HT19-0006,01/06/2019,HerdTrack Software Ltd,Herd management subscription,88.00,20.24,108.24,01/07/2019,EUR,,invoice,,IE6323212L,D02931
CFP19-0014,02/06/2019,Charleville Farm Parts & Tyres Ltd,Tractor service parts,358.60,82.48,441.08,02/07/2019,EUR,,invoice,,IE3017449G,D02850
YD19-0001,02/06/2019,Yorkshire Dairy Spares Ltd,Spare parts for milking equipment (shipped from UK),445.89,0.00,445.89,02/07/2019,GBP,,invoice,,IE4330472S,D05157
CFP19-0043,03/06/2019,Charleville Farm Parts & Tyres Ltd,Mower blades,213.02,48.99,262.01,03/07/2019,EUR,,invoice,,IE3017449G,D02879
BF19-0011,04/06/2019,Ballyhoura Fuels Ltd,"Marked gas oil, bulk delivery",2103.26,283.94,2387.20,04/07/2019,EUR,,invoice,,IE4197223U,D02835
CFP19-0042,04/06/2019,Charleville Farm Parts & Tyres Ltd,Tractor service parts,348.25,80.10,428.35,04/07/2019,EUR,,invoice,,IE3017449G,D02878
ES19-0006,05/06/2019,ESB Electric Supply,Electricity Jun 2019 (farm + house meter),1435.74,193.82,1629.56,05/07/2019,EUR,,invoice,,IE4752023D,D02929
TG19-0001,05/06/2019,Teagasc,Advisory service annual fee,1017.00,233.91,1250.91,05/07/2019,EUR,,invoice,,IE7259700V,D02952
OB19-0002,06/06/2019,O'Brien Plant Hire Ltd,Baling + wrapping,2352.91,317.64,2670.55,06/07/2019,EUR,,invoice,,IE9729960P,D02818
CFP19-0023,06/06/2019,Charleville Farm Parts & Tyres Ltd,Welding rods / steel,312.04,71.77,383.81,06/07/2019,EUR,,invoice,,IE3017449G,D02859
CFP19-0044,06/06/2019,Charleville Farm Parts & Tyres Ltd,Hydraulic hoses,457.17,105.15,562.32,06/07/2019,EUR,,invoice,,IE3017449G,D02880
CFP19-0004,09/06/2019,Charleville Farm Parts & Tyres Ltd,Welding rods / steel,546.81,125.77,672.58,09/07/2019,EUR,,invoice,,IE3017449G,D02840
SG19-0004,11/06/2019,Southern Genetics Co-Op,Semen straws + AI technician service,840.17,193.24,1033.41,11/07/2019,EUR,,invoice,,IE2815241Q,D02805
SG19-0011,12/06/2019,Southern Genetics Co-Op,Semen straws + AI technician service,948.13,218.07,1166.20,12/07/2019,EUR,,invoice,,IE2815241Q,D02812
VF19-0006,12/06/2019,Vodafone Ireland,Mobile and broadband,163.03,37.50,200.53,12/07/2019,EUR,,invoice,,IE8398493D,D02930
LAC19-0007,14/06/2019,Lyons Agri Contracting Ltd,Hedge cutting,2906.02,392.31,3298.33,14/07/2019,EUR,,invoice,,IE9219903D,D02824
CFP19-0005,14/06/2019,Charleville Farm Parts & Tyres Ltd,Welding rods / steel,251.19,57.77,308.96,14/07/2019,EUR,,invoice,,IE3017449G,D02841
DHS19-0011,16/06/2019,Dairy Hygiene Supplies Ltd,"Parlour detergents, teat dip, filter socks",423.15,97.32,520.47,16/07/2019,EUR,,invoice,,IE1520123Q,D02895
SG19-0003,17/06/2019,Southern Genetics Co-Op,Semen straws + AI technician service,743.27,170.95,914.22,17/07/2019,EUR,,invoice,,IE2815241Q,D02804
CFP19-0031,18/06/2019,Charleville Farm Parts & Tyres Ltd,Welding rods / steel,291.67,67.08,358.75,18/07/2019,EUR,,invoice,,IE3017449G,D02867
AG19-0001,19/06/2019,Algarve Golf & Spa Resort Lda,"Dairy conference and delegate package, Algarve",5200.00,0.00,5200.00,19/07/2019,EUR,,invoice,,IE1555720H,D05123
KA19-0003,28/06/2019,Kilcummin Agri Supplies Ltd,Protected urea bulk spread,4814.20,649.92,5464.12,28/07/2019,EUR,,invoice,,IE2092142W,D02757
AW19-0004,28/06/2019,AgriWrap Plastics Ltd,"Silage plastic, bale net, twine",622.11,143.09,765.20,28/07/2019,EUR,,invoice,,IE7984856V,D02906
CL-201906,30/06/2019,Slieve Dairy Co-Operative Society Ltd,"Co-op haulage, milk testing, levies Jun 2019",1013.11,233.02,1246.13,30/06/2019,EUR,deducted from MS-201906,invoice,,IE9462300P,D00328
CS19-0003,01/07/2019,Slieve Dairy Co-Op Farm Stores,Dairy ration 18% nuts - 11.5 t,4327.05,0.00,4327.05,31/07/2019,EUR,netted off milk payment,invoice,,IE8007456W,D02743
SG19-0005,02/07/2019,Southern Genetics Co-Op,Semen straws + AI technician service,708.40,162.93,871.33,01/08/2019,EUR,,invoice,,IE2815241Q,D02806
HT19-0007,02/07/2019,HerdTrack Software Ltd,Herd management subscription,88.00,20.24,108.24,01/08/2019,EUR,,invoice,,IE6323212L,D02934
GF19-0009,04/07/2019,Glenfern Feeds Ltd,Calf starter + milk replacer - 12.2 t,4599.03,0.00,4599.03,03/08/2019,EUR,,invoice,,IE8573822O,D02742
BF19-0006,04/07/2019,Ballyhoura Fuels Ltd,"Marked gas oil, bulk delivery",1627.66,219.73,1847.39,03/08/2019,EUR,,invoice,,IE4197223U,D02830
ES19-0007,05/07/2019,ESB Electric Supply,Electricity Jul 2019 (farm + house meter),1605.61,216.76,1822.37,04/08/2019,EUR,,invoice,,IE4752023D,D02932
CN-CFP19-0043,05/07/2019,Charleville Farm Parts & Tyres Ltd,Credit note: returned / short delivered goods against CFP19-0043,21.30,4.89,26.19,03/07/2019,EUR,,credit_note,,IE3017449G,D05147
CFP19-0039,06/07/2019,Charleville Farm Parts & Tyres Ltd,Tractor service parts,284.81,65.51,350.32,05/08/2019,EUR,,invoice,,IE3017449G,D02875
HF19-0003,06/07/2019,Cork Hoof Care Services,Hoof trimming / footbaths,866.55,199.31,1065.86,05/08/2019,EUR,,invoice,,IE1248259R,D02909
CFP19-0036,07/07/2019,Charleville Farm Parts & Tyres Ltd,Tractor service parts,473.51,108.91,582.42,06/08/2019,EUR,,invoice,,IE3017449G,D02872
AW19-0001,09/07/2019,AgriWrap Plastics Ltd,"Silage plastic, bale net, twine",1416.11,325.71,1741.82,08/08/2019,EUR,,invoice,,IE7984856V,D02903
VF19-0007,10/07/2019,Vodafone Ireland,Mobile and broadband,150.65,34.65,185.30,09/08/2019,EUR,,invoice,,IE8398493D,D02933
LV19-0027,11/07/2019,Lisheen Veterinary Clinic,Calving assistance,726.32,167.05,893.37,10/08/2019,EUR,,invoice,,IE3593885U,D02784
SG19-0008,13/07/2019,Southern Genetics Co-Op,Semen straws + AI technician service,914.25,210.28,1124.53,12/08/2019,EUR,,invoice,,IE2815241Q,D02809
LV19-0009,14/07/2019,Lisheen Veterinary Clinic,Mastitis treatments,312.07,71.78,383.85,13/08/2019,EUR,,invoice,,IE3593885U,D02766
SF19-0001,15/07/2019,SolarFarm Energy Ltd,"Roof solar PV 9.9 kWp, supply and install",11800.00,2714.00,14514.00,14/08/2019,EUR,,invoice,,IE5130920L,D05110
BF19-0010,18/07/2019,Ballyhoura Fuels Ltd,"Marked gas oil, bulk delivery",1657.15,223.72,1880.87,17/08/2019,EUR,,invoice,,IE4197223U,D02834
HF19-0005,18/07/2019,Cork Hoof Care Services,Hoof trimming / footbaths,562.44,129.36,691.80,17/08/2019,EUR,,invoice,,IE1248259R,D02911
LV19-0044,19/07/2019,Lisheen Veterinary Clinic,Vaccines (BVD/IBR/lepto),536.18,123.32,659.50,18/08/2019,EUR,,invoice,,IE3593885U,D02801
CFP19-0001,23/07/2019,Charleville Farm Parts & Tyres Ltd,Welding rods / steel,393.39,90.48,483.87,22/08/2019,EUR,,invoice,,IE3017449G,D02837
LAC19-0001,27/07/2019,Lyons Agri Contracting Ltd,Baling + wrapping,3565.53,481.35,4046.88,26/08/2019,EUR,,invoice,,IE9219903D,D02813
CS19-0011,28/07/2019,Slieve Dairy Co-Op Farm Stores,18-6-12 compound bulk spread,6092.29,822.46,6914.75,27/08/2019,EUR,netted off milk payment,invoice,,IE8007456W,D02756
CL-201907,31/07/2019,Slieve Dairy Co-Operative Society Ltd,"Co-op haulage, milk testing, levies Jul 2019",942.85,216.86,1159.71,31/07/2019,EUR,deducted from MS-201907,invoice,,IE9462300P,D00330
CFP19-0025,01/08/2019,Charleville Farm Parts & Tyres Ltd,Mower blades,302.68,69.62,372.30,31/08/2019,EUR,,invoice,,IE3017449G,D02861
LV19-0032,02/08/2019,Lisheen Veterinary Clinic,Dry cow therapy / sealers,732.92,168.57,901.49,01/09/2019,EUR,,invoice,,IE3593885U,D02789
HT19-0008,02/08/2019,HerdTrack Software Ltd,Herd management subscription,88.00,20.24,108.24,01/09/2019,EUR,,invoice,,IE6323212L,D02937
LAC19-0006,04/08/2019,Lyons Agri Contracting Ltd,Baling + wrapping,2662.97,359.50,3022.47,03/09/2019,EUR,,invoice,,IE9219903D,D02823
MR19-0003,05/08/2019,Munster Rendering Ltd,Fallen animal collection,124.30,28.59,152.89,04/09/2019,EUR,,invoice,,IE4033776E,D04711
LAC19-0003,08/08/2019,Lyons Agri Contracting Ltd,Silage harvesting (1st cut),2920.73,394.30,3315.03,07/09/2019,EUR,,invoice,,IE9219903D,D02816
KA19-0001,09/08/2019,Kilcummin Agri Supplies Ltd,Protected urea bulk spread,8001.82,1080.25,9082.07,08/09/2019,EUR,,invoice,,IE2092142W,D02751
LV19-0001,09/08/2019,Lisheen Veterinary Clinic,Mastitis treatments,771.50,177.44,948.94,08/09/2019,EUR,,invoice,,IE3593885U,D02758
ES19-0008,09/08/2019,ESB Electric Supply,Electricity Aug 2019 (farm + house meter),1520.98,205.33,1726.31,08/09/2019,EUR,,invoice,,IE4752023D,D02935
CS19-0010,10/08/2019,Slieve Dairy Co-Op Farm Stores,Ground limestone bulk spread,5782.90,780.69,6563.59,09/09/2019,EUR,netted off milk payment,invoice,,IE8007456W,D02755
VF19-0008,11/08/2019,Vodafone Ireland,Mobile and broadband,176.88,40.68,217.56,10/09/2019,EUR,,invoice,,IE8398493D,D02936
OB19-0005,13/08/2019,O'Brien Plant Hire Ltd,Hedge cutting,1926.54,260.08,2186.62,12/09/2019,EUR,,invoice,,IE9729960P,D02821
CS19-0001,14/08/2019,Slieve Dairy Co-Op Farm Stores,Maize meal / soya hulls blend - 5.7 t,2140.97,0.00,2140.97,13/09/2019,EUR,netted off milk payment,invoice,,IE8007456W,D02737
LV19-0017,14/08/2019,Lisheen Veterinary Clinic,Dry cow therapy / sealers,511.27,117.59,628.86,13/09/2019,EUR,,invoice,,IE3593885U,D02774
SG19-0002,16/08/2019,Southern Genetics Co-Op,Semen straws + AI technician service,596.36,137.16,733.52,15/09/2019,EUR,,invoice,,IE2815241Q,D02803
BF19-0009,16/08/2019,Ballyhoura Fuels Ltd,"Marked gas oil, bulk delivery",1113.67,150.35,1264.02,15/09/2019,EUR,,invoice,,IE4197223U,D02833
DHS19-0016,18/08/2019,Dairy Hygiene Supplies Ltd,"Parlour detergents, teat dip, filter socks",619.98,142.60,762.58,17/09/2019,EUR,,invoice,,IE1520123Q,D02900
DHS19-0004,21/08/2019,Dairy Hygiene Supplies Ltd,"Parlour detergents, teat dip, filter socks",603.41,138.78,742.19,20/09/2019,EUR,,invoice,,IE1520123Q,D02888
DHS19-0013,22/08/2019,Dairy Hygiene Supplies Ltd,"Parlour detergents, teat dip, filter socks",565.28,130.01,695.29,21/09/2019,EUR,,invoice,,IE1520123Q,D02897
CL-201908,31/08/2019,Slieve Dairy Co-Operative Society Ltd,"Co-op haulage, milk testing, levies Aug 2019",860.55,197.93,1058.48,31/08/2019,EUR,deducted from MS-201908,invoice,,IE9462300P,D00332
GF19-0011,01/09/2019,Glenfern Feeds Ltd,Mineral supplement - 11.0 t,4144.18,0.00,4144.18,01/10/2019,EUR,,invoice,,IE8573822O,D02748
LV19-0039,02/09/2019,Lisheen Veterinary Clinic,Calving assistance,554.89,127.62,682.51,02/10/2019,EUR,,invoice,,IE3593885U,D02796
ES19-0009,03/09/2019,ESB Electric Supply,Electricity Sep 2019 (farm + house meter),1492.75,201.52,1694.27,03/10/2019,EUR,,invoice,,IE4752023D,D02938
HT19-0009,03/09/2019,HerdTrack Software Ltd,Herd management subscription,88.00,20.24,108.24,03/10/2019,EUR,,invoice,,IE6323212L,D02940
LV19-0019,04/09/2019,Lisheen Veterinary Clinic,Herd health visit + drugs,401.01,92.23,493.24,04/10/2019,EUR,,invoice,,IE3593885U,D02776
CFP19-0027,04/09/2019,Charleville Farm Parts & Tyres Ltd,Tyres and tubes,505.53,116.27,621.80,04/10/2019,EUR,,invoice,,IE3017449G,D02863
GF19-0010,07/09/2019,Glenfern Feeds Ltd,Dairy ration 16% bulk - 10.2 t,3852.91,0.00,3852.91,07/10/2019,EUR,,invoice,,IE8573822O,D02745
CFP19-0006,08/09/2019,Charleville Farm Parts & Tyres Ltd,Mower blades,524.13,120.55,644.68,08/10/2019,EUR,,invoice,,IE3017449G,D02842
DHS19-0012,10/09/2019,Dairy Hygiene Supplies Ltd,"Parlour detergents, teat dip, filter socks",408.67,93.99,502.66,10/10/2019,EUR,,invoice,,IE1520123Q,D02896
DHS19-0017,11/09/2019,Dairy Hygiene Supplies Ltd,"Parlour detergents, teat dip, filter socks",597.08,137.33,734.41,11/10/2019,EUR,,invoice,,IE1520123Q,D02901
VF19-0009,11/09/2019,Vodafone Ireland,Mobile and broadband,152.94,35.18,188.12,11/10/2019,EUR,,invoice,,IE8398493D,D02939
LV19-0036,14/09/2019,Lisheen Veterinary Clinic,Mastitis treatments,451.32,103.80,555.12,14/10/2019,EUR,,invoice,,IE3593885U,D02793
MR19-0001,14/09/2019,Munster Rendering Ltd,Fallen animal collection,158.20,36.39,194.59,14/10/2019,EUR,,invoice,,IE4033776E,D04709
OB19-0003,16/09/2019,O'Brien Plant Hire Ltd,Hedge cutting,2023.09,273.12,2296.21,16/10/2019,EUR,,invoice,,IE9729960P,D02819
CFP19-0037,18/09/2019,Charleville Farm Parts & Tyres Ltd,Hydraulic hoses,356.44,81.98,438.42,18/10/2019,EUR,,invoice,,IE3017449G,D02873
DHS19-0009,20/09/2019,Dairy Hygiene Supplies Ltd,"Parlour detergents, teat dip, filter socks",592.65,136.31,728.96,20/10/2019,EUR,,invoice,,IE1520123Q,D02893
LV19-0042,24/09/2019,Lisheen Veterinary Clinic,Herd health visit + drugs,508.82,117.03,625.85,24/10/2019,EUR,,invoice,,IE3593885U,D02799
DHS19-0002,26/09/2019,Dairy Hygiene Supplies Ltd,"Parlour detergents, teat dip, filter socks",634.81,146.01,780.82,26/10/2019,EUR,,invoice,,IE1520123Q,D02886
BF19-0003,28/09/2019,Ballyhoura Fuels Ltd,"Marked gas oil, bulk delivery",920.19,124.23,1044.42,28/10/2019,EUR,,invoice,,IE4197223U,D02827
LV19-0019,28/09/2019,Lisheen Veterinary Clinic,Herd health visit + drugs,401.01,92.23,493.24,04/10/2019,EUR,,invoice,,IE3593885U,D05139
CL-201909,30/09/2019,Slieve Dairy Co-Operative Society Ltd,"Co-op haulage, milk testing, levies Sep 2019",659.14,151.60,810.74,30/09/2019,EUR,deducted from MS-201909,invoice,,IE9462300P,D00334
HT19-0010,02/10/2019,HerdTrack Software Ltd,Herd management subscription,88.00,20.24,108.24,01/11/2019,EUR,,invoice,,IE6323212L,D02943
MT19-0388,02/10/2019,Munster Tractors Ltd,"Slurry tanker 4,000 gal + LESS trailing shoe",33500.00,7705.00,41205.00,01/11/2019,EUR,,invoice,,IE5139076N,D05111
ES19-0010,03/10/2019,ESB Electric Supply,Electricity Oct 2019 (farm + house meter),1266.30,170.95,1437.25,02/11/2019,EUR,,invoice,,IE4752023D,D02941
CFP19-0011,04/10/2019,Charleville Farm Parts & Tyres Ltd,Gate and fencing repairs,386.24,88.84,475.08,03/11/2019,EUR,,invoice,,IE3017449G,D02847
LV19-0031,05/10/2019,Lisheen Veterinary Clinic,Vaccines (BVD/IBR/lepto),623.30,143.36,766.66,04/11/2019,EUR,,invoice,,IE3593885U,D02788
CFP19-0016,05/10/2019,Charleville Farm Parts & Tyres Ltd,Tyres and tubes,349.97,80.49,430.46,04/11/2019,EUR,,invoice,,IE3017449G,D02852
DHS19-0006,06/10/2019,Dairy Hygiene Supplies Ltd,"Parlour detergents, teat dip, filter socks",266.95,61.40,328.35,05/11/2019,EUR,,invoice,,IE1520123Q,D02890
LV19-0016,07/10/2019,Lisheen Veterinary Clinic,Mastitis treatments,594.95,136.84,731.79,06/11/2019,EUR,,invoice,,IE3593885U,D02773
BF19-0008,08/10/2019,Ballyhoura Fuels Ltd,"Marked gas oil, bulk delivery",924.59,124.82,1049.41,07/11/2019,EUR,,invoice,,IE4197223U,D02832
CFP19-0024,09/10/2019,Charleville Farm Parts & Tyres Ltd,Mower blades,282.47,64.97,347.44,08/11/2019,EUR,,invoice,,IE3017449G,D02860
HF19-0002,09/10/2019,Cork Hoof Care Services,Hoof trimming / footbaths,826.72,190.15,1016.87,08/11/2019,EUR,,invoice,,IE1248259R,D02908
VF19-0010,10/10/2019,Vodafone Ireland,Mobile and broadband,176.42,40.58,217.00,09/11/2019,EUR,,invoice,,IE8398493D,D02942
LV19-0003,11/10/2019,Lisheen Veterinary Clinic,Herd health visit + drugs,622.42,143.16,765.58,10/11/2019,EUR,,invoice,,IE3593885U,D02760
GF19-0012,16/10/2019,Glenfern Feeds Ltd,Maize meal / soya hulls blend - 12.7 t,4781.57,0.00,4781.57,15/11/2019,EUR,,invoice,,IE8573822O,D02749
HF19-0004,16/10/2019,Cork Hoof Care Services,Hoof trimming / footbaths,937.95,215.73,1153.68,15/11/2019,EUR,,invoice,,IE1248259R,D02910
HF19-0007,16/10/2019,Cork Hoof Care Services,Hoof trimming / footbaths,680.31,156.47,836.78,15/11/2019,EUR,,invoice,,IE1248259R,D02913
LV19-0012,17/10/2019,Lisheen Veterinary Clinic,Fertility scanning,660.15,151.83,811.98,16/11/2019,EUR,,invoice,,IE3593885U,D02769
GF19-0002,19/10/2019,Glenfern Feeds Ltd,Dairy ration 18% nuts - 7.3 t,2732.45,0.00,2732.45,18/11/2019,EUR,,invoice,,IE8573822O,D02733
LV19-0025,19/10/2019,Lisheen Veterinary Clinic,Mastitis treatments,464.94,106.94,571.88,18/11/2019,EUR,,invoice,,IE3593885U,D02782
CFP19-0018,19/10/2019,Charleville Farm Parts & Tyres Ltd,Parlour liners,266.70,61.34,328.04,18/11/2019,EUR,,invoice,,IE3017449G,D02854
LV19-0021,23/10/2019,Lisheen Veterinary Clinic,Mastitis treatments,313.11,72.02,385.13,22/11/2019,EUR,,invoice,,IE3593885U,D02778
KA19-0002,24/10/2019,Kilcummin Agri Supplies Ltd,CAN 27% bulk spread,5317.47,717.86,6035.33,23/11/2019,EUR,,invoice,,IE2092142W,D02753
CFP19-0003,24/10/2019,Charleville Farm Parts & Tyres Ltd,Gate and fencing repairs,372.97,85.78,458.75,23/11/2019,EUR,,invoice,,IE3017449G,D02839
DHS19-0008,27/10/2019,Dairy Hygiene Supplies Ltd,"Parlour detergents, teat dip, filter socks",525.82,120.94,646.76,26/11/2019,EUR,,invoice,,IE1520123Q,D02892
CL-201910,31/10/2019,Slieve Dairy Co-Operative Society Ltd,"Co-op haulage, milk testing, levies Oct 2019",473.94,109.01,582.95,31/10/2019,EUR,deducted from MS-201910,invoice,,IE9462300P,D00336
CS19-0002,01/11/2019,Slieve Dairy Co-Op Farm Stores,Maize meal / soya hulls blend - 5.7 t,2159.99,0.00,2159.99,01/12/2019,EUR,netted off milk payment,invoice,,IE8007456W,D02740
HT19-0011,02/11/2019,HerdTrack Software Ltd,Herd management subscription,88.00,20.24,108.24,02/12/2019,EUR,,invoice,,IE6323212L,D02946
CFP19-0002,03/11/2019,Charleville Farm Parts & Tyres Ltd,Tyres and tubes,524.66,120.67,645.33,03/12/2019,EUR,,invoice,,IE3017449G,D02838
LD19-0008,04/11/2019,Kilbeg Livestock Mart Ltd,Mart commission and levies on LD-19-3126,394.72,90.79,485.51,04/11/2019,EUR,LD-19-3126,invoice,,IE6958430T,D04730
HF19-0001,05/11/2019,Cork Hoof Care Services,Hoof trimming / footbaths,669.14,153.90,823.04,05/12/2019,EUR,,invoice,,IE1248259R,D02907
LV19-0033,07/11/2019,Lisheen Veterinary Clinic,Herd health visit + drugs,731.47,168.24,899.71,07/12/2019,EUR,,invoice,,IE3593885U,D02790
CFP19-0008,07/11/2019,Charleville Farm Parts & Tyres Ltd,Mower blades,296.04,68.09,364.13,07/12/2019,EUR,,invoice,,IE3017449G,D02844
ES19-0011,07/11/2019,ESB Electric Supply,Electricity Nov 2019 (farm + house meter),1332.98,179.95,1512.93,07/12/2019,EUR,,invoice,,IE4752023D,D02944
CFP19-0032,09/11/2019,Charleville Farm Parts & Tyres Ltd,Tyres and tubes,341.03,78.44,419.47,09/12/2019,EUR,,invoice,,IE3017449G,D02868
CFP19-0017,10/11/2019,Charleville Farm Parts & Tyres Ltd,Parlour liners,549.06,126.28,675.34,10/12/2019,EUR,,invoice,,IE3017449G,D02853
CFP19-0046,12/11/2019,Charleville Farm Parts & Tyres Ltd,Welding rods / steel,340.81,78.39,419.20,12/12/2019,EUR,,invoice,,IE3017449G,D02882
VF19-0011,12/11/2019,Vodafone Ireland,Mobile and broadband,150.99,34.73,185.72,12/12/2019,EUR,,invoice,,IE8398493D,D02945
CFP19-0019,14/11/2019,Charleville Farm Parts & Tyres Ltd,Tyres and tubes,301.27,69.29,370.56,14/12/2019,EUR,,invoice,,IE3017449G,D02855
LV19-0005,19/11/2019,Lisheen Veterinary Clinic,Herd health visit + drugs,315.07,72.47,387.54,19/12/2019,EUR,,invoice,,IE3593885U,D02762
DOC19-0001,20/11/2019,"T. Buckley (landlord, conacre)",Conacre rent 2019: 70 acres @ 340/acre,23800.00,0.00,23800.00,20/12/2019,EUR,,rent_receipt,,,D02954
CFP19-0020,21/11/2019,Charleville Farm Parts & Tyres Ltd,Welding rods / steel,408.62,93.98,502.60,21/12/2019,EUR,,invoice,,IE3017449G,D02856
CFP19-0030,24/11/2019,Charleville Farm Parts & Tyres Ltd,Parlour liners,525.68,120.91,646.59,24/12/2019,EUR,,invoice,,IE3017449G,D02866
LV19-0020,27/11/2019,Lisheen Veterinary Clinic,Mastitis treatments,365.30,84.02,449.32,27/12/2019,EUR,,invoice,,IE3593885U,D02777
CL-201911,30/11/2019,Slieve Dairy Co-Operative Society Ltd,"Co-op haulage, milk testing, levies Nov 2019",265.94,61.17,327.11,30/11/2019,EUR,deducted from MS-201911,invoice,,IE9462300P,D00338
GF19-0005,02/12/2019,Glenfern Feeds Ltd,Maize meal / soya hulls blend - 9.6 t,3604.19,0.00,3604.19,01/01/2020,EUR,,invoice,,IE8573822O,D02736
CFP19-0047,02/12/2019,Charleville Farm Parts & Tyres Ltd,Hydraulic hoses,233.66,53.74,287.40,01/01/2020,EUR,,invoice,,IE3017449G,D02883
HT19-0012,02/12/2019,HerdTrack Software Ltd,Herd management subscription,88.00,20.24,108.24,01/01/2020,EUR,,invoice,,IE6323212L,D02949
CFP19-0015,06/12/2019,Charleville Farm Parts & Tyres Ltd,Gate and fencing repairs,468.58,107.77,576.35,05/01/2020,EUR,,invoice,,IE3017449G,D02851
ES19-0012,06/12/2019,ESB Electric Supply,Electricity Dec 2019 (farm + house meter),1350.36,182.30,1532.66,05/01/2020,EUR,,invoice,,IE4752023D,D02947
VF19-0012,10/12/2019,Vodafone Ireland,Mobile and broadband,152.56,35.09,187.65,09/01/2020,EUR,,invoice,,IE8398493D,D02948
CFP19-0048,11/12/2019,Charleville Farm Parts & Tyres Ltd,Tractor service parts,513.54,118.11,631.65,10/01/2020,EUR,,invoice,,IE3017449G,D02884
MR19-0002,12/12/2019,Munster Rendering Ltd,Fallen animal collection,180.80,41.58,222.38,11/01/2020,EUR,,invoice,,IE4033776E,D04710
DHS19-0003,14/12/2019,Dairy Hygiene Supplies Ltd,"Parlour detergents, teat dip, filter socks",650.76,149.67,800.43,13/01/2020,EUR,,invoice,,IE1520123Q,D02887
DHS19-0015,16/12/2019,Dairy Hygiene Supplies Ltd,"Parlour detergents, teat dip, filter socks",302.09,69.48,371.57,15/01/2020,EUR,,invoice,,IE1520123Q,D02899
CFP19-0028,17/12/2019,Charleville Farm Parts & Tyres Ltd,Tractor service parts,460.96,106.02,566.98,16/01/2020,EUR,,invoice,,IE3017449G,D02864
LV19-0026,20/12/2019,Lisheen Veterinary Clinic,Mastitis treatments,560.54,128.92,689.46,19/01/2020,EUR,,invoice,,IE3593885U,D02783
CFP19-0045,21/12/2019,Charleville Farm Parts & Tyres Ltd,Gate and fencing repairs,208.30,47.91,256.21,20/01/2020,EUR,,invoice,,IE3017449G,D02881
CFP19-0013,23/12/2019,Charleville Farm Parts & Tyres Ltd,Parlour liners,477.82,109.90,587.72,22/01/2020,EUR,,invoice,,IE3017449G,D02849
CFP19-0047,25/12/2019,Charleville Farm Parts & Tyres Ltd,Hydraulic hoses,233.66,53.74,287.40,01/01/2020,EUR,,invoice,,IE3017449G,D05140
CFP19-0033,26/12/2019,Charleville Farm Parts & Tyres Ltd,Hydraulic hoses,506.02,116.38,622.40,25/01/2020,EUR,,invoice,,IE3017449G,D02869
LV19-0022,28/12/2019,Lisheen Veterinary Clinic,Fertility scanning,662.85,152.46,815.31,27/01/2020,EUR,,invoice,,IE3593885U,D02779
CL-201912,31/12/2019,Slieve Dairy Co-Operative Society Ltd,"Co-op haulage, milk testing, levies Dec 2019",118.93,27.35,146.28,31/12/2019,EUR,deducted from MS-201912,invoice,,IE9462300P,D00340
HF20-0005,01/01/2020,Cork Hoof Care Services,Hoof trimming / footbaths,656.44,150.98,807.42,31/01/2020,EUR,,invoice,,IE1248259R,D03132
HT20-0001,01/01/2020,HerdTrack Software Ltd,Herd management subscription,88.00,20.24,108.24,31/01/2020,EUR,,invoice,,IE6323212L,D03137
DHS20-0001,04/01/2020,Dairy Hygiene Supplies Ltd,"Parlour detergents, teat dip, filter socks",356.71,82.04,438.75,03/02/2020,EUR,,invoice,,IE1520123Q,D03105
ES20-0001,04/01/2020,ESB Electric Supply,Electricity Jan 2020 (farm + house meter),1618.57,218.51,1837.08,03/02/2020,EUR,,invoice,,IE4752023D,D03135
BF20-0003,08/01/2020,Ballyhoura Fuels Ltd,"Marked gas oil, bulk delivery",1086.36,146.66,1233.02,07/02/2020,EUR,,invoice,,IE4197223U,D03049
LV20-0019,09/01/2020,Lisheen Veterinary Clinic,Dry cow therapy / sealers,731.54,168.25,899.79,08/02/2020,EUR,,invoice,,IE3593885U,D02997
LV20-0044,09/01/2020,Lisheen Veterinary Clinic,Vaccines (BVD/IBR/lepto),602.67,138.61,741.28,08/02/2020,EUR,,invoice,,IE3593885U,D03022
LV20-0041,11/01/2020,Lisheen Veterinary Clinic,Mastitis treatments,387.75,89.18,476.93,10/02/2020,EUR,,invoice,,IE3593885U,D03019
VF20-0001,11/01/2020,Vodafone Ireland,Mobile and broadband,166.55,38.31,204.86,10/02/2020,EUR,,invoice,,IE8398493D,D03136
GF20-0001,17/01/2020,Glenfern Feeds Ltd,Mineral supplement - 15.1 t,5479.36,0.00,5479.36,16/02/2020,EUR,,invoice,,IE8573822O,D02956
CL-202001,31/01/2020,Slieve Dairy Co-Operative Society Ltd,"Co-op haulage, milk testing, levies Jan 2020",201.82,46.42,248.24,31/01/2020,EUR,deducted from MS-202001,invoice,,IE9462300P,D00342
LV20-0022,01/02/2020,Lisheen Veterinary Clinic,Fertility scanning,747.19,171.85,919.04,02/03/2020,EUR,,invoice,,IE3593885U,D03000
HT20-0002,01/02/2020,HerdTrack Software Ltd,Herd management subscription,88.00,20.24,108.24,02/03/2020,EUR,,invoice,,IE6323212L,D03140
MFI20-0001,03/02/2020,Munster Farm Insurance Ltd,"Farm policy renewal (buildings, liability, machinery, employer liability)",10965.46,0.00,10965.46,04/03/2020,EUR,,invoice,,,D03171
CFP20-0017,04/02/2020,Charleville Farm Parts & Tyres Ltd,Tyres and tubes,317.98,73.14,391.12,05/03/2020,EUR,,invoice,,IE3017449G,D03072
ES20-0002,09/02/2020,ESB Electric Supply,Electricity Feb 2020 (farm + house meter),1611.16,217.51,1828.67,10/03/2020,EUR,,invoice,,IE4752023D,D03138
VF20-0002,11/02/2020,Vodafone Ireland,Mobile and broadband,154.38,35.51,189.89,12/03/2020,EUR,,invoice,,IE8398493D,D03139
CS20-0010,13/02/2020,Slieve Dairy Co-Op Farm Stores,Pasture sward 24-2.5-10 bulk spread,9291.78,1254.39,10546.17,14/03/2020,EUR,netted off milk payment,invoice,,IE8007456W,D02973
GF20-0004,14/02/2020,Glenfern Feeds Ltd,Calf starter + milk replacer - 10.8 t,3929.70,0.00,3929.70,15/03/2020,EUR,,invoice,,IE8573822O,D02962
DHS20-0007,16/02/2020,Dairy Hygiene Supplies Ltd,"Parlour detergents, teat dip, filter socks",566.20,130.23,696.43,17/03/2020,EUR,,invoice,,IE1520123Q,D03111
CFP20-0011,18/02/2020,Charleville Farm Parts & Tyres Ltd,Mower blades,524.15,120.55,644.70,19/03/2020,EUR,,invoice,,IE3017449G,D03066
CFP20-0048,21/02/2020,Charleville Farm Parts & Tyres Ltd,Parlour liners,309.02,71.07,380.09,22/03/2020,EUR,,invoice,,IE3017449G,D03103
CS20-0005,22/02/2020,Slieve Dairy Co-Op Farm Stores,Calf starter + milk replacer - 11.3 t,4080.95,0.00,4080.95,23/03/2020,EUR,netted off milk payment,invoice,,IE8007456W,D02963
CFP20-0001,22/02/2020,Charleville Farm Parts & Tyres Ltd,Parlour liners,441.82,101.62,543.44,23/03/2020,EUR,,invoice,,IE3017449G,D03056
KA20-0003,23/02/2020,Kilcummin Agri Supplies Ltd,Protected urea bulk spread,4567.35,616.59,5183.94,24/03/2020,EUR,,invoice,,IE2092142W,D02976
CFP20-0024,24/02/2020,Charleville Farm Parts & Tyres Ltd,Hydraulic hoses,404.62,93.06,497.68,25/03/2020,EUR,,invoice,,IE3017449G,D03079
LAC20-0006,25/02/2020,Lyons Agri Contracting Ltd,Silage harvesting (1st cut),1617.43,218.35,1835.78,26/03/2020,EUR,,invoice,,IE9219903D,D03042
CFP20-0023,25/02/2020,Charleville Farm Parts & Tyres Ltd,Tyres and tubes,233.89,53.79,287.68,26/03/2020,EUR,,invoice,,IE3017449G,D03078
LV20-0014,26/02/2020,Lisheen Veterinary Clinic,Mastitis treatments,438.54,100.86,539.40,27/03/2020,EUR,,invoice,,IE3593885U,D02992
CFP20-0009,26/02/2020,Charleville Farm Parts & Tyres Ltd,Gate and fencing repairs,352.27,81.02,433.29,27/03/2020,EUR,,invoice,,IE3017449G,D03064
CS20-0012,27/02/2020,Slieve Dairy Co-Op Farm Stores,Protected urea bulk spread,8597.53,1160.67,9758.20,28/03/2020,EUR,netted off milk payment,invoice,,IE8007456W,D02978
CFP20-0025,28/02/2020,Charleville Farm Parts & Tyres Ltd,Welding rods / steel,470.63,108.24,578.87,29/03/2020,EUR,,invoice,,IE3017449G,D03080
CL-202002,29/02/2020,Slieve Dairy Co-Operative Society Ltd,"Co-op haulage, milk testing, levies Feb 2020",465.47,107.06,572.53,29/02/2020,EUR,deducted from MS-202002,invoice,,IE9462300P,D00344
DHS20-0006,02/03/2020,Dairy Hygiene Supplies Ltd,"Parlour detergents, teat dip, filter socks",483.23,111.14,594.37,01/04/2020,EUR,,invoice,,IE1520123Q,D03110
HT20-0003,02/03/2020,HerdTrack Software Ltd,Herd management subscription,88.00,20.24,108.24,01/04/2020,EUR,,invoice,,IE6323212L,D03143
LV20-0015,04/03/2020,Lisheen Veterinary Clinic,Mastitis treatments,358.27,82.40,440.67,03/04/2020,EUR,,invoice,,IE3593885U,D02993
CFP20-0035,04/03/2020,Charleville Farm Parts & Tyres Ltd,Welding rods / steel,505.93,116.36,622.29,03/04/2020,EUR,,invoice,,IE3017449G,D03090
HC20-0001,05/03/2020,Hegarty & Co Farm Accountants,"Accounts, tax returns and payroll year 2019",3118.80,717.32,3836.12,04/04/2020,EUR,,invoice,,IE6025428V,D03172
CFP20-0020,08/03/2020,Charleville Farm Parts & Tyres Ltd,Mower blades,522.77,120.24,643.01,07/04/2020,EUR,,invoice,,IE3017449G,D03075
ES20-0003,09/03/2020,ESB Electric Supply,Electricity Mar 2020 (farm + house meter),1312.99,177.25,1490.24,08/04/2020,EUR,,invoice,,IE4752023D,D03141
LV20-0016,10/03/2020,Lisheen Veterinary Clinic,Mastitis treatments,653.20,150.24,803.44,09/04/2020,EUR,,invoice,,IE3593885U,D02994
LV20-0040,10/03/2020,Lisheen Veterinary Clinic,Mastitis treatments,342.73,78.83,421.56,09/04/2020,EUR,,invoice,,IE3593885U,D03018
KA20-0002,11/03/2020,Kilcummin Agri Supplies Ltd,18-6-12 compound bulk spread,6945.83,937.69,7883.52,10/04/2020,EUR,,invoice,,IE2092142W,D02975
VF20-0003,11/03/2020,Vodafone Ireland,Mobile and broadband,166.81,38.37,205.18,10/04/2020,EUR,,invoice,,IE8398493D,D03142
DHS20-0010,13/03/2020,Dairy Hygiene Supplies Ltd,"Parlour detergents, teat dip, filter socks",452.15,103.99,556.14,12/04/2020,EUR,,invoice,,IE1520123Q,D03114
LD20-0001,13/03/2020,Kilbeg Livestock Mart Ltd,Mart commission and levies on LD-20-3262,140.79,32.38,173.17,13/03/2020,EUR,LD-20-3262,invoice,,IE6958430T,D04735
DHS20-0014,16/03/2020,Dairy Hygiene Supplies Ltd,"Parlour detergents, teat dip, filter socks",621.98,143.06,765.04,15/04/2020,EUR,,invoice,,IE1520123Q,D03118
LV20-0039,17/03/2020,Lisheen Veterinary Clinic,Vaccines (BVD/IBR/lepto),754.22,173.47,927.69,16/04/2020,EUR,,invoice,,IE3593885U,D03017
GF20-0008,18/03/2020,Glenfern Feeds Ltd,Dairy ration 18% nuts - 7.5 t,2710.52,0.00,2710.52,17/04/2020,EUR,,invoice,,IE8573822O,D02968
LD20-0002,18/03/2020,Kilbeg Livestock Mart Ltd,Mart commission and levies on LD-20-5878,139.78,32.15,171.93,18/03/2020,EUR,LD-20-5878,invoice,,IE6958430T,D04737
GF20-0002,19/03/2020,Glenfern Feeds Ltd,Maize meal / soya hulls blend - 9.6 t,3467.96,0.00,3467.96,18/04/2020,EUR,,invoice,,IE8573822O,D02957
LV20-0037,20/03/2020,Lisheen Veterinary Clinic,Fertility scanning,605.59,139.29,744.88,19/04/2020,EUR,,invoice,,IE3593885U,D03015
LV20-0045,20/03/2020,Lisheen Veterinary Clinic,Dry cow therapy / sealers,363.56,83.62,447.18,19/04/2020,EUR,,invoice,,IE3593885U,D03023
OB20-0001,22/03/2020,O'Brien Plant Hire Ltd,Hedge cutting,2737.17,369.52,3106.69,21/04/2020,EUR,,invoice,,IE9729960P,D03038
CFP20-0002,22/03/2020,Charleville Farm Parts & Tyres Ltd,Gate and fencing repairs,512.01,117.76,629.77,21/04/2020,EUR,,invoice,,IE3017449G,D03057
LV20-0023,26/03/2020,Lisheen Veterinary Clinic,Dry cow therapy / sealers,431.94,99.35,531.29,25/04/2020,EUR,,invoice,,IE3593885U,D03001
SG20-0011,26/03/2020,Southern Genetics Co-Op,Semen straws + AI technician service,421.26,96.89,518.15,25/04/2020,EUR,,invoice,,IE2815241Q,D03034
CS20-0003,27/03/2020,Slieve Dairy Co-Op Farm Stores,Mineral supplement - 13.5 t,4903.72,0.00,4903.72,26/04/2020,EUR,netted off milk payment,invoice,,IE8007456W,D02959
GF20-0007,28/03/2020,Glenfern Feeds Ltd,Calf starter + milk replacer - 9.6 t,3492.19,0.00,3492.19,27/04/2020,EUR,,invoice,,IE8573822O,D02966
SG20-0006,28/03/2020,Southern Genetics Co-Op,Semen straws + AI technician service,679.19,156.21,835.40,27/04/2020,EUR,,invoice,,IE2815241Q,D03029
DHS20-0015,28/03/2020,Dairy Hygiene Supplies Ltd,"Parlour detergents, teat dip, filter socks",384.30,88.39,472.69,27/04/2020,EUR,,invoice,,IE1520123Q,D03119
CL-202003,31/03/2020,Slieve Dairy Co-Operative Society Ltd,"Co-op haulage, milk testing, levies Mar 2020",843.21,193.94,1037.15,31/03/2020,EUR,deducted from MS-202003,invoice,,IE9462300P,D00346
LD20-0003,31/03/2020,Kilbeg Livestock Mart Ltd,Mart commission and levies on LD-20-4331,137.98,31.74,169.72,31/03/2020,EUR,LD-20-4331,invoice,,IE6958430T,D04739
LV20-0026,01/04/2020,Lisheen Veterinary Clinic,Calving assistance,773.96,178.01,951.97,01/05/2020,EUR,,invoice,,IE3593885U,D03004
SG20-0009,01/04/2020,Southern Genetics Co-Op,Semen straws + AI technician service,507.91,116.82,624.73,01/05/2020,EUR,,invoice,,IE2815241Q,D03032
SG20-0010,01/04/2020,Southern Genetics Co-Op,Semen straws + AI technician service,644.55,148.25,792.80,01/05/2020,EUR,,invoice,,IE2815241Q,D03033
HT20-0004,01/04/2020,HerdTrack Software Ltd,Herd management subscription,88.00,20.24,108.24,01/05/2020,EUR,,invoice,,IE6323212L,D03146
CFP20-0033,03/04/2020,Charleville Farm Parts & Tyres Ltd,Mower blades,561.64,129.18,690.82,03/05/2020,EUR,,invoice,,IE3017449G,D03088
ES20-0004,03/04/2020,ESB Electric Supply,Electricity Apr 2020 (farm + house meter),1617.21,218.32,1835.53,03/05/2020,EUR,,invoice,,IE4752023D,D03144
DHS20-0012,04/04/2020,Dairy Hygiene Supplies Ltd,"Parlour detergents, teat dip, filter socks",647.99,149.04,797.03,04/05/2020,EUR,,invoice,,IE1520123Q,D03116
GF20-0005,05/04/2020,Glenfern Feeds Ltd,Mineral supplement - 11.8 t,4297.61,0.00,4297.61,05/05/2020,EUR,,invoice,,,D02964
SG20-0005,05/04/2020,Southern Genetics Co-Op,Semen straws + AI technician service,659.68,151.73,811.41,05/05/2020,EUR,,invoice,,IE2815241Q,D03028
CFP20-0003,07/04/2020,Charleville Farm Parts & Tyres Ltd,Hydraulic hoses,518.87,119.34,638.21,07/05/2020,EUR,,invoice,,IE3017449G,D03058
LD20-0004,08/04/2020,Kilbeg Livestock Mart Ltd,Mart commission and levies on LD-20-9751,140.46,32.31,172.77,08/04/2020,EUR,LD-20-9751,invoice,,IE6958430T,D04741
VF20-0004,11/04/2020,Vodafone Ireland,Mobile and broadband,179.51,41.29,220.80,11/05/2020,EUR,,invoice,,IE8398493D,D03145
SG20-0002,13/04/2020,Southern Genetics Co-Op,Semen straws + AI technician service,851.64,195.88,1047.52,13/05/2020,EUR,,invoice,,IE2815241Q,D03025
LAC20-0001,14/04/2020,Lyons Agri Contracting Ltd,Reseeding / ploughing,2462.45,332.43,2794.88,14/05/2020,EUR,,invoice,,IE9219903D,D03035
LD20-0005,17/04/2020,Kilbeg Livestock Mart Ltd,Mart commission and levies on LD-20-4185,140.09,32.22,172.31,17/04/2020,EUR,LD-20-4185,invoice,,IE6958430T,D04743
LV20-0032,23/04/2020,Lisheen Veterinary Clinic,Herd health visit + drugs,421.16,96.87,518.03,23/05/2020,EUR,,invoice,,IE3593885U,D03010
LV20-0001,25/04/2020,Lisheen Veterinary Clinic,Dry cow therapy / sealers,654.97,150.64,805.61,25/05/2020,EUR,,invoice,,IE3593885U,D02979
DHS20-0003,26/04/2020,Dairy Hygiene Supplies Ltd,"Parlour detergents, teat dip, filter socks",515.59,118.59,634.18,26/05/2020,EUR,,invoice,,IE1520123Q,D03107
LD20-0006,28/04/2020,Kilbeg Livestock Mart Ltd,Mart commission and levies on LD-20-9127,136.14,31.31,167.45,28/04/2020,EUR,LD-20-9127,invoice,,IE6958430T,D04745
MT20-0001,28/04/2020,Munster Tractors Ltd,Loading shovel,58000.00,13340.00,71340.00,28/05/2020,EUR,,invoice,,IE5139076N,D05112
CL-202004,30/04/2020,Slieve Dairy Co-Operative Society Ltd,"Co-op haulage, milk testing, levies Apr 2020",1111.12,255.56,1366.68,30/04/2020,EUR,deducted from MS-202004,invoice,,IE9462300P,D00348
LV20-0028,01/05/2020,Lisheen Veterinary Clinic,Fertility scanning,403.23,92.74,495.97,31/05/2020,EUR,,invoice,,IE3593885U,D03006
DHS20-0019,02/05/2020,Dairy Hygiene Supplies Ltd,"Parlour detergents, teat dip, filter socks",253.07,58.21,311.28,01/06/2020,EUR,,invoice,,IE1520123Q,D03123
SG20-0004,03/05/2020,Southern Genetics Co-Op,Semen straws + AI technician service,855.04,196.66,1051.70,02/06/2020,EUR,,invoice,,IE2815241Q,D03027
CFP20-0008,03/05/2020,Charleville Farm Parts & Tyres Ltd,Mower blades,235.62,54.19,289.81,02/06/2020,EUR,,invoice,,IE3017449G,D03063
HT20-0005,03/05/2020,HerdTrack Software Ltd,Herd management subscription,88.00,20.24,108.24,02/06/2020,EUR,,invoice,,IE6323212L,D03149
LV20-0042,04/05/2020,Lisheen Veterinary Clinic,Herd health visit + drugs,404.63,93.06,497.69,03/06/2020,EUR,,invoice,,IE3593885U,D03020
LV20-0017,05/05/2020,Lisheen Veterinary Clinic,Vaccines (BVD/IBR/lepto),352.42,81.06,433.48,04/06/2020,EUR,,invoice,,IE3593885U,D02995
CFP20-0014,06/05/2020,Charleville Farm Parts & Tyres Ltd,Tyres and tubes,519.61,119.51,639.12,05/06/2020,EUR,,invoice,,IE3017449G,D03069
DHS20-0016,06/05/2020,Dairy Hygiene Supplies Ltd,"Parlour detergents, teat dip, filter socks",428.57,98.57,527.14,05/06/2020,EUR,,invoice,,IE1520123Q,D03120
AW20-0001,06/05/2020,AgriWrap Plastics Ltd,"Silage plastic, bale net, twine",1097.29,252.38,1349.67,05/06/2020,EUR,,invoice,,IE7984856V,D03124
LV20-0003,08/05/2020,Lisheen Veterinary Clinic,Mastitis treatments,566.26,130.24,696.50,07/06/2020,EUR,,invoice,,IE3593885U,D02981
LV20-0035,08/05/2020,Lisheen Veterinary Clinic,Dry cow therapy / sealers,382.89,88.06,470.95,07/06/2020,EUR,,invoice,,IE3593885U,D03013
ES20-0005,08/05/2020,ESB Electric Supply,Electricity May 2020 (farm + house meter),1350.23,182.28,1532.51,07/06/2020,EUR,,invoice,,IE4752023D,D03147
TI20-0001,08/05/2020,Tesco Ireland,"Groceries, household and farm kitchen",335.20,77.10,412.30,07/06/2020,EUR,,invoice,,IE7201782N,D05134
MR20-0003,09/05/2020,Munster Rendering Ltd,Fallen animal collection,158.20,36.39,194.59,08/06/2020,EUR,,invoice,,IE4033776E,D04733
KA20-0001,10/05/2020,Kilcummin Agri Supplies Ltd,Ground limestone bulk spread,5343.68,721.40,6065.08,09/06/2020,EUR,,invoice,,IE2092142W,D02974
OB20-0002,10/05/2020,O'Brien Plant Hire Ltd,Slurry spreading (trailing shoe),2324.44,313.80,2638.24,09/06/2020,EUR,,invoice,,IE9729960P,D03039
LD20-0007,11/05/2020,Kilbeg Livestock Mart Ltd,Mart commission and levies on LD-20-9240,141.15,32.46,173.61,11/05/2020,EUR,LD-20-9240,invoice,,IE6958430T,D04747
VF20-0005,12/05/2020,Vodafone Ireland,Mobile and broadband,155.23,35.70,190.93,11/06/2020,EUR,,invoice,,IE8398493D,D03148
MR20-0002,12/05/2020,Munster Rendering Ltd,Fallen animal collection,158.20,36.39,194.59,11/06/2020,EUR,,invoice,,IE4033776E,D04732
CFP20-0015,14/05/2020,Charleville Farm Parts & Tyres Ltd,Welding rods / steel,257.61,59.25,316.86,13/06/2020,EUR,,invoice,,IE3017449G,D03070
SG20-0008,17/05/2020,Southern Genetics Co-Op,Semen straws + AI technician service,833.98,191.82,1025.80,16/06/2020,EUR,,invoice,,IE2815241Q,D03031
WS20-0001,18/05/2020,County Council Water Services,"Water charges (metered, farm)",700.60,0.00,700.60,17/06/2020,EUR,,invoice,,IE7854060O,D03174
SG20-0001,20/05/2020,Southern Genetics Co-Op,Semen straws + AI technician service,633.15,145.62,778.77,19/06/2020,EUR,,invoice,,IE2815241Q,D03024
OB20-0005,23/05/2020,O'Brien Plant Hire Ltd,Baling + wrapping,2393.40,323.11,2716.51,22/06/2020,EUR,,invoice,,IE9729960P,D03046
LD20-0008,25/05/2020,Kilbeg Livestock Mart Ltd,Mart commission and levies on LD-20-9186,130.28,29.96,160.24,25/05/2020,EUR,LD-20-9186,invoice,,IE6958430T,D04749
SG20-0003,26/05/2020,Southern Genetics Co-Op,Semen straws + AI technician service,963.50,221.60,1185.10,25/06/2020,EUR,,invoice,,IE2815241Q,D03026
CL-202005,31/05/2020,Slieve Dairy Co-Operative Society Ltd,"Co-op haulage, milk testing, levies May 2020",1216.50,279.80,1496.30,31/05/2020,EUR,deducted from MS-202005,invoice,,IE9462300P,D00350
BF20-0007,02/06/2020,Ballyhoura Fuels Ltd,"Marked gas oil, bulk delivery",1596.96,215.59,1812.55,02/07/2020,EUR,,invoice,,IE4197223U,D03053
HT20-0006,02/06/2020,HerdTrack Software Ltd,Herd management subscription,88.00,20.24,108.24,02/07/2020,EUR,,invoice,,IE6323212L,D03152
TG20-0001,02/06/2020,Teagasc,Advisory service annual fee,1017.00,233.91,1250.91,02/07/2020,EUR,,invoice,,IE7259700V,D03173
LV20-0005,03/06/2020,Lisheen Veterinary Clinic,Calving assistance,655.08,150.67,805.75,03/07/2020,EUR,,invoice,,IE3593885U,D02983
CFP20-0046,03/06/2020,Charleville Farm Parts & Tyres Ltd,Welding rods / steel,403.82,92.88,496.70,03/07/2020,EUR,,invoice,,IE3017449G,D03101
ES20-0006,04/06/2020,ESB Electric Supply,Electricity Jun 2020 (farm + house meter),1654.12,223.31,1877.43,04/07/2020,EUR,,invoice,,IE4752023D,D03150
LAC20-0007,08/06/2020,Lyons Agri Contracting Ltd,Hedge cutting,3943.00,532.30,4475.30,08/07/2020,EUR,,invoice,,IE9219903D,D03044
CFP20-0015,08/06/2020,Charleville Farm Parts & Tyres Ltd,Welding rods / steel,257.61,59.25,316.86,13/06/2020,EUR,,invoice,,IE3017449G,D05135
AW20-0003,10/06/2020,AgriWrap Plastics Ltd,"Silage plastic, bale net, twine",1435.75,330.22,1765.97,10/07/2020,EUR,,invoice,,IE7984856V,D03126
VF20-0006,11/06/2020,Vodafone Ireland,Mobile and broadband,174.16,40.06,214.22,11/07/2020,EUR,,invoice,,IE8398493D,D03151
DHS20-0017,12/06/2020,Dairy Hygiene Supplies Ltd,"Parlour detergents, teat dip, filter socks",501.92,115.44,617.36,12/07/2020,EUR,,invoice,,IE1520123Q,D03121
LV20-0025,16/06/2020,Lisheen Veterinary Clinic,Vaccines (BVD/IBR/lepto),561.88,129.23,691.11,16/07/2020,EUR,,invoice,,IE3593885U,D03003
CFP20-0049,16/06/2020,Charleville Farm Parts & Tyres Ltd,Hydraulic hoses,422.33,97.14,519.47,16/07/2020,EUR,,invoice,,IE3017449G,D03104
BF20-0002,19/06/2020,Ballyhoura Fuels Ltd,"Marked gas oil, bulk delivery",911.23,123.02,1034.25,19/07/2020,EUR,,invoice,,IE4197223U,D03048
BF20-0006,19/06/2020,Ballyhoura Fuels Ltd,"Marked gas oil, bulk delivery",1159.69,156.56,1316.25,19/07/2020,EUR,,invoice,,IE4197223U,D03052
LAC20-0002,21/06/2020,Lyons Agri Contracting Ltd,Slurry spreading (trailing shoe),2764.78,373.25,3138.03,21/07/2020,EUR,,invoice,,IE9219903D,D03036
LAC20-0003,21/06/2020,Lyons Agri Contracting Ltd,Slurry spreading (trailing shoe),3761.81,507.84,4269.65,21/07/2020,EUR,,invoice,,IE9219903D,D03037
CFP20-0029,25/06/2020,Charleville Farm Parts & Tyres Ltd,Gate and fencing repairs,508.00,116.84,624.84,25/07/2020,EUR,,invoice,,IE3017449G,D03084
CL-202006,30/06/2020,Slieve Dairy Co-Operative Society Ltd,"Co-op haulage, milk testing, levies Jun 2020",1174.18,270.06,1444.24,30/06/2020,EUR,deducted from MS-202006,invoice,,IE9462300P,D00352
HT20-0007,01/07/2020,HerdTrack Software Ltd,Herd management subscription,88.00,20.24,108.24,31/07/2020,EUR,,invoice,,IE6323212L,D03155
CFP20-0027,02/07/2020,Charleville Farm Parts & Tyres Ltd,Mower blades,493.58,113.52,607.10,01/08/2020,EUR,,invoice,,IE3017449G,D03082
ES20-0007,03/07/2020,ESB Electric Supply,Electricity Jul 2020 (farm + house meter),1332.67,179.91,1512.58,02/08/2020,EUR,,invoice,,IE4752023D,D03153
CFP20-0021,06/07/2020,Charleville Farm Parts & Tyres Ltd,Tyres and tubes,455.85,104.85,560.70,05/08/2020,EUR,,invoice,,IE3017449G,D03076
HF20-0004,07/07/2020,Cork Hoof Care Services,Hoof trimming / footbaths,731.45,168.23,899.68,06/08/2020,EUR,,invoice,,IE1248259R,D03131
CFP20-0026,09/07/2020,Charleville Farm Parts & Tyres Ltd,Parlour liners,262.99,60.49,323.48,08/08/2020,EUR,,invoice,,IE3017449G,D03081
VF20-0007,10/07/2020,Vodafone Ireland,Mobile and broadband,171.85,39.53,211.38,09/08/2020,EUR,,invoice,,IE8398493D,D03154
CFP20-0018,11/07/2020,Charleville Farm Parts & Tyres Ltd,Gate and fencing repairs,369.74,85.04,454.78,10/08/2020,EUR,,invoice,,IE3017449G,D03073
AW20-0004,13/07/2020,AgriWrap Plastics Ltd,"Silage plastic, bale net, twine",640.87,147.40,788.27,12/08/2020,EUR,,invoice,,IE7984856V,D03127
CFP20-0007,15/07/2020,Charleville Farm Parts & Tyres Ltd,Mower blades,347.56,79.94,427.50,14/08/2020,EUR,,invoice,,IE3017449G,D03062
CFP20-0042,21/07/2020,Charleville Farm Parts & Tyres Ltd,Mower blades,476.10,109.50,585.60,20/08/2020,EUR,,invoice,,IE3017449G,D03097
DHS20-0002,21/07/2020,Dairy Hygiene Supplies Ltd,"Parlour detergents, teat dip, filter socks",261.49,60.14,321.63,20/08/2020,EUR,,invoice,,IE1520123Q,D03106
CFP20-0041,22/07/2020,Charleville Farm Parts & Tyres Ltd,Mower blades,210.94,48.52,259.46,21/08/2020,EUR,,invoice,,IE3017449G,D03096
CS20-0011,26/07/2020,Slieve Dairy Co-Op Farm Stores,Protected urea bulk spread,5220.24,704.73,5924.97,25/08/2020,EUR,netted off milk payment,invoice,,IE8007456W,D02977
SG20-0007,27/07/2020,Southern Genetics Co-Op,Semen straws + AI technician service,763.79,175.67,939.46,26/08/2020,EUR,,invoice,,IE2815241Q,D03030
AW20-0002,27/07/2020,AgriWrap Plastics Ltd,"Silage plastic, bale net, twine",1464.10,336.74,1800.84,26/08/2020,EUR,,invoice,,IE7984856V,D03125
HF20-0002,27/07/2020,Cork Hoof Care Services,Hoof trimming / footbaths,570.06,131.11,701.17,26/08/2020,EUR,,invoice,,IE1248259R,D03129
CL-202007,31/07/2020,Slieve Dairy Co-Operative Society Ltd,"Co-op haulage, milk testing, levies Jul 2020",1007.90,231.82,1239.72,31/07/2020,EUR,deducted from MS-202007,invoice,,IE9462300P,D00354
HT20-0008,02/08/2020,HerdTrack Software Ltd,Herd management subscription,88.00,20.24,108.24,01/09/2020,EUR,,invoice,,IE6323212L,D03158
DT20-0001,03/08/2020,DairyTech Milking Systems Ltd,Slurry scraper robot,17500.00,4025.00,21525.00,02/09/2020,EUR,,invoice,,IE7122550D,D05113
ES20-0008,06/08/2020,ESB Electric Supply,Electricity Aug 2020 (farm + house meter),1469.87,198.43,1668.30,05/09/2020,EUR,,invoice,,IE4752023D,D03156
LV20-0002,09/08/2020,Lisheen Veterinary Clinic,Vaccines (BVD/IBR/lepto),741.30,170.50,911.80,08/09/2020,EUR,,invoice,,IE3593885U,D02980
LV20-0013,09/08/2020,Lisheen Veterinary Clinic,Vaccines (BVD/IBR/lepto),739.40,170.06,909.46,08/09/2020,EUR,,invoice,,IE3593885U,D02991
VF20-0008,12/08/2020,Vodafone Ireland,Mobile and broadband,174.71,40.18,214.89,11/09/2020,EUR,,invoice,,IE8398493D,D03157
BF20-0009,16/08/2020,Ballyhoura Fuels Ltd,"Marked gas oil, bulk delivery",1187.47,160.31,1347.78,15/09/2020,EUR,,invoice,,IE4197223U,D03055
LV20-0027,18/08/2020,Lisheen Veterinary Clinic,Herd health visit + drugs,398.25,91.60,489.85,17/09/2020,EUR,,invoice,,IE3593885U,D03005
DHS20-0008,18/08/2020,Dairy Hygiene Supplies Ltd,"Parlour detergents, teat dip, filter socks",416.30,95.75,512.05,17/09/2020,EUR,,invoice,,IE1520123Q,D03112
DHS20-0009,20/08/2020,Dairy Hygiene Supplies Ltd,"Parlour detergents, teat dip, filter socks",245.13,56.38,301.51,19/09/2020,EUR,,invoice,,IE1520123Q,D03113
OB20-0003,25/08/2020,O'Brien Plant Hire Ltd,Hedge cutting,3826.41,516.57,4342.98,24/09/2020,EUR,,invoice,,IE9729960P,D03043
CFP20-0045,25/08/2020,Charleville Farm Parts & Tyres Ltd,Gate and fencing repairs,225.55,51.88,277.43,24/09/2020,EUR,,invoice,,IE3017449G,D03100
CL-202008,31/08/2020,Slieve Dairy Co-Operative Society Ltd,"Co-op haulage, milk testing, levies Aug 2020",954.97,219.64,1174.61,31/08/2020,EUR,deducted from MS-202008,invoice,,IE9462300P,D00356
CFP20-0034,02/09/2020,Charleville Farm Parts & Tyres Ltd,Tractor service parts,294.81,61.91,356.72,02/10/2020,EUR,,invoice,,IE3017449G,D03089
HT20-0009,02/09/2020,HerdTrack Software Ltd,Herd management subscription,88.00,18.48,106.48,02/10/2020,EUR,,invoice,,IE6323212L,D03161
CS20-0008,06/09/2020,Slieve Dairy Co-Op Farm Stores,Calf starter + milk replacer - 6.5 t,2344.84,0.00,2344.84,06/10/2020,EUR,netted off milk payment,invoice,,IE8007456W,D02971
LV20-0011,07/09/2020,Lisheen Veterinary Clinic,Calving assistance,319.57,67.11,386.68,07/10/2020,EUR,,invoice,,IE3593885U,D02989
ES20-0009,08/09/2020,ESB Electric Supply,Electricity Sep 2020 (farm + house meter),1541.90,208.16,1750.06,08/10/2020,EUR,,invoice,,IE4752023D,D03159
LV20-0018,10/09/2020,Lisheen Veterinary Clinic,Herd health visit + drugs,635.67,133.49,769.16,10/10/2020,EUR,,invoice,,IE3593885U,D02996
VF20-0009,10/09/2020,Vodafone Ireland,Mobile and broadband,170.97,35.90,206.87,10/10/2020,EUR,,invoice,,IE8398493D,D03160
CS20-0004,11/09/2020,Slieve Dairy Co-Op Farm Stores,Calf starter + milk replacer - 11.8 t,4280.29,0.00,4280.29,11/10/2020,EUR,netted off milk payment,invoice,,IE8007456W,D02961
LAC20-0004,12/09/2020,Lyons Agri Contracting Ltd,Reseeding / ploughing,2868.82,387.29,3256.11,12/10/2020,EUR,,invoice,,IE9219903D,D03040
DHS20-0005,12/09/2020,Dairy Hygiene Supplies Ltd,"Parlour detergents, teat dip, filter socks",394.88,82.92,477.80,12/10/2020,EUR,,invoice,,IE1520123Q,D03109
DHS20-0018,13/09/2020,Dairy Hygiene Supplies Ltd,"Parlour detergents, teat dip, filter socks",334.02,70.14,404.16,13/10/2020,EUR,,invoice,,IE1520123Q,D03122
LAC20-0005,14/09/2020,Lyons Agri Contracting Ltd,Silage harvesting (1st cut),1977.31,266.94,2244.25,14/10/2020,EUR,,invoice,,IE9219903D,D03041
CFP20-0031,16/09/2020,Charleville Farm Parts & Tyres Ltd,Tyres and tubes,408.34,85.75,494.09,16/10/2020,EUR,,invoice,,IE3017449G,D03086
LV20-0036,17/09/2020,Lisheen Veterinary Clinic,Calving assistance,550.67,115.64,666.31,17/10/2020,EUR,,invoice,,IE3593885U,D03014
CFP20-0016,19/09/2020,Charleville Farm Parts & Tyres Ltd,Tractor service parts,263.86,55.41,319.27,19/10/2020,EUR,,invoice,,IE3017449G,D03071
CFP20-0044,20/09/2020,Charleville Farm Parts & Tyres Ltd,Tractor service parts,535.72,112.50,648.22,20/10/2020,EUR,,invoice,,IE3017449G,D03099
LV20-0030,23/09/2020,Lisheen Veterinary Clinic,Mastitis treatments,582.55,122.34,704.89,23/10/2020,EUR,,invoice,,IE3593885U,D03008
CFP20-0036,25/09/2020,Charleville Farm Parts & Tyres Ltd,Tyres and tubes,249.88,52.47,302.35,25/10/2020,EUR,,invoice,,IE3017449G,D03091
LV20-0006,27/09/2020,Lisheen Veterinary Clinic,Vaccines (BVD/IBR/lepto),522.26,109.67,631.93,27/10/2020,EUR,,invoice,,IE3593885U,D02984
LV20-0008,28/09/2020,Lisheen Veterinary Clinic,Calving assistance,707.50,148.58,856.08,28/10/2020,EUR,,invoice,,IE3593885U,D02986
LV20-0033,28/09/2020,Lisheen Veterinary Clinic,Dry cow therapy / sealers,773.56,162.45,936.01,28/10/2020,EUR,,invoice,,IE3593885U,D03011
CL-202009,30/09/2020,Slieve Dairy Co-Operative Society Ltd,"Co-op haulage, milk testing, levies Sep 2020",726.12,152.49,878.61,30/09/2020,EUR,deducted from MS-202009,invoice,,IE9462300P,D00358
CS20-0009,02/10/2020,Slieve Dairy Co-Op Farm Stores,Dairy ration 16% bulk - 10.3 t,3738.38,0.00,3738.38,01/11/2020,EUR,netted off milk payment,invoice,,IE8007456W,D02972
HT20-0010,02/10/2020,HerdTrack Software Ltd,Herd management subscription,88.00,18.48,106.48,01/11/2020,EUR,,invoice,,IE6323212L,D03164
CFP20-0038,05/10/2020,Charleville Farm Parts & Tyres Ltd,Tractor service parts,360.20,75.64,435.84,04/11/2020,EUR,,invoice,,IE3017449G,D03093
BF20-0005,06/10/2020,Ballyhoura Fuels Ltd,"Marked gas oil, bulk delivery",1389.63,187.60,1577.23,05/11/2020,EUR,,invoice,,IE4197223U,D03051
ES20-0010,06/10/2020,ESB Electric Supply,Electricity Oct 2020 (farm + house meter),1308.24,176.61,1484.85,05/11/2020,EUR,,invoice,,IE4752023D,D03162
LV20-0029,07/10/2020,Lisheen Veterinary Clinic,Mastitis treatments,641.94,134.81,776.75,06/11/2020,EUR,,invoice,,IE3593885U,D03007
BF20-0004,07/10/2020,Ballyhoura Fuels Ltd,"Marked gas oil, bulk delivery",1331.73,179.78,1511.51,06/11/2020,EUR,,invoice,,IE4197223U,D03050
CFP20-0047,11/10/2020,Charleville Farm Parts & Tyres Ltd,Tyres and tubes,319.52,67.10,386.62,10/11/2020,EUR,,invoice,,IE3017449G,D03102
HF20-0003,11/10/2020,Cork Hoof Care Services,Hoof trimming / footbaths,805.88,169.23,975.11,10/11/2020,EUR,,invoice,,IE1248259R,D03130
GF20-0006,12/10/2020,Glenfern Feeds Ltd,Calf starter + milk replacer - 10.5 t,3810.01,0.00,3810.01,11/11/2020,EUR,,invoice,,IE8573822O,D02965
VF20-0010,12/10/2020,Vodafone Ireland,Mobile and broadband,161.62,33.94,195.56,11/11/2020,EUR,,invoice,,IE8398493D,D03163
CFP20-0012,14/10/2020,Charleville Farm Parts & Tyres Ltd,Parlour liners,541.59,113.73,655.32,13/11/2020,EUR,,invoice,,IE3017449G,D03067
LV20-0004,15/10/2020,Lisheen Veterinary Clinic,Vaccines (BVD/IBR/lepto),373.43,78.42,451.85,14/11/2020,EUR,,invoice,,IE3593885U,D02982
DHS20-0011,18/10/2020,Dairy Hygiene Supplies Ltd,"Parlour detergents, teat dip, filter socks",480.47,100.90,581.37,17/11/2020,EUR,,invoice,,IE1520123Q,D03115
OB20-0004,20/10/2020,O'Brien Plant Hire Ltd,Reseeding / ploughing,2710.10,365.86,3075.96,19/11/2020,EUR,,invoice,,IE9729960P,D03045
LV20-0043,21/10/2020,Lisheen Veterinary Clinic,Calving assistance,566.13,118.89,685.02,20/11/2020,EUR,,invoice,,IE3593885U,D03021
CFP20-0013,22/10/2020,Charleville Farm Parts & Tyres Ltd,Hydraulic hoses,222.26,46.67,268.93,21/11/2020,EUR,,invoice,,IE3017449G,D03068
CFP20-0006,24/10/2020,Charleville Farm Parts & Tyres Ltd,Tyres and tubes,226.36,47.54,273.90,23/11/2020,EUR,,invoice,,IE3017449G,D03061
LV20-0010,26/10/2020,Lisheen Veterinary Clinic,Mastitis treatments,380.73,79.95,460.68,25/11/2020,EUR,,invoice,,IE3593885U,D02988
HF20-0007,26/10/2020,Cork Hoof Care Services,Hoof trimming / footbaths,588.34,123.55,711.89,25/11/2020,EUR,,invoice,,IE1248259R,D03134
CL-202010,31/10/2020,Slieve Dairy Co-Operative Society Ltd,"Co-op haulage, milk testing, levies Oct 2020",505.82,106.22,612.04,31/10/2020,EUR,deducted from MS-202010,invoice,,IE9462300P,D00360
HT20-0011,02/11/2020,HerdTrack Software Ltd,Herd management subscription,88.00,18.48,106.48,02/12/2020,EUR,,invoice,,IE6323212L,D03167
HF20-0006,03/11/2020,Cork Hoof Care Services,Hoof trimming / footbaths,399.95,83.99,483.94,03/12/2020,EUR,,invoice,,IE1248259R,D03133
ES20-0011,03/11/2020,ESB Electric Supply,Electricity Nov 2020 (farm + house meter),1670.63,225.54,1896.17,03/12/2020,EUR,,invoice,,IE4752023D,D03165
LD20-0010,03/11/2020,Kilbeg Livestock Mart Ltd,Mart commission and levies on LD-20-7764,231.69,48.65,280.34,03/11/2020,EUR,LD-20-7764,invoice,,IE6958430T,D04757
LV20-0038,05/11/2020,Lisheen Veterinary Clinic,Fertility scanning,393.10,82.55,475.65,05/12/2020,EUR,,invoice,,IE3593885U,D03016
CS20-0001,06/11/2020,Slieve Dairy Co-Op Farm Stores,Mineral supplement - 11.3 t,4082.68,0.00,4082.68,06/12/2020,EUR,netted off milk payment,invoice,,IE8007456W,D02955
HF20-0001,06/11/2020,Cork Hoof Care Services,Hoof trimming / footbaths,947.17,198.91,1146.08,06/12/2020,EUR,,invoice,,IE1248259R,D03128
DHS20-0004,08/11/2020,Dairy Hygiene Supplies Ltd,"Parlour detergents, teat dip, filter socks",430.31,90.37,520.68,08/12/2020,EUR,,invoice,,IE1520123Q,D03108
BF20-0008,11/11/2020,Ballyhoura Fuels Ltd,"Marked gas oil, bulk delivery",1161.07,156.74,1317.81,11/12/2020,EUR,,invoice,,IE4197223U,D03054
CFP20-0010,11/11/2020,Charleville Farm Parts & Tyres Ltd,Gate and fencing repairs,318.60,66.91,385.51,11/12/2020,EUR,,invoice,,IE3017449G,D03065
VF20-0011,11/11/2020,Vodafone Ireland,Mobile and broadband,156.45,32.85,189.30,11/12/2020,EUR,,invoice,,IE8398493D,D03166
CFP20-0030,12/11/2020,Charleville Farm Parts & Tyres Ltd,Welding rods / steel,509.98,107.10,617.08,12/12/2020,EUR,,invoice,,IE3017449G,D03085
CFP20-0039,12/11/2020,Charleville Farm Parts & Tyres Ltd,Gate and fencing repairs,526.11,110.48,636.59,12/12/2020,EUR,,invoice,,IE3017449G,D03094
LD20-0009,12/11/2020,Kilbeg Livestock Mart Ltd,Mart commission and levies on LD-20-2159,235.49,49.45,284.94,12/11/2020,EUR,LD-20-2159,invoice,,IE6958430T,D04754
LV20-0020,14/11/2020,Lisheen Veterinary Clinic,Herd health visit + drugs,293.14,61.56,354.70,14/12/2020,EUR,,invoice,,IE3593885U,D02998
DHS20-0013,14/11/2020,Dairy Hygiene Supplies Ltd,"Parlour detergents, teat dip, filter socks",355.38,74.63,430.01,14/12/2020,EUR,,invoice,,IE1520123Q,D03117
LV20-0009,15/11/2020,Lisheen Veterinary Clinic,Herd health visit + drugs,338.54,71.09,409.63,15/12/2020,EUR,,invoice,,IE3593885U,D02987
CFP20-0037,17/11/2020,Charleville Farm Parts & Tyres Ltd,Parlour liners,379.63,79.72,459.35,17/12/2020,EUR,,invoice,,IE3017449G,D03092
CFP20-0040,19/11/2020,Charleville Farm Parts & Tyres Ltd,Tyres and tubes,370.87,77.88,448.75,19/12/2020,EUR,,invoice,,IE3017449G,D03095
DOC20-0001,20/11/2020,"T. Buckley (landlord, conacre)",Conacre rent 2020: 70 acres @ 340/acre,23800.00,0.00,23800.00,20/12/2020,EUR,,rent_receipt,,,D03175
BF20-0001,23/11/2020,Ballyhoura Fuels Ltd,"Marked gas oil, bulk delivery",2133.52,288.03,2421.55,23/12/2020,EUR,,invoice,,IE4197223U,D03047
CFP20-0032,23/11/2020,Charleville Farm Parts & Tyres Ltd,Hydraulic hoses,300.38,63.08,363.46,23/12/2020,EUR,,invoice,,IE3017449G,D03087
GF20-0003,27/11/2020,Glenfern Feeds Ltd,Calf starter + milk replacer - 9.9 t,3572.66,0.00,3572.66,27/12/2020,EUR,,invoice,,IE8573822O,D02960
CL-202011,30/11/2020,Slieve Dairy Co-Operative Society Ltd,"Co-op haulage, milk testing, levies Nov 2020",272.35,57.19,329.54,30/11/2020,EUR,deducted from MS-202011,invoice,,IE9462300P,D00362
HT20-0012,02/12/2020,HerdTrack Software Ltd,Herd management subscription,88.00,18.48,106.48,01/01/2021,EUR,,invoice,,IE6323212L,D03170
CS20-0006,03/12/2020,Slieve Dairy Co-Op Farm Stores,Maize meal / soya hulls blend - 11.6 t,4189.70,0.00,4189.70,02/01/2021,EUR,netted off milk payment,invoice,,IE8007456W,D02967
ES20-0012,04/12/2020,ESB Electric Supply,Electricity Dec 2020 (farm + house meter),1427.91,192.77,1620.68,03/01/2021,EUR,,invoice,,IE4752023D,D03168
MR20-0001,05/12/2020,Munster Rendering Ltd,Fallen animal collection,124.30,26.10,150.40,04/01/2021,EUR,,invoice,,IE4033776E,D04731
LV20-0031,07/12/2020,Lisheen Veterinary Clinic,Dry cow therapy / sealers,303.47,63.73,367.20,06/01/2021,EUR,,invoice,,IE3593885U,D03009
CFP20-0019,10/12/2020,Charleville Farm Parts & Tyres Ltd,Parlour liners,380.90,79.99,460.89,09/01/2021,EUR,,invoice,,IE3017449G,D03074
VF20-0012,11/12/2020,Vodafone Ireland,Mobile and broadband,173.99,36.54,210.53,10/01/2021,EUR,,invoice,,IE8398493D,D03169
CFP20-0004,12/12/2020,Charleville Farm Parts & Tyres Ltd,Welding rods / steel,495.59,104.07,599.66,11/01/2021,EUR,,invoice,,IE3017449G,D03059
CFP20-0022,13/12/2020,Charleville Farm Parts & Tyres Ltd,Welding rods / steel,210.54,44.21,254.75,12/01/2021,EUR,,invoice,,IE3017449G,D03077
CS20-0002,14/12/2020,Slieve Dairy Co-Op Farm Stores,Dairy ration 18% nuts - 10.1 t,3665.88,0.00,3665.88,13/01/2021,EUR,netted off milk payment,invoice,,IE8007456W,D02958
LV20-0021,14/12/2020,Lisheen Veterinary Clinic,Mastitis treatments,347.68,73.01,420.69,13/01/2021,EUR,,invoice,,IE3593885U,D02999
LV20-0034,14/12/2020,Lisheen Veterinary Clinic,Herd health visit + drugs,570.22,119.75,689.97,13/01/2021,EUR,,invoice,,IE3593885U,D03012
GF20-0009,15/12/2020,Glenfern Feeds Ltd,Calf starter + milk replacer - 10.5 t,3818.93,0.00,3818.93,14/01/2021,EUR,,invoice,,IE8573822O,D02969
CFP20-0043,17/12/2020,Charleville Farm Parts & Tyres Ltd,Tractor service parts,403.93,84.83,488.76,16/01/2021,EUR,,invoice,,IE3017449G,D03098
CFP20-0028,18/12/2020,Charleville Farm Parts & Tyres Ltd,Mower blades,406.50,85.36,491.86,17/01/2021,EUR,,invoice,,IE3017449G,D03083
LV20-0012,20/12/2020,Lisheen Veterinary Clinic,Vaccines (BVD/IBR/lepto),561.70,117.96,679.66,19/01/2021,EUR,,invoice,,IE3593885U,D02990
LV20-0007,22/12/2020,Lisheen Veterinary Clinic,Vaccines (BVD/IBR/lepto),570.05,119.71,689.76,21/01/2021,EUR,,invoice,,IE3593885U,D02985
CS20-0007,24/12/2020,Slieve Dairy Co-Op Farm Stores,Calf starter + milk replacer - 8.4 t,3030.06,0.00,3030.06,23/01/2021,EUR,netted off milk payment,invoice,,IE8007456W,D02970
LV20-0024,28/12/2020,Lisheen Veterinary Clinic,Calving assistance,484.85,101.82,586.67,27/01/2021,EUR,,invoice,,IE3593885U,D03002
CL-202012,31/12/2020,Slieve Dairy Co-Operative Society Ltd,"Co-op haulage, milk testing, levies Dec 2020",121.17,25.45,146.62,31/12/2020,EUR,deducted from MS-202012,invoice,,IE9462300P,D00364
GF21-0006,01/01/2021,Glenfern Feeds Ltd,Dairy ration 18% nuts - 8.6 t,3842.40,0.00,3842.40,31/01/2021,EUR,,invoice,,IE8573822O,D03185
DHS21-0012,01/01/2021,Dairy Hygiene Supplies Ltd,"Parlour detergents, teat dip, filter socks",408.18,85.72,493.90,31/01/2021,EUR,,invoice,,IE1520123Q,D03352
HT21-0001,01/01/2021,HerdTrack Software Ltd,Herd management subscription,88.00,18.48,106.48,31/01/2021,EUR,,invoice,,IE6323212L,D03374
CFP21-0027,02/01/2021,Charleville Farm Parts & Tyres Ltd,Tyres and tubes,418.67,87.92,506.59,01/02/2021,EUR,,invoice,,IE3017449G,D03317
CFP21-0007,03/01/2021,Charleville Farm Parts & Tyres Ltd,Tractor service parts,406.68,85.40,492.08,02/02/2021,EUR,,invoice,,IE3017449G,D03297
DHS21-0018,05/01/2021,Dairy Hygiene Supplies Ltd,"Parlour detergents, teat dip, filter socks",282.38,59.30,341.68,04/02/2021,EUR,,invoice,,IE1520123Q,D03358
ES21-0001,05/01/2021,ESB Electric Supply,Electricity Jan 2021 (farm + house meter),1655.85,223.54,1879.39,04/02/2021,EUR,,invoice,,IE4752023D,D03372
VF21-0001,11/01/2021,Vodafone Ireland,Mobile and broadband,164.50,34.54,199.04,10/02/2021,EUR,,invoice,,IE8398493D,D03373
LV21-0025,12/01/2021,Lisheen Veterinary Clinic,Herd health visit + drugs,335.28,70.41,405.69,11/02/2021,EUR,,invoice,,IE3593885U,D03232
GF21-0007,14/01/2021,Glenfern Feeds Ltd,Mineral supplement - 8.6 t,3836.98,0.00,3836.98,13/02/2021,EUR,,invoice,,IE8573822O,D03186
CS21-0002,15/01/2021,Slieve Dairy Co-Op Farm Stores,Mineral supplement - 8.8 t,3910.31,0.00,3910.31,14/02/2021,EUR,netted off milk payment,invoice,,IE8007456W,D03178
CS21-0009,15/01/2021,Slieve Dairy Co-Op Farm Stores,Maize meal / soya hulls blend - 9.2 t,4123.95,0.00,4123.95,14/02/2021,EUR,netted off milk payment,invoice,,IE8007456W,D03197
CS21-0001,16/01/2021,Slieve Dairy Co-Op Farm Stores,Maize meal / soya hulls blend - 7.4 t,3291.37,0.00,3291.37,15/02/2021,EUR,netted off milk payment,invoice,,IE8007456W,D03176
CFP21-0009,16/01/2021,Charleville Farm Parts & Tyres Ltd,Mower blades,399.81,83.96,483.77,15/02/2021,EUR,,invoice,,IE3017449G,D03299
LV21-0009,25/01/2021,Lisheen Veterinary Clinic,Dry cow therapy / sealers,307.30,64.53,371.83,24/02/2021,EUR,,invoice,,IE3593885U,D03216
CFP21-0029,28/01/2021,Charleville Farm Parts & Tyres Ltd,Hydraulic hoses,485.32,101.92,587.24,27/02/2021,EUR,,invoice,,IE3017449G,D03319
CFP21-0009,29/01/2021,Charleville Farm Parts & Tyres Ltd,Mower blades,399.81,83.96,483.77,15/02/2021,EUR,,invoice,,IE3017449G,D05137
CL-202101,31/01/2021,Slieve Dairy Co-Operative Society Ltd,"Co-op haulage, milk testing, levies Jan 2021",198.71,41.73,240.44,31/01/2021,EUR,deducted from MS-202101,invoice,,IE9462300P,D00366
CFP21-0005,02/02/2021,Charleville Farm Parts & Tyres Ltd,Mower blades,571.92,120.10,692.02,04/03/2021,EUR,,invoice,,IE3017449G,D03295
HT21-0002,02/02/2021,HerdTrack Software Ltd,Herd management subscription,88.00,18.48,106.48,04/03/2021,EUR,,invoice,,IE6323212L,D03377
GF21-0004,03/02/2021,Glenfern Feeds Ltd,Calf starter + milk replacer - 6.9 t,3075.49,0.00,3075.49,05/03/2021,EUR,,invoice,,IE8573822O,D03181
LV21-0039,07/02/2021,Lisheen Veterinary Clinic,Calving assistance,702.06,147.43,849.49,09/03/2021,EUR,,invoice,,IE3593885U,D03246
CS21-0014,08/02/2021,Slieve Dairy Co-Op Farm Stores,Ground limestone bulk spread,6581.81,888.54,7470.35,10/03/2021,EUR,netted off milk payment,invoice,,IE8007456W,D03202
ES21-0002,08/02/2021,ESB Electric Supply,Electricity Feb 2021 (farm + house meter),1512.66,204.21,1716.87,10/03/2021,EUR,,invoice,,IE4752023D,D03375
LV21-0007,10/02/2021,Lisheen Veterinary Clinic,Vaccines (BVD/IBR/lepto),401.36,84.29,485.65,12/03/2021,EUR,,invoice,,IE3593885U,D03214
CFP21-0039,10/02/2021,Charleville Farm Parts & Tyres Ltd,Tyres and tubes,329.76,69.25,399.01,12/03/2021,EUR,,invoice,,IE3017449G,D03329
VF21-0002,11/02/2021,Vodafone Ireland,Mobile and broadband,170.86,35.88,206.74,13/03/2021,EUR,,invoice,,IE8398493D,D03376
GF21-0010,12/02/2021,Glenfern Feeds Ltd,Dairy ration 18% nuts - 5.6 t,2518.90,0.00,2518.90,14/03/2021,EUR,,invoice,,IE8573822O,D03193
CFP21-0021,13/02/2021,Charleville Farm Parts & Tyres Ltd,Hydraulic hoses,354.30,74.40,428.70,15/03/2021,EUR,,invoice,,IE3017449G,D03311
LV21-0012,15/02/2021,Lisheen Veterinary Clinic,Fertility scanning,440.51,92.51,533.02,17/03/2021,EUR,,invoice,,IE3593885U,D03219
MFI21-0001,15/02/2021,Munster Farm Insurance Ltd,"Farm policy renewal (buildings, liability, machinery, employer liability)",11292.00,0.00,11292.00,17/03/2021,EUR,,invoice,,,D03408
GF21-0002,16/02/2021,Glenfern Feeds Ltd,Dairy ration 16% bulk - 6.2 t,2749.59,0.00,2749.59,18/03/2021,EUR,,invoice,,IE8573822O,D03179
CFP21-0014,17/02/2021,Charleville Farm Parts & Tyres Ltd,Gate and fencing repairs,507.41,106.56,613.97,19/03/2021,EUR,,invoice,,IE3017449G,D03304
LV21-0001,18/02/2021,Lisheen Veterinary Clinic,Dry cow therapy / sealers,663.02,139.23,802.25,20/03/2021,EUR,,invoice,,IE3593885U,D03208
CFP21-0035,18/02/2021,Charleville Farm Parts & Tyres Ltd,Gate and fencing repairs,261.74,54.97,316.71,20/03/2021,EUR,,invoice,,IE3017449G,D03325
GF21-0005,25/02/2021,Glenfern Feeds Ltd,Dairy ration 16% bulk - 5.2 t,2307.91,0.00,2307.91,27/03/2021,EUR,,invoice,,IE8573822O,D03182
CL-202102,28/02/2021,Slieve Dairy Co-Operative Society Ltd,"Co-op haulage, milk testing, levies Feb 2021",450.04,94.51,544.55,28/02/2021,EUR,deducted from MS-202102,invoice,,IE9462300P,D00368
LV21-0015,28/02/2021,Lisheen Veterinary Clinic,Calving assistance,613.20,128.77,741.97,30/03/2021,EUR,,invoice,,IE3593885U,D03222
DHS21-0019,28/02/2021,Dairy Hygiene Supplies Ltd,"Parlour detergents, teat dip, filter socks",356.50,74.86,431.36,30/03/2021,EUR,,invoice,,IE1520123Q,D03359
HT21-0003,02/03/2021,HerdTrack Software Ltd,Herd management subscription,88.00,20.24,108.24,01/04/2021,EUR,,invoice,,IE6323212L,D03380
BF21-0004,03/03/2021,Ballyhoura Fuels Ltd,"Marked gas oil, bulk delivery",1444.68,195.03,1639.71,02/04/2021,EUR,,invoice,,IE4197223U,D03283
CFP21-0046,05/03/2021,Charleville Farm Parts & Tyres Ltd,Hydraulic hoses,476.33,109.56,585.89,04/04/2021,EUR,,invoice,,IE3017449G,D03336
ES21-0003,05/03/2021,ESB Electric Supply,Electricity Mar 2021 (farm + house meter),1774.13,239.51,2013.64,04/04/2021,EUR,,invoice,,IE4752023D,D03378
GF21-0008,07/03/2021,Glenfern Feeds Ltd,Mineral supplement - 10.9 t,4885.17,0.00,4885.17,06/04/2021,EUR,,invoice,,IE8573822O,D03189
CFP21-0015,07/03/2021,Charleville Farm Parts & Tyres Ltd,Mower blades,368.48,84.75,453.23,06/04/2021,EUR,,invoice,,IE3017449G,D03305
CFP21-0045,08/03/2021,Charleville Farm Parts & Tyres Ltd,Parlour liners,390.12,89.73,479.85,07/04/2021,EUR,,invoice,,IE3017449G,D03335
LD21-0001,09/03/2021,Kilbeg Livestock Mart Ltd,Mart commission and levies on LD-21-6396,210.48,48.41,258.89,09/03/2021,EUR,LD-21-6396,invoice,,IE6958430T,D04761
DT21-0001,09/03/2021,DairyTech Milking Systems Ltd,Automatic feed pusher robot,31000.00,7130.00,38130.00,08/04/2021,EUR,,invoice,,IE7122550D,D05114
VF21-0003,10/03/2021,Vodafone Ireland,Mobile and broadband,176.27,40.54,216.81,09/04/2021,EUR,,invoice,,IE8398493D,D03379
DHS21-0001,11/03/2021,Dairy Hygiene Supplies Ltd,"Parlour detergents, teat dip, filter socks",573.27,131.85,705.12,10/04/2021,EUR,,invoice,,IE1520123Q,D03341
OB21-0003,14/03/2021,O'Brien Plant Hire Ltd,Silage harvesting (1st cut),2915.61,393.61,3309.22,13/04/2021,EUR,,invoice,,IE9729960P,D03273
HC21-0001,14/03/2021,Hegarty & Co Farm Accountants,"Accounts, tax returns and payroll year 2020",3201.60,736.37,3937.97,13/04/2021,EUR,,invoice,,IE6025428V,D03409
LV21-0013,15/03/2021,Lisheen Veterinary Clinic,Vaccines (BVD/IBR/lepto),476.01,109.48,585.49,14/04/2021,EUR,,invoice,,IE3593885U,D03220
CFP21-0026,16/03/2021,Charleville Farm Parts & Tyres Ltd,Hydraulic hoses,537.61,123.65,661.26,15/04/2021,EUR,,invoice,,IE3017449G,D03316
MR21-0002,16/03/2021,Munster Rendering Ltd,Fallen animal collection,185.60,42.69,228.29,15/04/2021,EUR,,invoice,,IE4033776E,D04759
LV21-0022,21/03/2021,Lisheen Veterinary Clinic,Calving assistance,347.00,79.81,426.81,20/04/2021,EUR,,invoice,,IE3593885U,D03229
LV21-0034,22/03/2021,Lisheen Veterinary Clinic,Vaccines (BVD/IBR/lepto),617.39,142.00,759.39,21/04/2021,EUR,,invoice,,IE3593885U,D03241
CFP21-0036,22/03/2021,Charleville Farm Parts & Tyres Ltd,Gate and fencing repairs,414.18,95.26,509.44,21/04/2021,EUR,,invoice,,IE3017449G,D03326
CS21-0010,23/03/2021,Slieve Dairy Co-Op Farm Stores,Dairy ration 16% bulk - 11.9 t,5319.77,0.00,5319.77,22/04/2021,EUR,netted off milk payment,invoice,,IE8007456W,D03198
DHS21-0013,24/03/2021,Dairy Hygiene Supplies Ltd,"Parlour detergents, teat dip, filter socks",680.17,156.44,836.61,23/04/2021,EUR,,invoice,,IE1520123Q,D03353
LD21-0002,25/03/2021,Kilbeg Livestock Mart Ltd,Mart commission and levies on LD-21-8724,212.88,48.96,261.84,25/03/2021,EUR,LD-21-8724,invoice,,IE6958430T,D04763
CS21-0012,27/03/2021,Slieve Dairy Co-Op Farm Stores,CAN 27% bulk spread,6796.34,917.51,7713.85,26/04/2021,EUR,netted off milk payment,invoice,,IE8007456W,D03200
CL-202103,31/03/2021,Slieve Dairy Co-Operative Society Ltd,"Co-op haulage, milk testing, levies Mar 2021",842.08,193.68,1035.76,31/03/2021,EUR,deducted from MS-202103,invoice,,IE9462300P,D00370
CFP21-0038,02/04/2021,Charleville Farm Parts & Tyres Ltd,Parlour liners,435.30,100.12,535.42,02/05/2021,EUR,,invoice,,IE3017449G,D03328
BF21-0003,03/04/2021,Ballyhoura Fuels Ltd,"Marked gas oil, bulk delivery",1049.99,141.75,1191.74,03/05/2021,EUR,,invoice,,IE4197223U,D03282
HT21-0004,03/04/2021,HerdTrack Software Ltd,Herd management subscription,88.00,20.24,108.24,03/05/2021,EUR,,invoice,,IE6323212L,D03383
LV21-0037,04/04/2021,Lisheen Veterinary Clinic,Vaccines (BVD/IBR/lepto),734.73,168.99,903.72,04/05/2021,EUR,,invoice,,IE3593885U,D03244
SG21-0010,04/04/2021,Southern Genetics Co-Op,Semen straws + AI technician service,787.31,181.08,968.39,04/05/2021,EUR,,invoice,,IE2815241Q,D03264
LAC21-0001,04/04/2021,Lyons Agri Contracting Ltd,Silage harvesting (2nd cut),1904.05,257.05,2161.10,04/05/2021,EUR,,invoice,,IE9219903D,D03267
CFP21-0022,05/04/2021,Charleville Farm Parts & Tyres Ltd,Welding rods / steel,487.58,112.14,599.72,05/05/2021,EUR,,invoice,,IE3017449G,D03312
KA21-0001,06/04/2021,Kilcummin Agri Supplies Ltd,CAN 27% bulk spread,5977.83,807.01,6784.84,06/05/2021,EUR,,invoice,,IE2092142W,D03206
ES21-0004,07/04/2021,ESB Electric Supply,Electricity Apr 2021 (farm + house meter),1369.08,184.83,1553.91,07/05/2021,EUR,,invoice,,IE4752023D,D03381
CS21-0005,09/04/2021,Slieve Dairy Co-Op Farm Stores,Mineral supplement - 10.0 t,4457.73,0.00,4457.63,09/05/2021,EUR,netted off milk payment,invoice,,IE8007456W,D03187
LD21-0003,09/04/2021,Kilbeg Livestock Mart Ltd,Mart commission and levies on LD-21-1768,225.13,51.78,276.91,09/04/2021,EUR,LD-21-1768,invoice,,IE6958430T,D04765
GF21-0001,10/04/2021,Glenfern Feeds Ltd,Mineral supplement - 5.7 t,2524.15,0.00,2524.15,10/05/2021,EUR,,invoice,,IE8573822O,D03177
LV21-0003,11/04/2021,Lisheen Veterinary Clinic,Vaccines (BVD/IBR/lepto),401.62,92.37,493.99,11/05/2021,EUR,,invoice,,IE3593885U,D03210
SG21-0002,11/04/2021,Southern Genetics Co-Op,Semen straws + AI technician service,653.08,150.21,803.29,11/05/2021,EUR,,invoice,,IE2815241Q,D03256
SG21-0012,11/04/2021,Southern Genetics Co-Op,Semen straws + AI technician service,645.46,148.46,793.92,11/05/2021,EUR,,invoice,,IE2815241Q,D03266
OB21-0004,11/04/2021,O'Brien Plant Hire Ltd,Baling + wrapping,1505.74,203.27,1709.01,11/05/2021,EUR,,invoice,,IE9729960P,D03276
VF21-0004,12/04/2021,Vodafone Ireland,Mobile and broadband,179.78,41.35,221.13,12/05/2021,EUR,,invoice,,IE8398493D,D03382
LV21-0021,13/04/2021,Lisheen Veterinary Clinic,Mastitis treatments,398.48,91.65,490.13,13/05/2021,EUR,,invoice,,,D03228
CFP21-0013,14/04/2021,Charleville Farm Parts & Tyres Ltd,Parlour liners,545.88,125.55,671.43,14/05/2021,EUR,,invoice,,IE3017449G,D03303
CFP21-0048,15/04/2021,Charleville Farm Parts & Tyres Ltd,Parlour liners,475.43,109.35,584.78,15/05/2021,EUR,,invoice,,IE3017449G,D03338
DHS21-0006,15/04/2021,Dairy Hygiene Supplies Ltd,"Parlour detergents, teat dip, filter socks",381.82,87.82,469.64,15/05/2021,EUR,,invoice,,IE1520123Q,D03346
GF21-0011,16/04/2021,Glenfern Feeds Ltd,Dairy ration 18% nuts - 4.9 t,2195.96,0.00,2195.96,16/05/2021,EUR,,invoice,,IE8573822O,D03194
DHS21-0011,16/04/2021,Dairy Hygiene Supplies Ltd,"Parlour detergents, teat dip, filter socks",553.16,127.23,680.39,16/05/2021,EUR,,invoice,,IE1520123Q,D03351
SG21-0007,17/04/2021,Southern Genetics Co-Op,Semen straws + AI technician service,479.22,110.22,589.44,17/05/2021,EUR,,invoice,,IE2815241Q,D03261
OB21-0001,17/04/2021,O'Brien Plant Hire Ltd,Slurry spreading (trailing shoe),2315.43,312.58,2628.01,17/05/2021,EUR,,invoice,,IE9729960P,D03268
LD21-0004,19/04/2021,Kilbeg Livestock Mart Ltd,Mart commission and levies on LD-21-6110,225.77,51.93,277.70,19/04/2021,EUR,LD-21-6110,invoice,,IE6958430T,D04767
LV21-0002,20/04/2021,Lisheen Veterinary Clinic,Herd health visit + drugs,631.79,145.31,777.10,20/05/2021,EUR,,invoice,,IE3593885U,D03209
CS21-0018,24/04/2021,Slieve Dairy Co-Op Farm Stores,CAN 27% bulk spread,6801.54,918.21,7719.75,24/05/2021,EUR,netted off milk payment,invoice,,IE8007456W,D03207
LV21-0005,24/04/2021,Lisheen Veterinary Clinic,Mastitis treatments,422.60,97.20,519.80,24/05/2021,EUR,,invoice,,IE3593885U,D03212
SG21-0009,25/04/2021,Southern Genetics Co-Op,Semen straws + AI technician service,762.19,175.30,937.49,25/05/2021,EUR,,invoice,,IE2815241Q,D03263
GF21-0003,26/04/2021,Glenfern Feeds Ltd,Calf starter + milk replacer - 10.6 t,4719.03,0.00,4719.03,26/05/2021,EUR,,invoice,,IE8573822O,D03180
LV21-0017,27/04/2021,Lisheen Veterinary Clinic,Vaccines (BVD/IBR/lepto),636.02,146.28,782.30,27/05/2021,EUR,,invoice,,IE3593885U,D03224
CL-202104,30/04/2021,Slieve Dairy Co-Operative Society Ltd,"Co-op haulage, milk testing, levies Apr 2021",1151.90,264.94,1416.84,30/04/2021,EUR,deducted from MS-202104,invoice,,IE9462300P,D00372
SG21-0008,01/05/2021,Southern Genetics Co-Op,Semen straws + AI technician service,698.96,160.76,859.72,31/05/2021,EUR,,invoice,,IE2815241Q,D03262
DHS21-0003,01/05/2021,Dairy Hygiene Supplies Ltd,"Parlour detergents, teat dip, filter socks",441.28,101.49,542.77,31/05/2021,EUR,,invoice,,IE1520123Q,D03343
HT21-0005,01/05/2021,HerdTrack Software Ltd,Herd management subscription,88.00,20.24,108.24,31/05/2021,EUR,,invoice,,IE6323212L,D03386
LV21-0004,02/05/2021,Lisheen Veterinary Clinic,Herd health visit + drugs,489.61,112.61,602.22,01/06/2021,EUR,,invoice,,IE3593885U,D03211
SG21-0003,02/05/2021,Southern Genetics Co-Op,Semen straws + AI technician service,807.55,185.74,993.29,01/06/2021,EUR,,invoice,,IE2815241Q,D03257
CFP21-0006,02/05/2021,Charleville Farm Parts & Tyres Ltd,Tyres and tubes,353.46,81.30,434.76,01/06/2021,EUR,,invoice,,IE3017449G,D03296
DHS21-0015,05/05/2021,Dairy Hygiene Supplies Ltd,"Parlour detergents, teat dip, filter socks",490.23,112.75,602.98,04/06/2021,EUR,,invoice,,IE1520123Q,D03355
ES21-0005,05/05/2021,ESB Electric Supply,Electricity May 2021 (farm + house meter),1608.20,217.11,1825.31,04/06/2021,EUR,,invoice,,IE4752023D,D03384
WS21-0001,05/05/2021,County Council Water Services,"Water charges (metered, farm)",719.20,0.00,719.20,04/06/2021,EUR,,invoice,,IE7854060O,D03411
LD21-0005,06/05/2021,Kilbeg Livestock Mart Ltd,Mart commission and levies on LD-21-1528,208.02,47.84,255.86,06/05/2021,EUR,LD-21-1528,invoice,,IE6958430T,D04769
LAC21-0002,07/05/2021,Lyons Agri Contracting Ltd,Reseeding / ploughing,3239.85,437.38,3677.23,06/06/2021,EUR,,invoice,,IE9219903D,D03269
DHS21-0009,10/05/2021,Dairy Hygiene Supplies Ltd,"Parlour detergents, teat dip, filter socks",331.14,76.16,407.30,09/06/2021,EUR,,invoice,,IE1520123Q,D03349
LAC21-0008,11/05/2021,Lyons Agri Contracting Ltd,Silage harvesting (1st cut),3340.97,451.03,3792.10,10/06/2021,EUR,,invoice,,IE9219903D,D03278
VF21-0005,12/05/2021,Vodafone Ireland,Mobile and broadband,153.01,35.19,188.20,11/06/2021,EUR,,invoice,,IE8398493D,D03385
LV21-0035,13/05/2021,Lisheen Veterinary Clinic,Mastitis treatments,775.58,178.38,953.96,12/06/2021,EUR,,invoice,,IE3593885U,D03242
BF21-0008,13/05/2021,Ballyhoura Fuels Ltd,"Marked gas oil, bulk delivery",1523.20,205.63,1728.83,12/06/2021,EUR,,invoice,,IE4197223U,D03287
CS21-0015,17/05/2021,Slieve Dairy Co-Op Farm Stores,CAN 27% bulk spread,4909.59,662.79,5572.38,16/06/2021,EUR,netted off milk payment,invoice,,IE8007456W,D03203
LD21-0006,17/05/2021,Kilbeg Livestock Mart Ltd,Mart commission and levies on LD-21-4240,202.88,46.66,249.54,17/05/2021,EUR,LD-21-4240,invoice,,IE6958430T,D04771
CS21-0017,19/05/2021,Slieve Dairy Co-Op Farm Stores,18-6-12 compound bulk spread,8646.58,1167.29,9813.87,18/06/2021,EUR,netted off milk payment,invoice,,IE8007456W,D03205
CFP21-0012,20/05/2021,Charleville Farm Parts & Tyres Ltd,Mower blades,457.65,105.26,562.91,19/06/2021,EUR,,invoice,,IE3017449G,D03302
LV21-0031,22/05/2021,Lisheen Veterinary Clinic,Fertility scanning,573.65,131.94,705.59,21/06/2021,EUR,,invoice,,IE3593885U,D03238
LAC21-0003,22/05/2021,Lyons Agri Contracting Ltd,Slurry spreading (trailing shoe),1904.13,257.06,2161.19,21/06/2021,EUR,,invoice,,IE9219903D,D03270
LV21-0040,23/05/2021,Lisheen Veterinary Clinic,Herd health visit + drugs,645.15,148.38,793.53,22/06/2021,EUR,,invoice,,IE3593885U,D03247
DHS21-0002,24/05/2021,Dairy Hygiene Supplies Ltd,"Parlour detergents, teat dip, filter socks",677.10,155.73,832.83,23/06/2021,EUR,,invoice,,IE1520123Q,D03342
OB21-0002,25/05/2021,O'Brien Plant Hire Ltd,Baling + wrapping,2204.62,297.62,2502.24,24/06/2021,EUR,,invoice,,IE9729960P,D03272
LV21-0046,27/05/2021,Lisheen Veterinary Clinic,Herd health visit + drugs,515.87,118.65,634.52,26/06/2021,EUR,,invoice,,IE3593885U,D03253
BF21-0006,27/05/2021,Ballyhoura Fuels Ltd,"Marked gas oil, bulk delivery",1607.54,217.02,1824.56,26/06/2021,EUR,,invoice,,IE4197223U,D03285
CL-202105,31/05/2021,Slieve Dairy Co-Operative Society Ltd,"Co-op haulage, milk testing, levies May 2021",1207.07,277.63,1484.70,31/05/2021,EUR,deducted from MS-202105,invoice,,IE9462300P,D00374
CS21-0013,01/06/2021,Slieve Dairy Co-Op Farm Stores,18-6-12 compound bulk spread,5819.16,785.59,6604.75,01/07/2021,EUR,netted off milk payment,invoice,,IE8007456W,D03201
HT21-0006,02/06/2021,HerdTrack Software Ltd,Herd management subscription,88.00,20.24,108.24,02/07/2021,EUR,,invoice,,IE6323212L,D03389
TG21-0001,03/06/2021,Teagasc,Advisory service annual fee,1044.00,240.12,1284.12,03/07/2021,EUR,,invoice,,IE7259700V,D03410
BF21-0005,04/06/2021,Ballyhoura Fuels Ltd,"Marked gas oil, bulk delivery",910.95,122.98,1033.93,04/07/2021,EUR,,invoice,,IE4197223U,D03284
BF21-0011,05/06/2021,Ballyhoura Fuels Ltd,"Marked gas oil, bulk delivery",1620.79,218.81,1839.60,05/07/2021,EUR,,invoice,,IE4197223U,D03290
LV21-0032,07/06/2021,Lisheen Veterinary Clinic,Dry cow therapy / sealers,437.25,100.57,537.82,07/07/2021,EUR,,invoice,,IE3593885U,D03239
CFP21-0043,08/06/2021,Charleville Farm Parts & Tyres Ltd,Parlour liners,532.44,122.46,654.90,08/07/2021,EUR,,invoice,,IE3017449G,D03333
ES21-0006,09/06/2021,ESB Electric Supply,Electricity Jun 2021 (farm + house meter),1638.95,221.26,1860.21,09/07/2021,EUR,,invoice,,IE4752023D,D03387
VF21-0006,10/06/2021,Vodafone Ireland,Mobile and broadband,180.01,41.40,221.41,10/07/2021,EUR,,invoice,,IE8398493D,D03388
AW21-0005,12/06/2021,AgriWrap Plastics Ltd,"Silage plastic, bale net, twine",913.85,210.19,1124.04,12/07/2021,EUR,,invoice,,IE7984856V,D03364
AW21-0003,13/06/2021,AgriWrap Plastics Ltd,"Silage plastic, bale net, twine",1093.06,251.40,1344.46,13/07/2021,EUR,,invoice,,IE7984856V,D03362
BF21-0001,15/06/2021,Ballyhoura Fuels Ltd,"Marked gas oil, bulk delivery",1625.96,219.50,1845.46,15/07/2021,EUR,,invoice,,IE4197223U,D03280
SG21-0011,17/06/2021,Southern Genetics Co-Op,Semen straws + AI technician service,680.49,156.51,837.00,17/07/2021,EUR,,invoice,,IE2815241Q,D03265
CFP21-0033,19/06/2021,Charleville Farm Parts & Tyres Ltd,Hydraulic hoses,349.46,80.38,429.84,19/07/2021,EUR,,invoice,,IE3017449G,D03323
LV21-0028,20/06/2021,Lisheen Veterinary Clinic,Mastitis treatments,467.10,107.43,574.53,20/07/2021,EUR,,invoice,,IE3593885U,D03235
CFP21-0049,21/06/2021,Charleville Farm Parts & Tyres Ltd,Parlour liners,550.66,126.65,677.31,21/07/2021,EUR,,invoice,,IE3017449G,D03339
LV21-0033,23/06/2021,Lisheen Veterinary Clinic,Vaccines (BVD/IBR/lepto),701.23,161.28,862.51,23/07/2021,EUR,,invoice,,IE3593885U,D03240
LAC21-0005,23/06/2021,Lyons Agri Contracting Ltd,Silage harvesting (2nd cut),3583.30,483.75,4067.05,23/07/2021,EUR,,invoice,,IE9219903D,D03274
CFP21-0010,23/06/2021,Charleville Farm Parts & Tyres Ltd,Welding rods / steel,297.53,68.43,365.96,23/07/2021,EUR,,invoice,,IE3017449G,D03300
SG21-0005,26/06/2021,Southern Genetics Co-Op,Semen straws + AI technician service,915.29,210.52,1125.81,26/07/2021,EUR,,invoice,,IE2815241Q,D03259
BF21-0010,26/06/2021,Ballyhoura Fuels Ltd,"Marked gas oil, bulk delivery",2202.20,297.30,2499.50,26/07/2021,EUR,,invoice,,IE4197223U,D03289
SG21-0004,27/06/2021,Southern Genetics Co-Op,Semen straws + AI technician service,812.57,186.89,999.46,27/07/2021,EUR,,invoice,,IE2815241Q,D03258
CL-202106,30/06/2021,Slieve Dairy Co-Operative Society Ltd,"Co-op haulage, milk testing, levies Jun 2021",1168.60,268.78,1437.38,30/06/2021,EUR,deducted from MS-202106,invoice,,IE9462300P,D00376
HT21-0007,02/07/2021,HerdTrack Software Ltd,Herd management subscription,88.00,20.24,108.24,01/08/2021,EUR,,invoice,,IE6323212L,D03392
LAC21-0007,04/07/2021,Lyons Agri Contracting Ltd,Hedge cutting,2120.25,286.23,2406.48,03/08/2021,EUR,,invoice,,IE9219903D,D03277
HF21-0002,04/07/2021,Cork Hoof Care Services,Hoof trimming / footbaths,999.46,229.88,1229.34,03/08/2021,EUR,,invoice,,IE1248259R,D03366
CFP21-0050,05/07/2021,Charleville Farm Parts & Tyres Ltd,Welding rods / steel,242.36,55.74,298.10,04/08/2021,EUR,,invoice,,IE3017449G,D03340
AW21-0004,07/07/2021,AgriWrap Plastics Ltd,"Silage plastic, bale net, twine",923.69,212.45,1136.14,06/08/2021,EUR,,invoice,,IE7984856V,D03363
ES21-0007,09/07/2021,ESB Electric Supply,Electricity Jul 2021 (farm + house meter),1666.42,224.97,1891.39,08/08/2021,EUR,,invoice,,IE4752023D,D03390
HF21-0005,10/07/2021,Cork Hoof Care Services,Hoof trimming / footbaths,608.06,139.85,747.91,09/08/2021,EUR,,invoice,,IE1248259R,D03369
LV21-0027,11/07/2021,Lisheen Veterinary Clinic,Vaccines (BVD/IBR/lepto),595.33,136.93,732.26,10/08/2021,EUR,,invoice,,IE3593885U,D03234
CFP21-0034,11/07/2021,Charleville Farm Parts & Tyres Ltd,Parlour liners,269.15,61.90,331.05,10/08/2021,EUR,,invoice,,IE3017449G,D03324
LV21-0030,12/07/2021,Lisheen Veterinary Clinic,Fertility scanning,695.29,159.92,855.21,11/08/2021,EUR,,invoice,,IE3593885U,D03237
VF21-0007,12/07/2021,Vodafone Ireland,Mobile and broadband,176.54,40.60,217.14,11/08/2021,EUR,,invoice,,IE8398493D,D03391
LD21-0007,12/07/2021,Kilbeg Livestock Mart Ltd,Mart commission and levies on LD-21-1482,315.08,72.47,387.55,12/07/2021,EUR,LD-21-1482,invoice,,IE6958430T,D04776
LV21-0029,17/07/2021,Lisheen Veterinary Clinic,Herd health visit + drugs,399.37,91.86,491.23,16/08/2021,EUR,,invoice,,IE3593885U,D03236
LV21-0019,18/07/2021,Lisheen Veterinary Clinic,Fertility scanning,644.51,148.24,792.75,17/08/2021,EUR,,invoice,,IE3593885U,D03226
HF21-0001,20/07/2021,Cork Hoof Care Services,Hoof trimming / footbaths,947.11,217.84,1164.95,19/08/2021,EUR,,invoice,,IE1248259R,D03365
HF21-0007,22/07/2021,Cork Hoof Care Services,Hoof trimming / footbaths,700.65,161.15,861.80,21/08/2021,EUR,,invoice,,IE1248259R,D03371
DHS21-0017,23/07/2021,Dairy Hygiene Supplies Ltd,"Parlour detergents, teat dip, filter socks",276.89,63.68,340.57,22/08/2021,EUR,,invoice,,IE1520123Q,D03357
CFP21-0011,25/07/2021,Charleville Farm Parts & Tyres Ltd,Tractor service parts,255.80,58.83,314.63,24/08/2021,EUR,,invoice,,IE3017449G,D03301
CS21-0011,28/07/2021,Slieve Dairy Co-Op Farm Stores,CAN 27% bulk spread,7039.42,950.32,7989.74,27/08/2021,EUR,netted off milk payment,invoice,,IE8007456W,D03199
AW21-0002,28/07/2021,AgriWrap Plastics Ltd,"Silage plastic, bale net, twine",712.39,163.85,876.24,27/08/2021,EUR,,invoice,,IE7984856V,D03361
CL-202107,31/07/2021,Slieve Dairy Co-Operative Society Ltd,"Co-op haulage, milk testing, levies Jul 2021",1063.70,244.65,1308.35,31/07/2021,EUR,deducted from MS-202107,invoice,,IE9462300P,D00378
HT21-0008,03/08/2021,HerdTrack Software Ltd,Herd management subscription,88.00,20.24,108.24,02/09/2021,EUR,,invoice,,IE6323212L,D03395
SG21-0001,05/08/2021,Southern Genetics Co-Op,Semen straws + AI technician service,845.48,194.46,1039.94,04/09/2021,EUR,,invoice,,IE2815241Q,D03255
CFP21-0019,05/08/2021,Charleville Farm Parts & Tyres Ltd,Hydraulic hoses,330.17,75.94,406.11,04/09/2021,EUR,,invoice,,IE3017449G,D03309
LV21-0045,07/08/2021,Lisheen Veterinary Clinic,Fertility scanning,350.36,80.58,430.94,06/09/2021,EUR,,invoice,,IE3593885U,D03252
ES21-0008,07/08/2021,ESB Electric Supply,Electricity Aug 2021 (farm + house meter),1727.50,233.21,1960.71,06/09/2021,EUR,,invoice,,IE4752023D,D03393
LAC21-0006,11/08/2021,Lyons Agri Contracting Ltd,Hedge cutting,3533.69,477.05,4010.74,10/09/2021,EUR,,invoice,,IE9219903D,D03275
OB21-0005,12/08/2021,O'Brien Plant Hire Ltd,Slurry spreading (trailing shoe),2403.07,324.41,2727.48,11/09/2021,EUR,,invoice,,IE9729960P,D03279
CFP21-0001,12/08/2021,Charleville Farm Parts & Tyres Ltd,Tyres and tubes,460.10,105.82,565.92,11/09/2021,EUR,,invoice,,IE3017449G,D03291
CFP21-0004,12/08/2021,Charleville Farm Parts & Tyres Ltd,Hydraulic hoses,329.54,75.79,405.33,11/09/2021,EUR,,invoice,,IE3017449G,D03294
VF21-0008,12/08/2021,Vodafone Ireland,Mobile and broadband,170.54,39.22,209.76,11/09/2021,EUR,,invoice,,IE8398493D,D03394
LV21-0044,13/08/2021,Lisheen Veterinary Clinic,Herd health visit + drugs,709.07,163.09,872.16,12/09/2021,EUR,,invoice,,IE3593885U,D03251
CFP21-0008,13/08/2021,Charleville Farm Parts & Tyres Ltd,Hydraulic hoses,230.92,53.11,284.03,12/09/2021,EUR,,invoice,,IE3017449G,D03298
LV21-0043,15/08/2021,Lisheen Veterinary Clinic,Vaccines (BVD/IBR/lepto),500.46,115.11,615.57,14/09/2021,EUR,,invoice,,IE3593885U,D03250
CFP21-0041,15/08/2021,Charleville Farm Parts & Tyres Ltd,Welding rods / steel,320.03,73.61,393.64,14/09/2021,EUR,,invoice,,IE3017449G,D03331
CS21-0008,16/08/2021,Slieve Dairy Co-Op Farm Stores,Maize meal / soya hulls blend - 4.8 t,2135.33,0.00,2135.33,15/09/2021,EUR,netted off milk payment,invoice,,IE8007456W,D03191
AW21-0001,17/08/2021,AgriWrap Plastics Ltd,"Silage plastic, bale net, twine",536.04,123.29,659.33,16/09/2021,EUR,,invoice,,IE7984856V,D03360
DHS21-0004,18/08/2021,Dairy Hygiene Supplies Ltd,"Parlour detergents, teat dip, filter socks",350.64,80.65,431.29,17/09/2021,EUR,,invoice,,IE1520123Q,D03344
BF21-0009,19/08/2021,Ballyhoura Fuels Ltd,"Marked gas oil, bulk delivery",1923.13,259.62,2182.75,18/09/2021,EUR,,invoice,,IE4197223U,D03288
LV21-0008,23/08/2021,Lisheen Veterinary Clinic,Mastitis treatments,637.39,146.60,783.99,22/09/2021,EUR,,invoice,,IE3593885U,D03215
CFP21-0020,23/08/2021,Charleville Farm Parts & Tyres Ltd,Mower blades,545.86,125.55,671.41,22/09/2021,EUR,,invoice,,IE3017449G,D03310
LD21-0008,23/08/2021,Kilbeg Livestock Mart Ltd,Mart commission and levies on LD-21-7049,293.84,67.58,361.42,23/08/2021,EUR,LD-21-7049,invoice,,IE6958430T,D04778
DHS21-0007,25/08/2021,Dairy Hygiene Supplies Ltd,"Parlour detergents, teat dip, filter socks",421.31,96.90,518.21,24/09/2021,EUR,,invoice,,IE1520123Q,D03347
DHS21-0016,26/08/2021,Dairy Hygiene Supplies Ltd,"Parlour detergents, teat dip, filter socks",305.31,70.22,375.53,25/09/2021,EUR,,invoice,,IE1520123Q,D03356
BF21-0002,27/08/2021,Ballyhoura Fuels Ltd,"Marked gas oil, bulk delivery",2215.21,299.05,2514.26,26/09/2021,EUR,,invoice,,IE4197223U,D03281
DHS21-0010,28/08/2021,Dairy Hygiene Supplies Ltd,"Parlour detergents, teat dip, filter socks",335.89,77.25,413.14,27/09/2021,EUR,,invoice,,IE1520123Q,D03350
CL-202108,31/08/2021,Slieve Dairy Co-Operative Society Ltd,"Co-op haulage, milk testing, levies Aug 2021",909.62,209.21,1118.83,31/08/2021,EUR,deducted from MS-202108,invoice,,IE9462300P,D00380
LV21-0038,01/09/2021,Lisheen Veterinary Clinic,Fertility scanning,540.96,124.42,665.38,01/10/2021,EUR,,invoice,,IE3593885U,D03245
HT21-0009,02/09/2021,HerdTrack Software Ltd,Herd management subscription,88.00,20.24,108.24,02/10/2021,EUR,,invoice,,IE6323212L,D03398
LV21-0018,04/09/2021,Lisheen Veterinary Clinic,Mastitis treatments,735.05,169.06,904.11,04/10/2021,EUR,,invoice,,IE3593885U,D03225
ES21-0009,04/09/2021,ESB Electric Supply,Electricity Sep 2021 (farm + house meter),1709.25,230.75,1940.00,04/10/2021,EUR,,invoice,,IE4752023D,D03396
CFP21-0018,07/09/2021,Charleville Farm Parts & Tyres Ltd,Mower blades,467.40,107.50,574.90,07/10/2021,EUR,,invoice,,IE3017449G,D03308
LV21-0023,08/09/2021,Lisheen Veterinary Clinic,Vaccines (BVD/IBR/lepto),408.15,93.87,502.02,08/10/2021,EUR,,invoice,,IE3593885U,D03230
CFP21-0042,08/09/2021,Charleville Farm Parts & Tyres Ltd,Hydraulic hoses,270.99,62.33,333.32,08/10/2021,EUR,,invoice,,IE3017449G,D03332
VF21-0009,10/09/2021,Vodafone Ireland,Mobile and broadband,160.24,36.86,197.10,10/10/2021,EUR,,invoice,,IE8398493D,D03397
CFP21-0032,12/09/2021,Charleville Farm Parts & Tyres Ltd,Tyres and tubes,510.73,117.47,628.20,12/10/2021,EUR,,invoice,,IE3017449G,D03322
CFP21-0030,13/09/2021,Charleville Farm Parts & Tyres Ltd,Welding rods / steel,227.91,52.42,280.33,13/10/2021,EUR,,invoice,,IE3017449G,D03320
CL-202109,30/09/2021,Slieve Dairy Co-Operative Society Ltd,"Co-op haulage, milk testing, levies Sep 2021",756.67,174.03,930.70,30/09/2021,EUR,deducted from MS-202109,invoice,,IE9462300P,D00382
CS21-0016,01/10/2021,Slieve Dairy Co-Op Farm Stores,Protected urea bulk spread,6493.87,876.67,7370.54,31/10/2021,EUR,netted off milk payment,invoice,,IE8007456W,D03204
HT21-0010,02/10/2021,HerdTrack Software Ltd,Herd management subscription,88.00,20.24,108.24,01/11/2021,EUR,,invoice,,IE6323212L,D03401
CFP21-0031,03/10/2021,Charleville Farm Parts & Tyres Ltd,Parlour liners,355.58,81.78,437.36,02/11/2021,EUR,,invoice,,IE3017449G,D03321
LV21-0010,04/10/2021,Lisheen Veterinary Clinic,Fertility scanning,391.19,89.97,481.16,03/11/2021,EUR,,invoice,,IE3593885U,D03217
DT21-0002,05/10/2021,DairyTech Milking Systems Ltd,Auto-drafting gates and herd sensor system,14500.00,3335.00,17835.00,04/11/2021,EUR,,invoice,,IE7122550D,D05115
CFP21-0002,07/10/2021,Charleville Farm Parts & Tyres Ltd,Welding rods / steel,278.27,64.00,342.27,06/11/2021,EUR,,invoice,,IE3017449G,D03292
LV21-0042,09/10/2021,Lisheen Veterinary Clinic,Calving assistance,381.13,87.66,468.79,08/11/2021,EUR,,invoice,,IE3593885U,D03249
HF21-0006,09/10/2021,Cork Hoof Care Services,Hoof trimming / footbaths,933.89,214.79,1148.68,08/11/2021,EUR,,invoice,,IE1248259R,D03370
ES21-0010,09/10/2021,ESB Electric Supply,Electricity Oct 2021 (farm + house meter),1486.09,200.62,1686.71,08/11/2021,EUR,,invoice,,IE4752023D,D03399
VF21-0010,11/10/2021,Vodafone Ireland,Mobile and broadband,183.15,42.12,225.27,10/11/2021,EUR,,invoice,,IE8398493D,D03400
LV21-0020,13/10/2021,Lisheen Veterinary Clinic,Fertility scanning,303.82,69.88,373.70,12/11/2021,EUR,,invoice,,IE3593885U,D03227
CFP21-0024,14/10/2021,Charleville Farm Parts & Tyres Ltd,Hydraulic hoses,496.83,114.27,611.10,13/11/2021,EUR,,invoice,,IE3017449G,D03314
CS21-0007,15/10/2021,Slieve Dairy Co-Op Farm Stores,Mineral supplement - 6.9 t,3095.88,0.00,3095.88,14/11/2021,EUR,netted off milk payment,invoice,,IE8007456W,D03190
LV21-0016,16/10/2021,Lisheen Veterinary Clinic,Fertility scanning,522.85,120.26,643.11,15/11/2021,EUR,,invoice,,IE3593885U,D03223
CFP21-0028,17/10/2021,Charleville Farm Parts & Tyres Ltd,Tractor service parts,260.96,60.02,320.98,16/11/2021,EUR,,invoice,,IE3017449G,D03318
CN-CS21-0016,18/10/2021,Slieve Dairy Co-Op Farm Stores,Credit note: returned / short delivered goods against CS21-0016,649.38,87.66,737.04,31/10/2021,EUR,netted off milk payment,credit_note,,IE8007456W,D05145
CS21-0003,19/10/2021,Slieve Dairy Co-Op Farm Stores,Mineral supplement - 10.6 t,4709.97,0.00,4709.97,18/11/2021,EUR,netted off milk payment,invoice,,IE8007456W,D03183
LV21-0006,20/10/2021,Lisheen Veterinary Clinic,Herd health visit + drugs,462.50,106.38,568.88,19/11/2021,EUR,,invoice,,IE3593885U,D03213
CFP21-0040,21/10/2021,Charleville Farm Parts & Tyres Ltd,Hydraulic hoses,552.53,127.08,679.61,20/11/2021,EUR,,invoice,,IE3017449G,D03330
GF21-0012,24/10/2021,Glenfern Feeds Ltd,Calf starter + milk replacer - 9.7 t,4345.49,0.00,4345.49,23/11/2021,EUR,,invoice,,IE8573822O,D03195
CFP21-0017,24/10/2021,Charleville Farm Parts & Tyres Ltd,Mower blades,349.55,80.40,429.95,23/11/2021,EUR,,invoice,,IE3017449G,D03307
GF21-0013,25/10/2021,Glenfern Feeds Ltd,Mineral supplement - 10.7 t,4760.54,0.00,4760.54,24/11/2021,EUR,,invoice,,IE8573822O,D03196
GF21-0009,27/10/2021,Glenfern Feeds Ltd,Calf starter + milk replacer - 8.3 t,3712.18,0.00,3712.18,26/11/2021,EUR,,invoice,,IE8573822O,D03192
MR21-0001,28/10/2021,Munster Rendering Ltd,Fallen animal collection,110.20,25.35,135.55,27/11/2021,EUR,,invoice,,IE4033776E,D04758
CL-202110,31/10/2021,Slieve Dairy Co-Operative Society Ltd,"Co-op haulage, milk testing, levies Oct 2021",518.17,119.18,637.35,31/10/2021,EUR,deducted from MS-202110,invoice,,IE9462300P,D00384
HT21-0011,02/11/2021,HerdTrack Software Ltd,Herd management subscription,88.00,20.24,108.24,02/12/2021,EUR,,invoice,,IE6323212L,D03404
ES21-0011,08/11/2021,ESB Electric Supply,Electricity Nov 2021 (farm + house meter),1655.88,223.54,1879.42,08/12/2021,EUR,,invoice,,IE4752023D,D03402
DHS21-0008,09/11/2021,Dairy Hygiene Supplies Ltd,"Parlour detergents, teat dip, filter socks",453.31,104.26,557.57,09/12/2021,EUR,,invoice,,IE1520123Q,D03348
CS21-0004,12/11/2021,Slieve Dairy Co-Op Farm Stores,Maize meal / soya hulls blend - 10.3 t,4608.28,0.00,4608.28,12/12/2021,EUR,netted off milk payment,invoice,,IE8007456W,D03184
VF21-0011,12/11/2021,Vodafone Ireland,Mobile and broadband,180.16,41.44,221.60,12/12/2021,EUR,,invoice,,IE8398493D,D03403
BF21-0007,13/11/2021,Ballyhoura Fuels Ltd,"Marked gas oil, bulk delivery",1943.10,262.32,2205.42,13/12/2021,EUR,,invoice,,IE4197223U,D03286
CFP21-0023,13/11/2021,Charleville Farm Parts & Tyres Ltd,Gate and fencing repairs,259.98,59.80,319.78,13/12/2021,EUR,,invoice,,IE3017449G,D03313
DHS21-0005,13/11/2021,Dairy Hygiene Supplies Ltd,"Parlour detergents, teat dip, filter socks",397.32,91.38,488.70,13/12/2021,EUR,,invoice,,IE1520123Q,D03345
LAC21-0004,14/11/2021,Lyons Agri Contracting Ltd,Hedge cutting,2465.11,332.79,2797.90,14/12/2021,EUR,,invoice,,IE9219903D,D03271
HF21-0003,14/11/2021,Cork Hoof Care Services,Hoof trimming / footbaths,571.53,131.45,702.98,14/12/2021,EUR,,invoice,,IE1248259R,D03367
LV21-0026,17/11/2021,Lisheen Veterinary Clinic,Vaccines (BVD/IBR/lepto),745.14,171.38,916.52,17/12/2021,EUR,,invoice,,IE3593885U,D03233
HF21-0004,17/11/2021,Cork Hoof Care Services,Hoof trimming / footbaths,487.73,112.18,599.91,17/12/2021,EUR,,invoice,,IE1248259R,D03368
DOC21-0001,20/11/2021,"T. Buckley (landlord, conacre)",Conacre rent 2021: 70 acres @ 350/acre,24500.00,0.00,24500.00,20/12/2021,EUR,,rent_receipt,,,D03412
LV21-0011,21/11/2021,Lisheen Veterinary Clinic,Mastitis treatments,486.26,111.84,598.10,21/12/2021,EUR,,invoice,,IE3593885U,D03218
CFP21-0003,21/11/2021,Charleville Farm Parts & Tyres Ltd,Tyres and tubes,399.81,91.96,491.77,21/12/2021,EUR,,invoice,,IE3017449G,D03293
DHS21-0014,22/11/2021,Dairy Hygiene Supplies Ltd,"Parlour detergents, teat dip, filter socks",456.16,104.92,561.08,22/12/2021,EUR,,invoice,,IE1520123Q,D03354
LV21-0041,27/11/2021,Lisheen Veterinary Clinic,Calving assistance,703.05,161.70,864.75,27/12/2021,EUR,,invoice,,IE3593885U,D03248
CL-202111,30/11/2021,Slieve Dairy Co-Operative Society Ltd,"Co-op haulage, milk testing, levies Nov 2021",276.38,63.57,339.95,30/11/2021,EUR,deducted from MS-202111,invoice,,IE9462300P,D00386
LV21-0047,03/12/2021,Lisheen Veterinary Clinic,Calving assistance,457.68,105.27,562.95,02/01/2022,EUR,,invoice,,IE3593885U,D03254
HT21-0012,03/12/2021,HerdTrack Software Ltd,Herd management subscription,88.00,20.24,108.24,02/01/2022,EUR,,invoice,,IE6323212L,D03407
ES21-0012,04/12/2021,ESB Electric Supply,Electricity Dec 2021 (farm + house meter),1793.48,242.12,2035.60,03/01/2022,EUR,,invoice,,IE4752023D,D03405
CFP21-0044,09/12/2021,Charleville Farm Parts & Tyres Ltd,Tyres and tubes,475.69,109.41,585.10,08/01/2022,EUR,,invoice,,IE3017449G,D03334
VF21-0012,11/12/2021,Vodafone Ireland,Mobile and broadband,155.54,35.77,191.31,10/01/2022,EUR,,invoice,,IE8398493D,D03406
LV21-0036,13/12/2021,Lisheen Veterinary Clinic,Vaccines (BVD/IBR/lepto),290.25,66.76,357.01,12/01/2022,EUR,,invoice,,IE3593885U,D03243
LV21-0014,17/12/2021,Lisheen Veterinary Clinic,Dry cow therapy / sealers,393.31,90.46,483.77,16/01/2022,EUR,,invoice,,IE3593885U,D03221
CS21-0006,21/12/2021,Slieve Dairy Co-Op Farm Stores,Calf starter + milk replacer - 5.9 t,2641.33,0.00,2641.33,20/01/2022,EUR,netted off milk payment,invoice,,IE8007456W,D03188
CFP21-0025,22/12/2021,Charleville Farm Parts & Tyres Ltd,Parlour liners,220.94,50.82,271.76,21/01/2022,EUR,,invoice,,IE3017449G,D03315
LV21-0024,28/12/2021,Lisheen Veterinary Clinic,Vaccines (BVD/IBR/lepto),490.10,112.72,602.82,27/01/2022,EUR,,invoice,,IE3593885U,D03231
CFP21-0047,28/12/2021,Charleville Farm Parts & Tyres Ltd,Welding rods / steel,565.90,130.16,696.06,27/01/2022,EUR,,invoice,,IE3017449G,D03337
KA21-0002,29/12/2021,Kilcummin Agri Supplies Ltd,"CAN and protected urea, to be delivered March 2022",32000.00,4320.00,36320.00,28/01/2022,EUR,,invoice,2022-03-10,IE2092142W,D05132
CL-202112,31/12/2021,Slieve Dairy Co-Operative Society Ltd,"Co-op haulage, milk testing, levies Dec 2021",124.96,28.74,153.70,31/12/2021,EUR,deducted from MS-202112,invoice,,IE9462300P,D00388
HT22-0001,01/01/2022,HerdTrack Software Ltd,Herd management subscription,88.00,20.24,108.24,31/01/2022,EUR,,invoice,,IE6323212L,D03640
BF22-0004,02/01/2022,Ballyhoura Fuels Ltd,"Marked gas oil, bulk delivery",1362.30,183.91,1546.21,01/02/2022,EUR,,invoice,,IE4197223U,D03537
CFP22-0035,03/01/2022,Charleville Farm Parts & Tyres Ltd,Welding rods / steel,339.67,78.12,417.79,02/02/2022,EUR,,invoice,,IE3017449G,D03586
ES22-0001,05/01/2022,ESB Electric Supply,Electricity Jan 2022 (farm + house meter),2744.76,370.54,3115.30,04/02/2022,EUR,,invoice,,IE4752023D,D03638
CS22-0005,06/01/2022,Slieve Dairy Co-Op Farm Stores,Calf starter + milk replacer - 8.5 t,5202.86,0.00,5202.86,05/02/2022,EUR,netted off milk payment,invoice,,IE8007456W,D03421
VF22-0001,10/01/2022,Vodafone Ireland,Mobile and broadband,159.59,36.71,196.30,09/02/2022,EUR,,invoice,,IE8398493D,D03639
LV22-0021,11/01/2022,Lisheen Veterinary Clinic,Fertility scanning,635.94,146.27,782.21,10/02/2022,EUR,,invoice,,IE3593885U,D03479
LV22-0045,11/01/2022,Lisheen Veterinary Clinic,Calving assistance,644.24,148.18,792.42,10/02/2022,EUR,,invoice,,IE3593885U,D03503
CFP22-0038,12/01/2022,Charleville Farm Parts & Tyres Ltd,Gate and fencing repairs,276.22,63.53,339.75,11/02/2022,EUR,,invoice,,IE3017449G,D03589
DHS22-0020,12/01/2022,Dairy Hygiene Supplies Ltd,"Parlour detergents, teat dip, filter socks",350.56,80.63,431.19,11/02/2022,EUR,,invoice,,IE1520123Q,D03624
GF22-0003,17/01/2022,Glenfern Feeds Ltd,Maize meal / soya hulls blend - 3.8 t,2313.18,0.00,2313.18,16/02/2022,EUR,,invoice,,IE8573822O,D03419
GF22-0013,17/01/2022,Glenfern Feeds Ltd,Dairy ration 18% nuts - 7.6 t,4658.05,0.00,4658.05,16/02/2022,EUR,,invoice,,IE8573822O,D03442
LV22-0038,17/01/2022,Lisheen Veterinary Clinic,Calving assistance,575.06,132.26,707.32,16/02/2022,EUR,,invoice,,IE3593885U,D03496
LV22-0046,17/01/2022,Lisheen Veterinary Clinic,Mastitis treatments,309.14,71.10,380.24,16/02/2022,EUR,,invoice,,IE3593885U,D03504
LV22-0039,18/01/2022,Lisheen Veterinary Clinic,Herd health visit + drugs,361.21,83.08,444.29,17/02/2022,EUR,,invoice,,IE3593885U,D03497
HF22-0004,19/01/2022,Cork Hoof Care Services,Hoof trimming / footbaths,669.23,153.92,823.15,18/02/2022,EUR,,invoice,,IE1248259R,D03633
LV22-0019,21/01/2022,Lisheen Veterinary Clinic,Mastitis treatments,716.84,164.87,881.71,20/02/2022,EUR,,invoice,,IE3593885U,D03477
DHS22-0003,21/01/2022,Dairy Hygiene Supplies Ltd,"Parlour detergents, teat dip, filter socks",591.02,135.93,726.95,20/02/2022,EUR,,invoice,,IE1520123Q,D03607
DHS22-0011,22/01/2022,Dairy Hygiene Supplies Ltd,"Parlour detergents, teat dip, filter socks",469.48,107.98,577.46,21/02/2022,EUR,,invoice,,IE1520123Q,D03615
CFP22-0024,24/01/2022,Charleville Farm Parts & Tyres Ltd,Parlour liners,504.97,116.14,621.11,23/02/2022,EUR,,invoice,,IE3017449G,D03575
HF22-0003,26/01/2022,Cork Hoof Care Services,Hoof trimming / footbaths,638.16,146.78,784.94,25/02/2022,EUR,,invoice,,IE1248259R,D03632
CFP22-0023,27/01/2022,Charleville Farm Parts & Tyres Ltd,Hydraulic hoses,212.24,48.82,261.06,26/02/2022,EUR,,invoice,,IE3017449G,D03574
HF22-0006,28/01/2022,Cork Hoof Care Services,Hoof trimming / footbaths,483.26,111.15,594.41,27/02/2022,EUR,,invoice,,IE1248259R,D03635
CL-202201,31/01/2022,Slieve Dairy Co-Operative Society Ltd,"Co-op haulage, milk testing, levies Jan 2022",199.45,45.87,245.32,31/01/2022,EUR,deducted from MS-202201,invoice,,IE9462300P,D00390
HT22-0002,02/02/2022,HerdTrack Software Ltd,Herd management subscription,88.00,20.24,108.24,04/03/2022,EUR,,invoice,,IE6323212L,D03643
KA22-0006,04/02/2022,Kilcummin Agri Supplies Ltd,Protected urea bulk spread,4161.69,561.83,4723.52,06/03/2022,EUR,,invoice,,IE2092142W,D03453
LV22-0006,06/02/2022,Lisheen Veterinary Clinic,Calving assistance,706.79,162.56,869.35,08/03/2022,EUR,,invoice,,IE3593885U,D03464
ES22-0002,06/02/2022,ESB Electric Supply,Electricity Feb 2022 (farm + house meter),2490.20,336.18,2826.38,08/03/2022,EUR,,invoice,,IE4752023D,D03641
CFP22-0003,09/02/2022,Charleville Farm Parts & Tyres Ltd,Parlour liners,440.64,101.35,541.99,11/03/2022,EUR,,invoice,,IE3017449G,D03554
CFP22-0052,10/02/2022,Charleville Farm Parts & Tyres Ltd,Gate and fencing repairs,460.69,105.96,566.65,12/03/2022,EUR,,invoice,,IE3017449G,D03603
CFP22-0040,12/02/2022,Charleville Farm Parts & Tyres Ltd,Tractor service parts,394.44,90.72,485.16,14/03/2022,EUR,,invoice,,IE3017449G,D03591
VF22-0002,12/02/2022,Vodafone Ireland,Mobile and broadband,162.53,37.38,199.91,14/03/2022,EUR,,invoice,,IE8398493D,D03642
MFI22-0001,12/02/2022,Munster Farm Insurance Ltd,"Farm policy renewal (buildings, liability, machinery, employer liability)",11869.68,0.00,11869.68,14/03/2022,EUR,,invoice,,,D03674
CS22-0013,13/02/2022,Slieve Dairy Co-Op Farm Stores,Maize meal / soya hulls blend - 5.2 t,3203.04,0.00,3203.04,15/03/2022,EUR,netted off milk payment,invoice,,IE8007456W,D03436
LV22-0032,13/02/2022,Lisheen Veterinary Clinic,Mastitis treatments,320.30,73.67,393.97,15/03/2022,EUR,,invoice,,IE3593885U,D03490
CFP22-0046,14/02/2022,Charleville Farm Parts & Tyres Ltd,Tyres and tubes,476.36,109.56,585.92,16/03/2022,EUR,,invoice,,IE3017449G,D03597
GF22-0010,16/02/2022,Glenfern Feeds Ltd,Dairy ration 18% nuts - 6.2 t,3831.14,0.00,3831.14,18/03/2022,EUR,,invoice,,IE8573822O,D03432
CS22-0002,21/02/2022,Slieve Dairy Co-Op Farm Stores,Dairy ration 16% bulk - 3.4 t,2062.77,0.00,2062.77,23/03/2022,EUR,netted off milk payment,invoice,,IE8007456W,D03415
GF22-0007,21/02/2022,Glenfern Feeds Ltd,Calf starter + milk replacer - 5.5 t,3365.58,0.00,3365.58,23/03/2022,EUR,,invoice,,IE8573822O,D03427
CS22-0016,22/02/2022,Slieve Dairy Co-Op Farm Stores,Calf starter + milk replacer - 4.7 t,2899.20,0.00,2899.20,24/03/2022,EUR,netted off milk payment,invoice,,IE8007456W,D03439
GF22-0002,23/02/2022,Glenfern Feeds Ltd,Dairy ration 18% nuts - 6.0 t,3660.22,0.00,3660.22,25/03/2022,EUR,,invoice,,IE8573822O,D03416
LV22-0010,24/02/2022,Lisheen Veterinary Clinic,Mastitis treatments,335.01,77.05,412.06,26/03/2022,EUR,,invoice,,IE3593885U,D03468
LV22-0040,24/02/2022,Lisheen Veterinary Clinic,Calving assistance,484.70,111.48,596.18,26/03/2022,EUR,,invoice,,IE3593885U,D03498
CFP22-0002,24/02/2022,Charleville Farm Parts & Tyres Ltd,Gate and fencing repairs,261.32,60.10,321.42,26/03/2022,EUR,,invoice,,IE3017449G,D03553
LAC22-0005,26/02/2022,Lyons Agri Contracting Ltd,Hedge cutting,2376.09,320.77,2696.86,28/03/2022,EUR,,invoice,,IE9219903D,D03528
CL-202202,28/02/2022,Slieve Dairy Co-Operative Society Ltd,"Co-op haulage, milk testing, levies Feb 2022",459.99,105.80,565.79,28/02/2022,EUR,deducted from MS-202202,invoice,,IE9462300P,D00392
HT22-0003,01/03/2022,HerdTrack Software Ltd,Herd management subscription,88.00,20.24,108.24,31/03/2022,EUR,,invoice,,IE6323212L,D03646
LV22-0050,04/03/2022,Lisheen Veterinary Clinic,Vaccines (BVD/IBR/lepto),382.19,87.90,470.09,03/04/2022,EUR,,invoice,,IE3593885U,D03508
SG22-0010,04/03/2022,Southern Genetics Co-Op,Semen straws + AI technician service,804.69,185.08,989.77,03/04/2022,EUR,,invoice,,IE2815241Q,D03518
ES22-0003,04/03/2022,ESB Electric Supply,Electricity Mar 2022 (farm + house meter),2420.53,326.77,2747.30,03/04/2022,EUR,,invoice,,IE4752023D,D03644
HC22-0001,07/03/2022,Hegarty & Co Farm Accountants,"Accounts, tax returns and payroll year 2021",3477.60,799.85,4277.45,06/04/2022,EUR,,invoice,,IE6025428V,D03675
GF22-0009,08/03/2022,Glenfern Feeds Ltd,Maize meal / soya hulls blend - 8.3 t,5091.01,0.00,5091.01,07/04/2022,EUR,,invoice,,IE8573822O,D03430
LV22-0037,08/03/2022,Lisheen Veterinary Clinic,Fertility scanning,597.15,137.34,734.49,07/04/2022,EUR,,invoice,,IE3593885U,D03495
CFP22-0001,08/03/2022,Charleville Farm Parts & Tyres Ltd,Welding rods / steel,460.62,105.94,566.56,07/04/2022,EUR,,invoice,,IE3017449G,D03552
CS22-0016,09/03/2022,Slieve Dairy Co-Op Farm Stores,Calf starter + milk replacer - 4.7 t,2899.20,0.00,2899.20,24/03/2022,EUR,netted off milk payment,invoice,,IE8007456W,D05136
LV22-0041,11/03/2022,Lisheen Veterinary Clinic,Mastitis treatments,740.87,170.40,911.27,10/04/2022,EUR,,invoice,,IE3593885U,D03499
LD22-0001,11/03/2022,Kilbeg Livestock Mart Ltd,Mart commission and levies on LD-22-2723,299.53,68.89,368.42,11/03/2022,EUR,LD-22-2723,invoice,,IE6958430T,D04784
LV22-0011,12/03/2022,Lisheen Veterinary Clinic,Mastitis treatments,548.60,126.18,674.78,11/04/2022,EUR,,invoice,,IE3593885U,D03469
VF22-0003,12/03/2022,Vodafone Ireland,Mobile and broadband,165.95,38.17,204.12,11/04/2022,EUR,,invoice,,IE8398493D,D03645
OB22-0004,15/03/2022,O'Brien Plant Hire Ltd,Baling + wrapping,2493.81,336.66,2830.47,14/04/2022,EUR,,invoice,,IE9729960P,D03529
CFP22-0047,16/03/2022,Charleville Farm Parts & Tyres Ltd,Parlour liners,309.01,71.07,380.08,15/04/2022,EUR,,invoice,,IE3017449G,D03598
CS22-0021,18/03/2022,Slieve Dairy Co-Op Farm Stores,CAN 27% bulk spread,4653.51,628.22,5281.73,17/04/2022,EUR,netted off milk payment,invoice,,IE8007456W,D03448
CFP22-0044,18/03/2022,Charleville Farm Parts & Tyres Ltd,Tractor service parts,343.21,78.94,422.15,17/04/2022,EUR,,invoice,,IE3017449G,D03595
LV22-0022,19/03/2022,Lisheen Veterinary Clinic,Mastitis treatments,446.59,102.72,549.31,18/04/2022,EUR,,invoice,,IE3593885U,D03480
KA22-0002,21/03/2022,Kilcummin Agri Supplies Ltd,18-6-12 compound bulk spread,8361.52,1128.81,9490.33,20/04/2022,EUR,,invoice,,IE2092142W,D03446
CFP22-0028,21/03/2022,Charleville Farm Parts & Tyres Ltd,Hydraulic hoses,401.41,92.32,493.73,20/04/2022,EUR,,invoice,,IE3017449G,D03579
LV22-0030,22/03/2022,Lisheen Veterinary Clinic,Calving assistance,450.47,103.61,554.08,21/04/2022,EUR,,invoice,,IE3593885U,D03488
OB22-0005,22/03/2022,O'Brien Plant Hire Ltd,Baling + wrapping,3737.34,504.54,4241.88,21/04/2022,EUR,,invoice,,IE9729960P,D03530
DHS22-0001,23/03/2022,Dairy Hygiene Supplies Ltd,"Parlour detergents, teat dip, filter socks",445.85,102.55,548.40,22/04/2022,EUR,,invoice,,IE1520123Q,D03605
CS22-0007,24/03/2022,Slieve Dairy Co-Op Farm Stores,Dairy ration 18% nuts - 5.8 t,3568.71,0.00,3568.71,23/04/2022,EUR,netted off milk payment,invoice,,IE8007456W,D03423
CFP22-0005,24/03/2022,Charleville Farm Parts & Tyres Ltd,Gate and fencing repairs,429.40,98.76,528.16,23/04/2022,EUR,,invoice,,IE3017449G,D03556
CFP22-0049,24/03/2022,Charleville Farm Parts & Tyres Ltd,Mower blades,402.93,92.67,495.60,23/04/2022,EUR,,invoice,,IE3017449G,D03600
CS22-0009,25/03/2022,Slieve Dairy Co-Op Farm Stores,Maize meal / soya hulls blend - 7.9 t,4863.65,0.00,4863.65,24/04/2022,EUR,netted off milk payment,invoice,,IE8007456W,D03428
LV22-0005,25/03/2022,Lisheen Veterinary Clinic,Dry cow therapy / sealers,699.56,160.90,860.46,24/04/2022,EUR,,invoice,,IE3593885U,D03463
LV22-0031,25/03/2022,Lisheen Veterinary Clinic,Dry cow therapy / sealers,393.12,90.42,483.54,24/04/2022,EUR,,invoice,,IE3593885U,D03489
LV22-0029,27/03/2022,Lisheen Veterinary Clinic,Mastitis treatments,619.80,142.55,762.35,26/04/2022,EUR,,invoice,,IE3593885U,D03487
SG22-0002,28/03/2022,Southern Genetics Co-Op,Semen straws + AI technician service,922.29,212.13,1134.42,27/04/2022,EUR,,invoice,,IE2815241Q,D03510
LD22-0002,30/03/2022,Kilbeg Livestock Mart Ltd,Mart commission and levies on LD-22-8999,276.04,63.49,339.53,30/03/2022,EUR,LD-22-8999,invoice,,IE6958430T,D04786
CL-202203,31/03/2022,Slieve Dairy Co-Operative Society Ltd,"Co-op haulage, milk testing, levies Mar 2022",836.73,192.45,1029.18,31/03/2022,EUR,deducted from MS-202203,invoice,,IE9462300P,D00394
HT22-0004,02/04/2022,HerdTrack Software Ltd,Herd management subscription,88.00,20.24,108.24,02/05/2022,EUR,,invoice,,IE6323212L,D03649
ES22-0004,05/04/2022,ESB Electric Supply,Electricity Apr 2022 (farm + house meter),2706.41,365.37,3071.78,05/05/2022,EUR,,invoice,,IE4752023D,D03647
DT22-0001,05/04/2022,DairyTech Milking Systems Ltd,Parlour automation: auto wash and in-parlour feeding refit,36000.00,8280.00,44280.00,05/05/2022,EUR,,invoice,,IE7122550D,D05116
CFP22-0015,06/04/2022,Charleville Farm Parts & Tyres Ltd,Tyres and tubes,310.07,71.32,381.39,06/05/2022,EUR,,invoice,,IE3017449G,D03566
DHS22-0007,07/04/2022,Dairy Hygiene Supplies Ltd,"Parlour detergents, teat dip, filter socks",664.72,152.89,817.61,07/05/2022,EUR,,invoice,,IE1520123Q,D03611
LV22-0028,11/04/2022,Lisheen Veterinary Clinic,Herd health visit + drugs,756.26,173.94,930.20,11/05/2022,EUR,,invoice,,IE3593885U,D03486
LD22-0003,11/04/2022,Kilbeg Livestock Mart Ltd,Mart commission and levies on LD-22-4521,286.84,65.97,352.81,11/04/2022,EUR,LD-22-4521,invoice,,IE6958430T,D04788
VF22-0004,12/04/2022,Vodafone Ireland,Mobile and broadband,175.64,40.40,216.04,12/05/2022,EUR,,invoice,,IE8398493D,D03648
CS22-0024,13/04/2022,Slieve Dairy Co-Op Farm Stores,Pasture sward 24-2.5-10 bulk spread,6680.96,901.93,7582.89,13/05/2022,EUR,netted off milk payment,invoice,,IE8007456W,D03457
LAC22-0001,14/04/2022,Lyons Agri Contracting Ltd,Baling + wrapping,3847.60,519.43,4367.03,14/05/2022,EUR,,invoice,,IE9219903D,D03521
LV22-0020,16/04/2022,Lisheen Veterinary Clinic,Calving assistance,458.05,105.35,563.40,16/05/2022,EUR,,invoice,,IE3593885U,D03478
SG22-0003,17/04/2022,Southern Genetics Co-Op,Semen straws + AI technician service,569.80,131.05,700.85,17/05/2022,EUR,,invoice,,IE2815241Q,D03511
SG22-0004,18/04/2022,Southern Genetics Co-Op,Semen straws + AI technician service,415.25,95.51,510.76,18/05/2022,EUR,,invoice,,IE2815241Q,D03512
CS22-0023,20/04/2022,Slieve Dairy Co-Op Farm Stores,18-6-12 compound bulk spread,5032.40,679.37,5711.77,20/05/2022,EUR,netted off milk payment,invoice,,IE8007456W,D03455
KA22-0003,22/04/2022,Kilcummin Agri Supplies Ltd,18-6-12 compound bulk spread,5337.18,720.52,6057.70,22/05/2022,EUR,,invoice,,IE2092142W,D03450
SG22-0009,23/04/2022,Southern Genetics Co-Op,Semen straws + AI technician service,512.69,117.92,630.61,23/05/2022,EUR,,invoice,,IE2815241Q,D03517
BF22-0011,23/04/2022,Ballyhoura Fuels Ltd,"Marked gas oil, bulk delivery",2003.33,270.45,2273.78,23/05/2022,EUR,,invoice,,IE4197223U,D03544
CFP22-0039,23/04/2022,Charleville Farm Parts & Tyres Ltd,Parlour liners,228.94,52.66,281.60,23/05/2022,EUR,,invoice,,IE3017449G,D03590
KA22-0005,27/04/2022,Kilcummin Agri Supplies Ltd,18-6-12 compound bulk spread,4200.80,567.11,4767.91,27/05/2022,EUR,,invoice,,IE2092142W,D03452
LD22-0004,27/04/2022,Kilbeg Livestock Mart Ltd,Mart commission and levies on LD-22-7001,291.47,67.04,358.51,27/04/2022,EUR,LD-22-7001,invoice,,IE6958430T,D04790
CS22-0022,28/04/2022,Slieve Dairy Co-Op Farm Stores,Pasture sward 24-2.5-10 bulk spread,5501.08,742.65,6243.73,28/05/2022,EUR,netted off milk payment,invoice,,IE8007456W,D03449
DHS22-0004,28/04/2022,Dairy Hygiene Supplies Ltd,"Parlour detergents, teat dip, filter socks",274.87,63.22,338.09,28/05/2022,EUR,,invoice,,IE1520123Q,D03608
CL-202204,30/04/2022,Slieve Dairy Co-Operative Society Ltd,"Co-op haulage, milk testing, levies Apr 2022",1121.20,257.88,1379.08,30/04/2022,EUR,deducted from MS-202204,invoice,,IE9462300P,D00396
WS22-0001,01/05/2022,County Council Water Services,"Water charges (metered, farm)",781.20,0.00,781.20,31/05/2022,EUR,,invoice,,IE7854060O,D03677
HT22-0005,02/05/2022,HerdTrack Software Ltd,Herd management subscription,88.00,20.24,108.24,01/06/2022,EUR,,invoice,,IE6323212L,D03652
KA22-0001,04/05/2022,Kilcummin Agri Supplies Ltd,CAN 27% bulk spread,7461.92,1007.36,8469.28,03/06/2022,EUR,,invoice,,IE2092142W,D03444
OB22-0003,04/05/2022,O'Brien Plant Hire Ltd,Baling + wrapping,3868.78,522.29,4391.07,03/06/2022,EUR,,invoice,,IE9729960P,D03526
ES22-0005,04/05/2022,ESB Electric Supply,Electricity May 2022 (farm + house meter),2717.81,366.90,3084.71,03/06/2022,EUR,,invoice,,IE4752023D,D03650
LV22-0026,06/05/2022,Lisheen Veterinary Clinic,Fertility scanning,672.30,154.63,826.93,05/06/2022,EUR,,invoice,,IE3593885U,D03484
SG22-0001,09/05/2022,Southern Genetics Co-Op,Semen straws + AI technician service,374.48,86.13,460.61,08/06/2022,EUR,,invoice,,IE2815241Q,D03509
CFP22-0037,09/05/2022,Charleville Farm Parts & Tyres Ltd,Welding rods / steel,211.94,48.75,260.69,08/06/2022,EUR,,invoice,,IE3017449G,D03588
VF22-0005,10/05/2022,Vodafone Ireland,Mobile and broadband,187.41,43.10,230.51,09/06/2022,EUR,,invoice,,IE8398493D,D03651
KA22-0008,12/05/2022,Kilcummin Agri Supplies Ltd,CAN 27% bulk spread,5375.23,725.66,6100.89,11/06/2022,EUR,,invoice,,IE2092142W,D03456
LD22-0005,12/05/2022,Kilbeg Livestock Mart Ltd,Mart commission and levies on LD-22-3873,278.65,64.09,342.74,12/05/2022,EUR,LD-22-3873,invoice,,IE6958430T,D04792
CS22-0006,13/05/2022,Slieve Dairy Co-Op Farm Stores,Maize meal / soya hulls blend - 4.2 t,2575.63,0.00,2575.63,12/06/2022,EUR,netted off milk payment,invoice,,IE8007456W,D03422
OB22-0001,13/05/2022,O'Brien Plant Hire Ltd,Slurry spreading (trailing shoe),3216.17,434.18,3650.35,12/06/2022,EUR,,invoice,,IE9729960P,D03522
SG22-0006,15/05/2022,Southern Genetics Co-Op,Semen straws + AI technician service,995.80,229.03,1224.83,14/06/2022,EUR,,invoice,,IE2815241Q,D03514
MR22-0002,16/05/2022,Munster Rendering Ltd,Fallen animal collection,176.40,40.57,216.97,15/06/2022,EUR,,invoice,,IE4033776E,D04781
DHS22-0006,19/05/2022,Dairy Hygiene Supplies Ltd,"Parlour detergents, teat dip, filter socks",356.54,82.00,438.54,18/06/2022,EUR,,invoice,,IE1520123Q,D03610
SG22-0007,20/05/2022,Southern Genetics Co-Op,Semen straws + AI technician service,470.17,108.14,578.31,19/06/2022,EUR,,invoice,,IE2815241Q,D03515
DHS22-0005,20/05/2022,Dairy Hygiene Supplies Ltd,"Parlour detergents, teat dip, filter socks",593.89,136.59,730.48,19/06/2022,EUR,,invoice,,IE1520123Q,D03609
BF22-0007,22/05/2022,Ballyhoura Fuels Ltd,"Marked gas oil, bulk delivery",2112.92,285.24,2398.16,21/06/2022,EUR,,invoice,,IE4197223U,D03540
CS22-0025,23/05/2022,Slieve Dairy Co-Op Farm Stores,18-6-12 compound bulk spread,8904.20,1202.07,10106.27,22/06/2022,EUR,netted off milk payment,invoice,,IE8007456W,D03458
BF22-0006,24/05/2022,Ballyhoura Fuels Ltd,"Marked gas oil, bulk delivery",1667.76,225.15,1892.91,23/06/2022,EUR,,invoice,,IE4197223U,D03539
BF22-0005,26/05/2022,Ballyhoura Fuels Ltd,"Marked gas oil, bulk delivery",2062.36,278.42,2340.78,25/06/2022,EUR,,invoice,,IE4197223U,D03538
CFP22-0007,27/05/2022,Charleville Farm Parts & Tyres Ltd,Parlour liners,248.49,57.15,305.64,26/06/2022,EUR,,invoice,,IE3017449G,D03558
AW22-0005,27/05/2022,AgriWrap Plastics Ltd,"Silage plastic, bale net, twine",1015.46,233.56,1249.02,26/06/2022,EUR,,invoice,,IE7984856V,D03629
DHS22-0013,28/05/2022,Dairy Hygiene Supplies Ltd,"Parlour detergents, teat dip, filter socks",265.70,61.11,326.81,27/06/2022,EUR,,invoice,,IE1520123Q,D03617
DHS22-0018,28/05/2022,Dairy Hygiene Supplies Ltd,"Parlour detergents, teat dip, filter socks",674.01,155.02,829.03,27/06/2022,EUR,,invoice,,IE1520123Q,D03622
CL-202205,31/05/2022,Slieve Dairy Co-Operative Society Ltd,"Co-op haulage, milk testing, levies May 2022",1222.26,281.12,1503.38,31/05/2022,EUR,deducted from MS-202205,invoice,,IE9462300P,D00398
AW22-0002,01/06/2022,AgriWrap Plastics Ltd,"Silage plastic, bale net, twine",1127.39,259.30,1386.69,01/07/2022,EUR,,invoice,,IE7984856V,D03626
HT22-0006,01/06/2022,HerdTrack Software Ltd,Herd management subscription,88.00,20.24,108.24,01/07/2022,EUR,,invoice,,IE6323212L,D03655
DHS22-0008,02/06/2022,Dairy Hygiene Supplies Ltd,"Parlour detergents, teat dip, filter socks",619.75,142.54,762.29,02/07/2022,EUR,,invoice,,IE1520123Q,D03612
BF22-0010,03/06/2022,Ballyhoura Fuels Ltd,"Marked gas oil, bulk delivery",1236.90,166.98,1403.88,03/07/2022,EUR,,invoice,,IE4197223U,D03543
CFP22-0014,03/06/2022,Charleville Farm Parts & Tyres Ltd,Welding rods / steel,292.94,67.38,360.32,03/07/2022,EUR,,invoice,,IE3017449G,D03565
CFP22-0043,03/06/2022,Charleville Farm Parts & Tyres Ltd,Hydraulic hoses,408.53,93.96,502.49,03/07/2022,EUR,,invoice,,IE3017449G,D03594
LAC22-0006,04/06/2022,Lyons Agri Contracting Ltd,Silage harvesting (2nd cut),3687.39,497.80,4185.19,04/07/2022,EUR,,invoice,,IE9219903D,D03531
CFP22-0021,04/06/2022,Charleville Farm Parts & Tyres Ltd,Parlour liners,281.57,64.76,346.33,04/07/2022,EUR,,invoice,,IE3017449G,D03572
CFP22-0018,05/06/2022,Charleville Farm Parts & Tyres Ltd,Tyres and tubes,305.36,70.23,375.59,05/07/2022,EUR,,invoice,,IE3017449G,D03569
LV22-0025,06/06/2022,Lisheen Veterinary Clinic,Mastitis treatments,634.10,145.84,779.94,06/07/2022,EUR,,invoice,,IE3593885U,D03483
LV22-0003,07/06/2022,Lisheen Veterinary Clinic,Vaccines (BVD/IBR/lepto),761.16,175.07,936.23,07/07/2022,EUR,,invoice,,IE3593885U,D03461
ES22-0006,07/06/2022,ESB Electric Supply,Electricity Jun 2022 (farm + house meter),2581.90,348.56,2930.46,07/07/2022,EUR,,invoice,,IE4752023D,D03653
BF22-0009,08/06/2022,Ballyhoura Fuels Ltd,"Marked gas oil, bulk delivery",1381.22,186.46,1567.68,08/07/2022,EUR,,invoice,,IE4197223U,D03542
CFP22-0004,08/06/2022,Charleville Farm Parts & Tyres Ltd,Tyres and tubes,447.37,102.90,550.27,08/07/2022,EUR,,invoice,,IE3017449G,D03555
DHS22-0017,09/06/2022,Dairy Hygiene Supplies Ltd,"Parlour detergents, teat dip, filter socks",375.51,86.37,461.88,09/07/2022,EUR,,invoice,,IE1520123Q,D03621
LV22-0035,10/06/2022,Lisheen Veterinary Clinic,Vaccines (BVD/IBR/lepto),739.76,170.14,909.90,10/07/2022,EUR,,invoice,,IE3593885U,D03493
CFP22-0017,10/06/2022,Charleville Farm Parts & Tyres Ltd,Tyres and tubes,246.84,56.77,303.61,10/07/2022,EUR,,invoice,,IE3017449G,D03568
VF22-0006,10/06/2022,Vodafone Ireland,Mobile and broadband,183.98,42.32,226.30,10/07/2022,EUR,,invoice,,IE8398493D,D03654
CFP22-0019,11/06/2022,Charleville Farm Parts & Tyres Ltd,Welding rods / steel,508.43,116.94,625.37,11/07/2022,EUR,,invoice,,IE3017449G,D03570
LV22-0027,13/06/2022,Lisheen Veterinary Clinic,Calving assistance,505.38,116.24,621.62,13/07/2022,EUR,,invoice,,IE3593885U,D03485
SG22-0005,13/06/2022,Southern Genetics Co-Op,Semen straws + AI technician service,449.75,103.44,553.19,13/07/2022,EUR,,invoice,,IE2815241Q,D03513
DHS22-0015,14/06/2022,Dairy Hygiene Supplies Ltd,"Parlour detergents, teat dip, filter socks",375.84,86.44,462.28,14/07/2022,EUR,,invoice,,IE1520123Q,D03619
CS22-0019,15/06/2022,Slieve Dairy Co-Op Farm Stores,CAN 27% bulk spread,6084.87,821.46,6906.33,15/07/2022,EUR,netted off milk payment,invoice,,IE8007456W,D03445
TG22-0001,15/06/2022,Teagasc,Advisory service annual fee,1134.00,260.82,1394.82,15/07/2022,EUR,,invoice,,IE7259700V,D03676
KA22-0007,16/06/2022,Kilcummin Agri Supplies Ltd,Ground limestone bulk spread,6997.20,944.62,7941.82,16/07/2022,EUR,,invoice,,IE2092142W,D03454
LV22-0016,17/06/2022,Lisheen Veterinary Clinic,Vaccines (BVD/IBR/lepto),408.90,94.05,502.95,17/07/2022,EUR,,invoice,,IE3593885U,D03474
CFP22-0033,18/06/2022,Charleville Farm Parts & Tyres Ltd,Hydraulic hoses,351.97,80.95,432.92,18/07/2022,EUR,,invoice,,IE3017449G,D03584
CS22-0020,21/06/2022,Slieve Dairy Co-Op Farm Stores,Ground limestone bulk spread,8980.35,1212.35,10192.70,21/07/2022,EUR,netted off milk payment,invoice,,IE8007456W,D03447
LV22-0001,25/06/2022,Lisheen Veterinary Clinic,Herd health visit + drugs,285.42,65.65,351.07,25/07/2022,EUR,,invoice,,IE3593885U,D03459
LV22-0015,27/06/2022,Lisheen Veterinary Clinic,Mastitis treatments,595.60,136.99,732.59,27/07/2022,EUR,,invoice,,IE3593885U,D03473
CFP22-0011,28/06/2022,Charleville Farm Parts & Tyres Ltd,Mower blades,497.88,114.51,612.39,28/07/2022,EUR,,invoice,,IE3017449G,D03562
CL-202206,30/06/2022,Slieve Dairy Co-Operative Society Ltd,"Co-op haulage, milk testing, levies Jun 2022",1151.05,264.74,1415.79,30/06/2022,EUR,deducted from MS-202206,invoice,,IE9462300P,D00400
HT22-0007,02/07/2022,HerdTrack Software Ltd,Herd management subscription,88.00,20.24,108.24,01/08/2022,EUR,,invoice,,IE6323212L,D03658
ES22-0007,03/07/2022,ESB Electric Supply,Electricity Jul 2022 (farm + house meter),2356.45,318.12,2674.57,02/08/2022,EUR,,invoice,,IE4752023D,D03656
LV22-0012,05/07/2022,Lisheen Veterinary Clinic,Herd health visit + drugs,454.14,104.45,558.59,04/08/2022,EUR,,invoice,,IE3593885U,D03470
HF22-0007,07/07/2022,Cork Hoof Care Services,Hoof trimming / footbaths,943.31,216.96,1160.27,06/08/2022,EUR,,invoice,,IE1248259R,D03636
CFP22-0008,08/07/2022,Charleville Farm Parts & Tyres Ltd,Gate and fencing repairs,415.78,95.63,511.41,07/08/2022,EUR,,invoice,,IE3017449G,D03559
LAC22-0002,11/07/2022,Lyons Agri Contracting Ltd,Reseeding / ploughing,2130.87,287.67,2418.54,10/08/2022,EUR,,invoice,,IE9219903D,D03524
VF22-0007,11/07/2022,Vodafone Ireland,Mobile and broadband,168.30,38.71,207.01,10/08/2022,EUR,,invoice,,IE8398493D,D03657
CS22-0003,12/07/2022,Slieve Dairy Co-Op Farm Stores,Dairy ration 16% bulk - 6.5 t,3998.50,0.00,3998.50,11/08/2022,EUR,netted off milk payment,invoice,,IE8007456W,D03417
LV22-0047,12/07/2022,Lisheen Veterinary Clinic,Herd health visit + drugs,346.65,79.73,426.38,11/08/2022,EUR,,invoice,,IE3593885U,D03505
GF22-0006,13/07/2022,Glenfern Feeds Ltd,Mineral supplement - 3.6 t,2209.48,0.00,2209.48,12/08/2022,EUR,,invoice,,IE8573822O,D03425
CFP22-0016,14/07/2022,Charleville Farm Parts & Tyres Ltd,Welding rods / steel,461.42,106.13,567.55,13/08/2022,EUR,,invoice,,IE3017449G,D03567
LV22-0013,15/07/2022,Lisheen Veterinary Clinic,Dry cow therapy / sealers,564.03,129.73,693.76,14/08/2022,EUR,,invoice,,IE3593885U,D03471
LD22-0006,15/07/2022,Kilbeg Livestock Mart Ltd,Mart commission and levies on LD-22-4897,585.00,134.55,719.55,15/07/2022,EUR,LD-22-4897,invoice,,IE6958430T,D04795
BF22-0013,17/07/2022,Ballyhoura Fuels Ltd,"Marked gas oil, bulk delivery",2131.19,287.71,2418.90,16/08/2022,EUR,,invoice,,IE4197223U,D03546
HF22-0002,19/07/2022,Cork Hoof Care Services,Hoof trimming / footbaths,407.28,93.67,500.95,18/08/2022,EUR,,invoice,,IE1248259R,D03631
AW22-0003,21/07/2022,AgriWrap Plastics Ltd,"Silage plastic, bale net, twine",754.88,173.62,928.50,20/08/2022,EUR,,invoice,,IE7984856V,D03627
LV22-0024,24/07/2022,Lisheen Veterinary Clinic,Mastitis treatments,530.00,121.90,651.90,23/08/2022,EUR,,invoice,,IE3593885U,D03482
CN-LV22-0001,28/07/2022,Lisheen Veterinary Clinic,Credit note: returned / short delivered goods against LV22-0001,57.08,13.13,70.21,25/07/2022,EUR,,credit_note,,IE3593885U,D05149
CL-202207,31/07/2022,Slieve Dairy Co-Operative Society Ltd,"Co-op haulage, milk testing, levies Jul 2022",1054.59,242.56,1297.15,31/07/2022,EUR,deducted from MS-202207,invoice,,IE9462300P,D00402
HT22-0008,01/08/2022,HerdTrack Software Ltd,Herd management subscription,88.00,20.24,108.24,31/08/2022,EUR,,invoice,,IE6323212L,D03661
LV22-0002,02/08/2022,Lisheen Veterinary Clinic,Fertility scanning,404.70,93.08,497.78,01/09/2022,EUR,,invoice,,IE3593885U,D03460
CS22-0018,03/08/2022,Slieve Dairy Co-Op Farm Stores,18-6-12 compound bulk spread,3944.44,532.50,4476.94,02/09/2022,EUR,netted off milk payment,invoice,,IE8007456W,D03443
KA22-0004,03/08/2022,Kilcummin Agri Supplies Ltd,CAN 27% bulk spread,8824.00,1191.24,10015.24,02/09/2022,EUR,,invoice,,IE2092142W,D03451
LV22-0048,03/08/2022,Lisheen Veterinary Clinic,Fertility scanning,403.78,92.87,496.65,02/09/2022,EUR,,invoice,,IE3593885U,D03506
LAC22-0003,03/08/2022,Lyons Agri Contracting Ltd,Slurry spreading (trailing shoe),1670.62,225.53,1896.15,02/09/2022,EUR,,invoice,,IE9219903D,D03525
LV22-0023,05/08/2022,Lisheen Veterinary Clinic,Calving assistance,596.97,137.30,734.27,04/09/2022,EUR,,invoice,,IE3593885U,D03481
AW22-0004,07/08/2022,AgriWrap Plastics Ltd,"Silage plastic, bale net, twine",1272.10,292.58,1564.68,06/09/2022,EUR,,invoice,,IE7984856V,D03628
ES22-0008,08/08/2022,ESB Electric Supply,Electricity Aug 2022 (farm + house meter),2743.40,370.36,3113.76,07/09/2022,EUR,,invoice,,IE4752023D,D03659
OB22-0007,09/08/2022,O'Brien Plant Hire Ltd,Reseeding / ploughing,2890.00,390.15,3280.15,08/09/2022,EUR,,invoice,,IE9729960P,D03533
VF22-0008,10/08/2022,Vodafone Ireland,Mobile and broadband,181.92,41.84,223.76,09/09/2022,EUR,,invoice,,IE8398493D,D03660
OB22-0006,11/08/2022,O'Brien Plant Hire Ltd,Silage harvesting (2nd cut),3006.31,405.85,3412.16,10/09/2022,EUR,,invoice,,IE9729960P,D03532
MR22-0001,11/08/2022,Munster Rendering Ltd,Fallen animal collection,138.60,31.88,170.48,10/09/2022,EUR,,invoice,,IE4033776E,D04780
OB22-0002,15/08/2022,O'Brien Plant Hire Ltd,Slurry spreading (trailing shoe),1840.00,248.40,2088.40,14/09/2022,EUR,,invoice,,IE9729960P,D03523
LV22-0036,17/08/2022,Lisheen Veterinary Clinic,Calving assistance,668.30,153.71,822.01,16/09/2022,EUR,,invoice,,IE3593885U,D03494
DHS22-0019,17/08/2022,Dairy Hygiene Supplies Ltd,"Parlour detergents, teat dip, filter socks",661.08,152.05,813.13,16/09/2022,EUR,,invoice,,IE1520123Q,D03623
SG22-0008,19/08/2022,Southern Genetics Co-Op,Semen straws + AI technician service,773.08,177.81,950.89,18/09/2022,EUR,,invoice,,IE2815241Q,D03516
AW22-0001,20/08/2022,AgriWrap Plastics Ltd,"Silage plastic, bale net, twine",889.19,204.51,1093.70,19/09/2022,EUR,,invoice,,IE7984856V,D03625
BF22-0012,23/08/2022,Ballyhoura Fuels Ltd,"Marked gas oil, bulk delivery",1374.17,185.51,1559.68,22/09/2022,EUR,,invoice,,IE4197223U,D03545
LD22-0007,23/08/2022,Kilbeg Livestock Mart Ltd,Mart commission and levies on LD-22-8146,649.05,149.28,798.33,23/08/2022,EUR,LD-22-8146,invoice,,IE6958430T,D04797
CL-202208,31/08/2022,Slieve Dairy Co-Operative Society Ltd,"Co-op haulage, milk testing, levies Aug 2022",912.86,209.96,1122.82,31/08/2022,EUR,deducted from MS-202208,invoice,,IE9462300P,D00404
HT22-0009,01/09/2022,HerdTrack Software Ltd,Herd management subscription,88.00,20.24,108.24,01/10/2022,EUR,,invoice,,IE6323212L,D03664
CFP22-0012,03/09/2022,Charleville Farm Parts & Tyres Ltd,Tyres and tubes,442.73,101.83,544.56,03/10/2022,EUR,,invoice,,IE3017449G,D03563
CFP22-0013,03/09/2022,Charleville Farm Parts & Tyres Ltd,Gate and fencing repairs,323.48,74.40,397.88,03/10/2022,EUR,,invoice,,IE3017449G,D03564
ES22-0009,06/09/2022,ESB Electric Supply,Electricity Sep 2022 (farm + house meter),2658.39,358.88,3017.27,06/10/2022,EUR,,invoice,,IE4752023D,D03662
SG22-0011,08/09/2022,Southern Genetics Co-Op,Semen straws + AI technician service,941.85,216.63,1158.48,08/10/2022,EUR,,invoice,,IE2815241Q,D03519
CFP22-0026,09/09/2022,Charleville Farm Parts & Tyres Ltd,Mower blades,241.86,55.63,297.49,09/10/2022,EUR,,invoice,,IE3017449G,D03577
VF22-0009,10/09/2022,Vodafone Ireland,Mobile and broadband,169.44,38.97,208.41,10/10/2022,EUR,,invoice,,IE8398493D,D03663
CFP22-0032,11/09/2022,Charleville Farm Parts & Tyres Ltd,Gate and fencing repairs,568.10,130.66,698.76,11/10/2022,EUR,,invoice,,IE3017449G,D03583
LAC22-0004,12/09/2022,Lyons Agri Contracting Ltd,Baling + wrapping,1879.50,253.73,2133.23,12/10/2022,EUR,,invoice,,IE9219903D,D03527
CFP22-0010,13/09/2022,Charleville Farm Parts & Tyres Ltd,Tyres and tubes,518.94,119.36,638.30,13/10/2022,EUR,,invoice,,IE3017449G,D03561
GF22-0012,17/09/2022,Glenfern Feeds Ltd,Dairy ration 18% nuts - 5.4 t,3301.12,0.00,3301.12,17/10/2022,EUR,,invoice,,IE8573822O,D03441
LV22-0033,17/09/2022,Lisheen Veterinary Clinic,Vaccines (BVD/IBR/lepto),631.69,145.29,776.98,17/10/2022,EUR,,invoice,,IE3593885U,D03491
LV22-0042,17/09/2022,Lisheen Veterinary Clinic,Herd health visit + drugs,290.11,66.73,356.84,17/10/2022,EUR,,invoice,,IE3593885U,D03500
BF22-0003,20/09/2022,Ballyhoura Fuels Ltd,"Marked gas oil, bulk delivery",901.06,121.64,1022.70,20/10/2022,EUR,,invoice,,IE4197223U,D03536
BF22-0017,21/09/2022,Ballyhoura Fuels Ltd,"Marked gas oil, bulk delivery",2157.47,291.26,2448.73,21/10/2022,EUR,,invoice,,IE4197223U,D03550
LV22-0018,22/09/2022,Lisheen Veterinary Clinic,Mastitis treatments,387.82,89.20,477.02,22/10/2022,EUR,,invoice,,IE3593885U,D03476
CFP22-0031,23/09/2022,Charleville Farm Parts & Tyres Ltd,Gate and fencing repairs,522.46,120.17,642.63,23/10/2022,EUR,,invoice,,IE3017449G,D03582
DHS22-0014,23/09/2022,Dairy Hygiene Supplies Ltd,"Parlour detergents, teat dip, filter socks",337.14,77.54,414.68,23/10/2022,EUR,,invoice,,IE1520123Q,D03618
CFP22-0006,26/09/2022,Charleville Farm Parts & Tyres Ltd,Hydraulic hoses,260.39,59.89,320.28,26/10/2022,EUR,,invoice,,IE3017449G,D03557
LV22-0009,28/09/2022,Lisheen Veterinary Clinic,Dry cow therapy / sealers,385.41,88.64,474.05,28/10/2022,EUR,,invoice,,IE3593885U,D03467
CL-202209,30/09/2022,Slieve Dairy Co-Operative Society Ltd,"Co-op haulage, milk testing, levies Sep 2022",755.27,173.71,928.98,30/09/2022,EUR,deducted from MS-202209,invoice,,IE9462300P,D00406
HT22-0010,01/10/2022,HerdTrack Software Ltd,Herd management subscription,88.00,20.24,108.24,31/10/2022,EUR,,invoice,,IE6323212L,D03667
BF22-0001,02/10/2022,Ballyhoura Fuels Ltd,"Marked gas oil, bulk delivery",972.52,131.29,1103.81,01/11/2022,EUR,,invoice,,IE4197223U,D03534
GF22-0001,04/10/2022,Glenfern Feeds Ltd,Maize meal / soya hulls blend - 8.3 t,5072.13,0.00,5072.13,03/11/2022,EUR,,invoice,,IE8573822O,D03413
ES22-0010,05/10/2022,ESB Electric Supply,Electricity Oct 2022 (farm + house meter),2391.56,322.86,2714.42,04/11/2022,EUR,,invoice,,IE4752023D,D03665
MT22-0719,06/10/2022,Munster Tractors Ltd,"Tractor 130hp, supplied on hire purchase",145000.00,33350.00,178350.00,05/11/2022,EUR,,invoice,,IE5139076N,D05117
BF22-0008,07/10/2022,Ballyhoura Fuels Ltd,"Marked gas oil, bulk delivery",1879.10,253.68,2132.78,06/11/2022,EUR,,invoice,,IE4197223U,D03541
DHS22-0016,07/10/2022,Dairy Hygiene Supplies Ltd,"Parlour detergents, teat dip, filter socks",493.85,113.59,607.44,06/11/2022,EUR,,invoice,,IE1520123Q,D03620
DHS22-0012,09/10/2022,Dairy Hygiene Supplies Ltd,"Parlour detergents, teat dip, filter socks",627.85,144.41,772.26,08/11/2022,EUR,,invoice,,IE1520123Q,D03616
LV22-0014,11/10/2022,Lisheen Veterinary Clinic,Vaccines (BVD/IBR/lepto),706.58,162.51,869.09,10/11/2022,EUR,,invoice,,IE3593885U,D03472
LV22-0049,11/10/2022,Lisheen Veterinary Clinic,Fertility scanning,342.56,78.79,421.35,10/11/2022,EUR,,invoice,,IE3593885U,D03507
VF22-0010,11/10/2022,Vodafone Ireland,Mobile and broadband,186.41,42.87,229.28,10/11/2022,EUR,,invoice,,IE8398493D,D03666
LV22-0007,12/10/2022,Lisheen Veterinary Clinic,Dry cow therapy / sealers,497.73,114.48,612.21,11/11/2022,EUR,,invoice,,IE3593885U,D03465
CFP22-0036,14/10/2022,Charleville Farm Parts & Tyres Ltd,Welding rods / steel,495.35,113.93,609.28,13/11/2022,EUR,,invoice,,IE3017449G,D03587
LD22-0008,14/10/2022,Kilbeg Livestock Mart Ltd,Mart commission and levies on LD-22-2922,879.20,202.22,1081.42,14/10/2022,EUR,LD-22-2922,invoice,,IE6958430T,D04800
CS22-0014,18/10/2022,Slieve Dairy Co-Op Farm Stores,Mineral supplement - 7.1 t,4328.53,0.00,4328.53,17/11/2022,EUR,netted off milk payment,invoice,,IE8007456W,D03437
HF22-0005,19/10/2022,Cork Hoof Care Services,Hoof trimming / footbaths,574.64,132.17,706.81,18/11/2022,EUR,,invoice,,IE1248259R,D03634
SG22-0012,20/10/2022,Southern Genetics Co-Op,Semen straws + AI technician service,891.02,204.93,1095.95,19/11/2022,EUR,,invoice,,IE2815241Q,D03520
CFP22-0009,23/10/2022,Charleville Farm Parts & Tyres Ltd,Hydraulic hoses,456.63,105.02,561.65,22/11/2022,EUR,,invoice,,IE3017449G,D03560
CS22-0008,26/10/2022,Slieve Dairy Co-Op Farm Stores,Calf starter + milk replacer - 6.7 t,4085.39,0.00,4085.39,25/11/2022,EUR,netted off milk payment,invoice,,IE8007456W,D03426
CFP22-0025,26/10/2022,Charleville Farm Parts & Tyres Ltd,Tyres and tubes,306.43,70.48,376.91,25/11/2022,EUR,,invoice,,IE3017449G,D03576
MR22-0003,26/10/2022,Munster Rendering Ltd,Fallen animal collection,119.70,27.53,147.23,25/11/2022,EUR,,invoice,,IE4033776E,D04782
CL-202210,31/10/2022,Slieve Dairy Co-Operative Society Ltd,"Co-op haulage, milk testing, levies Oct 2022",516.76,118.85,635.61,31/10/2022,EUR,deducted from MS-202210,invoice,,IE9462300P,D00408
HF22-0008,01/11/2022,Cork Hoof Care Services,Hoof trimming / footbaths,866.31,199.25,1065.56,01/12/2022,EUR,,invoice,,IE1248259R,D03637
GF22-0004,02/11/2022,Glenfern Feeds Ltd,Dairy ration 16% bulk - 4.0 t,2461.11,0.00,2461.11,02/12/2022,EUR,,invoice,,IE8573822O,D03420
HT22-0011,02/11/2022,HerdTrack Software Ltd,Herd management subscription,88.00,20.24,108.24,02/12/2022,EUR,,invoice,,IE6323212L,D03670
CS22-0012,03/11/2022,Slieve Dairy Co-Op Farm Stores,Maize meal / soya hulls blend - 8.4 t,5173.65,0.00,5173.65,03/12/2022,EUR,netted off milk payment,invoice,,IE8007456W,D03434
CFP22-0051,04/11/2022,Charleville Farm Parts & Tyres Ltd,Hydraulic hoses,281.34,64.71,346.05,04/12/2022,EUR,,invoice,,IE3017449G,D03602
ES22-0011,04/11/2022,ESB Electric Supply,Electricity Nov 2022 (farm + house meter),2427.01,327.65,2754.66,04/12/2022,EUR,,invoice,,IE4752023D,D03668
GF22-0008,05/11/2022,Glenfern Feeds Ltd,Mineral supplement - 7.6 t,4636.35,0.00,4636.35,05/12/2022,EUR,,invoice,,IE8573822O,D03429
CS22-0011,05/11/2022,Slieve Dairy Co-Op Farm Stores,Dairy ration 16% bulk - 8.8 t,5374.47,0.00,5374.47,05/12/2022,EUR,netted off milk payment,invoice,,IE8007456W,D03433
DHS22-0009,06/11/2022,Dairy Hygiene Supplies Ltd,"Parlour detergents, teat dip, filter socks",683.88,157.29,841.17,06/12/2022,EUR,,invoice,,IE1520123Q,D03613
GF22-0005,07/11/2022,Glenfern Feeds Ltd,Dairy ration 18% nuts - 6.5 t,3990.01,0.00,3990.01,07/12/2022,EUR,,invoice,,IE8573822O,D03424
CFP22-0022,09/11/2022,Charleville Farm Parts & Tyres Ltd,Welding rods / steel,456.83,105.07,561.90,09/12/2022,EUR,,invoice,,IE3017449G,D03573
CFP22-0048,10/11/2022,Charleville Farm Parts & Tyres Ltd,Hydraulic hoses,222.01,51.06,273.07,10/12/2022,EUR,,invoice,,IE3017449G,D03599
VF22-0011,11/11/2022,Vodafone Ireland,Mobile and broadband,163.98,37.72,201.70,11/12/2022,EUR,,invoice,,IE8398493D,D03669
BF22-0015,12/11/2022,Ballyhoura Fuels Ltd,"Marked gas oil, bulk delivery",1606.73,216.91,1823.64,12/12/2022,EUR,,invoice,,IE4197223U,D03548
BF22-0018,13/11/2022,Ballyhoura Fuels Ltd,"Marked gas oil, bulk delivery",910.14,122.87,1033.01,13/12/2022,EUR,,invoice,,IE4197223U,D03551
CFP22-0041,13/11/2022,Charleville Farm Parts & Tyres Ltd,Parlour liners,441.83,101.62,543.45,13/12/2022,EUR,,invoice,,IE3017449G,D03592
LV22-0043,14/11/2022,Lisheen Veterinary Clinic,Vaccines (BVD/IBR/lepto),528.34,121.52,649.86,14/12/2022,EUR,,invoice,,IE3593885U,D03501
BF22-0014,16/11/2022,Ballyhoura Fuels Ltd,"Marked gas oil, bulk delivery",2022.31,273.01,2295.32,16/12/2022,EUR,,invoice,,IE4197223U,D03547
CFP22-0045,17/11/2022,Charleville Farm Parts & Tyres Ltd,Tyres and tubes,353.61,81.33,434.94,17/12/2022,EUR,,invoice,,IE3017449G,D03596
CFP22-0029,19/11/2022,Charleville Farm Parts & Tyres Ltd,Welding rods / steel,330.35,75.98,406.33,19/12/2022,EUR,,invoice,,IE3017449G,D03580
DOC22-0001,20/11/2022,"T. Buckley (landlord, conacre)",Conacre rent 2022: 70 acres @ 400/acre,28000.00,0.00,28000.00,20/12/2022,EUR,,rent_receipt,,,D03678
CS22-0010,21/11/2022,Slieve Dairy Co-Op Farm Stores,Mineral supplement - 5.8 t,3586.93,0.00,3586.93,21/12/2022,EUR,netted off milk payment,invoice,,IE8007456W,D03431
HF22-0001,21/11/2022,Cork Hoof Care Services,Hoof trimming / footbaths,549.35,126.35,675.70,21/12/2022,EUR,,invoice,,IE1248259R,D03630
BF22-0002,23/11/2022,Ballyhoura Fuels Ltd,"Marked gas oil, bulk delivery",1409.51,190.28,1599.79,23/12/2022,EUR,,invoice,,IE4197223U,D03535
CFP22-0053,24/11/2022,Charleville Farm Parts & Tyres Ltd,Mower blades,443.85,102.09,545.94,24/12/2022,EUR,,invoice,,IE3017449G,D03604
DHS22-0010,24/11/2022,Dairy Hygiene Supplies Ltd,"Parlour detergents, teat dip, filter socks",528.85,121.64,650.49,24/12/2022,EUR,,invoice,,IE1520123Q,D03614
LV22-0017,26/11/2022,Lisheen Veterinary Clinic,Vaccines (BVD/IBR/lepto),570.33,131.18,701.51,26/12/2022,EUR,,invoice,,IE3593885U,D03475
CL-202211,30/11/2022,Slieve Dairy Co-Operative Society Ltd,"Co-op haulage, milk testing, levies Nov 2022",278.11,63.97,342.08,30/11/2022,EUR,deducted from MS-202211,invoice,,IE9462300P,D00410
CFP22-0034,02/12/2022,Charleville Farm Parts & Tyres Ltd,Gate and fencing repairs,443.33,101.97,545.30,01/01/2023,EUR,,invoice,,IE3017449G,D03585
HT22-0012,02/12/2022,HerdTrack Software Ltd,Herd management subscription,88.00,20.24,108.24,01/01/2023,EUR,,invoice,,IE6323212L,D03673
CFP22-0027,03/12/2022,Charleville Farm Parts & Tyres Ltd,Tyres and tubes,452.19,104.00,556.19,02/01/2023,EUR,,invoice,,IE3017449G,D03578
CFP22-0030,06/12/2022,Charleville Farm Parts & Tyres Ltd,Parlour liners,309.28,71.13,380.41,05/01/2023,EUR,,invoice,,IE3017449G,D03581
ES22-0012,06/12/2022,ESB Electric Supply,Electricity Dec 2022 (farm + house meter),2842.12,383.69,3225.81,05/01/2023,EUR,,invoice,,IE4752023D,D03671
LV22-0044,08/12/2022,Lisheen Veterinary Clinic,Fertility scanning,462.71,106.42,569.13,07/01/2023,EUR,,invoice,,IE3593885U,D03502
BF22-0016,10/12/2022,Ballyhoura Fuels Ltd,"Marked gas oil, bulk delivery",1730.18,233.57,1963.75,09/01/2023,EUR,,invoice,,IE4197223U,D03549
VF22-0012,11/12/2022,Vodafone Ireland,Mobile and broadband,165.26,38.01,203.27,10/01/2023,EUR,,invoice,,IE8398493D,D03672
CS22-0015,14/12/2022,Slieve Dairy Co-Op Farm Stores,Dairy ration 16% bulk - 5.7 t,3495.53,0.00,3495.53,13/01/2023,EUR,netted off milk payment,invoice,,IE8007456W,D03438
LV22-0008,14/12/2022,Lisheen Veterinary Clinic,Calving assistance,717.47,165.02,882.49,13/01/2023,EUR,,invoice,,IE3593885U,D03466
CFP22-0050,14/12/2022,Charleville Farm Parts & Tyres Ltd,Mower blades,568.53,130.76,699.29,13/01/2023,EUR,,invoice,,IE3017449G,D03601
DHS22-0002,14/12/2022,Dairy Hygiene Supplies Ltd,"Parlour detergents, teat dip, filter socks",284.35,65.40,349.75,13/01/2023,EUR,,invoice,,IE1520123Q,D03606
CS22-0004,15/12/2022,Slieve Dairy Co-Op Farm Stores,Dairy ration 16% bulk - 6.2 t,3802.35,0.00,3802.35,14/01/2023,EUR,netted off milk payment,invoice,,IE8007456W,D03418
LV22-0004,16/12/2022,Lisheen Veterinary Clinic,Calving assistance,699.36,160.85,860.21,15/01/2023,EUR,,invoice,,IE3593885U,D03462
CFP22-0042,16/12/2022,Charleville Farm Parts & Tyres Ltd,Mower blades,327.16,75.25,402.41,15/01/2023,EUR,,invoice,,IE3017449G,D03593
CFP22-0020,17/12/2022,Charleville Farm Parts & Tyres Ltd,Tractor service parts,246.13,56.61,302.74,16/01/2023,EUR,,invoice,,IE3017449G,D03571
CS22-0017,18/12/2022,Slieve Dairy Co-Op Farm Stores,Mineral supplement - 6.2 t,3806.63,0.00,3806.63,17/01/2023,EUR,netted off milk payment,invoice,,IE8007456W,D03440
CS22-0001,21/12/2022,Slieve Dairy Co-Op Farm Stores,Dairy ration 18% nuts - 7.4 t,4569.73,0.00,4569.73,20/01/2023,EUR,netted off milk payment,invoice,,IE8007456W,D03414
LV22-0034,24/12/2022,Lisheen Veterinary Clinic,Mastitis treatments,726.23,167.03,893.26,23/01/2023,EUR,,invoice,,IE3593885U,D03492
KA22-0009,29/12/2022,Kilcummin Agri Supplies Ltd,"CAN and protected urea, to be delivered March 2023",41000.00,5535.00,46535.00,28/01/2023,EUR,,invoice,2023-03-10,IE2092142W,D05133
CL-202212,31/12/2022,Slieve Dairy Co-Operative Society Ltd,"Co-op haulage, milk testing, levies Dec 2022",122.67,28.21,150.88,31/12/2022,EUR,deducted from MS-202212,invoice,,IE9462300P,D00412
LV23-0038,01/01/2023,Lisheen Veterinary Clinic,Mastitis treatments,621.94,143.05,764.99,31/01/2023,EUR,,invoice,,IE3593885U,D03750
HT23-0001,03/01/2023,HerdTrack Software Ltd,Herd management subscription,88.00,20.24,108.24,02/02/2023,EUR,,invoice,,IE6323212L,D03885
GF23-0002,06/01/2023,Glenfern Feeds Ltd,Mineral supplement - 9.8 t,5169.03,0.00,5169.03,05/02/2023,EUR,,invoice,,IE8573822O,D03686
CFP23-0005,07/01/2023,Charleville Farm Parts & Tyres Ltd,Tractor service parts,342.80,78.84,421.64,06/02/2023,EUR,,invoice,,IE3017449G,D03803
CS23-0001,08/01/2023,Slieve Dairy Co-Op Farm Stores,Dairy ration 16% bulk - 4.6 t,2417.32,0.00,2417.32,07/02/2023,EUR,netted off milk payment,invoice,,IE8007456W,D03680
ES23-0001,09/01/2023,ESB Electric Supply,Electricity Jan 2023 (farm + house meter),1906.37,257.36,2163.73,08/02/2023,EUR,,invoice,,IE4752023D,D03883
LV23-0022,10/01/2023,Lisheen Veterinary Clinic,Mastitis treatments,729.56,167.80,897.36,09/02/2023,EUR,,invoice,,IE3593885U,D03734
LV23-0031,11/01/2023,Lisheen Veterinary Clinic,Mastitis treatments,559.54,128.69,688.23,10/02/2023,EUR,,invoice,,IE3593885U,D03743
VF23-0001,11/01/2023,Vodafone Ireland,Mobile and broadband,185.68,42.71,228.39,10/02/2023,EUR,,invoice,,IE8398493D,D03884
BF23-0006,16/01/2023,Ballyhoura Fuels Ltd,"Marked gas oil, bulk delivery",1878.47,253.59,2132.06,15/02/2023,EUR,,invoice,,IE4197223U,D03790
CFP23-0050,16/01/2023,Charleville Farm Parts & Tyres Ltd,Gate and fencing repairs,359.59,82.71,442.30,15/02/2023,EUR,,invoice,,IE3017449G,D03848
HF23-0008,23/01/2023,Cork Hoof Care Services,Hoof trimming / footbaths,693.08,159.41,852.49,22/02/2023,EUR,,invoice,,IE1248259R,D03882
LV23-0006,25/01/2023,Lisheen Veterinary Clinic,Fertility scanning,686.50,157.90,844.40,24/02/2023,EUR,,invoice,,IE3593885U,D03718
CL-202301,31/01/2023,Slieve Dairy Co-Operative Society Ltd,"Co-op haulage, milk testing, levies Jan 2023",188.17,43.28,231.45,31/01/2023,EUR,deducted from MS-202301,invoice,,IE9462300P,D00414
HT23-0002,03/02/2023,HerdTrack Software Ltd,Herd management subscription,88.00,20.24,108.24,05/03/2023,EUR,,invoice,,IE6323212L,D03888
GF23-0013,04/02/2023,Glenfern Feeds Ltd,Mineral supplement - 9.8 t,5200.85,0.00,5200.85,06/03/2023,EUR,,invoice,,IE8573822O,D03700
KA23-0005,04/02/2023,Kilcummin Agri Supplies Ltd,CAN 27% bulk spread,9199.80,1241.97,10441.77,06/03/2023,EUR,,invoice,,IE2092142W,D03710
CS23-0013,04/02/2023,Slieve Dairy Co-Op Farm Stores,Ground limestone bulk spread,8497.30,1147.14,9644.44,06/03/2023,EUR,netted off milk payment,invoice,,IE8007456W,D03712
ES23-0002,04/02/2023,ESB Electric Supply,Electricity Feb 2023 (farm + house meter),2268.73,306.28,2575.01,06/03/2023,EUR,,invoice,,IE4752023D,D03886
LV23-0026,05/02/2023,Lisheen Veterinary Clinic,Herd health visit + drugs,519.15,119.40,638.55,07/03/2023,EUR,,invoice,,IE3593885U,D03738
MFI23-0001,09/02/2023,Munster Farm Insurance Ltd,"Farm policy renewal (buildings, liability, machinery, employer liability)",11381.32,0.00,11381.32,11/03/2023,EUR,,invoice,,,D03919
LV23-0014,10/02/2023,Lisheen Veterinary Clinic,Mastitis treatments,544.59,125.26,669.85,12/03/2023,EUR,,invoice,,IE3593885U,D03726
LV23-0028,10/02/2023,Lisheen Veterinary Clinic,Vaccines (BVD/IBR/lepto),415.07,95.47,510.54,12/03/2023,EUR,,invoice,,IE3593885U,D03740
CFP23-0002,10/02/2023,Charleville Farm Parts & Tyres Ltd,Gate and fencing repairs,282.42,64.96,347.38,12/03/2023,EUR,,invoice,,IE3017449G,D03800
CFP23-0041,11/02/2023,Charleville Farm Parts & Tyres Ltd,Parlour liners,305.58,70.28,375.86,13/03/2023,EUR,,invoice,,IE3017449G,D03839
VF23-0002,11/02/2023,Vodafone Ireland,Mobile and broadband,176.36,40.56,216.92,13/03/2023,EUR,,invoice,,IE8398493D,D03887
CFP23-0007,12/02/2023,Charleville Farm Parts & Tyres Ltd,Mower blades,306.81,70.57,377.38,14/03/2023,EUR,,invoice,,IE3017449G,D03805
MR23-0001,16/02/2023,Munster Rendering Ltd,Fallen animal collection,187.60,43.15,230.75,18/03/2023,EUR,,invoice,,IE4033776E,D04801
DHS23-0016,21/02/2023,Dairy Hygiene Supplies Ltd,"Parlour detergents, teat dip, filter socks",548.33,126.12,674.45,23/03/2023,EUR,,invoice,,IE1520123Q,D03865
DHS23-0014,22/02/2023,Dairy Hygiene Supplies Ltd,"Parlour detergents, teat dip, filter socks",268.46,61.75,330.21,24/03/2023,EUR,,invoice,,IE1520123Q,D03863
KA23-0001,23/02/2023,Kilcummin Agri Supplies Ltd,Protected urea bulk spread,7761.32,1047.78,8809.10,25/03/2023,EUR,,invoice,,IE2092142W,D03703
LV23-0016,23/02/2023,Lisheen Veterinary Clinic,Herd health visit + drugs,431.50,99.24,530.74,25/03/2023,EUR,,invoice,,IE3593885U,D03728
CL-202302,28/02/2023,Slieve Dairy Co-Operative Society Ltd,"Co-op haulage, milk testing, levies Feb 2023",420.72,96.77,517.49,28/02/2023,EUR,deducted from MS-202302,invoice,,IE9462300P,D00416
LV23-0018,28/02/2023,Lisheen Veterinary Clinic,Calving assistance,333.20,76.64,409.84,30/03/2023,EUR,,invoice,,IE3593885U,D03730
LV23-0040,01/03/2023,Lisheen Veterinary Clinic,Calving assistance,566.91,130.39,697.30,31/03/2023,EUR,,invoice,,IE3593885U,D03752
CS23-0002,02/03/2023,Slieve Dairy Co-Op Farm Stores,Dairy ration 16% bulk - 9.0 t,4746.85,0.00,4746.85,01/04/2023,EUR,netted off milk payment,invoice,,IE8007456W,D03681
ES23-0003,03/03/2023,ESB Electric Supply,Electricity Mar 2023 (farm + house meter),2421.67,326.93,2748.60,02/04/2023,EUR,,invoice,,IE4752023D,D03889
HT23-0003,03/03/2023,HerdTrack Software Ltd,Herd management subscription,88.00,20.24,108.24,02/04/2023,EUR,,invoice,,IE6323212L,D03891
LV23-0021,05/03/2023,Lisheen Veterinary Clinic,Mastitis treatments,368.10,84.66,452.76,04/04/2023,EUR,,invoice,,IE3593885U,D03733
HC23-0001,05/03/2023,Hegarty & Co Farm Accountants,"Accounts, tax returns and payroll year 2022",3698.40,850.63,4549.03,04/04/2023,EUR,,invoice,,IE6025428V,D03920
MR23-0002,05/03/2023,Munster Rendering Ltd,Fallen animal collection,214.40,49.31,263.71,04/04/2023,EUR,,invoice,,IE4033776E,D04802
DHS23-0020,07/03/2023,Dairy Hygiene Supplies Ltd,"Parlour detergents, teat dip, filter socks",575.29,132.32,707.61,06/04/2023,EUR,,invoice,,IE1520123Q,D03869
LV23-0037,08/03/2023,Lisheen Veterinary Clinic,Mastitis treatments,326.09,75.00,401.09,07/04/2023,EUR,,invoice,,IE3593885U,D03749
CFP23-0012,08/03/2023,Charleville Farm Parts & Tyres Ltd,Tyres and tubes,437.71,100.67,538.38,07/04/2023,EUR,,invoice,,IE3017449G,D03810
SG23-0007,09/03/2023,Southern Genetics Co-Op,Semen straws + AI technician service,659.49,151.68,811.17,08/04/2023,EUR,,invoice,,IE2815241Q,D03766
LAC23-0008,09/03/2023,Lyons Agri Contracting Ltd,Reseeding / ploughing,3511.45,474.05,3985.50,08/04/2023,EUR,,invoice,,IE9219903D,D03782
CFP23-0017,09/03/2023,Charleville Farm Parts & Tyres Ltd,Tyres and tubes,371.40,85.42,456.82,08/04/2023,EUR,,invoice,,IE3017449G,D03815
CS23-0003,10/03/2023,Slieve Dairy Co-Op Farm Stores,Calf starter + milk replacer - 4.6 t,2452.98,0.00,2452.98,09/04/2023,EUR,netted off milk payment,invoice,,IE8007456W,D03682
GF23-0006,10/03/2023,Glenfern Feeds Ltd,Maize meal / soya hulls blend - 9.2 t,4881.24,0.00,4881.24,09/04/2023,EUR,,invoice,,IE8573822O,D03692
LD23-0001,10/03/2023,Kilbeg Livestock Mart Ltd,Mart commission and levies on LD-23-3294,307.42,70.71,378.13,10/03/2023,EUR,LD-23-3294,invoice,,IE6958430T,D04805
VF23-0003,11/03/2023,Vodafone Ireland,Mobile and broadband,169.26,38.93,208.19,10/04/2023,EUR,,invoice,,IE8398493D,D03890
CS23-0004,13/03/2023,Slieve Dairy Co-Op Farm Stores,Dairy ration 18% nuts - 7.9 t,4175.22,0.00,4175.22,12/04/2023,EUR,netted off milk payment,invoice,,IE8007456W,D03683
LV23-0045,13/03/2023,Lisheen Veterinary Clinic,Fertility scanning,545.70,125.51,671.21,12/04/2023,EUR,,invoice,,IE3593885U,D03757
CFP23-0027,16/03/2023,Charleville Farm Parts & Tyres Ltd,Mower blades,230.15,52.93,283.08,15/04/2023,EUR,,invoice,,IE3017449G,D03825
DHS23-0008,18/03/2023,Dairy Hygiene Supplies Ltd,"Parlour detergents, teat dip, filter socks",334.34,76.90,411.24,17/04/2023,EUR,,invoice,,IE1520123Q,D03857
LD23-0002,27/03/2023,Kilbeg Livestock Mart Ltd,Mart commission and levies on LD-23-9065,313.63,72.13,385.76,27/03/2023,EUR,LD-23-9065,invoice,,IE6958430T,D04807
LV23-0035,28/03/2023,Lisheen Veterinary Clinic,Calving assistance,336.07,77.30,413.37,27/04/2023,EUR,,invoice,,IE3593885U,D03747
CFP23-0051,28/03/2023,Charleville Farm Parts & Tyres Ltd,Welding rods / steel,477.39,109.80,587.19,27/04/2023,EUR,,invoice,,IE3017449G,D03849
CL-202303,31/03/2023,Slieve Dairy Co-Operative Society Ltd,"Co-op haulage, milk testing, levies Mar 2023",764.95,175.94,940.89,31/03/2023,EUR,deducted from MS-202303,invoice,,IE9462300P,D00418
HT23-0004,01/04/2023,HerdTrack Software Ltd,Herd management subscription,88.00,20.24,108.24,01/05/2023,EUR,,invoice,,IE6323212L,D03894
CFP23-0032,03/04/2023,Charleville Farm Parts & Tyres Ltd,Gate and fencing repairs,242.22,55.71,297.93,03/05/2023,EUR,,invoice,,IE3017449G,D03830
SG23-0003,05/04/2023,Southern Genetics Co-Op,Semen straws + AI technician service,459.37,105.66,565.03,05/05/2023,EUR,,invoice,,IE2815241Q,D03762
LV23-0030,06/04/2023,Lisheen Veterinary Clinic,Mastitis treatments,417.73,96.08,513.81,06/05/2023,EUR,,invoice,,IE3593885U,D03742
SG23-0008,06/04/2023,Southern Genetics Co-Op,Semen straws + AI technician service,618.83,142.33,761.16,06/05/2023,EUR,,invoice,,IE2815241Q,D03767
KA23-0002,08/04/2023,Kilcummin Agri Supplies Ltd,Pasture sward 24-2.5-10 bulk spread,5213.50,703.82,5917.32,08/05/2023,EUR,,invoice,,IE2092142W,D03704
GF23-0015,09/04/2023,Glenfern Feeds Ltd,Maize meal / soya hulls blend - 3.9 t,2065.34,0.00,2065.34,09/05/2023,EUR,,invoice,,IE8573822O,D03702
ES23-0004,09/04/2023,ESB Electric Supply,Electricity Apr 2023 (farm + house meter),2241.86,302.65,2544.51,09/05/2023,EUR,,invoice,,IE4752023D,D03892
VF23-0004,10/04/2023,Vodafone Ireland,Mobile and broadband,175.18,40.29,215.47,10/05/2023,EUR,,invoice,,IE8398493D,D03893
LD23-0003,10/04/2023,Kilbeg Livestock Mart Ltd,Mart commission and levies on LD-23-8893,320.27,73.66,393.93,10/04/2023,EUR,LD-23-8893,invoice,,IE6958430T,D04809
CFP23-0036,13/04/2023,Charleville Farm Parts & Tyres Ltd,Parlour liners,517.27,118.97,636.24,13/05/2023,EUR,,invoice,,IE3017449G,D03834
CS23-0010,14/04/2023,Slieve Dairy Co-Op Farm Stores,18-6-12 compound bulk spread,5271.71,711.68,5983.39,14/05/2023,EUR,netted off milk payment,invoice,,IE8007456W,D03706
LV23-0025,14/04/2023,Lisheen Veterinary Clinic,Fertility scanning,449.08,103.29,552.37,14/05/2023,EUR,,invoice,,IE3593885U,D03737
CFP23-0044,14/04/2023,Charleville Farm Parts & Tyres Ltd,Hydraulic hoses,301.73,69.40,371.13,14/05/2023,EUR,,invoice,,IE3017449G,D03842
BF23-0012,15/04/2023,Ballyhoura Fuels Ltd,"Marked gas oil, bulk delivery",2113.89,285.38,2399.27,15/05/2023,EUR,,invoice,,IE4197223U,D03796
CS23-0009,17/04/2023,Slieve Dairy Co-Op Farm Stores,Dairy ration 18% nuts - 9.5 t,5046.63,0.00,5046.63,17/05/2023,EUR,netted off milk payment,invoice,,IE8007456W,D03693
CFP23-0024,18/04/2023,Charleville Farm Parts & Tyres Ltd,Hydraulic hoses,546.02,125.58,671.60,18/05/2023,EUR,,invoice,,IE3017449G,D03822
GF23-0011,19/04/2023,Glenfern Feeds Ltd,Dairy ration 16% bulk - 4.1 t,2159.71,0.00,2159.71,19/05/2023,EUR,,invoice,,IE8573822O,D03698
GF23-0008,20/04/2023,Glenfern Feeds Ltd,Calf starter + milk replacer - 6.0 t,3199.86,0.00,3199.86,20/05/2023,EUR,,invoice,,IE8573822O,D03695
LAC23-0006,20/04/2023,Lyons Agri Contracting Ltd,Silage harvesting (2nd cut),2128.62,287.36,2415.98,20/05/2023,EUR,,invoice,,IE9219903D,D03779
LV23-0043,22/04/2023,Lisheen Veterinary Clinic,Vaccines (BVD/IBR/lepto),532.60,122.50,655.10,22/05/2023,EUR,,invoice,,IE3593885U,D03755
SG23-0006,22/04/2023,Southern Genetics Co-Op,Semen straws + AI technician service,933.88,214.79,1148.67,22/05/2023,EUR,,invoice,,IE2815241Q,D03765
LV23-0024,24/04/2023,Lisheen Veterinary Clinic,Mastitis treatments,659.30,151.64,810.94,24/05/2023,EUR,,invoice,,IE3593885U,D03736
SG23-0004,24/04/2023,Southern Genetics Co-Op,Semen straws + AI technician service,435.62,100.19,535.81,24/05/2023,EUR,,invoice,,IE2815241Q,D03763
KA23-0006,26/04/2023,Kilcummin Agri Supplies Ltd,18-6-12 compound bulk spread,6448.45,870.54,7318.99,26/05/2023,EUR,,invoice,,IE2092142W,D03711
LD23-0004,26/04/2023,Kilbeg Livestock Mart Ltd,Mart commission and levies on LD-23-4252,304.48,70.03,374.51,26/04/2023,EUR,LD-23-4252,invoice,,IE6958430T,D04811
SG23-0011,27/04/2023,Southern Genetics Co-Op,Semen straws + AI technician service,885.72,203.72,1089.44,27/05/2023,EUR,,invoice,,IE2815241Q,D03770
CFP23-0019,27/04/2023,Charleville Farm Parts & Tyres Ltd,Mower blades,380.61,87.54,468.15,27/05/2023,EUR,,invoice,,IE3017449G,D03817
CFP23-0037,28/04/2023,Charleville Farm Parts & Tyres Ltd,Welding rods / steel,287.07,66.03,353.10,28/05/2023,EUR,,invoice,,IE3017449G,D03835
CL-202304,30/04/2023,Slieve Dairy Co-Operative Society Ltd,"Co-op haulage, milk testing, levies Apr 2023",1071.44,246.43,1317.87,30/04/2023,EUR,deducted from MS-202304,invoice,,IE9462300P,D00420
CFP23-0023,01/05/2023,Charleville Farm Parts & Tyres Ltd,Parlour liners,300.75,69.17,369.92,31/05/2023,EUR,,invoice,,IE3017449G,D03821
BF23-0010,02/05/2023,Ballyhoura Fuels Ltd,"Marked gas oil, bulk delivery",894.19,120.72,1014.91,01/06/2023,EUR,,invoice,,IE4197223U,D03794
HT23-0005,02/05/2023,HerdTrack Software Ltd,Herd management subscription,88.00,20.24,108.24,01/06/2023,EUR,,invoice,,IE6323212L,D03897
ES23-0005,03/05/2023,ESB Electric Supply,Electricity May 2023 (farm + house meter),2296.64,310.05,2606.69,02/06/2023,EUR,,invoice,,IE4752023D,D03895
LV23-0042,06/05/2023,Lisheen Veterinary Clinic,Calving assistance,774.86,178.22,953.08,05/06/2023,EUR,,invoice,,IE3593885U,D03754
SG23-0001,06/05/2023,Southern Genetics Co-Op,Semen straws + AI technician service,859.98,197.80,1057.78,05/06/2023,EUR,,invoice,,IE2815241Q,D03760
OB23-0005,06/05/2023,O'Brien Plant Hire Ltd,Silage harvesting (2nd cut),3677.65,496.48,4174.13,05/06/2023,EUR,,invoice,,IE9729960P,D03784
WS23-0001,08/05/2023,County Council Water Services,"Water charges (metered, farm)",830.80,0.00,830.80,07/06/2023,EUR,,invoice,,IE7854060O,D03922
BF23-0013,09/05/2023,Ballyhoura Fuels Ltd,"Marked gas oil, bulk delivery",1537.40,207.55,1744.95,08/06/2023,EUR,,invoice,,IE4197223U,D03797
BF23-0007,11/05/2023,Ballyhoura Fuels Ltd,"Marked gas oil, bulk delivery",1224.94,165.37,1390.31,10/06/2023,EUR,,invoice,,IE4197223U,D03791
AW23-0003,11/05/2023,AgriWrap Plastics Ltd,"Silage plastic, bale net, twine",562.70,129.42,692.12,10/06/2023,EUR,,invoice,,IE7984856V,D03872
VF23-0005,11/05/2023,Vodafone Ireland,Mobile and broadband,184.11,42.35,226.46,10/06/2023,EUR,,invoice,,IE8398493D,D03896
LD23-0005,12/05/2023,Kilbeg Livestock Mart Ltd,Mart commission and levies on LD-23-5586,288.14,66.27,354.41,12/05/2023,EUR,LD-23-5586,invoice,,IE6958430T,D04813
CFP23-0013,13/05/2023,Charleville Farm Parts & Tyres Ltd,Parlour liners,215.58,49.58,265.16,12/06/2023,EUR,,invoice,,IE3017449G,D03811
CFP23-0025,16/05/2023,Charleville Farm Parts & Tyres Ltd,Parlour liners,401.03,92.24,493.27,15/06/2023,EUR,,invoice,,IE3017449G,D03823
SG23-0009,18/05/2023,Southern Genetics Co-Op,Semen straws + AI technician service,369.99,85.10,455.09,17/06/2023,EUR,,invoice,,IE2815241Q,D03768
CS23-0012,21/05/2023,Slieve Dairy Co-Op Farm Stores,Protected urea bulk spread,6199.68,836.96,7036.64,20/06/2023,EUR,netted off milk payment,invoice,,IE8007456W,D03709
LV23-0015,22/05/2023,Lisheen Veterinary Clinic,Fertility scanning,606.30,139.45,745.75,21/06/2023,EUR,,invoice,,IE3593885U,D03727
BF23-0011,22/05/2023,Ballyhoura Fuels Ltd,"Marked gas oil, bulk delivery",1035.39,139.78,1175.17,21/06/2023,EUR,,invoice,,IE4197223U,D03795
CFP23-0043,22/05/2023,Charleville Farm Parts & Tyres Ltd,Gate and fencing repairs,327.38,75.30,402.68,21/06/2023,EUR,,invoice,,IE3017449G,D03841
MT23-0001,22/05/2023,Munster Tractors Ltd,Umbilical slurry system and dribble bar,27000.00,6210.00,33210.00,21/06/2023,EUR,,invoice,,IE5139076N,D05118
LAC23-0004,24/05/2023,Lyons Agri Contracting Ltd,Hedge cutting,2979.28,402.20,3381.48,23/06/2023,EUR,,invoice,,IE9219903D,D03776
BF23-0003,25/05/2023,Ballyhoura Fuels Ltd,"Marked gas oil, bulk delivery",2208.36,298.13,2506.49,24/06/2023,EUR,,invoice,,IE4197223U,D03787
CFP23-0049,26/05/2023,Charleville Farm Parts & Tyres Ltd,Gate and fencing repairs,360.76,82.97,443.73,25/06/2023,EUR,,invoice,,IE3017449G,D03847
LV23-0039,28/05/2023,Lisheen Veterinary Clinic,Herd health visit + drugs,323.11,74.32,397.43,27/06/2023,EUR,,invoice,,IE3593885U,D03751
CL-202305,31/05/2023,Slieve Dairy Co-Operative Society Ltd,"Co-op haulage, milk testing, levies May 2023",1104.48,254.03,1358.51,31/05/2023,EUR,deducted from MS-202305,invoice,,IE9462300P,D00422
LV23-0004,01/06/2023,Lisheen Veterinary Clinic,Calving assistance,683.53,157.21,840.74,01/07/2023,EUR,,invoice,,IE3593885U,D03716
HT23-0006,02/06/2023,HerdTrack Software Ltd,Herd management subscription,88.00,20.24,108.24,02/07/2023,EUR,,invoice,,IE6323212L,D03900
LV23-0036,03/06/2023,Lisheen Veterinary Clinic,Dry cow therapy / sealers,656.03,150.89,806.92,03/07/2023,EUR,,invoice,,IE3593885U,D03748
KA23-0003,04/06/2023,Kilcummin Agri Supplies Ltd,Ground limestone bulk spread,5764.73,778.24,6542.97,04/07/2023,EUR,,invoice,,IE2092142W,D03705
SG23-0010,04/06/2023,Southern Genetics Co-Op,Semen straws + AI technician service,843.32,193.96,1037.28,04/07/2023,EUR,,invoice,,IE2815241Q,D03769
CFP23-0031,05/06/2023,Charleville Farm Parts & Tyres Ltd,Tractor service parts,406.94,93.60,500.54,05/07/2023,EUR,,invoice,,IE3017449G,D03829
DHS23-0013,05/06/2023,Dairy Hygiene Supplies Ltd,"Parlour detergents, teat dip, filter socks",433.20,99.64,532.84,05/07/2023,EUR,,invoice,,IE1520123Q,D03862
DHS23-0001,06/06/2023,Dairy Hygiene Supplies Ltd,"Parlour detergents, teat dip, filter socks",471.68,108.49,580.17,06/07/2023,EUR,,invoice,,IE1520123Q,D03850
ES23-0006,06/06/2023,ESB Electric Supply,Electricity Jun 2023 (farm + house meter),2109.75,284.82,2394.57,06/07/2023,EUR,,invoice,,IE4752023D,D03898
GF23-0005,07/06/2023,Glenfern Feeds Ltd,Dairy ration 16% bulk - 8.7 t,4633.35,0.00,4633.35,07/07/2023,EUR,,invoice,,IE8573822O,D03689
CFP23-0046,08/06/2023,Charleville Farm Parts & Tyres Ltd,Hydraulic hoses,496.92,114.29,611.21,08/07/2023,EUR,,invoice,,IE3017449G,D03844
TG23-0001,08/06/2023,Teagasc,Advisory service annual fee,1206.00,277.38,1483.38,08/07/2023,EUR,,invoice,,IE7259700V,D03921
KA23-0004,09/06/2023,Kilcummin Agri Supplies Ltd,Pasture sward 24-2.5-10 bulk spread,3827.57,516.72,4344.29,09/07/2023,EUR,,invoice,,IE2092142W,D03707
DHS23-0002,09/06/2023,Dairy Hygiene Supplies Ltd,"Parlour detergents, teat dip, filter socks",536.11,123.31,659.42,09/07/2023,EUR,,invoice,,IE1520123Q,D03851
CFP23-0018,10/06/2023,Charleville Farm Parts & Tyres Ltd,Hydraulic hoses,252.80,58.14,310.94,10/07/2023,EUR,,invoice,,IE3017449G,D03816
AW23-0005,11/06/2023,AgriWrap Plastics Ltd,"Silage plastic, bale net, twine",520.00,119.60,639.60,11/07/2023,EUR,,invoice,,IE7984856V,D03874
VF23-0006,11/06/2023,Vodafone Ireland,Mobile and broadband,169.87,39.07,208.94,11/07/2023,EUR,,invoice,,IE8398493D,D03899
SG23-0012,13/06/2023,Southern Genetics Co-Op,Semen straws + AI technician service,626.26,144.04,770.30,13/07/2023,EUR,,invoice,,IE2815241Q,D03771
CFP23-0034,15/06/2023,Charleville Farm Parts & Tyres Ltd,Tyres and tubes,210.33,48.38,258.71,15/07/2023,EUR,,invoice,,IE3017449G,D03832
CFP23-0048,15/06/2023,Charleville Farm Parts & Tyres Ltd,Parlour liners,360.02,82.80,442.82,15/07/2023,EUR,,invoice,,IE3017449G,D03846
GF23-0009,16/06/2023,Glenfern Feeds Ltd,Dairy ration 18% nuts - 3.7 t,1952.58,0.00,1952.58,16/07/2023,EUR,,invoice,,IE8573822O,D03696
LV23-0010,17/06/2023,Lisheen Veterinary Clinic,Vaccines (BVD/IBR/lepto),527.93,121.42,649.35,17/07/2023,EUR,,invoice,,IE3593885U,D03722
BF23-0001,18/06/2023,Ballyhoura Fuels Ltd,"Marked gas oil, bulk delivery",1326.21,179.04,1505.25,18/07/2023,EUR,,invoice,,IE4197223U,D03785
AW23-0002,19/06/2023,AgriWrap Plastics Ltd,"Silage plastic, bale net, twine",537.25,123.57,660.82,19/07/2023,EUR,,invoice,,IE7984856V,D03871
OB23-0001,24/06/2023,O'Brien Plant Hire Ltd,Silage harvesting (2nd cut),3817.41,515.35,4332.76,24/07/2023,EUR,,invoice,,IE9729960P,D03773
LAC23-0003,24/06/2023,Lyons Agri Contracting Ltd,Slurry spreading (trailing shoe),3014.06,406.90,3420.96,24/07/2023,EUR,,invoice,,IE9219903D,D03775
SG23-0002,25/06/2023,Southern Genetics Co-Op,Semen straws + AI technician service,788.23,181.29,969.52,25/07/2023,EUR,,invoice,,IE2815241Q,D03761
CFP23-0003,28/06/2023,Charleville Farm Parts & Tyres Ltd,Hydraulic hoses,453.48,104.30,557.78,28/07/2023,EUR,,invoice,,IE3017449G,D03801
CL-202306,30/06/2023,Slieve Dairy Co-Operative Society Ltd,"Co-op haulage, milk testing, levies Jun 2023",1025.99,235.98,1261.97,30/06/2023,EUR,deducted from MS-202306,invoice,,IE9462300P,D00424
HT23-0007,01/07/2023,HerdTrack Software Ltd,Herd management subscription,88.00,20.24,108.24,31/07/2023,EUR,,invoice,,IE6323212L,D03903
LV23-0002,02/07/2023,Lisheen Veterinary Clinic,Dry cow therapy / sealers,641.46,147.54,789.00,01/08/2023,EUR,,invoice,,IE3593885U,D03714
GF23-0012,03/07/2023,Glenfern Feeds Ltd,Dairy ration 16% bulk - 7.2 t,3795.36,0.00,3795.36,02/08/2023,EUR,,invoice,,IE8573822O,D03699
LV23-0013,03/07/2023,Lisheen Veterinary Clinic,Herd health visit + drugs,781.54,179.75,961.29,02/08/2023,EUR,,invoice,,IE3593885U,D03725
LV23-0001,05/07/2023,Lisheen Veterinary Clinic,Dry cow therapy / sealers,619.26,142.43,761.69,04/08/2023,EUR,,invoice,,IE3593885U,D03713
CFP23-0035,06/07/2023,Charleville Farm Parts & Tyres Ltd,Gate and fencing repairs,396.24,91.14,487.38,05/08/2023,EUR,,invoice,,IE3017449G,D03833
DHS23-0006,07/07/2023,Dairy Hygiene Supplies Ltd,"Parlour detergents, teat dip, filter socks",627.77,144.39,772.16,06/08/2023,EUR,,invoice,,IE1520123Q,D03855
ES23-0007,07/07/2023,ESB Electric Supply,Electricity Jul 2023 (farm + house meter),2238.84,302.24,2541.08,06/08/2023,EUR,,invoice,,IE4752023D,D03901
CFP23-0047,08/07/2023,Charleville Farm Parts & Tyres Ltd,Tyres and tubes,303.85,69.89,373.74,07/08/2023,EUR,,invoice,,IE3017449G,D03845
LV23-0009,10/07/2023,Lisheen Veterinary Clinic,Vaccines (BVD/IBR/lepto),688.08,158.26,846.34,09/08/2023,EUR,,invoice,,IE3593885U,D03721
HF23-0003,11/07/2023,Cork Hoof Care Services,Hoof trimming / footbaths,900.13,207.03,1107.16,10/08/2023,EUR,,invoice,,IE1248259R,D03877
VF23-0007,11/07/2023,Vodafone Ireland,Mobile and broadband,183.22,42.14,225.36,10/08/2023,EUR,,invoice,,IE8398493D,D03902
CFP23-0004,12/07/2023,Charleville Farm Parts & Tyres Ltd,Gate and fencing repairs,283.15,65.12,348.27,11/08/2023,EUR,,invoice,,IE3017449G,D03802
AW23-0004,14/07/2023,AgriWrap Plastics Ltd,"Silage plastic, bale net, twine",622.62,143.20,765.82,13/08/2023,EUR,,invoice,,IE7984856V,D03873
OB23-0004,15/07/2023,O'Brien Plant Hire Ltd,Slurry spreading (trailing shoe),3099.25,418.40,3517.65,14/08/2023,EUR,,invoice,,IE9729960P,D03783
LD23-0006,17/07/2023,Kilbeg Livestock Mart Ltd,Mart commission and levies on LD-23-9195,977.76,224.88,1202.64,17/07/2023,EUR,LD-23-9195,invoice,,IE6958430T,D04815
CS23-0011,18/07/2023,Slieve Dairy Co-Op Farm Stores,18-6-12 compound bulk spread,5314.36,717.44,6031.80,17/08/2023,EUR,netted off milk payment,invoice,,IE8007456W,D03708
LAC23-0002,21/07/2023,Lyons Agri Contracting Ltd,Reseeding / ploughing,2335.38,315.28,2650.66,20/08/2023,EUR,,invoice,,IE9219903D,D03774
HF23-0006,21/07/2023,Cork Hoof Care Services,Hoof trimming / footbaths,914.24,210.28,1124.52,20/08/2023,EUR,,invoice,,IE1248259R,D03880
LAC23-0007,22/07/2023,Lyons Agri Contracting Ltd,Silage harvesting (1st cut),3662.72,494.47,4157.19,21/08/2023,EUR,,invoice,,IE9219903D,D03781
CFP23-0022,23/07/2023,Charleville Farm Parts & Tyres Ltd,Tyres and tubes,284.00,65.32,349.32,22/08/2023,EUR,,invoice,,IE3017449G,D03820
DHS23-0011,23/07/2023,Dairy Hygiene Supplies Ltd,"Parlour detergents, teat dip, filter socks",519.71,119.53,639.24,22/08/2023,EUR,,invoice,,IE1520123Q,D03860
CL-202307,31/07/2023,Slieve Dairy Co-Operative Society Ltd,"Co-op haulage, milk testing, levies Jul 2023",966.67,222.33,1189.00,31/07/2023,EUR,deducted from MS-202307,invoice,,IE9462300P,D00426
SG23-0005,01/08/2023,Southern Genetics Co-Op,Semen straws + AI technician service,964.22,221.77,1185.99,31/08/2023,EUR,,invoice,,IE2815241Q,D03764
HT23-0008,02/08/2023,HerdTrack Software Ltd,Herd management subscription,88.00,20.24,108.24,01/09/2023,EUR,,invoice,,IE6323212L,D03906
LV23-0041,03/08/2023,Lisheen Veterinary Clinic,Dry cow therapy / sealers,596.63,137.22,733.85,02/09/2023,EUR,,invoice,,IE3593885U,D03753
ES23-0008,03/08/2023,ESB Electric Supply,Electricity Aug 2023 (farm + house meter),2506.48,338.37,2844.85,02/09/2023,EUR,,invoice,,IE4752023D,D03904
DHS23-0004,05/08/2023,Dairy Hygiene Supplies Ltd,"Parlour detergents, teat dip, filter socks",427.03,98.22,525.25,04/09/2023,EUR,,invoice,,IE1520123Q,D03853
MR23-0003,07/08/2023,Munster Rendering Ltd,Fallen animal collection,127.30,29.28,156.58,06/09/2023,EUR,,invoice,,IE4033776E,D04803
LV23-0046,10/08/2023,Lisheen Veterinary Clinic,Mastitis treatments,324.76,74.69,399.45,09/09/2023,EUR,,invoice,,IE3593885U,D03758
OB23-0002,10/08/2023,O'Brien Plant Hire Ltd,Reseeding / ploughing,3352.72,452.62,3805.34,09/09/2023,EUR,,invoice,,IE9729960P,D03777
VF23-0008,12/08/2023,Vodafone Ireland,Mobile and broadband,190.24,43.76,234.00,11/09/2023,EUR,,invoice,,IE8398493D,D03905
CFP23-0001,15/08/2023,Charleville Farm Parts & Tyres Ltd,Parlour liners,494.24,113.68,607.92,14/09/2023,EUR,,invoice,,IE3017449G,D03799
LV23-0012,17/08/2023,Lisheen Veterinary Clinic,Vaccines (BVD/IBR/lepto),441.11,101.46,542.57,16/09/2023,EUR,,invoice,,IE3593885U,D03724
BF23-0008,17/08/2023,Ballyhoura Fuels Ltd,"Marked gas oil, bulk delivery",1921.94,259.46,2181.40,16/09/2023,EUR,,invoice,,IE4197223U,D03792
LV23-0007,18/08/2023,Lisheen Veterinary Clinic,Fertility scanning,430.33,98.98,529.31,17/09/2023,EUR,,invoice,,IE3593885U,D03719
LV23-0047,18/08/2023,Lisheen Veterinary Clinic,Dry cow therapy / sealers,650.36,149.58,799.94,17/09/2023,EUR,,invoice,,IE3593885U,D03759
DHS23-0018,18/08/2023,Dairy Hygiene Supplies Ltd,"Parlour detergents, teat dip, filter socks",399.32,91.84,491.16,17/09/2023,EUR,,invoice,,IE1520123Q,D03867
BF23-0014,22/08/2023,Ballyhoura Fuels Ltd,"Marked gas oil, bulk delivery",2048.31,276.52,2324.83,21/09/2023,EUR,,invoice,,IE4197223U,D03798
LAC23-0001,26/08/2023,Lyons Agri Contracting Ltd,Hedge cutting,3287.37,443.79,3731.16,25/09/2023,EUR,,invoice,,IE9219903D,D03772
LV23-0033,28/08/2023,Lisheen Veterinary Clinic,Mastitis treatments,397.09,91.33,488.42,27/09/2023,EUR,,invoice,,IE3593885U,D03745
CL-202308,31/08/2023,Slieve Dairy Co-Operative Society Ltd,"Co-op haulage, milk testing, levies Aug 2023",831.78,191.31,1023.09,31/08/2023,EUR,deducted from MS-202308,invoice,,IE9462300P,D00428
HT23-0009,01/09/2023,HerdTrack Software Ltd,Herd management subscription,88.00,20.24,108.24,01/10/2023,EUR,,invoice,,IE6323212L,D03909
AW23-0001,03/09/2023,AgriWrap Plastics Ltd,"Silage plastic, bale net, twine",506.85,116.58,623.43,03/10/2023,EUR,,invoice,,IE7984856V,D03870
LV23-0019,04/09/2023,Lisheen Veterinary Clinic,Dry cow therapy / sealers,352.47,81.07,433.54,04/10/2023,EUR,,invoice,,IE3593885U,D03731
ES23-0009,07/09/2023,ESB Electric Supply,Electricity Sep 2023 (farm + house meter),2374.24,320.52,2694.76,07/10/2023,EUR,,invoice,,IE4752023D,D03907
VF23-0009,12/09/2023,Vodafone Ireland,Mobile and broadband,160.21,36.85,197.06,12/10/2023,EUR,,invoice,,IE8398493D,D03908
BF23-0005,13/09/2023,Ballyhoura Fuels Ltd,"Marked gas oil, bulk delivery",947.92,127.97,1075.89,13/10/2023,EUR,,invoice,,IE4197223U,D03789
LD23-0007,15/09/2023,Kilbeg Livestock Mart Ltd,Mart commission and levies on LD-23-9491,1115.59,256.59,1372.18,15/09/2023,EUR,LD-23-9491,invoice,,IE6958430T,D04818
CFP23-0008,16/09/2023,Charleville Farm Parts & Tyres Ltd,Mower blades,439.17,101.01,540.18,16/10/2023,EUR,,invoice,,IE3017449G,D03806
CFP23-0010,16/09/2023,Charleville Farm Parts & Tyres Ltd,Welding rods / steel,312.94,71.98,384.92,16/10/2023,EUR,,invoice,,IE3017449G,D03808
CFP23-0040,16/09/2023,Charleville Farm Parts & Tyres Ltd,Gate and fencing repairs,237.19,54.55,291.74,16/10/2023,EUR,,invoice,,IE3017449G,D03838
LV23-0029,17/09/2023,Lisheen Veterinary Clinic,Fertility scanning,670.04,154.11,824.15,17/10/2023,EUR,,invoice,,IE3593885U,D03741
LV23-0008,19/09/2023,Lisheen Veterinary Clinic,Mastitis treatments,328.61,75.58,404.19,19/10/2023,EUR,,invoice,,IE3593885U,D03720
CFP23-0006,23/09/2023,Charleville Farm Parts & Tyres Ltd,Tyres and tubes,322.46,74.17,396.63,23/10/2023,EUR,,invoice,,IE3017449G,D03804
CS23-0006,24/09/2023,Slieve Dairy Co-Op Farm Stores,Dairy ration 16% bulk - 9.4 t,4992.71,0.00,4992.71,24/10/2023,EUR,netted off milk payment,invoice,,IE8007456W,D03685
CFP23-0042,24/09/2023,Charleville Farm Parts & Tyres Ltd,Parlour liners,454.93,104.63,559.56,24/10/2023,EUR,,invoice,,IE3017449G,D03840
CL-202309,30/09/2023,Slieve Dairy Co-Operative Society Ltd,"Co-op haulage, milk testing, levies Sep 2023",681.57,156.76,838.33,30/09/2023,EUR,deducted from MS-202309,invoice,,IE9462300P,D00430
LV23-0017,02/10/2023,Lisheen Veterinary Clinic,Herd health visit + drugs,501.66,115.38,617.04,01/11/2023,EUR,,invoice,,IE3593885U,D03729
HF23-0004,03/10/2023,Cork Hoof Care Services,Hoof trimming / footbaths,907.51,208.73,1116.24,02/11/2023,EUR,,invoice,,IE1248259R,D03878
HT23-0010,03/10/2023,HerdTrack Software Ltd,Herd management subscription,88.00,20.24,108.24,02/11/2023,EUR,,invoice,,IE6323212L,D03912
CFP23-0028,04/10/2023,Charleville Farm Parts & Tyres Ltd,Parlour liners,296.30,68.15,364.45,03/11/2023,EUR,,invoice,,IE3017449G,D03826
ES23-0010,08/10/2023,ESB Electric Supply,Electricity Oct 2023 (farm + house meter),1986.27,268.15,2254.42,07/11/2023,EUR,,invoice,,IE4752023D,D03910
DHS23-0007,11/10/2023,Dairy Hygiene Supplies Ltd,"Parlour detergents, teat dip, filter socks",358.72,82.51,441.23,10/11/2023,EUR,,invoice,,IE1520123Q,D03856
LV23-0005,12/10/2023,Lisheen Veterinary Clinic,Fertility scanning,405.67,93.30,498.97,11/11/2023,EUR,,invoice,,IE3593885U,D03717
VF23-0010,12/10/2023,Vodafone Ireland,Mobile and broadband,181.69,41.79,223.48,11/11/2023,EUR,,invoice,,IE8398493D,D03911
GF23-0010,13/10/2023,Glenfern Feeds Ltd,Dairy ration 16% bulk - 4.3 t,2289.05,0.00,2289.05,12/11/2023,EUR,,invoice,,IE8573822O,D03697
OB23-0003,14/10/2023,O'Brien Plant Hire Ltd,Reseeding / ploughing,1493.68,201.65,1695.33,13/11/2023,EUR,,invoice,,IE9729960P,D03780
HF23-0001,15/10/2023,Cork Hoof Care Services,Hoof trimming / footbaths,505.39,116.24,621.63,14/11/2023,EUR,,invoice,,IE1248259R,D03875
CS23-0007,19/10/2023,Slieve Dairy Co-Op Farm Stores,Dairy ration 16% bulk - 9.0 t,4777.01,0.00,4777.01,18/11/2023,EUR,netted off milk payment,invoice,,IE8007456W,D03690
BF23-0004,19/10/2023,Ballyhoura Fuels Ltd,"Marked gas oil, bulk delivery",1094.14,147.71,1241.85,18/11/2023,EUR,,invoice,,IE4197223U,D03788
CFP23-0045,25/10/2023,Charleville Farm Parts & Tyres Ltd,Gate and fencing repairs,353.60,81.33,434.93,24/11/2023,EUR,,invoice,,IE3017449G,D03843
CFP23-0039,26/10/2023,Charleville Farm Parts & Tyres Ltd,Hydraulic hoses,345.70,79.51,425.21,25/11/2023,EUR,,invoice,,IE3017449G,D03837
HF23-0005,26/10/2023,Cork Hoof Care Services,Hoof trimming / footbaths,719.53,165.49,885.02,25/11/2023,EUR,,invoice,,IE1248259R,D03879
GF23-0014,27/10/2023,Glenfern Feeds Ltd,Maize meal / soya hulls blend - 5.5 t,2931.01,0.00,2931.01,26/11/2023,EUR,,invoice,,IE8573822O,D03701
GF23-0003,28/10/2023,Glenfern Feeds Ltd,Maize meal / soya hulls blend - 6.4 t,3404.64,0.00,3404.64,27/11/2023,EUR,,invoice,,IE8573822O,D03687
CL-202310,31/10/2023,Slieve Dairy Co-Operative Society Ltd,"Co-op haulage, milk testing, levies Oct 2023",453.76,104.36,558.12,31/10/2023,EUR,deducted from MS-202310,invoice,,IE9462300P,D00432
CFP23-0020,02/11/2023,Charleville Farm Parts & Tyres Ltd,Hydraulic hoses,276.30,63.55,339.85,02/12/2023,EUR,,invoice,,IE3017449G,D03818
HT23-0011,02/11/2023,HerdTrack Software Ltd,Herd management subscription,88.00,20.24,108.24,02/12/2023,EUR,,invoice,,IE6323212L,D03915
CS23-0008,03/11/2023,Slieve Dairy Co-Op Farm Stores,Dairy ration 16% bulk - 8.6 t,4572.12,0.00,4572.12,03/12/2023,EUR,netted off milk payment,invoice,,IE8007456W,D03691
ES23-0011,03/11/2023,ESB Electric Supply,Electricity Nov 2023 (farm + house meter),2284.26,308.38,2592.64,03/12/2023,EUR,,invoice,,IE4752023D,D03913
CFP23-0011,05/11/2023,Charleville Farm Parts & Tyres Ltd,Gate and fencing repairs,420.65,96.75,517.40,05/12/2023,EUR,,invoice,,IE3017449G,D03809
DHS23-0019,06/11/2023,Dairy Hygiene Supplies Ltd,"Parlour detergents, teat dip, filter socks",562.87,129.46,692.33,06/12/2023,EUR,,invoice,,IE1520123Q,D03868
HF23-0002,07/11/2023,Cork Hoof Care Services,Hoof trimming / footbaths,512.39,117.85,630.24,07/12/2023,EUR,,invoice,,IE1248259R,D03876
BF23-0002,08/11/2023,Ballyhoura Fuels Ltd,"Marked gas oil, bulk delivery",1534.55,207.16,1741.71,08/12/2023,EUR,,invoice,,IE4197223U,D03786
LV23-0027,10/11/2023,Lisheen Veterinary Clinic,Vaccines (BVD/IBR/lepto),387.19,89.05,476.24,10/12/2023,EUR,,invoice,,IE3593885U,D03739
LV23-0034,12/11/2023,Lisheen Veterinary Clinic,Dry cow therapy / sealers,483.22,111.14,594.36,12/12/2023,EUR,,invoice,,IE3593885U,D03746
VF23-0011,12/11/2023,Vodafone Ireland,Mobile and broadband,169.91,39.08,208.99,12/12/2023,EUR,,invoice,,IE8398493D,D03914
CS23-0005,13/11/2023,Slieve Dairy Co-Op Farm Stores,Mineral supplement - 8.9 t,4695.49,0.00,4695.49,13/12/2023,EUR,netted off milk payment,invoice,,IE8007456W,D03684
CFP23-0016,16/11/2023,Charleville Farm Parts & Tyres Ltd,Tyres and tubes,303.95,69.91,373.86,16/12/2023,EUR,,invoice,,IE3017449G,D03814
CFP23-0009,17/11/2023,Charleville Farm Parts & Tyres Ltd,Parlour liners,344.69,79.28,423.97,17/12/2023,EUR,,invoice,,IE3017449G,D03807
DHS23-0003,17/11/2023,Dairy Hygiene Supplies Ltd,"Parlour detergents, teat dip, filter socks",522.60,120.20,642.80,17/12/2023,EUR,,invoice,,IE1520123Q,D03852
HF23-0007,17/11/2023,Cork Hoof Care Services,Hoof trimming / footbaths,737.76,169.68,907.44,17/12/2023,EUR,,invoice,,IE1248259R,D03881
GF23-0004,20/11/2023,Glenfern Feeds Ltd,Mineral supplement - 8.5 t,4485.47,0.00,4485.47,20/12/2023,EUR,,invoice,,IE8573822O,D03688
LV23-0044,20/11/2023,Lisheen Veterinary Clinic,Vaccines (BVD/IBR/lepto),592.32,136.23,728.55,20/12/2023,EUR,,invoice,,IE3593885U,D03756
DOC23-0001,20/11/2023,"T. Buckley (landlord, conacre)",Conacre rent 2023: 70 acres @ 430/acre,30100.00,0.00,30100.00,20/12/2023,EUR,,rent_receipt,,,D03923
GF23-0001,21/11/2023,Glenfern Feeds Ltd,Dairy ration 16% bulk - 7.6 t,4008.55,0.00,4008.55,21/12/2023,EUR,,invoice,,IE8573822O,D03679
LV23-0003,21/11/2023,Lisheen Veterinary Clinic,Fertility scanning,718.09,165.16,883.25,21/12/2023,EUR,,invoice,,IE3593885U,D03715
CFP23-0029,21/11/2023,Charleville Farm Parts & Tyres Ltd,Parlour liners,347.37,79.90,427.27,21/12/2023,EUR,,invoice,,IE3017449G,D03827
LAC23-0005,24/11/2023,Lyons Agri Contracting Ltd,Silage harvesting (1st cut),2171.18,293.11,2464.29,24/12/2023,EUR,,invoice,,IE9219903D,D03778
LV23-0020,27/11/2023,Lisheen Veterinary Clinic,Herd health visit + drugs,764.45,175.82,940.27,27/12/2023,EUR,,invoice,,IE3593885U,D03732
CL-202311,30/11/2023,Slieve Dairy Co-Operative Society Ltd,"Co-op haulage, milk testing, levies Nov 2023",252.46,58.07,310.53,30/11/2023,EUR,deducted from MS-202311,invoice,,IE9462300P,D00434
CFP23-0015,01/12/2023,Charleville Farm Parts & Tyres Ltd,Tractor service parts,565.26,130.01,695.27,31/12/2023,EUR,,invoice,,IE3017449G,D03813
HT23-0012,03/12/2023,HerdTrack Software Ltd,Herd management subscription,88.00,20.24,108.24,02/01/2024,EUR,,invoice,,IE6323212L,D03918
CFP23-0014,04/12/2023,Charleville Farm Parts & Tyres Ltd,Welding rods / steel,281.26,64.69,345.95,03/01/2024,EUR,,invoice,,IE3017449G,D03812
DHS23-0009,04/12/2023,Dairy Hygiene Supplies Ltd,"Parlour detergents, teat dip, filter socks",432.56,99.49,532.05,03/01/2024,EUR,,invoice,,IE1520123Q,D03858
CFP23-0033,07/12/2023,Charleville Farm Parts & Tyres Ltd,Tractor service parts,455.28,104.71,559.99,06/01/2024,EUR,,invoice,,IE3017449G,D03831
ES23-0012,07/12/2023,ESB Electric Supply,Electricity Dec 2023 (farm + house meter),2121.94,286.46,2408.40,06/01/2024,EUR,,invoice,,IE4752023D,D03916
CFP23-0030,08/12/2023,Charleville Farm Parts & Tyres Ltd,Parlour liners,369.61,85.01,454.62,07/01/2024,EUR,,invoice,,IE3017449G,D03828
LV23-0011,10/12/2023,Lisheen Veterinary Clinic,Fertility scanning,685.74,157.72,843.46,09/01/2024,EUR,,invoice,,IE3593885U,D03723
LV23-0032,10/12/2023,Lisheen Veterinary Clinic,Mastitis treatments,632.91,145.57,778.48,09/01/2024,EUR,,invoice,,IE3593885U,D03744
DHS23-0012,11/12/2023,Dairy Hygiene Supplies Ltd,"Parlour detergents, teat dip, filter socks",313.57,72.12,385.69,10/01/2024,EUR,,invoice,,IE1520123Q,D03861
LV23-0023,12/12/2023,Lisheen Veterinary Clinic,Fertility scanning,445.91,102.56,548.47,11/01/2024,EUR,,invoice,,IE3593885U,D03735
VF23-0012,12/12/2023,Vodafone Ireland,Mobile and broadband,181.62,41.77,223.39,11/01/2024,EUR,,invoice,,IE8398493D,D03917
CFP23-0026,16/12/2023,Charleville Farm Parts & Tyres Ltd,Mower blades,546.08,125.60,671.68,15/01/2024,EUR,,invoice,,IE3017449G,D03824
DHS23-0005,22/12/2023,Dairy Hygiene Supplies Ltd,"Parlour detergents, teat dip, filter socks",366.99,84.41,451.40,21/01/2024,EUR,,invoice,,IE1520123Q,D03854
CFP23-0038,24/12/2023,Charleville Farm Parts & Tyres Ltd,Tyres and tubes,504.88,116.12,621.00,23/01/2024,EUR,,invoice,,IE3017449G,D03836
CFP23-0021,25/12/2023,Charleville Farm Parts & Tyres Ltd,Tyres and tubes,540.59,124.34,664.93,24/01/2024,EUR,,invoice,,IE3017449G,D03819
GF23-0007,26/12/2023,Glenfern Feeds Ltd,Calf starter + milk replacer - 4.7 t,2470.51,0.00,2470.51,25/01/2024,EUR,,invoice,,IE8573822O,D03694
BF23-0009,26/12/2023,Ballyhoura Fuels Ltd,"Marked gas oil, bulk delivery",1042.86,140.79,1183.65,25/01/2024,EUR,,invoice,,IE4197223U,D03793
CL-202312,31/12/2023,Slieve Dairy Co-Operative Society Ltd,"Co-op haulage, milk testing, levies Dec 2023",121.00,27.83,148.83,31/12/2023,EUR,deducted from MS-202312,invoice,,IE9462300P,D00436
HT24-0001,01/01/2024,HerdTrack Software Ltd,Herd management subscription,88.00,20.24,108.24,31/01/2024,EUR,,invoice,,IE6323212L,D04123
CFP24-0029,05/01/2024,Charleville Farm Parts & Tyres Ltd,Tractor service parts,454.60,104.56,559.16,04/02/2024,EUR,,invoice,,IE3017449G,D04064
LV24-0005,07/01/2024,Lisheen Veterinary Clinic,Calving assistance,754.89,173.62,928.51,06/02/2024,EUR,,invoice,,IE3593885U,D03955
LV24-0012,07/01/2024,Lisheen Veterinary Clinic,Dry cow therapy / sealers,700.58,161.13,861.71,06/02/2024,EUR,,invoice,,IE3593885U,D03962
ES24-0001,07/01/2024,ESB Electric Supply,Electricity Jan 2024 (farm + house meter),911.31,123.03,1034.34,06/02/2024,EUR,,invoice,,IE4752023D,D04121
CFP24-0034,09/01/2024,Charleville Farm Parts & Tyres Ltd,Welding rods / steel,381.30,87.70,469.00,08/02/2024,EUR,,invoice,,IE3017449G,D04069
CS24-0007,10/01/2024,Slieve Dairy Co-Op Farm Stores,Maize meal / soya hulls blend - 6.2 t,2781.55,0.00,2781.55,09/02/2024,EUR,netted off milk payment,invoice,,IE8007456W,D03933
VF24-0001,10/01/2024,Vodafone Ireland,Mobile and broadband,182.02,41.86,223.88,09/02/2024,EUR,,invoice,,IE8398493D,D04122
CFP24-0032,11/01/2024,Charleville Farm Parts & Tyres Ltd,Mower blades,284.94,65.54,350.48,10/02/2024,EUR,,invoice,,IE3017449G,D04067
BF24-0008,13/01/2024,Ballyhoura Fuels Ltd,"Marked gas oil, bulk delivery",2007.61,271.03,2278.64,12/02/2024,EUR,,invoice,,IE4197223U,D04031
LV24-0014,16/01/2024,Lisheen Veterinary Clinic,Dry cow therapy / sealers,427.60,98.35,525.95,15/02/2024,EUR,,invoice,,IE3593885U,D03964
BF24-0011,17/01/2024,Ballyhoura Fuels Ltd,"Marked gas oil, bulk delivery",2240.56,302.48,2543.04,16/02/2024,EUR,,invoice,,IE4197223U,D04034
BF24-0010,20/01/2024,Ballyhoura Fuels Ltd,"Marked gas oil, bulk delivery",1352.37,182.57,1534.94,19/02/2024,EUR,,invoice,,IE4197223U,D04033
CFP24-0014,20/01/2024,Charleville Farm Parts & Tyres Ltd,Welding rods / steel,515.58,118.58,634.16,19/02/2024,EUR,,invoice,,IE3017449G,D04049
DHS24-0007,21/01/2024,Dairy Hygiene Supplies Ltd,"Parlour detergents, teat dip, filter socks",298.40,68.63,367.03,20/02/2024,EUR,,invoice,,IE1520123Q,D04094
CFP24-0017,25/01/2024,Charleville Farm Parts & Tyres Ltd,Welding rods / steel,508.39,116.93,625.32,24/02/2024,EUR,,invoice,,IE3017449G,D04052
DHS24-0003,25/01/2024,Dairy Hygiene Supplies Ltd,"Parlour detergents, teat dip, filter socks",488.91,112.45,601.36,24/02/2024,EUR,,invoice,,IE1520123Q,D04090
GF24-0007,27/01/2024,Glenfern Feeds Ltd,Maize meal / soya hulls blend - 7.1 t,3179.72,0.00,3179.72,26/02/2024,EUR,,invoice,,IE8573822O,D03937
BF24-0012,27/01/2024,Ballyhoura Fuels Ltd,"Marked gas oil, bulk delivery",1123.42,151.66,1275.08,26/02/2024,EUR,,invoice,,IE4197223U,D04035
DHS24-0016,27/01/2024,Dairy Hygiene Supplies Ltd,"Parlour detergents, teat dip, filter socks",520.41,119.69,640.10,26/02/2024,EUR,,invoice,,IE1520123Q,D04103
CL-202401,31/01/2024,Slieve Dairy Co-Operative Society Ltd,"Co-op haulage, milk testing, levies Jan 2024",195.02,44.85,239.87,31/01/2024,EUR,deducted from MS-202401,invoice,,IE9462300P,D00438
LV24-0031,01/02/2024,Lisheen Veterinary Clinic,Vaccines (BVD/IBR/lepto),315.24,72.51,387.75,02/03/2024,EUR,,invoice,,IE3593885U,D03981
LV24-0030,03/02/2024,Lisheen Veterinary Clinic,Mastitis treatments,672.00,154.56,826.56,04/03/2024,EUR,,invoice,,IE3593885U,D03980
CFP24-0041,03/02/2024,Charleville Farm Parts & Tyres Ltd,Hydraulic hoses,367.37,84.50,451.87,04/03/2024,EUR,,invoice,,IE3017449G,D04076
HT24-0002,03/02/2024,HerdTrack Software Ltd,Herd management subscription,88.00,20.24,108.24,04/03/2024,EUR,,invoice,,IE6323212L,D04126
CS24-0002,04/02/2024,Slieve Dairy Co-Op Farm Stores,Mineral supplement - 9.8 t,4395.19,0.00,4395.19,05/03/2024,EUR,netted off milk payment,invoice,,IE8007456W,D03926
LV24-0037,04/02/2024,Lisheen Veterinary Clinic,Vaccines (BVD/IBR/lepto),681.18,156.67,837.85,05/03/2024,EUR,,invoice,,IE3593885U,D03987
LV24-0044,05/02/2024,Lisheen Veterinary Clinic,Mastitis treatments,761.11,175.06,936.17,06/03/2024,EUR,,invoice,,IE3593885U,D03994
CS24-0008,06/02/2024,Slieve Dairy Co-Op Farm Stores,Dairy ration 18% nuts - 7.1 t,3191.13,0.00,3191.13,07/03/2024,EUR,netted off milk payment,invoice,,IE8007456W,D03941
ES24-0002,07/02/2024,ESB Electric Supply,Electricity Feb 2024 (farm + house meter),905.18,122.20,1027.38,08/03/2024,EUR,,invoice,,IE4752023D,D04124
LV24-0013,09/02/2024,Lisheen Veterinary Clinic,Herd health visit + drugs,336.47,77.39,413.86,10/03/2024,EUR,,invoice,,IE3593885U,D03963
MFI24-0001,09/02/2024,Munster Farm Insurance Ltd,"Farm policy renewal (buildings, liability, machinery, employer liability)",11525.16,0.00,11525.16,10/03/2024,EUR,,invoice,,,D04157
CFP24-0045,11/02/2024,Charleville Farm Parts & Tyres Ltd,Mower blades,425.60,97.89,523.49,12/03/2024,EUR,,invoice,,IE3017449G,D04080
VF24-0002,11/02/2024,Vodafone Ireland,Mobile and broadband,192.01,44.16,236.17,12/03/2024,EUR,,invoice,,IE8398493D,D04125
CFP24-0022,13/02/2024,Charleville Farm Parts & Tyres Ltd,Parlour liners,413.47,95.10,508.57,14/03/2024,EUR,,invoice,,IE3017449G,D04057
LV24-0029,15/02/2024,Lisheen Veterinary Clinic,Dry cow therapy / sealers,636.14,146.31,782.45,16/03/2024,EUR,,invoice,,IE3593885U,D03979
LV24-0032,15/02/2024,Lisheen Veterinary Clinic,Mastitis treatments,765.51,176.07,941.58,16/03/2024,EUR,,invoice,,IE3593885U,D03982
CFP24-0031,16/02/2024,Charleville Farm Parts & Tyres Ltd,Hydraulic hoses,540.22,124.25,664.47,17/03/2024,EUR,,invoice,,IE3017449G,D04066
KA24-0005,17/02/2024,Kilcummin Agri Supplies Ltd,18-6-12 compound bulk spread,7392.09,997.93,8390.02,18/03/2024,EUR,,invoice,,IE2092142W,D03948
LV24-0022,19/02/2024,Lisheen Veterinary Clinic,Calving assistance,374.70,86.18,460.88,20/03/2024,EUR,,invoice,,IE3593885U,D03972
CS24-0003,24/02/2024,Slieve Dairy Co-Op Farm Stores,Calf starter + milk replacer - 8.3 t,3700.61,0.00,3700.61,25/03/2024,EUR,netted off milk payment,invoice,,IE8007456W,D03927
DHS24-0017,25/02/2024,Dairy Hygiene Supplies Ltd,"Parlour detergents, teat dip, filter socks",503.66,115.84,619.50,26/03/2024,EUR,,invoice,,IE1520123Q,D04104
CL-202402,29/02/2024,Slieve Dairy Co-Operative Society Ltd,"Co-op haulage, milk testing, levies Feb 2024",437.37,100.60,537.97,29/02/2024,EUR,deducted from MS-202402,invoice,,IE9462300P,D00440
GF24-0001,01/03/2024,Glenfern Feeds Ltd,Calf starter + milk replacer - 10.4 t,4648.44,0.00,4648.44,31/03/2024,EUR,,invoice,,IE8573822O,D03924
LV24-0018,01/03/2024,Lisheen Veterinary Clinic,Mastitis treatments,349.56,80.40,429.96,31/03/2024,EUR,,invoice,,IE3593885U,D03968
HT24-0003,01/03/2024,HerdTrack Software Ltd,Herd management subscription,88.00,20.24,108.24,31/03/2024,EUR,,invoice,,IE6323212L,D04129
HC24-0001,02/03/2024,Hegarty & Co Farm Accountants,"Accounts, tax returns and payroll year 2023",3808.80,876.02,4684.82,01/04/2024,EUR,,invoice,,IE6025428V,D04158
LV24-0009,04/03/2024,Lisheen Veterinary Clinic,Dry cow therapy / sealers,753.49,173.30,926.79,03/04/2024,EUR,,invoice,,IE3593885U,D03959
DHS24-0015,05/03/2024,Dairy Hygiene Supplies Ltd,"Parlour detergents, teat dip, filter socks",600.62,138.14,738.76,04/04/2024,EUR,,invoice,,IE1520123Q,D04102
SF24-0001,06/03/2024,SolarFarm Energy Ltd,"Solar PV 49.9 kWp, inverters, install, grid connection",98000.00,13230.00,111230.00,05/04/2024,EUR,,invoice,,IE5130920L,D05119
KA24-0001,07/03/2024,Kilcummin Agri Supplies Ltd,Pasture sward 24-2.5-10 bulk spread,4198.29,566.77,4765.06,06/04/2024,EUR,,invoice,,IE2092142W,D03944
LV24-0027,07/03/2024,Lisheen Veterinary Clinic,Herd health visit + drugs,345.50,79.46,424.96,06/04/2024,EUR,,invoice,,IE3593885U,D03977
LD24-0001,08/03/2024,Kilbeg Livestock Mart Ltd,Mart commission and levies on LD-24-8430,218.68,50.30,268.98,08/03/2024,EUR,LD-24-8430,invoice,,IE6958430T,D04823
ES24-0003,09/03/2024,ESB Electric Supply,Electricity Mar 2024 (farm + house meter),1158.15,156.35,1314.50,08/04/2024,EUR,,invoice,,IE4752023D,D04127
KA24-0003,10/03/2024,Kilcummin Agri Supplies Ltd,Protected urea bulk spread,3858.02,520.83,4378.85,09/04/2024,EUR,,invoice,,IE2092142W,D03946
LV24-0003,10/03/2024,Lisheen Veterinary Clinic,Herd health visit + drugs,354.40,81.51,435.91,09/04/2024,EUR,,invoice,,IE3593885U,D03953
VF24-0003,11/03/2024,Vodafone Ireland,Mobile and broadband,168.83,38.83,207.66,10/04/2024,EUR,,invoice,,IE8398493D,D04128
LV24-0034,14/03/2024,Lisheen Veterinary Clinic,Dry cow therapy / sealers,648.24,149.10,797.34,13/04/2024,EUR,,invoice,,IE3593885U,D03984
KA24-0004,19/03/2024,Kilcummin Agri Supplies Ltd,Ground limestone bulk spread,5282.00,713.07,5995.07,18/04/2024,EUR,,invoice,,IE2092142W,D03947
LV24-0004,19/03/2024,Lisheen Veterinary Clinic,Vaccines (BVD/IBR/lepto),659.98,151.80,811.78,18/04/2024,EUR,,invoice,,IE3593885U,D03954
LV24-0036,19/03/2024,Lisheen Veterinary Clinic,Dry cow therapy / sealers,647.67,148.96,796.63,18/04/2024,EUR,,invoice,,IE3593885U,D03986
CFP24-0044,19/03/2024,Charleville Farm Parts & Tyres Ltd,Tyres and tubes,259.95,59.79,319.74,18/04/2024,EUR,,invoice,,IE3017449G,D04079
LD24-0002,19/03/2024,Kilbeg Livestock Mart Ltd,Mart commission and levies on LD-24-4525,221.61,50.97,272.58,19/03/2024,EUR,LD-24-4525,invoice,,IE6958430T,D04825
CFP24-0043,21/03/2024,Charleville Farm Parts & Tyres Ltd,Gate and fencing repairs,448.88,103.24,552.12,20/04/2024,EUR,,invoice,,IE3017449G,D04078
CFP24-0047,22/03/2024,Charleville Farm Parts & Tyres Ltd,Tractor service parts,348.01,80.04,428.05,21/04/2024,EUR,,invoice,,IE3017449G,D04082
LV24-0039,24/03/2024,Lisheen Veterinary Clinic,Herd health visit + drugs,444.85,102.32,547.17,23/04/2024,EUR,,invoice,,IE3593885U,D03989
CFP24-0011,27/03/2024,Charleville Farm Parts & Tyres Ltd,Tyres and tubes,437.45,100.61,538.06,26/04/2024,EUR,,invoice,,IE3017449G,D04046
DHS24-0009,28/03/2024,Dairy Hygiene Supplies Ltd,"Parlour detergents, teat dip, filter socks",571.40,131.42,702.82,27/04/2024,EUR,,invoice,,IE1520123Q,D04096
CL-202403,31/03/2024,Slieve Dairy Co-Operative Society Ltd,"Co-op haulage, milk testing, levies Mar 2024",791.70,182.09,973.79,31/03/2024,EUR,deducted from MS-202403,invoice,,IE9462300P,D00442
HT24-0004,01/04/2024,HerdTrack Software Ltd,Herd management subscription,88.00,20.24,108.24,01/05/2024,EUR,,invoice,,IE6323212L,D04132
LAC24-0007,02/04/2024,Lyons Agri Contracting Ltd,Slurry spreading (trailing shoe),1711.30,231.03,1942.33,02/05/2024,EUR,,invoice,,IE9219903D,D04020
LD24-0003,03/04/2024,Kilbeg Livestock Mart Ltd,Mart commission and levies on LD-24-3824,221.01,50.83,271.84,03/04/2024,EUR,LD-24-3824,invoice,,IE6958430T,D04827
CFP24-0018,04/04/2024,Charleville Farm Parts & Tyres Ltd,Gate and fencing repairs,390.72,89.87,480.59,04/05/2024,EUR,,invoice,,IE3017449G,D04053
GF24-0009,05/04/2024,Glenfern Feeds Ltd,Mineral supplement - 8.8 t,3926.67,0.00,3926.67,05/05/2024,EUR,,invoice,,IE8573822O,D03939
CFP24-0002,09/04/2024,Charleville Farm Parts & Tyres Ltd,Mower blades,452.16,104.00,556.16,09/05/2024,EUR,,invoice,,IE3017449G,D04037
ES24-0004,09/04/2024,ESB Electric Supply,Electricity Apr 2024 (farm + house meter),1014.97,137.02,1151.99,09/05/2024,EUR,,invoice,,IE4752023D,D04130
LV24-0021,10/04/2024,Lisheen Veterinary Clinic,Calving assistance,569.30,130.94,700.24,10/05/2024,EUR,,invoice,,IE3593885U,D03971
VF24-0004,10/04/2024,Vodafone Ireland,Mobile and broadband,172.14,39.59,211.73,10/05/2024,EUR,,invoice,,IE8398493D,D04131
CS24-0005,12/04/2024,Slieve Dairy Co-Op Farm Stores,Dairy ration 16% bulk - 12.3 t,5492.57,0.00,5492.57,12/05/2024,EUR,netted off milk payment,invoice,,IE8007456W,D03929
LD24-0004,12/04/2024,Kilbeg Livestock Mart Ltd,Mart commission and levies on LD-24-3057,238.11,54.77,292.88,12/04/2024,EUR,LD-24-3057,invoice,,IE6958430T,D04829
LV24-0043,14/04/2024,Lisheen Veterinary Clinic,Mastitis treatments,419.97,96.59,516.56,14/05/2024,EUR,,invoice,,IE3593885U,D03993
LAC24-0006,14/04/2024,Lyons Agri Contracting Ltd,Reseeding / ploughing,3075.40,415.18,3490.58,14/05/2024,EUR,,invoice,,IE9219903D,D04019
CFP24-0042,14/04/2024,Charleville Farm Parts & Tyres Ltd,Mower blades,381.73,87.80,469.53,14/05/2024,EUR,,invoice,,IE3017449G,D04077
LV24-0010,15/04/2024,Lisheen Veterinary Clinic,Vaccines (BVD/IBR/lepto),319.37,73.46,392.83,15/05/2024,EUR,,invoice,,IE3593885U,D03960
SG24-0001,18/04/2024,Southern Genetics Co-Op,Semen straws + AI technician service,884.90,203.53,1088.43,18/05/2024,EUR,,invoice,,IE2815241Q,D03999
LV24-0041,19/04/2024,Lisheen Veterinary Clinic,Vaccines (BVD/IBR/lepto),576.58,132.61,709.19,19/05/2024,EUR,,invoice,,IE3593885U,D03991
CFP24-0012,19/04/2024,Charleville Farm Parts & Tyres Ltd,Gate and fencing repairs,208.19,47.88,256.07,19/05/2024,EUR,,invoice,,IE3017449G,D04047
CFP24-0027,19/04/2024,Charleville Farm Parts & Tyres Ltd,Hydraulic hoses,301.68,69.39,371.07,19/05/2024,EUR,,invoice,,IE3017449G,D04062
LD24-0005,19/04/2024,Kilbeg Livestock Mart Ltd,Mart commission and levies on LD-24-8458,214.24,49.28,263.52,19/04/2024,EUR,LD-24-8458,invoice,,IE6958430T,D04831
SG24-0006,21/04/2024,Southern Genetics Co-Op,Semen straws + AI technician service,484.30,111.39,595.69,21/05/2024,EUR,,invoice,,IE2815241Q,D04004
LV24-0035,23/04/2024,Lisheen Veterinary Clinic,Dry cow therapy / sealers,575.49,132.36,707.85,23/05/2024,EUR,,invoice,,IE3593885U,D03985
CFP24-0030,24/04/2024,Charleville Farm Parts & Tyres Ltd,Hydraulic hoses,481.31,110.70,592.01,24/05/2024,EUR,,invoice,,IE3017449G,D04065
LD24-0006,29/04/2024,Kilbeg Livestock Mart Ltd,Mart commission and levies on LD-24-9099,225.23,51.80,277.03,29/04/2024,EUR,LD-24-9099,invoice,,IE6958430T,D04833
CL-202404,30/04/2024,Slieve Dairy Co-Operative Society Ltd,"Co-op haulage, milk testing, levies Apr 2024",1144.84,263.31,1408.15,30/04/2024,EUR,deducted from MS-202404,invoice,,IE9462300P,D00444
CFP24-0024,01/05/2024,Charleville Farm Parts & Tyres Ltd,Welding rods / steel,500.04,115.01,615.05,31/05/2024,EUR,,invoice,,IE3017449G,D04059
HT24-0005,01/05/2024,HerdTrack Software Ltd,Herd management subscription,88.00,20.24,108.24,31/05/2024,EUR,,invoice,,IE6323212L,D04135
SG24-0007,02/05/2024,Southern Genetics Co-Op,Semen straws + AI technician service,617.64,142.06,759.70,01/06/2024,EUR,,invoice,,IE2815241Q,D04005
CS24-0010,04/05/2024,Slieve Dairy Co-Op Farm Stores,Pasture sward 24-2.5-10 bulk spread,4749.98,641.25,5391.23,03/06/2024,EUR,netted off milk payment,invoice,,IE8007456W,D03950
SG24-0002,05/05/2024,Southern Genetics Co-Op,Semen straws + AI technician service,949.08,218.29,1167.37,04/06/2024,EUR,,invoice,,IE2815241Q,D04000
ES24-0005,08/05/2024,ESB Electric Supply,Electricity May 2024 (farm + house meter),1138.91,153.75,1292.66,07/06/2024,EUR,,invoice,,IE4752023D,D04133
CFP24-0007,09/05/2024,Charleville Farm Parts & Tyres Ltd,Mower blades,223.43,51.39,274.82,08/06/2024,EUR,,invoice,,IE3017449G,D04042
CFP24-0008,09/05/2024,Charleville Farm Parts & Tyres Ltd,Tyres and tubes,249.46,57.38,306.84,08/06/2024,EUR,,invoice,,IE3017449G,D04043
WS24-0001,10/05/2024,County Council Water Services,"Water charges (metered, farm)",855.60,0.00,855.60,09/06/2024,EUR,,invoice,,IE7854060O,D04160
VF24-0005,12/05/2024,Vodafone Ireland,Mobile and broadband,185.43,42.65,228.08,11/06/2024,EUR,,invoice,,IE8398493D,D04134
LD24-0007,13/05/2024,Kilbeg Livestock Mart Ltd,Mart commission and levies on LD-24-2216,216.75,49.85,266.60,13/05/2024,EUR,LD-24-2216,invoice,,IE6958430T,D04835
MR24-0001,14/05/2024,Munster Rendering Ltd,Fallen animal collection,220.80,50.78,271.58,13/06/2024,EUR,,invoice,,IE4033776E,D04819
LAC24-0008,15/05/2024,Lyons Agri Contracting Ltd,Hedge cutting,2889.56,390.09,3279.65,14/06/2024,EUR,,invoice,,IE9219903D,D04021
DHS24-0008,15/05/2024,Dairy Hygiene Supplies Ltd,"Parlour detergents, teat dip, filter socks",604.59,139.06,743.65,14/06/2024,EUR,,invoice,,IE1520123Q,D04095
BF24-0005,16/05/2024,Ballyhoura Fuels Ltd,"Marked gas oil, bulk delivery",1364.11,184.15,1548.26,15/06/2024,EUR,,invoice,,IE4197223U,D04028
LD24-0008,17/05/2024,Kilbeg Livestock Mart Ltd,Mart commission and levies on LD-24-9592,204.15,46.95,251.10,17/05/2024,EUR,LD-24-9592,invoice,,IE6958430T,D04837
SG24-0005,19/05/2024,Southern Genetics Co-Op,Semen straws + AI technician service,687.45,158.11,845.56,18/06/2024,EUR,,invoice,,IE2815241Q,D04003
DHS24-0006,19/05/2024,Dairy Hygiene Supplies Ltd,"Parlour detergents, teat dip, filter socks",283.91,65.30,349.21,18/06/2024,EUR,,invoice,,IE1520123Q,D04093
SG24-0012,22/05/2024,Southern Genetics Co-Op,Semen straws + AI technician service,791.69,182.09,973.78,21/06/2024,EUR,,invoice,,IE2815241Q,D04010
CFP24-0006,22/05/2024,Charleville Farm Parts & Tyres Ltd,Gate and fencing repairs,516.85,118.88,635.73,21/06/2024,EUR,,invoice,,IE3017449G,D04041
SG24-0009,26/05/2024,Southern Genetics Co-Op,Semen straws + AI technician service,806.01,185.38,991.39,25/06/2024,EUR,,invoice,,IE2815241Q,D04007
BF24-0003,26/05/2024,Ballyhoura Fuels Ltd,"Marked gas oil, bulk delivery",1131.49,152.75,1284.24,25/06/2024,EUR,,invoice,,IE4197223U,D04026
LAC24-0001,27/05/2024,Lyons Agri Contracting Ltd,Reseeding / ploughing,2163.70,292.10,2455.80,26/06/2024,EUR,,invoice,,IE9219903D,D04011
CL-202405,31/05/2024,Slieve Dairy Co-Operative Society Ltd,"Co-op haulage, milk testing, levies May 2024",1212.90,278.97,1491.87,31/05/2024,EUR,deducted from MS-202405,invoice,,IE9462300P,D00446
GF24-0008,01/06/2024,Glenfern Feeds Ltd,Calf starter + milk replacer - 8.6 t,3844.89,884.32,4729.21,01/07/2024,EUR,,invoice,,IE8573822O,D03938
OB24-0001,01/06/2024,O'Brien Plant Hire Ltd,Silage harvesting (1st cut),3143.89,424.43,3568.32,01/07/2024,EUR,,invoice,,IE9729960P,D04012
GF24-0006,02/06/2024,Glenfern Feeds Ltd,Calf starter + milk replacer - 9.9 t,4410.28,0.00,4410.28,02/07/2024,EUR,,invoice,,IE8573822O,D03936
DHS24-0010,02/06/2024,Dairy Hygiene Supplies Ltd,"Parlour detergents, teat dip, filter socks",318.32,73.21,391.53,02/07/2024,EUR,,invoice,,IE1520123Q,D04097
HT24-0006,02/06/2024,HerdTrack Software Ltd,Herd management subscription,88.00,20.24,108.24,02/07/2024,EUR,,invoice,,IE6323212L,D04138
SG24-0008,03/06/2024,Southern Genetics Co-Op,Semen straws + AI technician service,701.54,161.35,862.89,03/07/2024,EUR,,invoice,,IE2815241Q,D04006
DHS24-0011,05/06/2024,Dairy Hygiene Supplies Ltd,"Parlour detergents, teat dip, filter socks",376.87,86.68,463.55,05/07/2024,EUR,,invoice,,IE1520123Q,D04098
AW24-0005,06/06/2024,AgriWrap Plastics Ltd,"Silage plastic, bale net, twine",1183.98,272.32,1456.30,06/07/2024,EUR,,invoice,,IE7984856V,D04112
ES24-0006,08/06/2024,ESB Electric Supply,Electricity Jun 2024 (farm + house meter),1114.44,150.45,1264.89,08/07/2024,EUR,,invoice,,IE4752023D,D04136
SG24-0010,09/06/2024,Southern Genetics Co-Op,Semen straws + AI technician service,780.31,179.47,959.78,09/07/2024,EUR,,invoice,,IE2815241Q,D04008
CFP24-0051,10/06/2024,Charleville Farm Parts & Tyres Ltd,Gate and fencing repairs,332.13,76.39,408.52,10/07/2024,EUR,,invoice,,IE3017449G,D04086
VF24-0006,10/06/2024,Vodafone Ireland,Mobile and broadband,172.60,39.70,212.30,10/07/2024,EUR,,invoice,,IE8398493D,D04137
LV24-0040,13/06/2024,Lisheen Veterinary Clinic,Fertility scanning,714.13,164.25,878.38,13/07/2024,EUR,,invoice,,IE3593885U,D03990
DHS24-0005,14/06/2024,Dairy Hygiene Supplies Ltd,"Parlour detergents, teat dip, filter socks",438.80,100.92,539.72,14/07/2024,EUR,,invoice,,IE1520123Q,D04092
CFP24-0035,15/06/2024,Charleville Farm Parts & Tyres Ltd,Hydraulic hoses,499.23,114.82,614.05,15/07/2024,EUR,,invoice,,IE3017449G,D04070
TG24-0001,15/06/2024,Teagasc,Advisory service annual fee,1242.00,285.66,1527.66,15/07/2024,EUR,,invoice,,IE7259700V,D04159
CFP24-0025,16/06/2024,Charleville Farm Parts & Tyres Ltd,Parlour liners,369.00,84.87,453.87,16/07/2024,EUR,,invoice,,IE3017449G,D04060
CS24-0009,18/06/2024,Slieve Dairy Co-Op Farm Stores,Pasture sward 24-2.5-10 bulk spread,4077.88,550.51,4628.39,18/07/2024,EUR,netted off milk payment,invoice,,IE8007456W,D03943
CFP24-0013,18/06/2024,Charleville Farm Parts & Tyres Ltd,Tractor service parts,256.12,58.91,315.03,18/07/2024,EUR,,invoice,,IE3017449G,D04048
CFP24-0015,18/06/2024,Charleville Farm Parts & Tyres Ltd,Gate and fencing repairs,411.17,94.57,505.74,18/07/2024,EUR,,invoice,,IE3017449G,D04050
AW24-0003,19/06/2024,AgriWrap Plastics Ltd,"Silage plastic, bale net, twine",699.65,160.92,860.57,19/07/2024,EUR,,invoice,,IE7984856V,D04110
BF24-0006,21/06/2024,Ballyhoura Fuels Ltd,"Marked gas oil, bulk delivery",2043.75,275.91,2319.66,21/07/2024,EUR,,invoice,,IE4197223U,D04029
LAC24-0005,22/06/2024,Lyons Agri Contracting Ltd,Silage harvesting (2nd cut),1864.43,251.70,2116.13,22/07/2024,EUR,,invoice,,IE9219903D,D04017
LV24-0001,24/06/2024,Lisheen Veterinary Clinic,Dry cow therapy / sealers,508.53,116.96,625.49,24/07/2024,EUR,,invoice,,IE3593885U,D03951
LV24-0020,24/06/2024,Lisheen Veterinary Clinic,Dry cow therapy / sealers,640.78,147.38,788.16,24/07/2024,EUR,,invoice,,IE3593885U,D03970
AW24-0004,25/06/2024,AgriWrap Plastics Ltd,"Silage plastic, bale net, twine",1224.15,281.55,1505.70,25/07/2024,EUR,,invoice,,IE7984856V,D04111
CL-202406,30/06/2024,Slieve Dairy Co-Operative Society Ltd,"Co-op haulage, milk testing, levies Jun 2024",1124.68,258.68,1383.36,30/06/2024,EUR,deducted from MS-202406,invoice,,IE9462300P,D00448
LAC24-0009,01/07/2024,Lyons Agri Contracting Ltd,Slurry spreading (trailing shoe),2495.41,336.88,2832.29,31/07/2024,EUR,,invoice,,IE9219903D,D04022
DHS24-0002,01/07/2024,Dairy Hygiene Supplies Ltd,"Parlour detergents, teat dip, filter socks",280.22,64.45,344.67,31/07/2024,EUR,,invoice,,IE1520123Q,D04089
KA24-0006,02/07/2024,Kilcummin Agri Supplies Ltd,Protected urea bulk spread,3562.21,480.90,4043.11,01/08/2024,EUR,,invoice,,IE2092142W,D03949
HT24-0007,02/07/2024,HerdTrack Software Ltd,Herd management subscription,88.00,20.24,108.24,01/08/2024,EUR,,invoice,,IE6323212L,D04141
SG24-0011,03/07/2024,Southern Genetics Co-Op,Semen straws + AI technician service,547.93,126.02,673.95,02/08/2024,EUR,,invoice,,IE2815241Q,D04009
HF24-0001,05/07/2024,Cork Hoof Care Services,Hoof trimming / footbaths,859.65,197.72,1057.37,04/08/2024,EUR,,invoice,,IE1248259R,D04113
ES24-0007,06/07/2024,ESB Electric Supply,Electricity Jul 2024 (farm + house meter),1054.20,142.32,1196.52,05/08/2024,EUR,,invoice,,IE4752023D,D04139
CFP24-0019,07/07/2024,Charleville Farm Parts & Tyres Ltd,Mower blades,557.78,128.29,686.07,06/08/2024,EUR,,invoice,,IE3017449G,D04054
VF24-0007,10/07/2024,Vodafone Ireland,Mobile and broadband,185.21,42.60,227.81,09/08/2024,EUR,,invoice,,IE8398493D,D04140
LV24-0002,12/07/2024,Lisheen Veterinary Clinic,Calving assistance,653.71,150.35,804.06,11/08/2024,EUR,,invoice,,IE3593885U,D03952
LAC24-0003,21/07/2024,Lyons Agri Contracting Ltd,Hedge cutting,2628.28,354.82,2983.10,20/08/2024,EUR,,invoice,,IE9219903D,D04015
AW24-0001,21/07/2024,AgriWrap Plastics Ltd,"Silage plastic, bale net, twine",639.99,147.20,787.19,20/08/2024,EUR,,invoice,,IE7984856V,D04108
HF24-0006,21/07/2024,Cork Hoof Care Services,Hoof trimming / footbaths,846.10,194.60,1040.70,20/08/2024,EUR,,invoice,,IE1248259R,D04118
LV24-0015,25/07/2024,Lisheen Veterinary Clinic,Herd health visit + drugs,667.55,153.54,821.09,24/08/2024,EUR,,invoice,,IE3593885U,D03965
BF24-0002,27/07/2024,Ballyhoura Fuels Ltd,"Marked gas oil, bulk delivery",2088.07,281.89,2369.96,26/08/2024,EUR,,invoice,,IE4197223U,D04025
CL-202407,31/07/2024,Slieve Dairy Co-Operative Society Ltd,"Co-op haulage, milk testing, levies Jul 2024",987.93,227.22,1215.15,31/07/2024,EUR,deducted from MS-202407,invoice,,IE9462300P,D00450
HT24-0008,02/08/2024,HerdTrack Software Ltd,Herd management subscription,88.00,20.24,108.24,01/09/2024,EUR,,invoice,,IE6323212L,D04144
DHS24-0020,03/08/2024,Dairy Hygiene Supplies Ltd,"Parlour detergents, teat dip, filter socks",571.48,131.44,702.92,02/09/2024,EUR,,invoice,,IE1520123Q,D04107
LD24-0011,05/08/2024,Kilbeg Livestock Mart Ltd,Mart commission and levies on LD-24-3157,435.27,100.11,535.38,05/08/2024,EUR,LD-24-3157,invoice,,IE6958430T,D04844
ES24-0008,08/08/2024,ESB Electric Supply,Electricity Aug 2024 (farm + house meter),1069.88,144.43,1214.31,07/09/2024,EUR,,invoice,,IE4752023D,D04142
LD24-0009,09/08/2024,Kilbeg Livestock Mart Ltd,Mart commission and levies on LD-24-6615,429.13,98.70,527.83,09/08/2024,EUR,LD-24-6615,invoice,,IE6958430T,D04840
BF24-0001,11/08/2024,Ballyhoura Fuels Ltd,"Marked gas oil, bulk delivery",2246.14,303.23,2549.37,10/09/2024,EUR,,invoice,,IE4197223U,D04024
LV24-0024,12/08/2024,Lisheen Veterinary Clinic,Vaccines (BVD/IBR/lepto),444.61,102.26,546.87,11/09/2024,EUR,,invoice,,IE3593885U,D03974
VF24-0008,12/08/2024,Vodafone Ireland,Mobile and broadband,174.96,40.24,215.20,11/09/2024,EUR,,invoice,,IE8398493D,D04143
LV24-0042,17/08/2024,Lisheen Veterinary Clinic,Vaccines (BVD/IBR/lepto),696.74,160.25,856.99,16/09/2024,EUR,,invoice,,IE3593885U,D03992
CFP24-0048,18/08/2024,Charleville Farm Parts & Tyres Ltd,Hydraulic hoses,469.19,107.91,577.10,17/09/2024,EUR,,invoice,,IE3017449G,D04083
LV24-0026,20/08/2024,Lisheen Veterinary Clinic,Calving assistance,725.34,166.83,892.17,19/09/2024,EUR,,invoice,,IE3593885U,D03976
OB24-0003,21/08/2024,O'Brien Plant Hire Ltd,Slurry spreading (trailing shoe),2407.27,324.98,2732.25,20/09/2024,EUR,,invoice,,IE9729960P,D04018
CFP24-0033,21/08/2024,Charleville Farm Parts & Tyres Ltd,Welding rods / steel,294.02,67.62,361.64,20/09/2024,EUR,,invoice,,IE3017449G,D04068
AW24-0002,24/08/2024,AgriWrap Plastics Ltd,"Silage plastic, bale net, twine",795.76,183.02,978.78,23/09/2024,EUR,,invoice,,IE7984856V,D04109
LV24-0028,27/08/2024,Lisheen Veterinary Clinic,Mastitis treatments,329.08,75.69,404.77,26/09/2024,EUR,,invoice,,IE3593885U,D03978
LV24-0046,27/08/2024,Lisheen Veterinary Clinic,Vaccines (BVD/IBR/lepto),629.90,144.88,774.78,26/09/2024,EUR,,invoice,,IE3593885U,D03996
LAC24-0010,27/08/2024,Lyons Agri Contracting Ltd,Hedge cutting,2329.27,314.45,2643.72,26/09/2024,EUR,,invoice,,IE9219903D,D04023
CL-202408,31/08/2024,Slieve Dairy Co-Operative Society Ltd,"Co-op haulage, milk testing, levies Aug 2024",848.68,195.20,1043.88,31/08/2024,EUR,deducted from MS-202408,invoice,,IE9462300P,D00452
CFP24-0028,01/09/2024,Charleville Farm Parts & Tyres Ltd,Welding rods / steel,291.63,67.07,358.70,01/10/2024,EUR,,invoice,,IE3017449G,D04063
BF24-0009,03/09/2024,Ballyhoura Fuels Ltd,"Marked gas oil, bulk delivery",1183.47,159.77,1343.24,03/10/2024,EUR,,invoice,,IE4197223U,D04032
HT24-0009,03/09/2024,HerdTrack Software Ltd,Herd management subscription,88.00,20.24,108.24,03/10/2024,EUR,,invoice,,IE6323212L,D04147
CFP24-0009,06/09/2024,Charleville Farm Parts & Tyres Ltd,Welding rods / steel,457.01,105.11,562.12,06/10/2024,EUR,,invoice,,IE3017449G,D04044
LV24-0006,07/09/2024,Lisheen Veterinary Clinic,Herd health visit + drugs,480.46,110.51,590.97,07/10/2024,EUR,,invoice,,IE3593885U,D03956
LV24-0047,07/09/2024,Lisheen Veterinary Clinic,Dry cow therapy / sealers,383.97,88.31,472.28,07/10/2024,EUR,,invoice,,IE3593885U,D03997
CFP24-0010,07/09/2024,Charleville Farm Parts & Tyres Ltd,Hydraulic hoses,545.42,125.45,670.87,07/10/2024,EUR,,invoice,,IE3017449G,D04045
DHS24-0001,08/09/2024,Dairy Hygiene Supplies Ltd,"Parlour detergents, teat dip, filter socks",618.13,142.17,760.30,08/10/2024,EUR,,invoice,,IE1520123Q,D04088
BF24-0007,09/09/2024,Ballyhoura Fuels Ltd,"Marked gas oil, bulk delivery",977.09,131.91,1109.00,09/10/2024,EUR,,invoice,,IE4197223U,D04030
CFP24-0005,09/09/2024,Charleville Farm Parts & Tyres Ltd,Hydraulic hoses,517.45,119.01,636.46,09/10/2024,EUR,,invoice,,IE3017449G,D04040
ES24-0009,09/09/2024,ESB Electric Supply,Electricity Sep 2024 (farm + house meter),1115.24,150.56,1265.80,09/10/2024,EUR,,invoice,,IE4752023D,D04145
LV24-0023,10/09/2024,Lisheen Veterinary Clinic,Dry cow therapy / sealers,549.31,126.34,675.65,10/10/2024,EUR,,invoice,,IE3593885U,D03973
VF24-0009,10/09/2024,Vodafone Ireland,Mobile and broadband,175.96,40.47,216.43,10/10/2024,EUR,,invoice,,IE8398493D,D04146
CFP24-0016,12/09/2024,Charleville Farm Parts & Tyres Ltd,Mower blades,230.73,53.07,283.80,12/10/2024,EUR,,invoice,,IE3017449G,D04051
DHS24-0018,13/09/2024,Dairy Hygiene Supplies Ltd,"Parlour detergents, teat dip, filter socks",265.65,61.10,326.75,13/10/2024,EUR,,invoice,,IE1520123Q,D04105
MR24-0002,13/09/2024,Munster Rendering Ltd,Fallen animal collection,220.80,50.78,271.58,13/10/2024,EUR,,invoice,,IE4033776E,D04820
KA24-0002,17/09/2024,Kilcummin Agri Supplies Ltd,Pasture sward 24-2.5-10 bulk spread,5608.40,757.13,6365.53,17/10/2024,EUR,,invoice,,IE2092142W,D03945
GF24-0005,25/09/2024,Glenfern Feeds Ltd,Dairy ration 16% bulk - 5.3 t,2369.82,0.00,2369.82,25/10/2024,EUR,,invoice,,IE8573822O,D03935
LAC24-0004,25/09/2024,Lyons Agri Contracting Ltd,Baling + wrapping,1640.25,221.43,1861.68,25/10/2024,EUR,,invoice,,IE9219903D,D04016
LD24-0010,25/09/2024,Kilbeg Livestock Mart Ltd,Mart commission and levies on LD-24-3950,463.63,106.63,570.26,25/09/2024,EUR,LD-24-3950,invoice,,IE6958430T,D04842
DHS24-0019,28/09/2024,Dairy Hygiene Supplies Ltd,"Parlour detergents, teat dip, filter socks",384.02,88.32,472.34,28/10/2024,EUR,,invoice,,IE1520123Q,D04106
CL-202409,30/09/2024,Slieve Dairy Co-Operative Society Ltd,"Co-op haulage, milk testing, levies Sep 2024",676.36,155.56,831.92,30/09/2024,EUR,deducted from MS-202409,invoice,,IE9462300P,D00454
HT24-0010,01/10/2024,HerdTrack Software Ltd,Herd management subscription,88.00,20.24,108.24,31/10/2024,EUR,,invoice,,IE6323212L,D04150
GF24-0002,03/10/2024,Glenfern Feeds Ltd,Calf starter + milk replacer - 11.2 t,4990.45,0.00,4990.45,02/11/2024,EUR,,invoice,,IE8573822O,D03930
HF24-0005,03/10/2024,Cork Hoof Care Services,Hoof trimming / footbaths,414.38,95.31,509.69,02/11/2024,EUR,,invoice,,IE1248259R,D04117
ES24-0010,04/10/2024,ESB Electric Supply,Electricity Oct 2024 (farm + house meter),1056.75,142.66,1199.41,03/11/2024,EUR,,invoice,,IE4752023D,D04148
LV24-0008,05/10/2024,Lisheen Veterinary Clinic,Vaccines (BVD/IBR/lepto),508.47,116.95,625.42,04/11/2024,EUR,,invoice,,IE3593885U,D03958
LAC24-0002,05/10/2024,Lyons Agri Contracting Ltd,Hedge cutting,1747.12,235.86,1982.98,04/11/2024,EUR,,invoice,,IE9219903D,D04013
CFP24-0020,07/10/2024,Charleville Farm Parts & Tyres Ltd,Hydraulic hoses,470.72,108.27,578.99,06/11/2024,EUR,,invoice,,IE3017449G,D04055
GF24-0004,08/10/2024,Glenfern Feeds Ltd,Maize meal / soya hulls blend - 7.9 t,3532.95,0.00,3532.95,07/11/2024,EUR,,invoice,,IE8573822O,D03934
CFP24-0050,11/10/2024,Charleville Farm Parts & Tyres Ltd,Tyres and tubes,525.95,120.97,646.92,10/11/2024,EUR,,invoice,,IE3017449G,D04085
VF24-0010,11/10/2024,Vodafone Ireland,Mobile and broadband,183.32,42.16,225.48,10/11/2024,EUR,,invoice,,IE8398493D,D04149
GF24-0003,13/10/2024,Glenfern Feeds Ltd,Dairy ration 16% bulk - 12.3 t,5473.52,0.00,5473.52,12/11/2024,EUR,,invoice,,IE8573822O,D03931
BF24-0004,17/10/2024,Ballyhoura Fuels Ltd,"Marked gas oil, bulk delivery",1956.86,264.18,2221.04,16/11/2024,EUR,,invoice,,IE4197223U,D04027
CFP24-0023,17/10/2024,Charleville Farm Parts & Tyres Ltd,Gate and fencing repairs,263.07,60.51,323.58,16/11/2024,EUR,,invoice,,IE3017449G,D04058
CFP24-0026,18/10/2024,Charleville Farm Parts & Tyres Ltd,Parlour liners,389.38,89.56,478.94,17/11/2024,EUR,,invoice,,IE3017449G,D04061
GF24-0010,19/10/2024,Glenfern Feeds Ltd,Mineral supplement - 8.4 t,3749.73,0.00,3749.73,18/11/2024,EUR,,invoice,,IE8573822O,D03940
CFP24-0040,19/10/2024,Charleville Farm Parts & Tyres Ltd,Tractor service parts,502.59,115.60,617.19,18/11/2024,EUR,,invoice,,IE3017449G,D04075
MR24-0003,20/10/2024,Munster Rendering Ltd,Fallen animal collection,151.80,34.91,186.71,19/11/2024,EUR,,invoice,,IE4033776E,D04821
HF24-0003,22/10/2024,Cork Hoof Care Services,Hoof trimming / footbaths,872.52,200.68,1073.20,21/11/2024,EUR,,invoice,,IE1248259R,D04115
GF24-0011,23/10/2024,Glenfern Feeds Ltd,Maize meal / soya hulls blend - 6.3 t,2791.86,0.00,2791.86,22/11/2024,EUR,,invoice,,IE8573822O,D03942
CFP24-0039,23/10/2024,Charleville Farm Parts & Tyres Ltd,Gate and fencing repairs,438.72,100.91,539.63,22/11/2024,EUR,,invoice,,IE3017449G,D04074
DHS24-0004,23/10/2024,Dairy Hygiene Supplies Ltd,"Parlour detergents, teat dip, filter socks",497.13,114.34,611.47,22/11/2024,EUR,,invoice,,IE1520123Q,D04091
HF24-0004,24/10/2024,Cork Hoof Care Services,Hoof trimming / footbaths,352.10,80.98,433.08,23/11/2024,EUR,,invoice,,IE1248259R,D04116
HF24-0007,24/10/2024,Cork Hoof Care Services,Hoof trimming / footbaths,653.93,150.40,804.33,23/11/2024,EUR,,invoice,,IE1248259R,D04119
CFP24-0003,25/10/2024,Charleville Farm Parts & Tyres Ltd,Tractor service parts,249.31,57.34,306.65,24/11/2024,EUR,,invoice,,IE3017449G,D04038
CFP24-0036,25/10/2024,Charleville Farm Parts & Tyres Ltd,Tractor service parts,447.01,102.81,549.82,24/11/2024,EUR,,invoice,,IE3017449G,D04071
CFP24-0049,27/10/2024,Charleville Farm Parts & Tyres Ltd,Tyres and tubes,553.33,127.27,680.60,26/11/2024,EUR,,invoice,,IE3017449G,D04084
CL-202410,31/10/2024,Slieve Dairy Co-Operative Society Ltd,"Co-op haulage, milk testing, levies Oct 2024",481.34,110.71,592.05,31/10/2024,EUR,deducted from MS-202410,invoice,,IE9462300P,D00456
HT24-0011,02/11/2024,HerdTrack Software Ltd,Herd management subscription,88.00,20.24,108.24,02/12/2024,EUR,,invoice,,IE6323212L,D04153
CS24-0001,03/11/2024,Slieve Dairy Co-Op Farm Stores,Dairy ration 18% nuts - 5.0 t,2244.66,0.00,2244.66,03/12/2024,EUR,netted off milk payment,invoice,,IE8007456W,D03925
ES24-0011,03/11/2024,ESB Electric Supply,Electricity Nov 2024 (farm + house meter),1014.43,136.95,1151.38,03/12/2024,EUR,,invoice,,IE4752023D,D04151
OB24-0002,04/11/2024,O'Brien Plant Hire Ltd,Baling + wrapping,3237.89,437.12,3675.01,04/12/2024,EUR,,invoice,,IE9729960P,D04014
HF24-0008,06/11/2024,Cork Hoof Care Services,Hoof trimming / footbaths,437.31,100.58,537.89,06/12/2024,EUR,,invoice,,IE1248259R,D04120
CFP24-0001,07/11/2024,Charleville Farm Parts & Tyres Ltd,Gate and fencing repairs,542.40,124.75,667.15,07/12/2024,EUR,,invoice,,IE3017449G,D04036
VF24-0011,10/11/2024,Vodafone Ireland,Mobile and broadband,174.96,40.24,215.20,10/12/2024,EUR,,invoice,,IE8398493D,D04152
CS24-0004,11/11/2024,Slieve Dairy Co-Op Farm Stores,Dairy ration 18% nuts - 4.7 t,2086.22,0.00,2086.22,11/12/2024,EUR,netted off milk payment,invoice,,IE8007456W,D03928
LV24-0048,11/11/2024,Lisheen Veterinary Clinic,Dry cow therapy / sealers,687.95,158.23,846.18,11/12/2024,EUR,,invoice,,IE3593885U,D03998
CFP24-0046,19/11/2024,Charleville Farm Parts & Tyres Ltd,Welding rods / steel,494.34,113.70,608.04,19/12/2024,EUR,,invoice,,IE3017449G,D04081
DOC24-0001,20/11/2024,"T. Buckley (landlord, conacre)",Conacre rent 2024: 70 acres @ 450/acre,31500.00,0.00,31500.00,20/12/2024,EUR,,rent_receipt,,,D04161
DHS24-0014,24/11/2024,Dairy Hygiene Supplies Ltd,"Parlour detergents, teat dip, filter socks",649.81,149.46,799.27,24/12/2024,EUR,,invoice,,IE1520123Q,D04101
LV24-0019,25/11/2024,Lisheen Veterinary Clinic,Mastitis treatments,609.32,140.14,749.46,25/12/2024,EUR,,invoice,,IE3593885U,D03969
HF24-0002,25/11/2024,Cork Hoof Care Services,Hoof trimming / footbaths,803.09,184.71,987.80,25/12/2024,EUR,,invoice,,IE1248259R,D04114
CFP24-0038,27/11/2024,Charleville Farm Parts & Tyres Ltd,Gate and fencing repairs,335.21,77.10,412.31,27/12/2024,EUR,,invoice,,IE3017449G,D04073
CL-202411,30/11/2024,Slieve Dairy Co-Operative Society Ltd,"Co-op haulage, milk testing, levies Nov 2024",268.74,61.81,330.55,30/11/2024,EUR,deducted from MS-202411,invoice,,IE9462300P,D00458
HT24-0012,02/12/2024,HerdTrack Software Ltd,Herd management subscription,88.00,20.24,108.24,01/01/2025,EUR,,invoice,,IE6323212L,D04156
CFP24-0052,03/12/2024,Charleville Farm Parts & Tyres Ltd,Gate and fencing repairs,407.51,93.73,501.24,02/01/2025,EUR,,invoice,,IE3017449G,D04087
LV24-0007,04/12/2024,Lisheen Veterinary Clinic,Mastitis treatments,687.76,158.18,845.94,03/01/2025,EUR,,invoice,,IE3593885U,D03957
LV24-0017,04/12/2024,Lisheen Veterinary Clinic,Fertility scanning,574.59,132.16,706.75,03/01/2025,EUR,,invoice,,IE3593885U,D03967
DHS24-0013,04/12/2024,Dairy Hygiene Supplies Ltd,"Parlour detergents, teat dip, filter socks",287.95,66.23,354.18,03/01/2025,EUR,,invoice,,IE1520123Q,D04100
LV24-0011,09/12/2024,Lisheen Veterinary Clinic,Dry cow therapy / sealers,655.65,150.80,806.45,08/01/2025,EUR,,invoice,,IE3593885U,D03961
ES24-0012,09/12/2024,ESB Electric Supply,Electricity Dec 2024 (farm + house meter),1008.77,136.18,1144.95,08/01/2025,EUR,,invoice,,IE4752023D,D04154
VF24-0012,12/12/2024,Vodafone Ireland,Mobile and broadband,172.04,39.57,211.61,11/01/2025,EUR,,invoice,,IE8398493D,D04155
LV24-0016,17/12/2024,Lisheen Veterinary Clinic,Fertility scanning,498.74,114.71,613.45,16/01/2025,EUR,,invoice,,IE3593885U,D03966
CFP24-0021,18/12/2024,Charleville Farm Parts & Tyres Ltd,Tractor service parts,546.26,125.64,671.90,17/01/2025,EUR,,invoice,,IE3017449G,D04056
LV24-0025,19/12/2024,Lisheen Veterinary Clinic,Vaccines (BVD/IBR/lepto),671.46,154.44,825.90,18/01/2025,EUR,,invoice,,IE3593885U,D03975
LV24-0038,19/12/2024,Lisheen Veterinary Clinic,Fertility scanning,712.01,163.76,875.77,18/01/2025,EUR,,invoice,,IE3593885U,D03988
SG24-0004,20/12/2024,Southern Genetics Co-Op,Semen straws + AI technician service,790.71,181.86,972.57,19/01/2025,EUR,,invoice,,IE2815241Q,D04002
DHS24-0012,20/12/2024,Dairy Hygiene Supplies Ltd,"Parlour detergents, teat dip, filter socks",380.08,87.42,467.50,19/01/2025,EUR,,invoice,,IE1520123Q,D04099
CS24-0006,21/12/2024,Slieve Dairy Co-Op Farm Stores,Calf starter + milk replacer - 11.3 t,5038.47,0.00,5038.47,20/01/2025,EUR,netted off milk payment,invoice,,IE8007456W,D03932
LV24-0045,21/12/2024,Lisheen Veterinary Clinic,Herd health visit + drugs,418.43,96.24,514.67,20/01/2025,EUR,,invoice,,IE3593885U,D03995
CFP24-0004,21/12/2024,Charleville Farm Parts & Tyres Ltd,Gate and fencing repairs,213.37,49.08,262.45,20/01/2025,EUR,,invoice,,IE3017449G,D04039
LV24-0033,25/12/2024,Lisheen Veterinary Clinic,Dry cow therapy / sealers,511.50,117.64,629.14,24/01/2025,EUR,,invoice,,IE3593885U,D03983
CL-202412,31/12/2024,Slieve Dairy Co-Operative Society Ltd,"Co-op haulage, milk testing, levies Dec 2024",119.56,27.50,147.06,31/12/2024,EUR,deducted from MS-202412,invoice,,IE9462300P,D00460
LV25-0002,01/01/2025,Lisheen Veterinary Clinic,Vaccines (BVD/IBR/lepto),700.43,161.10,861.53,31/01/2025,EUR,,invoice,,IE3593885U,D04190
CFP25-0027,01/01/2025,Charleville Farm Parts & Tyres Ltd,Welding rods / steel,301.02,69.23,370.25,31/01/2025,EUR,,invoice,,IE3017449G,D04304
GF25-0003,02/01/2025,Glenfern Feeds Ltd,Mineral supplement - 10.4 t,4370.89,0.00,4370.89,01/02/2025,EUR,,invoice,,IE8573822O,D04170
HT25-0001,03/01/2025,HerdTrack Software Ltd,Herd management subscription,88.00,20.24,108.24,02/02/2025,EUR,,invoice,,IE6323212L,D04368
LV25-0031,04/01/2025,Lisheen Veterinary Clinic,Fertility scanning,650.64,149.65,800.29,03/02/2025,EUR,,invoice,,IE3593885U,D04219
LV25-0039,04/01/2025,Lisheen Veterinary Clinic,Herd health visit + drugs,319.17,73.41,392.58,03/02/2025,EUR,,invoice,,IE3593885U,D04227
CFP25-0035,06/01/2025,Charleville Farm Parts & Tyres Ltd,Welding rods / steel,546.73,125.75,672.48,05/02/2025,EUR,,invoice,,IE3017449G,D04312
CFP25-0022,08/01/2025,Charleville Farm Parts & Tyres Ltd,Hydraulic hoses,410.75,94.47,505.22,07/02/2025,EUR,,invoice,,IE3017449G,D04299
DHS25-0004,08/01/2025,Dairy Hygiene Supplies Ltd,"Parlour detergents, teat dip, filter socks",508.22,116.89,625.11,07/02/2025,EUR,,invoice,,IE1520123Q,D04335
ES25-0001,08/01/2025,ESB Electric Supply,Electricity Jan 2025 (farm + house meter),1071.00,144.59,1215.59,07/02/2025,EUR,,invoice,,IE4752023D,D04366
CFP25-0003,12/01/2025,Charleville Farm Parts & Tyres Ltd,Tyres and tubes,425.06,97.76,522.82,11/02/2025,EUR,,invoice,,IE3017449G,D04280
VF25-0001,12/01/2025,Vodafone Ireland,Mobile and broadband,195.49,44.96,240.45,11/02/2025,EUR,,invoice,,IE8398493D,D04367
CS25-0003,15/01/2025,Slieve Dairy Co-Op Farm Stores,Dairy ration 16% bulk - 8.4 t,3516.47,0.00,3516.47,14/02/2025,EUR,netted off milk payment,invoice,,IE8007456W,D04165
CFP25-0007,18/01/2025,Charleville Farm Parts & Tyres Ltd,Parlour liners,377.79,86.89,464.68,17/02/2025,EUR,,invoice,,IE3017449G,D04284
HF25-0005,22/01/2025,Cork Hoof Care Services,Hoof trimming / footbaths,772.16,177.60,949.76,21/02/2025,EUR,,invoice,,IE1248259R,D04362
MR25-0001,22/01/2025,Munster Rendering Ltd,Fallen animal collection,197.40,45.40,242.80,21/02/2025,EUR,,invoice,,IE4033776E,D04846
DHS25-0015,23/01/2025,Dairy Hygiene Supplies Ltd,"Parlour detergents, teat dip, filter socks",601.13,138.26,739.39,22/02/2025,EUR,,invoice,,IE1520123Q,D04346
GF25-0002,26/01/2025,Glenfern Feeds Ltd,Maize meal / soya hulls blend - 9.4 t,3917.77,0.00,3917.77,25/02/2025,EUR,,invoice,,IE8573822O,D04169
HF25-0008,27/01/2025,Cork Hoof Care Services,Hoof trimming / footbaths,909.14,209.10,1118.24,26/02/2025,EUR,,invoice,,IE1248259R,D04365
CL-202501,31/01/2025,Slieve Dairy Co-Operative Society Ltd,"Co-op haulage, milk testing, levies Jan 2025",198.19,45.58,243.77,31/01/2025,EUR,deducted from MS-202501,invoice,,IE9462300P,D00462
LV25-0003,01/02/2025,Lisheen Veterinary Clinic,Dry cow therapy / sealers,445.94,102.57,548.51,03/03/2025,EUR,,invoice,,IE3593885U,D04191
DHS25-0005,01/02/2025,Dairy Hygiene Supplies Ltd,"Parlour detergents, teat dip, filter socks",661.92,152.24,814.16,03/03/2025,EUR,,invoice,,IE1520123Q,D04336
CS25-0014,02/02/2025,Slieve Dairy Co-Op Farm Stores,Pasture sward 24-2.5-10 bulk spread,3965.10,535.29,4500.39,04/03/2025,EUR,netted off milk payment,invoice,,IE8007456W,D04184
LV25-0033,02/02/2025,Lisheen Veterinary Clinic,Mastitis treatments,310.01,71.30,381.31,04/03/2025,EUR,,invoice,,IE3593885U,D04221
LV25-0035,02/02/2025,Lisheen Veterinary Clinic,Mastitis treatments,524.74,120.69,645.43,04/03/2025,EUR,,invoice,,IE3593885U,D04223
HT25-0002,02/02/2025,HerdTrack Software Ltd,Herd management subscription,88.00,20.24,108.24,04/03/2025,EUR,,invoice,,IE6323212L,D04371
CS25-0008,04/02/2025,Slieve Dairy Co-Op Farm Stores,Maize meal / soya hulls blend - 11.3 t,4725.76,0.00,4725.76,06/03/2025,EUR,netted off milk payment,invoice,,IE8007456W,D04173
ES25-0002,05/02/2025,ESB Electric Supply,Electricity Feb 2025 (farm + house meter),969.73,130.91,1100.64,07/03/2025,EUR,,invoice,,IE4752023D,D04369
MFI25-0001,06/02/2025,Munster Farm Insurance Ltd,"Farm policy renewal (buildings, liability, machinery, employer liability)",12076.74,0.00,12076.74,08/03/2025,EUR,,invoice,,,D04402
LV25-0042,08/02/2025,Lisheen Veterinary Clinic,Dry cow therapy / sealers,751.02,172.73,923.75,10/03/2025,EUR,,invoice,,IE3593885U,D04230
GF25-0008,09/02/2025,Glenfern Feeds Ltd,Calf starter + milk replacer - 9.2 t,3837.85,0.00,3837.85,11/03/2025,EUR,,invoice,,IE8573822O,D04179
LV25-0032,10/02/2025,Lisheen Veterinary Clinic,Herd health visit + drugs,618.33,142.22,760.55,12/03/2025,EUR,,invoice,,IE3593885U,D04220
LV25-0046,11/02/2025,Lisheen Veterinary Clinic,Mastitis treatments,507.64,116.76,624.40,13/03/2025,EUR,,invoice,,IE3593885U,D04234
VF25-0002,11/02/2025,Vodafone Ireland,Mobile and broadband,197.00,45.31,242.31,13/03/2025,EUR,,invoice,,IE8398493D,D04370
LV25-0021,12/02/2025,Lisheen Veterinary Clinic,Vaccines (BVD/IBR/lepto),318.73,73.31,392.04,14/03/2025,EUR,,invoice,,IE3593885U,D04209
LV25-0044,12/02/2025,Lisheen Veterinary Clinic,Fertility scanning,752.83,173.15,925.98,14/03/2025,EUR,,invoice,,IE3593885U,D04232
LV25-0041,15/02/2025,Lisheen Veterinary Clinic,Calving assistance,395.61,90.99,486.60,17/03/2025,EUR,,invoice,,IE3593885U,D04229
CFP25-0024,16/02/2025,Charleville Farm Parts & Tyres Ltd,Tyres and tubes,234.05,53.83,287.88,18/03/2025,EUR,,invoice,,IE3017449G,D04301
LV25-0005,17/02/2025,Lisheen Veterinary Clinic,Calving assistance,525.68,120.91,646.59,19/03/2025,EUR,,invoice,,IE3593885U,D04193
CFP25-0005,17/02/2025,Charleville Farm Parts & Tyres Ltd,Hydraulic hoses,335.54,77.17,412.71,19/03/2025,EUR,,invoice,,IE3017449G,D04282
LV25-0049,20/02/2025,Lisheen Veterinary Clinic,Calving assistance,772.10,177.58,949.68,22/03/2025,EUR,,invoice,,IE3593885U,D04237
DHS25-0018,25/02/2025,Dairy Hygiene Supplies Ltd,"Parlour detergents, teat dip, filter socks",636.46,146.39,782.85,27/03/2025,EUR,,invoice,,IE1520123Q,D04349
CL-202502,28/02/2025,Slieve Dairy Co-Operative Society Ltd,"Co-op haulage, milk testing, levies Feb 2025",455.34,104.73,560.07,28/02/2025,EUR,deducted from MS-202502,invoice,,IE9462300P,D00464
CS25-0018,01/03/2025,Slieve Dairy Co-Op Farm Stores,CAN 27% bulk spread,6851.52,924.96,7776.48,31/03/2025,EUR,netted off milk payment,invoice,,IE8007456W,D04188
LV25-0019,01/03/2025,Lisheen Veterinary Clinic,Dry cow therapy / sealers,481.42,110.73,592.15,31/03/2025,EUR,,invoice,,IE3593885U,D04207
CFP25-0049,01/03/2025,Charleville Farm Parts & Tyres Ltd,Tyres and tubes,261.64,60.18,321.82,31/03/2025,EUR,,invoice,,IE3017449G,D04326
HT25-0003,02/03/2025,HerdTrack Software Ltd,Herd management subscription,88.00,20.24,108.24,01/04/2025,EUR,,invoice,,IE6323212L,D04374
ES25-0003,03/03/2025,ESB Electric Supply,Electricity Mar 2025 (farm + house meter),1112.38,150.17,1262.55,02/04/2025,EUR,,invoice,,IE4752023D,D04372
HC25-0001,03/03/2025,Hegarty & Co Farm Accountants,"Accounts, tax returns and payroll year 2024",3891.60,895.07,4786.67,02/04/2025,EUR,,invoice,,IE6025428V,D04403
CFP25-0028,04/03/2025,Charleville Farm Parts & Tyres Ltd,Tractor service parts,212.28,48.82,261.10,03/04/2025,EUR,,invoice,,IE3017449G,D04305
CS25-0013,05/03/2025,Slieve Dairy Co-Op Farm Stores,Protected urea bulk spread,5717.36,771.84,6489.20,04/04/2025,EUR,netted off milk payment,invoice,,IE8007456W,D04183
LAC25-0003,05/03/2025,Lyons Agri Contracting Ltd,Slurry spreading (trailing shoe),3053.99,412.29,3466.28,04/04/2025,EUR,,invoice,,IE9219903D,D04257
SG25-0007,07/03/2025,Southern Genetics Co-Op,Semen straws + AI technician service,820.35,188.68,1009.03,06/04/2025,EUR,,invoice,,IE2815241Q,D04245
CFP25-0015,07/03/2025,Charleville Farm Parts & Tyres Ltd,Tractor service parts,301.01,69.23,370.24,06/04/2025,EUR,,invoice,,IE3017449G,D04292
LV25-0034,08/03/2025,Lisheen Veterinary Clinic,Herd health visit + drugs,405.10,93.17,498.27,07/04/2025,EUR,,invoice,,IE3593885U,D04222
CFP25-0042,08/03/2025,Charleville Farm Parts & Tyres Ltd,Parlour liners,467.01,107.41,574.42,07/04/2025,EUR,,invoice,,IE3017449G,D04319
LV25-0016,10/03/2025,Lisheen Veterinary Clinic,Dry cow therapy / sealers,461.43,106.13,567.56,09/04/2025,EUR,,invoice,,IE3593885U,D04204
VF25-0003,11/03/2025,Vodafone Ireland,Mobile and broadband,163.50,37.60,201.10,10/04/2025,EUR,,invoice,,IE8398493D,D04373
DHS25-0017,13/03/2025,Dairy Hygiene Supplies Ltd,"Parlour detergents, teat dip, filter socks",589.53,135.59,725.12,12/04/2025,EUR,,invoice,,IE1520123Q,D04348
CS25-0016,14/03/2025,Slieve Dairy Co-Op Farm Stores,Pasture sward 24-2.5-10 bulk spread,4802.76,648.37,5451.13,13/04/2025,EUR,netted off milk payment,invoice,,IE8007456W,D04186
LD25-0001,14/03/2025,Kilbeg Livestock Mart Ltd,Mart commission and levies on LD-25-6538,347.74,79.98,427.72,14/03/2025,EUR,LD-25-6538,invoice,,IE6958430T,D04850
LV25-0024,16/03/2025,Lisheen Veterinary Clinic,Vaccines (BVD/IBR/lepto),709.18,163.11,872.29,15/04/2025,EUR,,invoice,,IE3593885U,D04212
CFP25-0047,16/03/2025,Charleville Farm Parts & Tyres Ltd,Hydraulic hoses,379.98,87.40,467.38,15/04/2025,EUR,,invoice,,IE3017449G,D04324
CS25-0011,21/03/2025,Slieve Dairy Co-Op Farm Stores,CAN 27% bulk spread,4373.56,590.43,4963.99,20/04/2025,EUR,netted off milk payment,invoice,,IE8007456W,D04181
LV25-0001,21/03/2025,Lisheen Veterinary Clinic,Calving assistance,493.27,113.45,606.72,20/04/2025,EUR,,invoice,,IE3593885U,D04189
LD25-0002,26/03/2025,Kilbeg Livestock Mart Ltd,Mart commission and levies on LD-25-5644,336.29,77.35,413.64,26/03/2025,EUR,LD-25-5644,invoice,,IE6958430T,D04852
LAC25-0005,27/03/2025,Lyons Agri Contracting Ltd,Reseeding / ploughing,1642.57,221.75,1864.32,26/04/2025,EUR,,invoice,,IE9219903D,D04262
CFP25-0014,28/03/2025,Charleville Farm Parts & Tyres Ltd,Parlour liners,231.09,53.15,284.24,27/04/2025,EUR,,invoice,,IE3017449G,D04291
CL-202503,31/03/2025,Slieve Dairy Co-Operative Society Ltd,"Co-op haulage, milk testing, levies Mar 2025",825.19,189.79,1014.98,31/03/2025,EUR,deducted from MS-202503,invoice,,IE9462300P,D00466
DHS25-0019,02/04/2025,Dairy Hygiene Supplies Ltd,"Parlour detergents, teat dip, filter socks",342.39,78.75,421.14,02/05/2025,EUR,,invoice,,IE1520123Q,D04350
HT25-0004,02/04/2025,HerdTrack Software Ltd,Herd management subscription,88.00,20.24,108.24,02/05/2025,EUR,,invoice,,IE6323212L,D04377
LV25-0045,04/04/2025,Lisheen Veterinary Clinic,Vaccines (BVD/IBR/lepto),529.03,121.68,650.71,04/05/2025,EUR,,invoice,,IE3593885U,D04233
CFP25-0009,04/04/2025,Charleville Farm Parts & Tyres Ltd,Parlour liners,484.56,111.45,596.01,04/05/2025,EUR,,invoice,,IE3017449G,D04286
ES25-0004,06/04/2025,ESB Electric Supply,Electricity Apr 2025 (farm + house meter),1094.42,147.75,1242.17,06/05/2025,EUR,,invoice,,IE4752023D,D04375
LV25-0038,07/04/2025,Lisheen Veterinary Clinic,Herd health visit + drugs,397.78,91.49,489.27,07/05/2025,EUR,,invoice,,IE3593885U,D04226
LD25-0003,07/04/2025,Kilbeg Livestock Mart Ltd,Mart commission and levies on LD-25-2778,375.30,86.32,461.62,07/04/2025,EUR,LD-25-2778,invoice,,IE6958430T,D04854
SF25-0001,08/04/2025,SolarFarm Energy Ltd,Battery storage 30 kWh with energy management,19500.00,2632.50,22132.50,08/05/2025,EUR,,invoice,,IE5130920L,D05120
VF25-0004,10/04/2025,Vodafone Ireland,Mobile and broadband,188.88,43.44,232.32,10/05/2025,EUR,,invoice,,IE8398493D,D04376
CS25-0017,16/04/2025,Slieve Dairy Co-Op Farm Stores,Pasture sward 24-2.5-10 bulk spread,5605.66,756.76,6362.42,16/05/2025,EUR,netted off milk payment,invoice,,IE8007456W,D04187
SG25-0001,17/04/2025,Southern Genetics Co-Op,Semen straws + AI technician service,659.57,151.70,811.27,17/05/2025,EUR,,invoice,,IE2815241Q,D04239
LV25-0008,20/04/2025,Lisheen Veterinary Clinic,Vaccines (BVD/IBR/lepto),679.50,156.28,835.78,20/05/2025,EUR,,invoice,,IE3593885U,D04196
DHS25-0002,21/04/2025,Dairy Hygiene Supplies Ltd,"Parlour detergents, teat dip, filter socks",521.92,120.04,641.96,21/05/2025,EUR,,invoice,,IE1520123Q,D04333
LD25-0004,21/04/2025,Kilbeg Livestock Mart Ltd,Mart commission and levies on LD-25-8257,338.45,77.84,416.29,21/04/2025,EUR,LD-25-8257,invoice,,IE6958430T,D04856
CFP25-0033,22/04/2025,Charleville Farm Parts & Tyres Ltd,Tractor service parts,383.20,88.14,471.34,22/05/2025,EUR,,invoice,,IE3017449G,D04310
LV25-0030,23/04/2025,Lisheen Veterinary Clinic,Herd health visit + drugs,296.51,68.20,364.71,23/05/2025,EUR,,invoice,,IE3593885U,D04218
CFP25-0012,24/04/2025,Charleville Farm Parts & Tyres Ltd,Gate and fencing repairs,227.78,52.39,280.17,24/05/2025,EUR,,invoice,,IE3017449G,D04289
SG25-0003,25/04/2025,Southern Genetics Co-Op,Semen straws + AI technician service,895.57,205.98,1101.55,25/05/2025,EUR,,invoice,,IE2815241Q,D04241
DHS25-0010,25/04/2025,Dairy Hygiene Supplies Ltd,"Parlour detergents, teat dip, filter socks",413.93,95.20,509.13,25/05/2025,EUR,,invoice,,IE1520123Q,D04341
LV25-0043,27/04/2025,Lisheen Veterinary Clinic,Fertility scanning,612.47,140.87,753.34,27/05/2025,EUR,,invoice,,IE3593885U,D04231
CL-202504,30/04/2025,Slieve Dairy Co-Operative Society Ltd,"Co-op haulage, milk testing, levies Apr 2025",1115.86,256.65,1372.51,30/04/2025,EUR,deducted from MS-202504,invoice,,IE9462300P,D00468
CFP25-0010,01/05/2025,Charleville Farm Parts & Tyres Ltd,Gate and fencing repairs,231.47,53.24,284.71,31/05/2025,EUR,,invoice,,IE3017449G,D04287
HT25-0005,01/05/2025,HerdTrack Software Ltd,Herd management subscription,88.00,20.24,108.24,31/05/2025,EUR,,invoice,,IE6323212L,D04380
SG25-0004,02/05/2025,Southern Genetics Co-Op,Semen straws + AI technician service,540.18,124.24,664.42,01/06/2025,EUR,,invoice,,IE2815241Q,D04242
BF25-0012,02/05/2025,Ballyhoura Fuels Ltd,"Marked gas oil, bulk delivery",1437.35,194.04,1631.39,01/06/2025,EUR,,invoice,,IE4197223U,D04277
BF25-0005,03/05/2025,Ballyhoura Fuels Ltd,"Marked gas oil, bulk delivery",1922.19,259.50,2181.69,02/06/2025,EUR,,invoice,,IE4197223U,D04270
ES25-0005,03/05/2025,ESB Electric Supply,Electricity May 2025 (farm + house meter),1019.09,137.58,1156.67,02/06/2025,EUR,,invoice,,IE4752023D,D04378
SG25-0012,04/05/2025,Southern Genetics Co-Op,Semen straws + AI technician service,516.94,118.90,635.84,03/06/2025,EUR,,invoice,,IE2815241Q,D04250
LD25-0005,05/05/2025,Kilbeg Livestock Mart Ltd,Mart commission and levies on LD-25-3542,361.71,83.19,444.90,05/05/2025,EUR,LD-25-3542,invoice,,IE6958430T,D04858
SG25-0002,07/05/2025,Southern Genetics Co-Op,Semen straws + AI technician service,681.40,156.72,838.12,06/06/2025,EUR,,invoice,,IE2815241Q,D04240
AW25-0002,07/05/2025,AgriWrap Plastics Ltd,"Silage plastic, bale net, twine",590.66,135.85,726.51,06/06/2025,EUR,,invoice,,IE7984856V,D04354
CFP25-0054,09/05/2025,Charleville Farm Parts & Tyres Ltd,Gate and fencing repairs,250.91,57.71,308.62,08/06/2025,EUR,,invoice,,IE3017449G,D04331
AW25-0004,10/05/2025,AgriWrap Plastics Ltd,"Silage plastic, bale net, twine",1184.82,272.51,1457.33,09/06/2025,EUR,,invoice,,IE7984856V,D04356
CFP25-0032,11/05/2025,Charleville Farm Parts & Tyres Ltd,Tractor service parts,562.43,129.36,691.79,10/06/2025,EUR,,invoice,,IE3017449G,D04309
WS25-0001,11/05/2025,County Council Water Services,"Water charges (metered, farm)",874.20,0.00,874.20,10/06/2025,EUR,,invoice,,IE7854060O,D04405
SG25-0009,12/05/2025,Southern Genetics Co-Op,Semen straws + AI technician service,700.64,161.15,861.79,11/06/2025,EUR,,invoice,,IE2815241Q,D04247
VF25-0005,12/05/2025,Vodafone Ireland,Mobile and broadband,177.46,40.82,218.28,11/06/2025,EUR,,invoice,,IE8398493D,D04379
LV25-0028,14/05/2025,Lisheen Veterinary Clinic,Fertility scanning,369.87,85.07,454.94,13/06/2025,EUR,,invoice,,IE3593885U,D04216
AW25-0003,14/05/2025,AgriWrap Plastics Ltd,"Silage plastic, bale net, twine",911.01,209.53,1120.54,13/06/2025,EUR,,invoice,,IE7984856V,D04355
OB25-0004,16/05/2025,O'Brien Plant Hire Ltd,Hedge cutting,2675.73,361.22,3036.95,15/06/2025,EUR,,invoice,,IE9729960P,D04258
BF25-0002,16/05/2025,Ballyhoura Fuels Ltd,"Marked gas oil, bulk delivery",2120.27,286.24,2406.51,15/06/2025,EUR,,invoice,,IE4197223U,D04267
LD25-0006,16/05/2025,Kilbeg Livestock Mart Ltd,Mart commission and levies on LD-25-4826,331.10,76.15,407.25,16/05/2025,EUR,LD-25-4826,invoice,,IE6958430T,D04860
LAC25-0002,19/05/2025,Lyons Agri Contracting Ltd,Reseeding / ploughing,1679.12,226.68,1905.80,18/06/2025,EUR,,invoice,,IE9219903D,D04256
CFP25-0025,19/05/2025,Charleville Farm Parts & Tyres Ltd,Hydraulic hoses,466.89,107.38,574.27,18/06/2025,EUR,,invoice,,IE3017449G,D04302
CFP25-0013,20/05/2025,Charleville Farm Parts & Tyres Ltd,Tyres and tubes,394.61,90.76,485.37,19/06/2025,EUR,,invoice,,IE3017449G,D04290
LV25-0022,21/05/2025,Lisheen Veterinary Clinic,Herd health visit + drugs,324.27,74.58,398.85,20/06/2025,EUR,,invoice,,IE3593885U,D04210
DHS25-0016,22/05/2025,Dairy Hygiene Supplies Ltd,"Parlour detergents, teat dip, filter socks",444.39,102.21,546.60,21/06/2025,EUR,,invoice,,IE1520123Q,D04347
AW25-0001,25/05/2025,AgriWrap Plastics Ltd,"Silage plastic, bale net, twine",1222.94,281.28,1504.22,24/06/2025,EUR,,invoice,,IE7984856V,D04353
LV25-0017,27/05/2025,Lisheen Veterinary Clinic,Dry cow therapy / sealers,712.46,163.87,876.33,26/06/2025,EUR,,invoice,,IE3593885U,D04205
DHS25-0020,28/05/2025,Dairy Hygiene Supplies Ltd,"Parlour detergents, teat dip, filter socks",612.21,140.81,753.02,27/06/2025,EUR,,invoice,,IE1520123Q,D04351
CL-202505,31/05/2025,Slieve Dairy Co-Operative Society Ltd,"Co-op haulage, milk testing, levies May 2025",1243.95,286.11,1530.06,31/05/2025,EUR,deducted from MS-202505,invoice,,IE9462300P,D00470
CFP25-0036,03/06/2025,Charleville Farm Parts & Tyres Ltd,Parlour liners,380.59,87.54,468.13,03/07/2025,EUR,,invoice,,IE3017449G,D04313
CFP25-0050,03/06/2025,Charleville Farm Parts & Tyres Ltd,Tractor service parts,345.57,79.48,425.05,03/07/2025,EUR,,invoice,,IE3017449G,D04327
ES25-0006,03/06/2025,ESB Electric Supply,Electricity Jun 2025 (farm + house meter),1064.07,143.65,1207.72,03/07/2025,EUR,,invoice,,IE4752023D,D04381
HT25-0006,03/06/2025,HerdTrack Software Ltd,Herd management subscription,88.00,20.24,108.24,03/07/2025,EUR,,invoice,,IE6323212L,D04383
BF25-0007,07/06/2025,Ballyhoura Fuels Ltd,"Marked gas oil, bulk delivery",1873.02,252.86,2125.88,07/07/2025,EUR,,invoice,,IE4197223U,D04272
LV25-0020,08/06/2025,Lisheen Veterinary Clinic,Fertility scanning,677.85,155.91,833.76,08/07/2025,EUR,,invoice,,IE3593885U,D04208
BF25-0006,09/06/2025,Ballyhoura Fuels Ltd,"Marked gas oil, bulk delivery",862.30,116.41,978.71,09/07/2025,EUR,,invoice,,IE4197223U,D04271
SG25-0013,10/06/2025,Southern Genetics Co-Op,Semen straws + AI technician service,698.70,160.70,859.40,10/07/2025,EUR,,invoice,,IE2815241Q,D04251
CFP25-0026,10/06/2025,Charleville Farm Parts & Tyres Ltd,Tractor service parts,211.78,48.71,260.49,10/07/2025,EUR,,invoice,,IE3017449G,D04303
CFP25-0020,11/06/2025,Charleville Farm Parts & Tyres Ltd,Tyres and tubes,493.95,113.61,607.56,11/07/2025,EUR,,invoice,,IE3017449G,D04297
VF25-0006,12/06/2025,Vodafone Ireland,Mobile and broadband,187.98,43.24,231.22,12/07/2025,EUR,,invoice,,IE8398493D,D04382
DHS25-0013,15/06/2025,Dairy Hygiene Supplies Ltd,"Parlour detergents, teat dip, filter socks",658.86,151.54,810.40,15/07/2025,EUR,,invoice,,IE1520123Q,D04344
DHS25-0014,17/06/2025,Dairy Hygiene Supplies Ltd,"Parlour detergents, teat dip, filter socks",496.47,114.19,610.66,17/07/2025,EUR,,invoice,,IE1520123Q,D04345
SG25-0010,18/06/2025,Southern Genetics Co-Op,Semen straws + AI technician service,814.20,187.27,1001.47,18/07/2025,EUR,,invoice,,IE2815241Q,D04248
TG25-0001,18/06/2025,Teagasc,Advisory service annual fee,1269.00,291.87,1560.87,18/07/2025,EUR,,invoice,,IE7259700V,D04404
CFP25-0030,19/06/2025,Charleville Farm Parts & Tyres Ltd,Tractor service parts,217.81,50.10,267.91,19/07/2025,EUR,,invoice,,IE3017449G,D04307
SG25-0011,20/06/2025,Southern Genetics Co-Op,Semen straws + AI technician service,411.54,94.65,506.19,20/07/2025,EUR,,invoice,,IE2815241Q,D04249
OB25-0002,22/06/2025,O'Brien Plant Hire Ltd,Silage harvesting (2nd cut),1623.60,219.19,1842.79,22/07/2025,EUR,,invoice,,IE9729960P,D04254
BF25-0004,22/06/2025,Ballyhoura Fuels Ltd,"Marked gas oil, bulk delivery",2160.28,291.64,2451.92,22/07/2025,EUR,,invoice,,IE4197223U,D04269
CS25-0009,25/06/2025,Slieve Dairy Co-Op Farm Stores,Dairy ration 16% bulk - 9.5 t,3976.59,0.00,3976.59,25/07/2025,EUR,netted off milk payment,invoice,,IE8007456W,D04174
SG25-0008,26/06/2025,Southern Genetics Co-Op,Semen straws + AI technician service,478.64,110.09,588.73,26/07/2025,EUR,,invoice,,IE2815241Q,D04246
SG25-0006,27/06/2025,Southern Genetics Co-Op,Semen straws + AI technician service,567.23,130.46,697.69,27/07/2025,EUR,,invoice,,IE2815241Q,D04244
OB25-0006,28/06/2025,O'Brien Plant Hire Ltd,Reseeding / ploughing,2095.19,282.85,2378.04,28/07/2025,EUR,,invoice,,IE9729960P,D04260
CL-202506,30/06/2025,Slieve Dairy Co-Operative Society Ltd,"Co-op haulage, milk testing, levies Jun 2025",1136.88,261.48,1398.36,30/06/2025,EUR,deducted from MS-202506,invoice,,IE9462300P,D00472
CFP25-0011,01/07/2025,Charleville Farm Parts & Tyres Ltd,Tyres and tubes,239.20,55.02,294.22,31/07/2025,EUR,,invoice,,IE3017449G,D04288
HT25-0007,01/07/2025,HerdTrack Software Ltd,Herd management subscription,88.00,20.24,108.24,31/07/2025,EUR,,invoice,,IE6323212L,D04386
CFP25-0016,03/07/2025,Charleville Farm Parts & Tyres Ltd,Welding rods / steel,461.11,106.06,567.17,02/08/2025,EUR,,invoice,,IE3017449G,D04293
LV25-0011,04/07/2025,Lisheen Veterinary Clinic,Herd health visit + drugs,701.01,161.23,862.24,03/08/2025,EUR,,invoice,,IE3593885U,D04199
OB25-0001,04/07/2025,O'Brien Plant Hire Ltd,Silage harvesting (2nd cut),2260.12,305.12,2565.24,03/08/2025,EUR,,invoice,,IE9729960P,D04252
GF25-0007,08/07/2025,Glenfern Feeds Ltd,Calf starter + milk replacer - 9.3 t,3893.96,0.00,3893.96,07/08/2025,EUR,,invoice,,IE8573822O,D04178
ES25-0007,09/07/2025,ESB Electric Supply,Electricity Jul 2025 (farm + house meter),837.44,113.05,950.49,08/08/2025,EUR,,invoice,,IE4752023D,D04384
AW25-0005,11/07/2025,AgriWrap Plastics Ltd,"Silage plastic, bale net, twine",797.65,183.46,981.11,10/08/2025,EUR,,invoice,,IE7984856V,D04357
VF25-0007,11/07/2025,Vodafone Ireland,Mobile and broadband,184.53,42.44,226.97,10/08/2025,EUR,,invoice,,IE8398493D,D04385
CFP25-0046,14/07/2025,Charleville Farm Parts & Tyres Ltd,Hydraulic hoses,458.90,105.55,564.45,13/08/2025,EUR,,invoice,,IE3017449G,D04323
LV25-0040,17/07/2025,Lisheen Veterinary Clinic,Calving assistance,503.37,115.78,619.15,16/08/2025,EUR,,invoice,,IE3593885U,D04228
SG25-0005,22/07/2025,Southern Genetics Co-Op,Semen straws + AI technician service,862.28,198.32,1060.60,21/08/2025,EUR,,invoice,,IE2815241Q,D04243
HF25-0001,23/07/2025,Cork Hoof Care Services,Hoof trimming / footbaths,561.62,129.17,690.79,22/08/2025,EUR,,invoice,,IE1248259R,D04358
HF25-0006,26/07/2025,Cork Hoof Care Services,Hoof trimming / footbaths,820.21,188.65,1008.86,25/08/2025,EUR,,invoice,,IE1248259R,D04363
CL-202507,31/07/2025,Slieve Dairy Co-Operative Society Ltd,"Co-op haulage, milk testing, levies Jul 2025",1007.57,231.74,1239.31,31/07/2025,EUR,deducted from MS-202507,invoice,,IE9462300P,D00474
CFP25-0021,01/08/2025,Charleville Farm Parts & Tyres Ltd,Tractor service parts,467.84,107.60,575.44,31/08/2025,EUR,,invoice,,IE3017449G,D04298
LV25-0010,02/08/2025,Lisheen Veterinary Clinic,Fertility scanning,758.46,174.45,932.91,01/09/2025,EUR,,invoice,,IE3593885U,D04198
HT25-0008,03/08/2025,HerdTrack Software Ltd,Herd management subscription,88.00,20.24,108.24,02/09/2025,EUR,,invoice,,IE6323212L,D04389
BF25-0011,04/08/2025,Ballyhoura Fuels Ltd,"Marked gas oil, bulk delivery",983.58,132.78,1116.36,03/09/2025,EUR,,invoice,,IE4197223U,D04276
ES25-0008,04/08/2025,ESB Electric Supply,Electricity Aug 2025 (farm + house meter),1020.94,137.83,1158.77,03/09/2025,EUR,,invoice,,IE4752023D,D04387
CFP25-0034,06/08/2025,Charleville Farm Parts & Tyres Ltd,Parlour liners,521.84,120.02,641.86,05/09/2025,EUR,,invoice,,IE3017449G,D04311
VF25-0008,10/08/2025,Vodafone Ireland,Mobile and broadband,195.92,45.06,240.98,09/09/2025,EUR,,invoice,,IE8398493D,D04388
BF25-0009,11/08/2025,Ballyhoura Fuels Ltd,"Marked gas oil, bulk delivery",1834.12,247.61,2081.73,10/09/2025,EUR,,invoice,,IE4197223U,D04274
CFP25-0043,14/08/2025,Charleville Farm Parts & Tyres Ltd,Tractor service parts,464.20,106.77,570.97,13/09/2025,EUR,,invoice,,IE3017449G,D04320
CFP25-0044,15/08/2025,Charleville Farm Parts & Tyres Ltd,Gate and fencing repairs,547.61,125.95,673.56,14/09/2025,EUR,,invoice,,IE3017449G,D04321
LAC25-0006,16/08/2025,Lyons Agri Contracting Ltd,Hedge cutting,2052.52,277.09,2329.61,15/09/2025,EUR,,invoice,,IE9219903D,D04264
LD25-0007,18/08/2025,Kilbeg Livestock Mart Ltd,Mart commission and levies on LD-25-1008,313.34,72.07,385.41,18/08/2025,EUR,LD-25-1008,invoice,,IE6958430T,D04862
CS25-0012,22/08/2025,Slieve Dairy Co-Op Farm Stores,Pasture sward 24-2.5-10 bulk spread,7237.72,977.09,8214.81,21/09/2025,EUR,netted off milk payment,invoice,,IE8007456W,D04182
CS25-0015,24/08/2025,Slieve Dairy Co-Op Farm Stores,Protected urea bulk spread,5939.38,801.82,6741.20,23/09/2025,EUR,netted off milk payment,invoice,,IE8007456W,D04185
LV25-0006,24/08/2025,Lisheen Veterinary Clinic,Herd health visit + drugs,783.22,180.14,963.36,23/09/2025,EUR,,invoice,,IE3593885U,D04194
BF25-0010,24/08/2025,Ballyhoura Fuels Ltd,"Marked gas oil, bulk delivery",1683.01,227.21,1910.22,23/09/2025,EUR,,invoice,,IE4197223U,D04275
CS25-0006,27/08/2025,Slieve Dairy Co-Op Farm Stores,Calf starter + milk replacer - 6.2 t,2581.63,0.00,2581.63,26/09/2025,EUR,netted off milk payment,invoice,,IE8007456W,D04168
CFP25-0031,27/08/2025,Charleville Farm Parts & Tyres Ltd,Tractor service parts,495.99,114.08,610.07,26/09/2025,EUR,,invoice,,IE3017449G,D04308
CL-202508,31/08/2025,Slieve Dairy Co-Operative Society Ltd,"Co-op haulage, milk testing, levies Aug 2025",904.92,208.13,1113.05,31/08/2025,EUR,deducted from MS-202508,invoice,,IE9462300P,D00476
LV25-0047,01/09/2025,Lisheen Veterinary Clinic,Mastitis treatments,556.45,127.98,684.43,01/10/2025,EUR,,invoice,,IE3593885U,D04235
LAC25-0007,02/09/2025,Lyons Agri Contracting Ltd,Silage harvesting (2nd cut),1582.37,213.62,1795.99,02/10/2025,EUR,,invoice,,IE9219903D,D04265
CS25-0004,03/09/2025,Slieve Dairy Co-Op Farm Stores,Dairy ration 18% nuts - 9.0 t,3786.59,0.00,3786.59,03/10/2025,EUR,netted off milk payment,invoice,,IE8007456W,D04166
CS25-0005,03/09/2025,Slieve Dairy Co-Op Farm Stores,Calf starter + milk replacer - 11.8 t,4933.99,0.00,4933.99,03/10/2025,EUR,netted off milk payment,invoice,,IE8007456W,D04167
HT25-0009,03/09/2025,HerdTrack Software Ltd,Herd management subscription,88.00,20.24,108.24,03/10/2025,EUR,,invoice,,IE6323212L,D04392
DHS25-0011,04/09/2025,Dairy Hygiene Supplies Ltd,"Parlour detergents, teat dip, filter socks",576.74,132.65,709.39,04/10/2025,EUR,,invoice,,IE1520123Q,D04342
ES25-0009,04/09/2025,ESB Electric Supply,Electricity Sep 2025 (farm + house meter),990.69,133.74,1124.43,04/10/2025,EUR,,invoice,,IE4752023D,D04390
OB25-0007,06/09/2025,O'Brien Plant Hire Ltd,Silage harvesting (2nd cut),3382.24,456.60,3838.84,06/10/2025,EUR,,invoice,,IE9729960P,D04263
CFP25-0052,07/09/2025,Charleville Farm Parts & Tyres Ltd,Hydraulic hoses,475.59,109.39,584.98,07/10/2025,EUR,,invoice,,IE3017449G,D04329
VF25-0009,10/09/2025,Vodafone Ireland,Mobile and broadband,161.81,37.22,199.03,10/10/2025,EUR,,invoice,,IE8398493D,D04391
MR25-0002,12/09/2025,Munster Rendering Ltd,Fallen animal collection,155.10,35.67,190.77,12/10/2025,EUR,,invoice,,IE4033776E,D04847
CFP25-0018,14/09/2025,Charleville Farm Parts & Tyres Ltd,Mower blades,449.39,103.36,552.75,14/10/2025,EUR,,invoice,,IE3017449G,D04295
DHS25-0003,14/09/2025,Dairy Hygiene Supplies Ltd,"Parlour detergents, teat dip, filter socks",595.67,137.00,732.67,14/10/2025,EUR,,invoice,,IE1520123Q,D04334
LAC25-0001,15/09/2025,Lyons Agri Contracting Ltd,Reseeding / ploughing,2089.98,282.15,2372.13,15/10/2025,EUR,,invoice,,IE9219903D,D04253
LV25-0007,25/09/2025,Lisheen Veterinary Clinic,Vaccines (BVD/IBR/lepto),437.68,100.67,538.35,25/10/2025,EUR,,invoice,,IE3593885U,D04195
BF25-0001,25/09/2025,Ballyhoura Fuels Ltd,"Marked gas oil, bulk delivery",2086.25,281.64,2367.89,25/10/2025,EUR,,invoice,,IE4197223U,D04266
LV25-0027,27/09/2025,Lisheen Veterinary Clinic,Dry cow therapy / sealers,406.43,93.48,499.91,27/10/2025,EUR,,invoice,,IE3593885U,D04215
CL-202509,30/09/2025,Slieve Dairy Co-Operative Society Ltd,"Co-op haulage, milk testing, levies Sep 2025",750.66,172.65,923.31,30/09/2025,EUR,deducted from MS-202509,invoice,,IE9462300P,D00478
CFP25-0039,02/10/2025,Charleville Farm Parts & Tyres Ltd,Tractor service parts,294.21,67.67,361.88,01/11/2025,EUR,,invoice,,IE3017449G,D04316
HT25-0010,02/10/2025,HerdTrack Software Ltd,Herd management subscription,88.00,20.24,108.24,01/11/2025,EUR,,invoice,,IE6323212L,D04395
CS25-0001,04/10/2025,Slieve Dairy Co-Op Farm Stores,Maize meal / soya hulls blend - 8.1 t,3394.93,0.00,3394.93,03/11/2025,EUR,netted off milk payment,invoice,,IE8007456W,D04162
CFP25-0008,05/10/2025,Charleville Farm Parts & Tyres Ltd,Welding rods / steel,444.87,102.32,547.19,04/11/2025,EUR,,invoice,,IE3017449G,D04285
BF25-0003,06/10/2025,Ballyhoura Fuels Ltd,"Marked gas oil, bulk delivery",1467.73,198.14,1665.87,05/11/2025,EUR,,invoice,,IE4197223U,D04268
OB25-0003,09/10/2025,O'Brien Plant Hire Ltd,Reseeding / ploughing,3282.48,443.13,3725.61,08/11/2025,EUR,,invoice,,IE9729960P,D04255
CFP25-0048,09/10/2025,Charleville Farm Parts & Tyres Ltd,Tractor service parts,239.64,55.12,294.76,08/11/2025,EUR,,invoice,,IE3017449G,D04325
ES25-0010,09/10/2025,ESB Electric Supply,Electricity Oct 2025 (farm + house meter),1031.81,139.29,1171.10,08/11/2025,EUR,,invoice,,IE4752023D,D04393
LV25-0012,10/10/2025,Lisheen Veterinary Clinic,Vaccines (BVD/IBR/lepto),321.20,73.88,395.08,09/11/2025,EUR,,invoice,,IE3593885U,D04200
CFP25-0001,10/10/2025,Charleville Farm Parts & Tyres Ltd,Hydraulic hoses,564.69,129.88,694.57,09/11/2025,EUR,,invoice,,IE3017449G,D04278
VF25-0010,10/10/2025,Vodafone Ireland,Mobile and broadband,183.71,42.25,225.96,09/11/2025,EUR,,invoice,,IE8398493D,D04394
DHS25-0009,11/10/2025,Dairy Hygiene Supplies Ltd,"Parlour detergents, teat dip, filter socks",257.14,59.14,316.28,10/11/2025,EUR,,invoice,,IE1520123Q,D04340
CFP25-0006,13/10/2025,Charleville Farm Parts & Tyres Ltd,Tractor service parts,233.16,53.63,286.79,12/11/2025,EUR,,invoice,,IE3017449G,D04283
CFP25-0037,14/10/2025,Charleville Farm Parts & Tyres Ltd,Tractor service parts,571.63,131.47,703.10,13/11/2025,EUR,,invoice,,IE3017449G,D04314
CFP25-0029,16/10/2025,Charleville Farm Parts & Tyres Ltd,Gate and fencing repairs,560.23,128.85,689.08,15/11/2025,EUR,,invoice,,IE3017449G,D04306
LAC25-0004,18/10/2025,Lyons Agri Contracting Ltd,Baling + wrapping,2074.68,280.08,2354.76,17/11/2025,EUR,,invoice,,IE9219903D,D04261
LV25-0009,20/10/2025,Lisheen Veterinary Clinic,Calving assistance,373.19,85.83,459.02,19/11/2025,EUR,,invoice,,IE3593885U,D04197
LD25-0008,20/10/2025,Kilbeg Livestock Mart Ltd,Mart commission and levies on LD-25-7113,311.51,71.65,383.16,20/10/2025,EUR,LD-25-7113,invoice,,IE6958430T,D04867
HF25-0004,22/10/2025,Cork Hoof Care Services,Hoof trimming / footbaths,948.36,218.12,1166.48,21/11/2025,EUR,,invoice,,IE1248259R,D04361
LV25-0018,24/10/2025,Lisheen Veterinary Clinic,Herd health visit + drugs,403.78,92.87,496.65,23/11/2025,EUR,,invoice,,IE3593885U,D04206
CFP25-0041,27/10/2025,Charleville Farm Parts & Tyres Ltd,Welding rods / steel,293.44,67.49,360.93,26/11/2025,EUR,,invoice,,IE3017449G,D04318
CL-202510,31/10/2025,Slieve Dairy Co-Operative Society Ltd,"Co-op haulage, milk testing, levies Oct 2025",524.87,120.72,645.59,31/10/2025,EUR,deducted from MS-202510,invoice,,IE9462300P,D00480
CS25-0010,01/11/2025,Slieve Dairy Co-Op Farm Stores,Dairy ration 16% bulk - 5.2 t,2194.80,0.00,2194.80,01/12/2025,EUR,netted off milk payment,invoice,,IE8007456W,D04176
LV25-0025,01/11/2025,Lisheen Veterinary Clinic,Dry cow therapy / sealers,722.46,166.17,888.63,01/12/2025,EUR,,invoice,,IE3593885U,D04213
CFP25-0017,01/11/2025,Charleville Farm Parts & Tyres Ltd,Hydraulic hoses,550.76,126.67,677.43,01/12/2025,EUR,,invoice,,IE3017449G,D04294
DHS25-0006,01/11/2025,Dairy Hygiene Supplies Ltd,"Parlour detergents, teat dip, filter socks",460.74,105.97,566.71,01/12/2025,EUR,,invoice,,IE1520123Q,D04337
DHS25-0008,01/11/2025,Dairy Hygiene Supplies Ltd,"Parlour detergents, teat dip, filter socks",618.07,142.16,760.23,01/12/2025,EUR,,invoice,,IE1520123Q,D04339
HT25-0011,03/11/2025,HerdTrack Software Ltd,Herd management subscription,88.00,20.24,108.24,03/12/2025,EUR,,invoice,,IE6323212L,D04398
LV25-0048,06/11/2025,Lisheen Veterinary Clinic,Mastitis treatments,558.74,128.51,687.25,06/12/2025,EUR,,invoice,,IE3593885U,D04236
ES25-0011,06/11/2025,ESB Electric Supply,Electricity Nov 2025 (farm + house meter),920.75,124.30,1045.05,06/12/2025,EUR,,invoice,,IE4752023D,D04396
CFP25-0004,07/11/2025,Charleville Farm Parts & Tyres Ltd,Tyres and tubes,250.04,57.51,307.55,07/12/2025,EUR,,invoice,,IE3017449G,D04281
GF25-0004,08/11/2025,Glenfern Feeds Ltd,Dairy ration 16% bulk - 7.4 t,3079.23,0.00,3079.23,08/12/2025,EUR,,invoice,,IE8573822O,D04172
BF25-0008,09/11/2025,Ballyhoura Fuels Ltd,"Marked gas oil, bulk delivery",1277.27,172.43,1449.70,09/12/2025,EUR,,invoice,,IE4197223U,D04273
DHS25-0012,10/11/2025,Dairy Hygiene Supplies Ltd,"Parlour detergents, teat dip, filter socks",667.81,153.60,821.41,10/12/2025,EUR,,invoice,,IE1520123Q,D04343
VF25-0011,10/11/2025,Vodafone Ireland,Mobile and broadband,176.79,40.66,217.45,10/12/2025,EUR,,invoice,,IE8398493D,D04397
LV25-0015,11/11/2025,Lisheen Veterinary Clinic,Mastitis treatments,377.76,86.88,464.64,11/12/2025,EUR,,invoice,,IE3593885U,D04203
DHS25-0001,12/11/2025,Dairy Hygiene Supplies Ltd,"Parlour detergents, teat dip, filter socks",411.84,94.72,506.56,12/12/2025,EUR,,invoice,,IE1520123Q,D04332
LV25-0013,13/11/2025,Lisheen Veterinary Clinic,Calving assistance,562.58,129.39,691.97,13/12/2025,EUR,,invoice,,IE3593885U,D04201
LV25-0036,14/11/2025,Lisheen Veterinary Clinic,Vaccines (BVD/IBR/lepto),623.28,143.35,766.63,14/12/2025,EUR,,invoice,,IE3593885U,D04224
HF25-0002,17/11/2025,Cork Hoof Care Services,Hoof trimming / footbaths,391.75,90.10,481.85,17/12/2025,EUR,,invoice,,IE1248259R,D04359
HF25-0007,18/11/2025,Cork Hoof Care Services,Hoof trimming / footbaths,512.44,117.86,630.30,18/12/2025,EUR,,invoice,,IE1248259R,D04364
CS25-0002,19/11/2025,Slieve Dairy Co-Op Farm Stores,Mineral supplement - 4.8 t,2007.38,0.00,2007.38,19/12/2025,EUR,netted off milk payment,invoice,,IE8007456W,D04164
DHS25-0007,20/11/2025,Dairy Hygiene Supplies Ltd,"Parlour detergents, teat dip, filter socks",417.77,96.09,513.86,20/12/2025,EUR,,invoice,,IE1520123Q,D04338
DOC25-0001,20/11/2025,"T. Buckley (landlord, conacre)",Conacre rent 2025: 70 acres @ 450/acre,31500.00,0.00,31500.00,20/12/2025,EUR,,rent_receipt,,,D04406
MR25-0003,20/11/2025,Munster Rendering Ltd,Fallen animal collection,197.40,45.40,242.80,20/12/2025,EUR,,invoice,,IE4033776E,D04848
LV25-0037,21/11/2025,Lisheen Veterinary Clinic,Calving assistance,682.44,156.96,839.40,21/12/2025,EUR,,invoice,,IE3593885U,D04225
OB25-0005,22/11/2025,O'Brien Plant Hire Ltd,Silage harvesting (1st cut),2885.11,389.49,3274.60,22/12/2025,EUR,,invoice,,IE9729960P,D04259
CFP25-0002,24/11/2025,Charleville Farm Parts & Tyres Ltd,Parlour liners,222.72,51.23,273.95,24/12/2025,EUR,,invoice,,IE3017449G,D04279
HF25-0003,24/11/2025,Cork Hoof Care Services,Hoof trimming / footbaths,674.88,155.22,830.10,24/12/2025,EUR,,invoice,,IE1248259R,D04360
LV25-0023,25/11/2025,Lisheen Veterinary Clinic,Vaccines (BVD/IBR/lepto),672.92,154.77,827.69,25/12/2025,EUR,,invoice,,IE3593885U,D04211
CFP25-0019,25/11/2025,Charleville Farm Parts & Tyres Ltd,Tyres and tubes,458.94,105.56,564.50,25/12/2025,EUR,,invoice,,IE3017449G,D04296
LV25-0029,26/11/2025,Lisheen Veterinary Clinic,Calving assistance,775.86,178.45,954.31,26/12/2025,EUR,,invoice,,IE3593885U,D04217
CL-202511,30/11/2025,Slieve Dairy Co-Operative Society Ltd,"Co-op haulage, milk testing, levies Nov 2025",282.27,64.92,347.19,30/11/2025,EUR,deducted from MS-202511,invoice,,IE9462300P,D00482
CFP25-0051,03/12/2025,Charleville Farm Parts & Tyres Ltd,Gate and fencing repairs,443.25,101.95,545.20,02/01/2026,EUR,,invoice,,IE3017449G,D04328
HT25-0012,03/12/2025,HerdTrack Software Ltd,Herd management subscription,88.00,20.24,108.24,02/01/2026,EUR,,invoice,,IE6323212L,D04401
GF25-0006,05/12/2025,Glenfern Feeds Ltd,Dairy ration 16% bulk - 9.0 t,3778.40,0.00,3778.40,04/01/2026,EUR,,invoice,,IE8573822O,D04177
LV25-0004,05/12/2025,Lisheen Veterinary Clinic,Mastitis treatments,774.90,178.23,953.13,04/01/2026,EUR,,invoice,,IE3593885U,D04192
ES25-0012,08/12/2025,ESB Electric Supply,Electricity Dec 2025 (farm + house meter),908.13,122.60,1030.73,07/01/2026,EUR,,invoice,,IE4752023D,D04399
LV25-0050,11/12/2025,Lisheen Veterinary Clinic,Vaccines (BVD/IBR/lepto),766.79,176.36,943.15,10/01/2026,EUR,,invoice,,IE3593885U,D04238
VF25-0012,11/12/2025,Vodafone Ireland,Mobile and broadband,178.37,41.03,219.40,10/01/2026,EUR,,invoice,,IE8398493D,D04400
GF25-0001,14/12/2025,Glenfern Feeds Ltd,Dairy ration 16% bulk - 8.3 t,3480.77,0.00,3480.77,13/01/2026,EUR,,invoice,,IE8573822O,D04163
LV25-0026,17/12/2025,Lisheen Veterinary Clinic,Mastitis treatments,636.67,146.43,783.10,16/01/2026,EUR,,invoice,,IE3593885U,D04214
CFP25-0045,17/12/2025,Charleville Farm Parts & Tyres Ltd,Gate and fencing repairs,532.96,122.58,655.54,16/01/2026,EUR,,invoice,,IE3017449G,D04322
DHS25-0021,17/12/2025,Dairy Hygiene Supplies Ltd,"Parlour detergents, teat dip, filter socks",496.39,114.17,610.56,16/01/2026,EUR,,invoice,,IE1520123Q,D04352
CS25-0007,21/12/2025,Slieve Dairy Co-Op Farm Stores,Maize meal / soya hulls blend - 12.4 t,5193.08,0.00,5193.08,20/01/2026,EUR,netted off milk payment,invoice,,IE8007456W,D04171
GF25-0009,23/12/2025,Glenfern Feeds Ltd,Maize meal / soya hulls blend - 12.2 t,5121.99,0.00,5121.99,22/01/2026,EUR,,invoice,,IE8573822O,D04180
GF25-0005,26/12/2025,Glenfern Feeds Ltd,Dairy ration 18% nuts - 8.9 t,3713.45,0.00,3713.45,25/01/2026,EUR,,invoice,,IE8573822O,D04175
LV25-0014,26/12/2025,Lisheen Veterinary Clinic,Calving assistance,489.03,112.48,601.51,25/01/2026,EUR,,invoice,,IE3593885U,D04202
CFP25-0040,27/12/2025,Charleville Farm Parts & Tyres Ltd,Tyres and tubes,215.90,49.66,265.56,26/01/2026,EUR,,invoice,,IE3017449G,D04317
CFP25-0053,27/12/2025,Charleville Farm Parts & Tyres Ltd,Tractor service parts,357.03,82.12,439.15,26/01/2026,EUR,,invoice,,IE3017449G,D04330
